solid OpenSCAD_Model
  facet normal 0.996193 0.0871783 0
    outer loop
      vertex 0 -23.5 3.5
      vertex -0.015192 -23.3264 0
      vertex -0.015192 -23.3264 3.5
    endloop
  endfacet
  facet normal 0.996193 0.0871783 0
    outer loop
      vertex -0.015192 -23.3264 0
      vertex 0 -23.5 3.5
      vertex 0 -23.5 0
    endloop
  endfacet
  facet normal 0.965938 0.258775 0
    outer loop
      vertex -0.015192 -23.3264 3.5
      vertex -0.0603065 -23.158 0
      vertex -0.0603065 -23.158 3.5
    endloop
  endfacet
  facet normal 0.965938 0.258775 0
    outer loop
      vertex -0.0603065 -23.158 0
      vertex -0.015192 -23.3264 3.5
      vertex -0.015192 -23.3264 0
    endloop
  endfacet
  facet normal 0.906328 0.422575 0
    outer loop
      vertex -0.0603065 -23.158 3.5
      vertex -0.133974 -23 0
      vertex -0.133974 -23 3.5
    endloop
  endfacet
  facet normal 0.906328 0.422575 0
    outer loop
      vertex -0.133974 -23 0
      vertex -0.0603065 -23.158 3.5
      vertex -0.0603065 -23.158 0
    endloop
  endfacet
  facet normal 0.819175 0.573543 0
    outer loop
      vertex -0.133974 -23 3.5
      vertex -0.233955 -22.8572 0
      vertex -0.233955 -22.8572 3.5
    endloop
  endfacet
  facet normal 0.819175 0.573543 0
    outer loop
      vertex -0.233955 -22.8572 0
      vertex -0.133974 -23 3.5
      vertex -0.133974 -23 0
    endloop
  endfacet
  facet normal 0.706943 0.70727 0
    outer loop
      vertex -0.233955 -22.8572 3.5
      vertex -0.357212 -22.734 0
      vertex -0.357212 -22.734 3.5
    endloop
  endfacet
  facet normal 0.706943 0.70727 0
    outer loop
      vertex -0.357212 -22.734 0
      vertex -0.233955 -22.8572 3.5
      vertex -0.233955 -22.8572 0
    endloop
  endfacet
  facet normal 0.573649 0.819101 -0
    outer loop
      vertex -0.357212 -22.734 0
      vertex -0.5 -22.634 3.5
      vertex -0.357212 -22.734 3.5
    endloop
  endfacet
  facet normal 0.573649 0.819101 0
    outer loop
      vertex -0.5 -22.634 3.5
      vertex -0.357212 -22.734 0
      vertex -0.5 -22.634 0
    endloop
  endfacet
  facet normal 0.422775 0.906235 -0
    outer loop
      vertex -0.5 -22.634 0
      vertex -0.657979 -22.5603 3.5
      vertex -0.5 -22.634 3.5
    endloop
  endfacet
  facet normal 0.422775 0.906235 0
    outer loop
      vertex -0.657979 -22.5603 3.5
      vertex -0.5 -22.634 0
      vertex -0.657979 -22.5603 0
    endloop
  endfacet
  facet normal 0.258738 0.965948 -0
    outer loop
      vertex -0.657979 -22.5603 0
      vertex -0.826351 -22.5152 3.5
      vertex -0.657979 -22.5603 3.5
    endloop
  endfacet
  facet normal 0.258738 0.965948 0
    outer loop
      vertex -0.826351 -22.5152 3.5
      vertex -0.657979 -22.5603 0
      vertex -0.826351 -22.5152 0
    endloop
  endfacet
  facet normal 0.0871995 0.996191 -0
    outer loop
      vertex -0.826351 -22.5152 0
      vertex -1 -22.5 3.5
      vertex -0.826351 -22.5152 3.5
    endloop
  endfacet
  facet normal 0.0871995 0.996191 0
    outer loop
      vertex -1 -22.5 3.5
      vertex -0.826351 -22.5152 0
      vertex -1 -22.5 0
    endloop
  endfacet
  facet normal 1 -0 0
    outer loop
      vertex 0 -25.5 35
      vertex 0 -23.5 30.513
      vertex 0 -23.5 35
    endloop
  endfacet
  facet normal 1 0 0
    outer loop
      vertex 0 -25.5 0
      vertex 0 -23.5 30.513
      vertex 0 -25.5 35
    endloop
  endfacet
  facet normal 1 0 0
    outer loop
      vertex 0 -23.5 30.513
      vertex 0 -25.5 0
      vertex 0 -23.5 3.5
    endloop
  endfacet
  facet normal 1 0 0
    outer loop
      vertex 0 -23.5 3.5
      vertex 0 -25.5 0
      vertex 0 -23.5 0
    endloop
  endfacet
  facet normal 1 0 0
    outer loop
      vertex 0 -6.56684 17.6351
      vertex 0 -4.5 21.0957
      vertex 0 -6.51679 17.8652
    endloop
  endfacet
  facet normal 1 0 0
    outer loop
      vertex 0 -4.5 21.0957
      vertex 0 -6.51679 10.2348
      vertex 0 -6.5 10
    endloop
  endfacet
  facet normal 1 0 0
    outer loop
      vertex 0 -6.56684 10.4649
      vertex 0 -4.5 21.0957
      vertex 0 -6.56684 17.6351
    endloop
  endfacet
  facet normal 1 0 0
    outer loop
      vertex 0 -4.5 21.0957
      vertex 0 -6.56684 10.4649
      vertex 0 -6.51679 10.2348
    endloop
  endfacet
  facet normal 1 -0 0
    outer loop
      vertex 0 -6.64911 17.4146
      vertex 0 -6.56684 10.4649
      vertex 0 -6.56684 17.6351
    endloop
  endfacet
  facet normal 1 0 0
    outer loop
      vertex 0 -6.64911 17.4146
      vertex 0 -6.64911 10.6854
      vertex 0 -6.56684 10.4649
    endloop
  endfacet
  facet normal 1 -0 0
    outer loop
      vertex 0 -6.76193 17.2079
      vertex 0 -6.64911 10.6854
      vertex 0 -6.64911 17.4146
    endloop
  endfacet
  facet normal 1 0 0
    outer loop
      vertex 0 -6.76193 17.2079
      vertex 0 -6.76193 10.8921
      vertex 0 -6.64911 10.6854
    endloop
  endfacet
  facet normal 1 -0 0
    outer loop
      vertex 0 -6.90301 17.0195
      vertex 0 -6.76193 10.8921
      vertex 0 -6.76193 17.2079
    endloop
  endfacet
  facet normal 1 0 0
    outer loop
      vertex 0 -6.90301 17.0195
      vertex 0 -6.90301 11.0805
      vertex 0 -6.76193 10.8921
    endloop
  endfacet
  facet normal 1 -0 0
    outer loop
      vertex 0 -7.06948 16.853
      vertex 0 -6.90301 11.0805
      vertex 0 -6.90301 17.0195
    endloop
  endfacet
  facet normal 1 0 0
    outer loop
      vertex 0 -7.06948 16.853
      vertex 0 -7.06948 11.247
      vertex 0 -6.90301 11.0805
    endloop
  endfacet
  facet normal 1 -0 0
    outer loop
      vertex 0 -7.25794 16.7119
      vertex 0 -7.06948 11.247
      vertex 0 -7.06948 16.853
    endloop
  endfacet
  facet normal 1 0 0
    outer loop
      vertex 0 -7.25794 16.7119
      vertex 0 -7.25794 11.3881
      vertex 0 -7.06948 11.247
    endloop
  endfacet
  facet normal 1 -0 0
    outer loop
      vertex 0 -7.46457 16.5991
      vertex 0 -7.25794 11.3881
      vertex 0 -7.25794 16.7119
    endloop
  endfacet
  facet normal 1 0 0
    outer loop
      vertex 0 -7.46457 16.5991
      vertex 0 -7.46457 11.5009
      vertex 0 -7.25794 11.3881
    endloop
  endfacet
  facet normal 1 -0 0
    outer loop
      vertex 0 -7.68514 16.5168
      vertex 0 -7.46457 11.5009
      vertex 0 -7.46457 16.5991
    endloop
  endfacet
  facet normal 1 0 0
    outer loop
      vertex 0 -7.68514 16.5168
      vertex 0 -7.68514 11.5832
      vertex 0 -7.46457 11.5009
    endloop
  endfacet
  facet normal 1 -0 0
    outer loop
      vertex 0 -7.91518 16.4668
      vertex 0 -7.68514 11.5832
      vertex 0 -7.68514 16.5168
    endloop
  endfacet
  facet normal 1 0 0
    outer loop
      vertex 0 -7.91518 16.4668
      vertex 0 -7.91518 11.6332
      vertex 0 -7.68514 11.5832
    endloop
  endfacet
  facet normal 1 -0 0
    outer loop
      vertex 0 -8.15 16.45
      vertex 0 -7.91518 11.6332
      vertex 0 -7.91518 16.4668
    endloop
  endfacet
  facet normal 1 0 0
    outer loop
      vertex 0 -8.15 16.45
      vertex 0 -8.15 11.65
      vertex 0 -7.91518 11.6332
    endloop
  endfacet
  facet normal 1 0 0
    outer loop
      vertex 0 -8.38482 16.4668
      vertex 0 -8.15 11.65
      vertex 0 -8.15 16.45
    endloop
  endfacet
  facet normal 1 0 0
    outer loop
      vertex 0 -8.38482 16.4668
      vertex 0 -8.38482 11.6332
      vertex 0 -8.15 11.65
    endloop
  endfacet
  facet normal 1 0 0
    outer loop
      vertex 0 -8.61486 16.5168
      vertex 0 -8.38482 11.6332
      vertex 0 -8.38482 16.4668
    endloop
  endfacet
  facet normal 1 0 0
    outer loop
      vertex 0 -8.61486 16.5168
      vertex 0 -8.61486 11.5832
      vertex 0 -8.38482 11.6332
    endloop
  endfacet
  facet normal 1 0 0
    outer loop
      vertex 0 -8.83543 16.5991
      vertex 0 -8.61486 11.5832
      vertex 0 -8.61486 16.5168
    endloop
  endfacet
  facet normal 1 0 0
    outer loop
      vertex 0 -8.83543 16.5991
      vertex 0 -8.83543 11.5009
      vertex 0 -8.61486 11.5832
    endloop
  endfacet
  facet normal 1 0 0
    outer loop
      vertex 0 -9.04206 16.7119
      vertex 0 -8.83543 11.5009
      vertex 0 -8.83543 16.5991
    endloop
  endfacet
  facet normal 1 0 0
    outer loop
      vertex 0 -9.04206 16.7119
      vertex 0 -9.04206 11.3881
      vertex 0 -8.83543 11.5009
    endloop
  endfacet
  facet normal 1 0 0
    outer loop
      vertex 0 -9.23052 16.853
      vertex 0 -9.04206 11.3881
      vertex 0 -9.04206 16.7119
    endloop
  endfacet
  facet normal 1 0 0
    outer loop
      vertex 0 -9.23052 16.853
      vertex 0 -9.23052 11.247
      vertex 0 -9.04206 11.3881
    endloop
  endfacet
  facet normal 1 0 0
    outer loop
      vertex 0 -9.39699 17.0195
      vertex 0 -9.23052 11.247
      vertex 0 -9.23052 16.853
    endloop
  endfacet
  facet normal 1 0 0
    outer loop
      vertex 0 -9.39699 17.0195
      vertex 0 -9.39699 11.0805
      vertex 0 -9.23052 11.247
    endloop
  endfacet
  facet normal 1 0 0
    outer loop
      vertex 0 -9.53807 17.2079
      vertex 0 -9.39699 11.0805
      vertex 0 -9.39699 17.0195
    endloop
  endfacet
  facet normal 1 0 0
    outer loop
      vertex 0 -9.53807 17.2079
      vertex 0 -9.53807 10.8921
      vertex 0 -9.39699 11.0805
    endloop
  endfacet
  facet normal 1 0 0
    outer loop
      vertex 0 -17.8747 7.9168
      vertex 0 -9.53807 17.2079
      vertex 0 -9.65089 17.4146
    endloop
  endfacet
  facet normal 1 0 0
    outer loop
      vertex 0 -9.53807 17.2079
      vertex 0 -17.8747 7.9168
      vertex 0 -9.53807 10.8921
    endloop
  endfacet
  facet normal 1 0 0
    outer loop
      vertex 0 -18.1048 7.97417
      vertex 0 -9.65089 17.4146
      vertex 0 -9.73316 17.6351
    endloop
  endfacet
  facet normal 1 0 0
    outer loop
      vertex 0 -9.53807 10.8921
      vertex 0 -17.8747 7.9168
      vertex 0 -9.65089 10.6854
    endloop
  endfacet
  facet normal 1 0 0
    outer loop
      vertex 0 -18.3407 7.99896
      vertex 0 -9.73316 17.6351
      vertex 0 -9.78321 17.8652
    endloop
  endfacet
  facet normal 1 0 -0
    outer loop
      vertex 0 -17.6548 7.82795
      vertex 0 -9.65089 10.6854
      vertex 0 -17.8747 7.9168
    endloop
  endfacet
  facet normal 1 0 0
    outer loop
      vertex 0 -18.5777 7.99069
      vertex 0 -9.78321 17.8652
      vertex 0 -9.8 18.1
    endloop
  endfacet
  facet normal 1 0 -0
    outer loop
      vertex 0 -17.4494 7.70936
      vertex 0 -9.73316 10.4649
      vertex 0 -17.6548 7.82795
    endloop
  endfacet
  facet normal 1 0 0
    outer loop
      vertex 0 -6.51679 17.8652
      vertex 0 -4.5 21.0957
      vertex 0 -6.5 18.1
    endloop
  endfacet
  facet normal 1 0 0
    outer loop
      vertex 0 -4.5 21.0957
      vertex 0 -6.51679 18.3348
      vertex 0 -6.5 18.1
    endloop
  endfacet
  facet normal 1 0 0
    outer loop
      vertex 0 -4.5 21.0957
      vertex 0 -6.56684 18.5649
      vertex 0 -6.51679 18.3348
    endloop
  endfacet
  facet normal 1 0 0
    outer loop
      vertex 0 -4.5 21.0957
      vertex 0 -6.64911 18.7854
      vertex 0 -6.56684 18.5649
    endloop
  endfacet
  facet normal 1 0 0
    outer loop
      vertex 0 -4.5 21.0957
      vertex 0 -6.76193 18.9921
      vertex 0 -6.64911 18.7854
    endloop
  endfacet
  facet normal 1 0 0
    outer loop
      vertex 0 -4.5 21.0957
      vertex 0 -6.90301 19.1805
      vertex 0 -6.76193 18.9921
    endloop
  endfacet
  facet normal 1 0 0
    outer loop
      vertex 0 -4.5 21.0957
      vertex 0 -7.06948 19.347
      vertex 0 -6.90301 19.1805
    endloop
  endfacet
  facet normal 1 0 0
    outer loop
      vertex 0 -4.5 21.0957
      vertex 0 -7.25794 19.4881
      vertex 0 -7.06948 19.347
    endloop
  endfacet
  facet normal 1 0 0
    outer loop
      vertex 0 -4.5 21.0957
      vertex 0 -7.46457 19.6009
      vertex 0 -7.25794 19.4881
    endloop
  endfacet
  facet normal 1 0 0
    outer loop
      vertex 0 -4.5 21.0957
      vertex 0 -7.68514 19.6832
      vertex 0 -7.46457 19.6009
    endloop
  endfacet
  facet normal 1 0 0
    outer loop
      vertex 0 -4.5 21.0957
      vertex 0 -7.91518 19.7332
      vertex 0 -7.68514 19.6832
    endloop
  endfacet
  facet normal 1 0 0
    outer loop
      vertex 0 -4.5 21.0957
      vertex 0 -8.15 19.75
      vertex 0 -7.91518 19.7332
    endloop
  endfacet
  facet normal 1 0 0
    outer loop
      vertex 0 -4.5 21.0957
      vertex 0 -8.38482 19.7332
      vertex 0 -8.15 19.75
    endloop
  endfacet
  facet normal 1 0 0
    outer loop
      vertex 0 -23.5 30.513
      vertex 0 -8.38482 19.7332
      vertex 0 -4.5 21.0957
    endloop
  endfacet
  facet normal 1 0 0
    outer loop
      vertex 0 -9.73316 10.4649
      vertex 0 -17.4494 7.70936
      vertex 0 -9.78321 10.2348
    endloop
  endfacet
  facet normal 1 0 0
    outer loop
      vertex 0 -18.8113 7.9495
      vertex 0 -9.8 18.1
      vertex 0 -9.78321 18.3348
    endloop
  endfacet
  facet normal 1 0 0
    outer loop
      vertex 0 -23.5 30.513
      vertex 0 -9.78321 18.3348
      vertex 0 -9.73316 18.5649
    endloop
  endfacet
  facet normal 1 0 0
    outer loop
      vertex 0 -23.5 30.513
      vertex 0 -9.73316 18.5649
      vertex 0 -9.65089 18.7854
    endloop
  endfacet
  facet normal 1 0 0
    outer loop
      vertex 0 -23.5 30.513
      vertex 0 -9.65089 18.7854
      vertex 0 -9.53807 18.9921
    endloop
  endfacet
  facet normal 1 0 0
    outer loop
      vertex 0 -9.8 10
      vertex 0 -16.7165 6.53659
      vertex 0 -16.7 6.3
    endloop
  endfacet
  facet normal 1 0 0
    outer loop
      vertex 0 -9.8 10
      vertex 0 -16.7659 6.76858
      vertex 0 -16.7165 6.53659
    endloop
  endfacet
  facet normal 1 0 0
    outer loop
      vertex 0 -9.8 10
      vertex 0 -16.847 6.99145
      vertex 0 -16.7659 6.76858
    endloop
  endfacet
  facet normal 1 0 0
    outer loop
      vertex 0 -9.8 10
      vertex 0 -16.9583 7.20086
      vertex 0 -16.847 6.99145
    endloop
  endfacet
  facet normal 1 0 0
    outer loop
      vertex 0 -9.8 10
      vertex 0 -17.0977 7.39274
      vertex 0 -16.9583 7.20086
    endloop
  endfacet
  facet normal 1 0 0
    outer loop
      vertex 0 -9.78321 10.2348
      vertex 0 -17.0977 7.39274
      vertex 0 -9.8 10
    endloop
  endfacet
  facet normal 1 0 -0
    outer loop
      vertex 0 -17.0977 7.39274
      vertex 0 -9.78321 10.2348
      vertex 0 -17.2625 7.56335
    endloop
  endfacet
  facet normal 1 0 -0
    outer loop
      vertex 0 -17.2625 7.56335
      vertex 0 -9.78321 10.2348
      vertex 0 -17.4494 7.70936
    endloop
  endfacet
  facet normal 1 0 0
    outer loop
      vertex 0 -9.65089 10.6854
      vertex 0 -17.6548 7.82795
      vertex 0 -9.73316 10.4649
    endloop
  endfacet
  facet normal 1 0 0
    outer loop
      vertex 0 -23.5 30.513
      vertex 0 -9.53807 18.9921
      vertex 0 -9.39699 19.1805
    endloop
  endfacet
  facet normal 1 0 0
    outer loop
      vertex 0 -9.65089 17.4146
      vertex 0 -18.1048 7.97417
      vertex 0 -17.8747 7.9168
    endloop
  endfacet
  facet normal 1 0 0
    outer loop
      vertex 0 -9.73316 17.6351
      vertex 0 -18.3407 7.99896
      vertex 0 -18.1048 7.97417
    endloop
  endfacet
  facet normal 1 0 0
    outer loop
      vertex 0 -9.78321 17.8652
      vertex 0 -18.5777 7.99069
      vertex 0 -18.3407 7.99896
    endloop
  endfacet
  facet normal 1 0 0
    outer loop
      vertex 0 -9.8 18.1
      vertex 0 -18.8113 7.9495
      vertex 0 -18.5777 7.99069
    endloop
  endfacet
  facet normal 1 0 0
    outer loop
      vertex 0 -9.78321 18.3348
      vertex 0 -23.5 30.513
      vertex 0 -18.8113 7.9495
    endloop
  endfacet
  facet normal 1 0 0
    outer loop
      vertex 0 -18.8113 7.9495
      vertex 0 -23.5 30.513
      vertex 0 -19.0368 7.87621
    endloop
  endfacet
  facet normal 1 0 0
    outer loop
      vertex 0 -19.0368 7.87621
      vertex 0 -23.5 30.513
      vertex 0 -19.25 7.77224
    endloop
  endfacet
  facet normal 1 0 0
    outer loop
      vertex 0 -19.25 7.77224
      vertex 0 -23.5 30.513
      vertex 0 -19.4466 7.63962
    endloop
  endfacet
  facet normal 1 0 0
    outer loop
      vertex 0 -20.0629 6.65345
      vertex 0 -23.5 3.5
      vertex 0 -20.0959 6.41859
    endloop
  endfacet
  facet normal 1 0 0
    outer loop
      vertex 0 -19.9975 6.88143
      vertex 0 -23.5 3.5
      vertex 0 -20.0629 6.65345
    endloop
  endfacet
  facet normal 1 0 0
    outer loop
      vertex 0 -19.901 7.0981
      vertex 0 -23.5 3.5
      vertex 0 -19.9975 6.88143
    endloop
  endfacet
  facet normal 1 0 0
    outer loop
      vertex 0 -19.7753 7.29923
      vertex 0 -23.5 3.5
      vertex 0 -19.901 7.0981
    endloop
  endfacet
  facet normal 1 0 0
    outer loop
      vertex 0 -23.5 3.5
      vertex 0 -19.7753 7.29923
      vertex 0 -23.5 30.513
    endloop
  endfacet
  facet normal 1 0 0
    outer loop
      vertex 0 -19.6229 7.48092
      vertex 0 -23.5 30.513
      vertex 0 -19.7753 7.29923
    endloop
  endfacet
  facet normal 1 0 0
    outer loop
      vertex 0 -19.4466 7.63962
      vertex 0 -23.5 30.513
      vertex 0 -19.6229 7.48092
    endloop
  endfacet
  facet normal 1 0 0
    outer loop
      vertex 0 -9.23052 19.347
      vertex 0 -23.5 30.513
      vertex 0 -9.39699 19.1805
    endloop
  endfacet
  facet normal 1 0 0
    outer loop
      vertex 0 -9.04206 19.4881
      vertex 0 -23.5 30.513
      vertex 0 -9.23052 19.347
    endloop
  endfacet
  facet normal 1 0 0
    outer loop
      vertex 0 -8.83543 19.6009
      vertex 0 -23.5 30.513
      vertex 0 -9.04206 19.4881
    endloop
  endfacet
  facet normal 1 0 0
    outer loop
      vertex 0 -8.61486 19.6832
      vertex 0 -23.5 30.513
      vertex 0 -8.83543 19.6009
    endloop
  endfacet
  facet normal 1 0 0
    outer loop
      vertex 0 -8.38482 19.7332
      vertex 0 -23.5 30.513
      vertex 0 -8.61486 19.6832
    endloop
  endfacet
  facet normal 1 0 0
    outer loop
      vertex 0 -4.5 21.0957
      vertex 0 -6.5 10
      vertex 0 -4.5 3.5
    endloop
  endfacet
  facet normal 1 -0 0
    outer loop
      vertex 0 -6.51679 9.76518
      vertex 0 -4.5 3.5
      vertex 0 -6.5 10
    endloop
  endfacet
  facet normal 1 -0 0
    outer loop
      vertex 0 -6.56684 9.53514
      vertex 0 -4.5 3.5
      vertex 0 -6.51679 9.76518
    endloop
  endfacet
  facet normal 1 -0 0
    outer loop
      vertex 0 -6.64911 9.31457
      vertex 0 -4.5 3.5
      vertex 0 -6.56684 9.53514
    endloop
  endfacet
  facet normal 1 -0 0
    outer loop
      vertex 0 -6.76193 9.10794
      vertex 0 -4.5 3.5
      vertex 0 -6.64911 9.31457
    endloop
  endfacet
  facet normal 1 -0 0
    outer loop
      vertex 0 -6.90301 8.91948
      vertex 0 -4.5 3.5
      vertex 0 -6.76193 9.10794
    endloop
  endfacet
  facet normal 1 -0 0
    outer loop
      vertex 0 -7.06948 8.75301
      vertex 0 -4.5 3.5
      vertex 0 -6.90301 8.91948
    endloop
  endfacet
  facet normal 1 -0 0
    outer loop
      vertex 0 -7.25794 8.61193
      vertex 0 -4.5 3.5
      vertex 0 -7.06948 8.75301
    endloop
  endfacet
  facet normal 1 -0 0
    outer loop
      vertex 0 -7.46457 8.49911
      vertex 0 -4.5 3.5
      vertex 0 -7.25794 8.61193
    endloop
  endfacet
  facet normal 1 -0 0
    outer loop
      vertex 0 -7.68514 8.41684
      vertex 0 -4.5 3.5
      vertex 0 -7.46457 8.49911
    endloop
  endfacet
  facet normal 1 -0 0
    outer loop
      vertex 0 -7.91518 8.36679
      vertex 0 -4.5 3.5
      vertex 0 -7.68514 8.41684
    endloop
  endfacet
  facet normal 1 -0 0
    outer loop
      vertex 0 -8.15 8.35
      vertex 0 -4.5 3.5
      vertex 0 -7.91518 8.36679
    endloop
  endfacet
  facet normal 1 0 0
    outer loop
      vertex 0 -8.38482 8.36679
      vertex 0 -4.5 3.5
      vertex 0 -8.15 8.35
    endloop
  endfacet
  facet normal 1 0 0
    outer loop
      vertex 0 -8.61486 8.41684
      vertex 0 -4.5 3.5
      vertex 0 -8.38482 8.36679
    endloop
  endfacet
  facet normal 1 0 0
    outer loop
      vertex 0 -8.83543 8.49911
      vertex 0 -4.5 3.5
      vertex 0 -8.61486 8.41684
    endloop
  endfacet
  facet normal 1 0 0
    outer loop
      vertex 0 -16.847 5.60855
      vertex 0 -8.83543 8.49911
      vertex 0 -9.04206 8.61193
    endloop
  endfacet
  facet normal 1 0 0
    outer loop
      vertex 0 -16.7659 5.83142
      vertex 0 -9.04206 8.61193
      vertex 0 -9.23052 8.75301
    endloop
  endfacet
  facet normal 1 0 0
    outer loop
      vertex 0 -16.7165 6.06341
      vertex 0 -9.23052 8.75301
      vertex 0 -9.39699 8.91948
    endloop
  endfacet
  facet normal 1 0 0
    outer loop
      vertex 0 -16.7 6.3
      vertex 0 -9.78321 9.76518
      vertex 0 -9.8 10
    endloop
  endfacet
  facet normal 1 0 0
    outer loop
      vertex 0 -16.7 6.3
      vertex 0 -9.73316 9.53514
      vertex 0 -9.78321 9.76518
    endloop
  endfacet
  facet normal 1 0 0
    outer loop
      vertex 0 -16.7 6.3
      vertex 0 -9.65089 9.31457
      vertex 0 -9.73316 9.53514
    endloop
  endfacet
  facet normal 1 0 0
    outer loop
      vertex 0 -16.7 6.3
      vertex 0 -9.53807 9.10794
      vertex 0 -9.65089 9.31457
    endloop
  endfacet
  facet normal 1 0 0
    outer loop
      vertex 0 -16.7 6.3
      vertex 0 -9.39699 8.91948
      vertex 0 -9.53807 9.10794
    endloop
  endfacet
  facet normal 1 0 0
    outer loop
      vertex 0 -16.7165 6.06341
      vertex 0 -9.39699 8.91948
      vertex 0 -16.7 6.3
    endloop
  endfacet
  facet normal 1 0 0
    outer loop
      vertex 0 -9.23052 8.75301
      vertex 0 -16.7165 6.06341
      vertex 0 -16.7659 5.83142
    endloop
  endfacet
  facet normal 1 0 0
    outer loop
      vertex 0 -9.04206 8.61193
      vertex 0 -16.7659 5.83142
      vertex 0 -16.847 5.60855
    endloop
  endfacet
  facet normal 1 0 0
    outer loop
      vertex 0 -8.83543 8.49911
      vertex 0 -16.847 5.60855
      vertex 0 -16.9583 5.39914
    endloop
  endfacet
  facet normal 1 0 0
    outer loop
      vertex 0 -8.83543 8.49911
      vertex 0 -16.9583 5.39914
      vertex 0 -4.5 3.5
    endloop
  endfacet
  facet normal 1 -0 0
    outer loop
      vertex 0 -17.0977 5.20726
      vertex 0 -4.5 3.5
      vertex 0 -16.9583 5.39914
    endloop
  endfacet
  facet normal 1 -0 0
    outer loop
      vertex 0 -17.2625 5.03665
      vertex 0 -4.5 3.5
      vertex 0 -17.0977 5.20726
    endloop
  endfacet
  facet normal 1 -0 0
    outer loop
      vertex 0 -17.4494 4.89064
      vertex 0 -4.5 3.5
      vertex 0 -17.2625 5.03665
    endloop
  endfacet
  facet normal 1 -0 0
    outer loop
      vertex 0 -17.6548 4.77205
      vertex 0 -4.5 3.5
      vertex 0 -17.4494 4.89064
    endloop
  endfacet
  facet normal 1 -0 0
    outer loop
      vertex 0 -17.8747 4.6832
      vertex 0 -4.5 3.5
      vertex 0 -17.6548 4.77205
    endloop
  endfacet
  facet normal 1 -0 0
    outer loop
      vertex 0 -18.1048 4.62583
      vertex 0 -4.5 3.5
      vertex 0 -17.8747 4.6832
    endloop
  endfacet
  facet normal 1 0 0
    outer loop
      vertex 0 -23.5 3.5
      vertex 0 -18.1048 4.62583
      vertex 0 -18.3407 4.60104
    endloop
  endfacet
  facet normal 1 0 0
    outer loop
      vertex 0 -23.5 3.5
      vertex 0 -18.3407 4.60104
      vertex 0 -18.5777 4.60931
    endloop
  endfacet
  facet normal 1 0 0
    outer loop
      vertex 0 -18.1048 4.62583
      vertex 0 -23.5 3.5
      vertex 0 -4.5 3.5
    endloop
  endfacet
  facet normal 1 0 0
    outer loop
      vertex 0 -18.8113 4.6505
      vertex 0 -23.5 3.5
      vertex 0 -18.5777 4.60931
    endloop
  endfacet
  facet normal 1 0 0
    outer loop
      vertex 0 -19.0368 4.72379
      vertex 0 -23.5 3.5
      vertex 0 -18.8113 4.6505
    endloop
  endfacet
  facet normal 1 0 0
    outer loop
      vertex 0 -19.25 4.82776
      vertex 0 -23.5 3.5
      vertex 0 -19.0368 4.72379
    endloop
  endfacet
  facet normal 1 0 0
    outer loop
      vertex 0 -19.4466 4.96038
      vertex 0 -23.5 3.5
      vertex 0 -19.25 4.82776
    endloop
  endfacet
  facet normal 1 0 0
    outer loop
      vertex 0 -19.6229 5.11908
      vertex 0 -23.5 3.5
      vertex 0 -19.4466 4.96038
    endloop
  endfacet
  facet normal 1 0 0
    outer loop
      vertex 0 -19.7753 5.30077
      vertex 0 -23.5 3.5
      vertex 0 -19.6229 5.11908
    endloop
  endfacet
  facet normal 1 0 0
    outer loop
      vertex 0 -19.901 5.5019
      vertex 0 -23.5 3.5
      vertex 0 -19.7753 5.30077
    endloop
  endfacet
  facet normal 1 0 0
    outer loop
      vertex 0 -19.9975 5.71857
      vertex 0 -23.5 3.5
      vertex 0 -19.901 5.5019
    endloop
  endfacet
  facet normal 1 0 0
    outer loop
      vertex 0 -20.0629 5.94655
      vertex 0 -23.5 3.5
      vertex 0 -19.9975 5.71857
    endloop
  endfacet
  facet normal 1 0 0
    outer loop
      vertex 0 -20.0959 6.18141
      vertex 0 -23.5 3.5
      vertex 0 -20.0629 5.94655
    endloop
  endfacet
  facet normal 1 0 0
    outer loop
      vertex 0 -20.0959 6.41859
      vertex 0 -23.5 3.5
      vertex 0 -20.0959 6.18141
    endloop
  endfacet
  facet normal 0.0871995 0.996191 0
    outer loop
      vertex -0.826351 -22.5152 35
      vertex -0.826351 -22.5152 32.5087
      vertex -1 -22.5 35
    endloop
  endfacet
  facet normal 0.102168 0.994767 0.00105206
    outer loop
      vertex -0.826351 -22.5152 32.5087
      vertex -0.901982 -22.5048 30.0198
      vertex -1 -22.5 35
    endloop
  endfacet
  facet normal 0.048912 0.998803 0
    outer loop
      vertex -1 -22.5 35
      vertex -0.901982 -22.5048 30.0198
      vertex -1 -22.5 30.0174
    endloop
  endfacet
  facet normal 0.258738 0.965948 -0
    outer loop
      vertex -0.657979 -22.5603 32.5087
      vertex -0.826351 -22.5152 35
      vertex -0.657979 -22.5603 35
    endloop
  endfacet
  facet normal 0.258738 0.965948 0
    outer loop
      vertex -0.826351 -22.5152 35
      vertex -0.657979 -22.5603 32.5087
      vertex -0.826351 -22.5152 32.5087
    endloop
  endfacet
  facet normal 0.422775 0.906235 -0
    outer loop
      vertex -0.5 -22.634 32.5087
      vertex -0.657979 -22.5603 35
      vertex -0.5 -22.634 35
    endloop
  endfacet
  facet normal 0.422775 0.906235 0
    outer loop
      vertex -0.657979 -22.5603 35
      vertex -0.5 -22.634 32.5087
      vertex -0.657979 -22.5603 32.5087
    endloop
  endfacet
  facet normal 0.573649 0.819101 -0
    outer loop
      vertex -0.357212 -22.734 32.5087
      vertex -0.5 -22.634 35
      vertex -0.357212 -22.734 35
    endloop
  endfacet
  facet normal 0.573649 0.819101 0
    outer loop
      vertex -0.5 -22.634 35
      vertex -0.357212 -22.734 32.5087
      vertex -0.5 -22.634 32.5087
    endloop
  endfacet
  facet normal 0.706943 0.70727 0
    outer loop
      vertex -0.233955 -22.8572 35
      vertex -0.357212 -22.734 32.5087
      vertex -0.357212 -22.734 35
    endloop
  endfacet
  facet normal 0.706943 0.70727 0
    outer loop
      vertex -0.357212 -22.734 32.5087
      vertex -0.233955 -22.8572 35
      vertex -0.233955 -22.8572 32.5087
    endloop
  endfacet
  facet normal 0.819175 0.573543 0
    outer loop
      vertex -0.133974 -23 35
      vertex -0.233955 -22.8572 32.5087
      vertex -0.233955 -22.8572 35
    endloop
  endfacet
  facet normal 0.819175 0.573543 0
    outer loop
      vertex -0.233955 -22.8572 32.5087
      vertex -0.133974 -23 35
      vertex -0.133974 -23 32.5087
    endloop
  endfacet
  facet normal 0.906328 0.422575 0
    outer loop
      vertex -0.0603065 -23.158 35
      vertex -0.133974 -23 32.5087
      vertex -0.133974 -23 35
    endloop
  endfacet
  facet normal 0.906328 0.422575 0
    outer loop
      vertex -0.133974 -23 32.5087
      vertex -0.0603065 -23.158 35
      vertex -0.0603065 -23.158 32.5087
    endloop
  endfacet
  facet normal 0.965938 0.258775 0
    outer loop
      vertex -0.015192 -23.3264 35
      vertex -0.0603065 -23.158 32.5087
      vertex -0.0603065 -23.158 35
    endloop
  endfacet
  facet normal 0.965938 0.258775 0
    outer loop
      vertex -0.0603065 -23.158 32.5087
      vertex -0.015192 -23.3264 35
      vertex -0.015192 -23.3264 32.5087
    endloop
  endfacet
  facet normal 0.996193 0.0871783 0
    outer loop
      vertex 0 -23.5 35
      vertex -0.015192 -23.3264 32.5087
      vertex -0.015192 -23.3264 35
    endloop
  endfacet
  facet normal 0.996193 0.0871783 0
    outer loop
      vertex -0.015192 -23.3264 32.5087
      vertex 0 -23.5 35
      vertex 0 -23.5 30.513
    endloop
  endfacet
  facet normal 0.998711 0.0506523 0.00319647
    outer loop
      vertex 0 -23.5 30.513
      vertex -0.0048151 -23.402 30.4645
      vertex -0.015192 -23.3264 32.5087
    endloop
  endfacet
  facet normal 0.989211 0.146499 -0.000396423
    outer loop
      vertex -0.015192 -23.3264 32.5087
      vertex -0.0048151 -23.402 30.4645
      vertex -0.0192146 -23.3049 30.4163
    endloop
  endfacet
  facet normal 0.969961 0.24326 0.000634831
    outer loop
      vertex -0.015192 -23.3264 32.5087
      vertex -0.0192146 -23.3049 30.4163
      vertex -0.0430593 -23.2097 30.3692
    endloop
  endfacet
  facet normal 0.965936 0.258775 0.00153355
    outer loop
      vertex -0.015192 -23.3264 32.5087
      vertex -0.0430593 -23.2097 30.3692
      vertex -0.0603065 -23.158 32.5087
    endloop
  endfacet
  facet normal 0.94163 0.336649 -0.000544188
    outer loop
      vertex -0.0603065 -23.158 32.5087
      vertex -0.0430593 -23.2097 30.3692
      vertex -0.0761204 -23.1173 30.3234
    endloop
  endfacet
  facet normal 0.906327 0.422575 0.0013116
    outer loop
      vertex -0.0603065 -23.158 32.5087
      vertex -0.0761204 -23.1173 30.3234
      vertex -0.133974 -23 32.5087
    endloop
  endfacet
  facet normal 0.903784 0.427988 0.000953699
    outer loop
      vertex -0.0761204 -23.1173 30.3234
      vertex -0.118078 -23.0286 30.2794
      vertex -0.133974 -23 32.5087
    endloop
  endfacet
  facet normal 0.857902 0.513813 -0.000474522
    outer loop
      vertex -0.133974 -23 32.5087
      vertex -0.118078 -23.0286 30.2794
      vertex -0.16853 -22.9444 30.2377
    endloop
  endfacet
  facet normal 0.819174 0.573542 0.00157709
    outer loop
      vertex -0.133974 -23 32.5087
      vertex -0.16853 -22.9444 30.2377
      vertex -0.233955 -22.8572 32.5087
    endloop
  endfacet
  facet normal 0.803064 0.595892 0.000254817
    outer loop
      vertex -0.16853 -22.9444 30.2377
      vertex -0.226989 -22.8656 30.1986
      vertex -0.233955 -22.8572 32.5087
    endloop
  endfacet
  facet normal 0.740944 0.671567 -0.000207675
    outer loop
      vertex -0.233955 -22.8572 32.5087
      vertex -0.226989 -22.8656 30.1986
      vertex -0.292892 -22.7929 30.1626
    endloop
  endfacet
  facet normal 0.706942 0.707269 0.00162498
    outer loop
      vertex -0.233955 -22.8572 32.5087
      vertex -0.292892 -22.7929 30.1626
      vertex -0.357212 -22.734 32.5087
    endloop
  endfacet
  facet normal 0.671583 0.74093 -0.000189489
    outer loop
      vertex -0.357212 -22.734 32.5087
      vertex -0.292892 -22.7929 30.1626
      vertex -0.365606 -22.727 30.1299
    endloop
  endfacet
  facet normal 0.595906 0.803054 0.000260359
    outer loop
      vertex -0.357212 -22.734 32.5087
      vertex -0.365606 -22.727 30.1299
      vertex -0.444429 -22.6685 30.1009
    endloop
  endfacet
  facet normal 0.573648 0.819101 0.00150313
    outer loop
      vertex -0.357212 -22.734 32.5087
      vertex -0.444429 -22.6685 30.1009
      vertex -0.5 -22.634 32.5087
    endloop
  endfacet
  facet normal 0.513808 0.857905 -0.000433968
    outer loop
      vertex -0.5 -22.634 32.5087
      vertex -0.444429 -22.6685 30.1009
      vertex -0.528603 -22.6181 30.0759
    endloop
  endfacet
  facet normal 0.427735 0.903904 0.00087864
    outer loop
      vertex -0.5 -22.634 32.5087
      vertex -0.528603 -22.6181 30.0759
      vertex -0.617316 -22.5761 30.0551
    endloop
  endfacet
  facet normal 0.422774 0.906234 0.00117084
    outer loop
      vertex -0.5 -22.634 32.5087
      vertex -0.617316 -22.5761 30.0551
      vertex -0.657979 -22.5603 32.5087
    endloop
  endfacet
  facet normal 0.336417 0.941713 -0.000488817
    outer loop
      vertex -0.657979 -22.5603 32.5087
      vertex -0.617316 -22.5761 30.0551
      vertex -0.709715 -22.5431 30.0387
    endloop
  endfacet
  facet normal 0.258738 0.965947 0.00130697
    outer loop
      vertex -0.657979 -22.5603 32.5087
      vertex -0.709715 -22.5431 30.0387
      vertex -0.826351 -22.5152 32.5087
    endloop
  endfacet
  facet normal 0.243443 0.969915 0.000539935
    outer loop
      vertex -0.709715 -22.5431 30.0387
      vertex -0.80491 -22.5192 30.0269
      vertex -0.826351 -22.5152 32.5087
    endloop
  endfacet
  facet normal 0.146761 0.989172 -0.000326369
    outer loop
      vertex -0.826351 -22.5152 32.5087
      vertex -0.80491 -22.5192 30.0269
      vertex -0.901982 -22.5048 30.0198
    endloop
  endfacet
  facet normal -0 0 1
    outer loop
      vertex -32.0013 -40.8445 35
      vertex -29.9883 -42.5045 35
      vertex -14.9691 -23.8122 35
    endloop
  endfacet
  facet normal 0 0 1
    outer loop
      vertex -29.9883 -42.5045 35
      vertex -32.0013 -40.8445 35
      vertex -30.0012 -42.4985 35
    endloop
  endfacet
  facet normal 0 0 1
    outer loop
      vertex -30.0012 -42.4985 35
      vertex -32.0013 -40.8445 35
      vertex -30.0136 -42.4927 35
    endloop
  endfacet
  facet normal 0 0 1
    outer loop
      vertex -30.0136 -42.4927 35
      vertex -32.0013 -40.8445 35
      vertex -30.0493 -42.4761 35
    endloop
  endfacet
  facet normal -0 0 1
    outer loop
      vertex -32.1348 -40.9565 35
      vertex -30.0493 -42.4761 35
      vertex -32.0013 -40.8445 35
    endloop
  endfacet
  facet normal -0 0 1
    outer loop
      vertex -32.2858 -41.0437 35
      vertex -30.0493 -42.4761 35
      vertex -32.1348 -40.9565 35
    endloop
  endfacet
  facet normal -0 0 1
    outer loop
      vertex -32.4496 -41.1033 35
      vertex -30.0493 -42.4761 35
      vertex -32.2858 -41.0437 35
    endloop
  endfacet
  facet normal -0 0 1
    outer loop
      vertex -32.6213 -41.1335 35
      vertex -30.0493 -42.4761 35
      vertex -32.4496 -41.1033 35
    endloop
  endfacet
  facet normal -0 0 1
    outer loop
      vertex -32.7956 -41.1335 35
      vertex -30.0493 -42.4761 35
      vertex -32.6213 -41.1335 35
    endloop
  endfacet
  facet normal 0 0 1
    outer loop
      vertex -32.9672 -41.1033 35
      vertex -30.0493 -42.4761 35
      vertex -32.7956 -41.1335 35
    endloop
  endfacet
  facet normal 0 0 1
    outer loop
      vertex -30.0493 -42.4761 35
      vertex -32.9672 -41.1033 35
      vertex -33.0687 -41.0664 35
    endloop
  endfacet
  facet normal 0 0 1
    outer loop
      vertex -1 -22.5 35
      vertex 0 -23.5 35
      vertex -0.015192 -23.3264 35
    endloop
  endfacet
  facet normal 0 0 1
    outer loop
      vertex 0 -23.5 35
      vertex -1 -22.5 35
      vertex 0 -25.5 35
    endloop
  endfacet
  facet normal 0 0 1
    outer loop
      vertex -1 -22.5 35
      vertex -0.015192 -23.3264 35
      vertex -0.0603065 -23.158 35
    endloop
  endfacet
  facet normal 0 0 1
    outer loop
      vertex -1 -26.5 35
      vertex 0 -25.5 35
      vertex -1 -22.5 35
    endloop
  endfacet
  facet normal 0 0 1
    outer loop
      vertex -1 -22.5 35
      vertex -0.0603065 -23.158 35
      vertex -0.133974 -23 35
    endloop
  endfacet
  facet normal 0 0 1
    outer loop
      vertex 0 -25.5 35
      vertex -1 -26.5 35
      vertex -0.015192 -25.6736 35
    endloop
  endfacet
  facet normal 0 0 1
    outer loop
      vertex -1 -22.5 35
      vertex -0.133974 -23 35
      vertex -0.233955 -22.8572 35
    endloop
  endfacet
  facet normal 0 0 1
    outer loop
      vertex -0.015192 -25.6736 35
      vertex -1 -26.5 35
      vertex -0.0603065 -25.842 35
    endloop
  endfacet
  facet normal 0 0 1
    outer loop
      vertex -1 -22.5 35
      vertex -0.233955 -22.8572 35
      vertex -0.357212 -22.734 35
    endloop
  endfacet
  facet normal 0 0 1
    outer loop
      vertex -0.0603065 -25.842 35
      vertex -1 -26.5 35
      vertex -0.133974 -26 35
    endloop
  endfacet
  facet normal 0 0 1
    outer loop
      vertex -1 -22.5 35
      vertex -0.357212 -22.734 35
      vertex -0.5 -22.634 35
    endloop
  endfacet
  facet normal 0 0 1
    outer loop
      vertex -0.133974 -26 35
      vertex -1 -26.5 35
      vertex -0.233955 -26.1428 35
    endloop
  endfacet
  facet normal 0 0 1
    outer loop
      vertex -1 -22.5 35
      vertex -0.5 -22.634 35
      vertex -0.657979 -22.5603 35
    endloop
  endfacet
  facet normal 0 0 1
    outer loop
      vertex -0.233955 -26.1428 35
      vertex -1 -26.5 35
      vertex -0.357212 -26.266 35
    endloop
  endfacet
  facet normal 0 0 1
    outer loop
      vertex -1 -22.5 35
      vertex -0.657979 -22.5603 35
      vertex -0.826351 -22.5152 35
    endloop
  endfacet
  facet normal 0 0 1
    outer loop
      vertex -0.357212 -26.266 35
      vertex -1 -26.5 35
      vertex -0.5 -26.366 35
    endloop
  endfacet
  facet normal 0 0 1
    outer loop
      vertex -0.5 -26.366 35
      vertex -1 -26.5 35
      vertex -0.657979 -26.4397 35
    endloop
  endfacet
  facet normal 0 0 1
    outer loop
      vertex -0.657979 -26.4397 35
      vertex -1 -26.5 35
      vertex -0.826351 -26.4848 35
    endloop
  endfacet
  facet normal 0 0 1
    outer loop
      vertex -1 -22.5 35
      vertex -11.5858 -26.5 35
      vertex -1 -26.5 35
    endloop
  endfacet
  facet normal -0 0 1
    outer loop
      vertex -11.8011 -22.5 35
      vertex -11.5858 -26.5 35
      vertex -1 -22.5 35
    endloop
  endfacet
  facet normal -0 0 1
    outer loop
      vertex -12.1838 -22.5761 35
      vertex -11.5858 -26.5 35
      vertex -11.8011 -22.5 35
    endloop
  endfacet
  facet normal 0 0 1
    outer loop
      vertex -11.5858 -26.5 35
      vertex -12.1838 -22.5761 35
      vertex -11.7422 -26.5123 35
    endloop
  endfacet
  facet normal 0 0 1
    outer loop
      vertex -12.1838 -22.5761 35
      vertex -11.8011 -22.5 35
      vertex -11.9316 -22.5086 35
    endloop
  endfacet
  facet normal 0 0 1
    outer loop
      vertex -11.7422 -26.5123 35
      vertex -12.1838 -22.5761 35
      vertex -11.8948 -26.5489 35
    endloop
  endfacet
  facet normal 0 0 1
    outer loop
      vertex -12.1838 -22.5761 35
      vertex -11.9316 -22.5086 35
      vertex -12.0599 -22.5341 35
    endloop
  endfacet
  facet normal 0 0 1
    outer loop
      vertex -11.8948 -26.5489 35
      vertex -12.1838 -22.5761 35
      vertex -12.0398 -26.609 35
    endloop
  endfacet
  facet normal -0 0 1
    outer loop
      vertex -14.6447 -23.5955 35
      vertex -12.0398 -26.609 35
      vertex -12.1838 -22.5761 35
    endloop
  endfacet
  facet normal 0 0 1
    outer loop
      vertex -12.0398 -26.609 35
      vertex -14.6447 -23.5955 35
      vertex -12.1736 -26.691 35
    endloop
  endfacet
  facet normal 0 0 1
    outer loop
      vertex -12.1736 -26.691 35
      vertex -14.6447 -23.5955 35
      vertex -12.2929 -26.7929 35
    endloop
  endfacet
  facet normal 0 0 1
    outer loop
      vertex -14.9691 -23.8122 35
      vertex -14.6447 -23.5955 35
      vertex -14.762 -23.6533 35
    endloop
  endfacet
  facet normal 0 0 1
    outer loop
      vertex -14.9691 -23.8122 35
      vertex -14.762 -23.6533 35
      vertex -14.8707 -23.726 35
    endloop
  endfacet
  facet normal 0 0 1
    outer loop
      vertex -14.6447 -23.5955 35
      vertex -14.9691 -23.8122 35
      vertex -12.2929 -26.7929 35
    endloop
  endfacet
  facet normal 0 0 1
    outer loop
      vertex -29.9883 -42.5045 35
      vertex -12.2929 -26.7929 35
      vertex -14.9691 -23.8122 35
    endloop
  endfacet
  facet normal -0 0 1
    outer loop
      vertex -29.9883 -42.5045 35
      vertex -31.3039 -45.8039 35
      vertex -12.2929 -26.7929 35
    endloop
  endfacet
  facet normal 0 0 1
    outer loop
      vertex -31.6286 -46.0177 35
      vertex -31.3039 -45.8039 35
      vertex -29.9883 -42.5045 35
    endloop
  endfacet
  facet normal 0 0 1
    outer loop
      vertex -31.3039 -45.8039 35
      vertex -31.6286 -46.0177 35
      vertex -31.4374 -45.9159 35
    endloop
  endfacet
  facet normal 0 0 1
    outer loop
      vertex -31.4374 -45.9159 35
      vertex -31.6286 -46.0177 35
      vertex -31.5884 -46.0031 35
    endloop
  endfacet
  facet normal -0 -0 1
    outer loop
      vertex -63.5198 -31.5074 35
      vertex -62.0037 -32.2143 35
      vertex -63.5277 -31.5028 35
    endloop
  endfacet
  facet normal 0 1 0
    outer loop
      vertex -1 -22.5 3.5
      vertex -1 -22.5 0
      vertex -5 -22.5 3.5
    endloop
  endfacet
  facet normal 0 1 0
    outer loop
      vertex -5 -22.5 30.0174
      vertex -1 -22.5 35
      vertex -1 -22.5 30.0174
    endloop
  endfacet
  facet normal 0 1 0
    outer loop
      vertex -1 -22.5 35
      vertex -5 -22.5 30.0174
      vertex -11.8011 -22.5 35
    endloop
  endfacet
  facet normal 0 1 0
    outer loop
      vertex -11.8011 -22.5 0
      vertex -5 -22.5 30.0174
      vertex -5 -22.5 3.5
    endloop
  endfacet
  facet normal 0 1 0
    outer loop
      vertex -5 -22.5 30.0174
      vertex -11.8011 -22.5 0
      vertex -11.8011 -22.5 35
    endloop
  endfacet
  facet normal 0 1 0
    outer loop
      vertex -11.8011 -22.5 0
      vertex -5 -22.5 3.5
      vertex -1 -22.5 0
    endloop
  endfacet
  facet normal -0.996194 0.087167 0
    outer loop
      vertex -4.01519 -21.6736 18.6528
      vertex -4 -21.5 3.5
      vertex -4.01519 -21.6736 3.5
    endloop
  endfacet
  facet normal -0.706963 0.70725 0.00104717
    outer loop
      vertex -4.29289 -22.2071 29.8722
      vertex -4.23396 -22.1428 26.2292
      vertex -4.35721 -22.266 26.2292
    endloop
  endfacet
  facet normal -0.671536 0.740972 -0.000123541
    outer loop
      vertex -4.29289 -22.2071 29.8722
      vertex -4.35721 -22.266 26.2292
      vertex -4.36561 -22.273 29.9049
    endloop
  endfacet
  facet normal -0.595943 0.803027 0.000167388
    outer loop
      vertex -4.36561 -22.273 29.9049
      vertex -4.35721 -22.266 26.2292
      vertex -4.44443 -22.3315 29.9339
    endloop
  endfacet
  facet normal -0.573643 0.819105 0.000976658
    outer loop
      vertex -4.44443 -22.3315 29.9339
      vertex -4.35721 -22.266 26.2292
      vertex -4.5 -22.366 26.2292
    endloop
  endfacet
  facet normal -0.513793 0.857914 -0.000282499
    outer loop
      vertex -4.44443 -22.3315 29.9339
      vertex -4.5 -22.366 26.2292
      vertex -4.5286 -22.3819 29.9589
    endloop
  endfacet
  facet normal -0.427766 0.903889 0.000573162
    outer loop
      vertex -4.5286 -22.3819 29.9589
      vertex -4.5 -22.366 26.2292
      vertex -4.61732 -22.4239 29.9797
    endloop
  endfacet
  facet normal -0.422772 0.906236 0.000765604
    outer loop
      vertex -4.61732 -22.4239 29.9797
      vertex -4.5 -22.366 26.2292
      vertex -4.65798 -22.4397 26.2292
    endloop
  endfacet
  facet normal -0.336419 0.941712 -0.00032003
    outer loop
      vertex -4.61732 -22.4239 29.9797
      vertex -4.65798 -22.4397 26.2292
      vertex -4.70971 -22.4569 29.996
    endloop
  endfacet
  facet normal -0.258741 0.965946 0.00085739
    outer loop
      vertex -4.70971 -22.4569 29.996
      vertex -4.65798 -22.4397 26.2292
      vertex -4.82635 -22.4848 26.2292
    endloop
  endfacet
  facet normal -0.243453 0.969913 0.000354613
    outer loop
      vertex -4.80491 -22.4808 30.0079
      vertex -4.70971 -22.4569 29.996
      vertex -4.82635 -22.4848 26.2292
    endloop
  endfacet
  facet normal -0.146756 0.989173 -0.000214423
    outer loop
      vertex -4.80491 -22.4808 30.0079
      vertex -4.82635 -22.4848 26.2292
      vertex -4.90198 -22.4952 30.015
    endloop
  endfacet
  facet normal -0.0488677 0.998804 0.00176758
    outer loop
      vertex -4.90198 -22.4952 30.015
      vertex -4.82635 -22.4848 26.2292
      vertex -5 -22.5 30.0174
    endloop
  endfacet
  facet normal -0.819151 0.573578 0
    outer loop
      vertex -4.23396 -22.1428 3.5
      vertex -4.13397 -22 26.2292
      vertex -4.13397 -22 3.5
    endloop
  endfacet
  facet normal -0.819151 0.573578 0
    outer loop
      vertex -4.13397 -22 26.2292
      vertex -4.23396 -22.1428 3.5
      vertex -4.23396 -22.1428 26.2292
    endloop
  endfacet
  facet normal -0.906344 0.42254 0
    outer loop
      vertex -4.13397 -22 3.5
      vertex -4.06031 -21.842 26.2292
      vertex -4.06031 -21.842 3.5
    endloop
  endfacet
  facet normal -0.906344 0.42254 0
    outer loop
      vertex -4.06031 -21.842 26.2292
      vertex -4.13397 -22 3.5
      vertex -4.13397 -22 26.2292
    endloop
  endfacet
  facet normal -0.96593 0.258805 0
    outer loop
      vertex -4.06031 -21.842 3.5
      vertex -4.01519 -21.6736 18.6528
      vertex -4.01519 -21.6736 3.5
    endloop
  endfacet
  facet normal -0.96593 0.258805 0
    outer loop
      vertex -4.06031 -21.842 26.2292
      vertex -4.01519 -21.6736 18.6528
      vertex -4.06031 -21.842 3.5
    endloop
  endfacet
  facet normal -0.96593 0.258805 0
    outer loop
      vertex -4.01519 -21.6736 18.6528
      vertex -4.06031 -21.842 26.2292
      vertex -4.01519 -21.6736 26.2292
    endloop
  endfacet
  facet normal -0.706963 0.70725 0
    outer loop
      vertex -4.35721 -22.266 3.5
      vertex -4.23396 -22.1428 26.2292
      vertex -4.23396 -22.1428 3.5
    endloop
  endfacet
  facet normal -0.706963 0.70725 0
    outer loop
      vertex -4.23396 -22.1428 26.2292
      vertex -4.35721 -22.266 3.5
      vertex -4.35721 -22.266 26.2292
    endloop
  endfacet
  facet normal -0.573643 0.819105 0
    outer loop
      vertex -4.35721 -22.266 3.5
      vertex -4.5 -22.366 26.2292
      vertex -4.35721 -22.266 26.2292
    endloop
  endfacet
  facet normal -0.573643 0.819105 0
    outer loop
      vertex -4.5 -22.366 26.2292
      vertex -4.35721 -22.266 3.5
      vertex -4.5 -22.366 3.5
    endloop
  endfacet
  facet normal -0.087199 0.996191 0
    outer loop
      vertex -5 -22.5 3.5
      vertex -4.82635 -22.4848 26.2292
      vertex -4.82635 -22.4848 3.5
    endloop
  endfacet
  facet normal -0.087199 0.996191 0
    outer loop
      vertex -4.82635 -22.4848 26.2292
      vertex -5 -22.5 3.5
      vertex -5 -22.5 30.0174
    endloop
  endfacet
  facet normal -0.422772 0.906236 0
    outer loop
      vertex -4.5 -22.366 3.5
      vertex -4.65798 -22.4397 26.2292
      vertex -4.5 -22.366 26.2292
    endloop
  endfacet
  facet normal -0.422772 0.906236 0
    outer loop
      vertex -4.65798 -22.4397 26.2292
      vertex -4.5 -22.366 3.5
      vertex -4.65798 -22.4397 3.5
    endloop
  endfacet
  facet normal -0.258741 0.965947 0
    outer loop
      vertex -4.65798 -22.4397 3.5
      vertex -4.82635 -22.4848 26.2292
      vertex -4.65798 -22.4397 26.2292
    endloop
  endfacet
  facet normal -0.258741 0.965947 0
    outer loop
      vertex -4.82635 -22.4848 26.2292
      vertex -4.65798 -22.4397 3.5
      vertex -4.82635 -22.4848 3.5
    endloop
  endfacet
  facet normal -0.74094 0.671571 -0.000132199
    outer loop
      vertex -4.22699 -22.1344 29.8362
      vertex -4.23396 -22.1428 26.2292
      vertex -4.29289 -22.2071 29.8722
    endloop
  endfacet
  facet normal -0.803081 0.59587 0.000164172
    outer loop
      vertex -4.22699 -22.1344 29.8362
      vertex -4.16853 -22.0556 29.7971
      vertex -4.23396 -22.1428 26.2292
    endloop
  endfacet
  facet normal -0.819151 0.573578 0.00100369
    outer loop
      vertex -4.16853 -22.0556 29.7971
      vertex -4.13397 -22 26.2292
      vertex -4.23396 -22.1428 26.2292
    endloop
  endfacet
  facet normal -0.857873 0.513861 -0.000301975
    outer loop
      vertex -4.11808 -21.9714 29.7554
      vertex -4.13397 -22 26.2292
      vertex -4.16853 -22.0556 29.7971
    endloop
  endfacet
  facet normal -0.903842 0.427866 0.000602654
    outer loop
      vertex -4.11808 -21.9714 29.7554
      vertex -4.07612 -21.8827 29.7114
      vertex -4.13397 -22 26.2292
    endloop
  endfacet
  facet normal -0.906344 0.42254 0.000823638
    outer loop
      vertex -4.07612 -21.8827 29.7114
      vertex -4.06031 -21.842 26.2292
      vertex -4.13397 -22 26.2292
    endloop
  endfacet
  facet normal -0.941601 0.336729 -0.000339392
    outer loop
      vertex -4.04306 -21.7903 29.6656
      vertex -4.06031 -21.842 26.2292
      vertex -4.07612 -21.8827 29.7114
    endloop
  endfacet
  facet normal -0.965929 0.258805 0.00095509
    outer loop
      vertex -4.04306 -21.7903 29.6656
      vertex -4.01519 -21.6736 26.2292
      vertex -4.06031 -21.842 26.2292
    endloop
  endfacet
  facet normal -0.969977 0.243198 0.000392261
    outer loop
      vertex -4.01921 -21.6951 29.6184
      vertex -4.01519 -21.6736 26.2292
      vertex -4.04306 -21.7903 29.6656
    endloop
  endfacet
  facet normal -0.989214 0.146478 -0.000244115
    outer loop
      vertex -4.00482 -21.598 29.5703
      vertex -4.01519 -21.6736 26.2292
      vertex -4.01921 -21.6951 29.6184
    endloop
  endfacet
  facet normal -0.998793 0.0491243 0
    outer loop
      vertex -4 -21.5 29.5217
      vertex -4 -21.5 3.5
      vertex -4.00482 -21.598 29.5703
    endloop
  endfacet
  facet normal -0.994407 0.105618 0.000213173
    outer loop
      vertex -4.00482 -21.598 29.5703
      vertex -4 -21.5 3.5
      vertex -4.01519 -21.6736 18.6528
    endloop
  endfacet
  facet normal -0.990723 0.135897 0
    outer loop
      vertex -4.01519 -21.6736 26.2292
      vertex -4.00482 -21.598 29.5703
      vertex -4.01519 -21.6736 18.6528
    endloop
  endfacet
  facet normal -0.321039 0.947066 0
    outer loop
      vertex -12.0599 -22.5341 0
      vertex -12.1838 -22.5761 35
      vertex -12.0599 -22.5341 35
    endloop
  endfacet
  facet normal -0.321039 0.947066 0
    outer loop
      vertex -12.1838 -22.5761 35
      vertex -12.0599 -22.5341 0
      vertex -12.1838 -22.5761 0
    endloop
  endfacet
  facet normal -0.19494 0.980815 0
    outer loop
      vertex -11.9316 -22.5086 0
      vertex -12.0599 -22.5341 35
      vertex -11.9316 -22.5086 35
    endloop
  endfacet
  facet normal -0.19494 0.980815 0
    outer loop
      vertex -12.0599 -22.5341 35
      vertex -11.9316 -22.5086 0
      vertex -12.0599 -22.5341 0
    endloop
  endfacet
  facet normal -0.0657577 0.997836 0
    outer loop
      vertex -11.8011 -22.5 0
      vertex -11.9316 -22.5086 35
      vertex -11.8011 -22.5 35
    endloop
  endfacet
  facet normal -0.0657577 0.997836 0
    outer loop
      vertex -11.9316 -22.5086 35
      vertex -11.8011 -22.5 0
      vertex -11.9316 -22.5086 0
    endloop
  endfacet
  facet normal -0.658937 0.752198 0
    outer loop
      vertex -14.8707 -23.726 0
      vertex -14.9691 -23.8122 35
      vertex -14.8707 -23.726 35
    endloop
  endfacet
  facet normal -0.658937 0.752198 0
    outer loop
      vertex -14.9691 -23.8122 35
      vertex -14.8707 -23.726 0
      vertex -14.9691 -23.8122 0
    endloop
  endfacet
  facet normal -0.555935 0.831226 0
    outer loop
      vertex -14.762 -23.6533 0
      vertex -14.8707 -23.726 35
      vertex -14.762 -23.6533 35
    endloop
  endfacet
  facet normal -0.555935 0.831226 0
    outer loop
      vertex -14.8707 -23.726 35
      vertex -14.762 -23.6533 0
      vertex -14.8707 -23.726 0
    endloop
  endfacet
  facet normal -0.442006 0.897012 0
    outer loop
      vertex -14.6447 -23.5955 0
      vertex -14.762 -23.6533 35
      vertex -14.6447 -23.5955 35
    endloop
  endfacet
  facet normal -0.442006 0.897012 0
    outer loop
      vertex -14.762 -23.6533 35
      vertex -14.6447 -23.5955 0
      vertex -14.762 -23.6533 0
    endloop
  endfacet
  facet normal -0.707109 0.707105 0
    outer loop
      vertex -32.0013 -40.8445 0
      vertex -14.9691 -23.8122 35
      vertex -14.9691 -23.8122 0
    endloop
  endfacet
  facet normal -0.707109 0.707105 0
    outer loop
      vertex -14.9691 -23.8122 35
      vertex -32.0013 -40.8445 0
      vertex -32.0013 -40.8445 35
    endloop
  endfacet
  facet normal 0 0 -1
    outer loop
      vertex -1 -26.5 0
      vertex 0 -25.5 0
      vertex -0.015192 -25.6736 0
    endloop
  endfacet
  facet normal -0 0 -1
    outer loop
      vertex 0 -25.5 0
      vertex -1 -26.5 0
      vertex 0 -23.5 0
    endloop
  endfacet
  facet normal 0 0 -1
    outer loop
      vertex -1 -26.5 0
      vertex -0.015192 -25.6736 0
      vertex -0.0603065 -25.842 0
    endloop
  endfacet
  facet normal 0 0 -1
    outer loop
      vertex -1 -22.5 0
      vertex 0 -23.5 0
      vertex -1 -26.5 0
    endloop
  endfacet
  facet normal 0 0 -1
    outer loop
      vertex -1 -26.5 0
      vertex -0.0603065 -25.842 0
      vertex -0.133974 -26 0
    endloop
  endfacet
  facet normal 0 0 -1
    outer loop
      vertex 0 -23.5 0
      vertex -1 -22.5 0
      vertex -0.015192 -23.3264 0
    endloop
  endfacet
  facet normal 0 0 -1
    outer loop
      vertex -1 -26.5 0
      vertex -0.133974 -26 0
      vertex -0.233955 -26.1428 0
    endloop
  endfacet
  facet normal 0 0 -1
    outer loop
      vertex -0.015192 -23.3264 0
      vertex -1 -22.5 0
      vertex -0.0603065 -23.158 0
    endloop
  endfacet
  facet normal 0 0 -1
    outer loop
      vertex -1 -26.5 0
      vertex -0.233955 -26.1428 0
      vertex -0.357212 -26.266 0
    endloop
  endfacet
  facet normal 0 0 -1
    outer loop
      vertex -0.0603065 -23.158 0
      vertex -1 -22.5 0
      vertex -0.133974 -23 0
    endloop
  endfacet
  facet normal 0 0 -1
    outer loop
      vertex -1 -26.5 0
      vertex -0.357212 -26.266 0
      vertex -0.5 -26.366 0
    endloop
  endfacet
  facet normal 0 0 -1
    outer loop
      vertex -0.133974 -23 0
      vertex -1 -22.5 0
      vertex -0.233955 -22.8572 0
    endloop
  endfacet
  facet normal 0 0 -1
    outer loop
      vertex -1 -26.5 0
      vertex -0.5 -26.366 0
      vertex -0.657979 -26.4397 0
    endloop
  endfacet
  facet normal 0 0 -1
    outer loop
      vertex -0.233955 -22.8572 0
      vertex -1 -22.5 0
      vertex -0.357212 -22.734 0
    endloop
  endfacet
  facet normal 0 0 -1
    outer loop
      vertex -1 -26.5 0
      vertex -0.657979 -26.4397 0
      vertex -0.826351 -26.4848 0
    endloop
  endfacet
  facet normal 0 0 -1
    outer loop
      vertex -0.357212 -22.734 0
      vertex -1 -22.5 0
      vertex -0.5 -22.634 0
    endloop
  endfacet
  facet normal 0 0 -1
    outer loop
      vertex -0.5 -22.634 0
      vertex -1 -22.5 0
      vertex -0.657979 -22.5603 0
    endloop
  endfacet
  facet normal 0 0 -1
    outer loop
      vertex -0.657979 -22.5603 0
      vertex -1 -22.5 0
      vertex -0.826351 -22.5152 0
    endloop
  endfacet
  facet normal 0 0 -1
    outer loop
      vertex -11.5858 -26.5 0
      vertex -1 -22.5 0
      vertex -1 -26.5 0
    endloop
  endfacet
  facet normal 0 0 -1
    outer loop
      vertex -12.1838 -22.5761 0
      vertex -11.5858 -26.5 0
      vertex -11.7422 -26.5123 0
    endloop
  endfacet
  facet normal 0 0 -1
    outer loop
      vertex -11.5858 -26.5 0
      vertex -11.8011 -22.5 0
      vertex -1 -22.5 0
    endloop
  endfacet
  facet normal 0 0 -1
    outer loop
      vertex -12.1838 -22.5761 0
      vertex -11.7422 -26.5123 0
      vertex -11.8948 -26.5489 0
    endloop
  endfacet
  facet normal 0 0 -1
    outer loop
      vertex -11.5858 -26.5 0
      vertex -12.1838 -22.5761 0
      vertex -11.8011 -22.5 0
    endloop
  endfacet
  facet normal 0 0 -1
    outer loop
      vertex -12.1838 -22.5761 0
      vertex -11.8948 -26.5489 0
      vertex -12.0398 -26.609 0
    endloop
  endfacet
  facet normal 0 0 -1
    outer loop
      vertex -11.8011 -22.5 0
      vertex -12.1838 -22.5761 0
      vertex -11.9316 -22.5086 0
    endloop
  endfacet
  facet normal 0 0 -1
    outer loop
      vertex -14.6447 -23.5955 0
      vertex -12.0398 -26.609 0
      vertex -12.1736 -26.691 0
    endloop
  endfacet
  facet normal 0 0 -1
    outer loop
      vertex -11.9316 -22.5086 0
      vertex -12.1838 -22.5761 0
      vertex -12.0599 -22.5341 0
    endloop
  endfacet
  facet normal 0 0 -1
    outer loop
      vertex -14.6447 -23.5955 0
      vertex -12.1736 -26.691 0
      vertex -12.2929 -26.7929 0
    endloop
  endfacet
  facet normal 0 0 -1
    outer loop
      vertex -12.0398 -26.609 0
      vertex -14.6447 -23.5955 0
      vertex -12.1838 -22.5761 0
    endloop
  endfacet
  facet normal 0 0 -1
    outer loop
      vertex -14.9691 -23.8122 0
      vertex -14.6447 -23.5955 0
      vertex -12.2929 -26.7929 0
    endloop
  endfacet
  facet normal 0 0 -1
    outer loop
      vertex -14.6447 -23.5955 0
      vertex -14.9691 -23.8122 0
      vertex -14.762 -23.6533 0
    endloop
  endfacet
  facet normal 0 0 -1
    outer loop
      vertex -14.762 -23.6533 0
      vertex -14.9691 -23.8122 0
      vertex -14.8707 -23.726 0
    endloop
  endfacet
  facet normal -0 0 -1
    outer loop
      vertex -12.2929 -26.7929 0
      vertex -30.0191 -42.4902 0
      vertex -14.9691 -23.8122 0
    endloop
  endfacet
  facet normal 0 0 -1
    outer loop
      vertex -31.3039 -45.8039 0
      vertex -30.0191 -42.4902 0
      vertex -12.2929 -26.7929 0
    endloop
  endfacet
  facet normal 0 0 -1
    outer loop
      vertex -31.6737 -46.0341 0
      vertex -31.3039 -45.8039 0
      vertex -31.4374 -45.9159 0
    endloop
  endfacet
  facet normal 0 0 -1
    outer loop
      vertex -31.6737 -46.0341 0
      vertex -31.4374 -45.9159 0
      vertex -31.5884 -46.0031 0
    endloop
  endfacet
  facet normal -0 0 -1
    outer loop
      vertex -31.3039 -45.8039 0
      vertex -31.6737 -46.0341 0
      vertex -30.0191 -42.4902 0
    endloop
  endfacet
  facet normal 0 0 -1
    outer loop
      vertex -32.0013 -40.8445 0
      vertex -30.0191 -42.4902 0
      vertex -30.0254 -42.4872 0
    endloop
  endfacet
  facet normal 0 0 -1
    outer loop
      vertex -32.0013 -40.8445 0
      vertex -30.0254 -42.4872 0
      vertex -30.0316 -42.4843 0
    endloop
  endfacet
  facet normal 0 0 -1
    outer loop
      vertex -32.0013 -40.8445 0
      vertex -30.0316 -42.4843 0
      vertex -30.0493 -42.4761 0
    endloop
  endfacet
  facet normal 0 0 -1
    outer loop
      vertex -30.0191 -42.4902 0
      vertex -32.0013 -40.8445 0
      vertex -14.9691 -23.8122 0
    endloop
  endfacet
  facet normal 0 0 -1
    outer loop
      vertex -30.0493 -42.4761 0
      vertex -32.1348 -40.9565 0
      vertex -32.0013 -40.8445 0
    endloop
  endfacet
  facet normal 0 0 -1
    outer loop
      vertex -30.0493 -42.4761 0
      vertex -32.2858 -41.0437 0
      vertex -32.1348 -40.9565 0
    endloop
  endfacet
  facet normal 0 0 -1
    outer loop
      vertex -30.0493 -42.4761 0
      vertex -32.4496 -41.1033 0
      vertex -32.2858 -41.0437 0
    endloop
  endfacet
  facet normal 0 0 -1
    outer loop
      vertex -30.0493 -42.4761 0
      vertex -32.6213 -41.1335 0
      vertex -32.4496 -41.1033 0
    endloop
  endfacet
  facet normal 0 0 -1
    outer loop
      vertex -30.0493 -42.4761 0
      vertex -32.7956 -41.1335 0
      vertex -32.6213 -41.1335 0
    endloop
  endfacet
  facet normal 0 0 -1
    outer loop
      vertex -30.0493 -42.4761 0
      vertex -32.9672 -41.1033 0
      vertex -32.7956 -41.1335 0
    endloop
  endfacet
  facet normal -0 -0 -1
    outer loop
      vertex -32.9672 -41.1033 0
      vertex -30.0493 -42.4761 0
      vertex -33.0687 -41.0664 0
    endloop
  endfacet
  facet normal 0 0 -1
    outer loop
      vertex -62.0037 -32.2143 0
      vertex -63.5198 -31.5074 0
      vertex -63.5277 -31.5028 0
    endloop
  endfacet
  facet normal -0.642721 0.7661 0
    outer loop
      vertex -32.0013 -40.8445 0
      vertex -32.1348 -40.9565 35
      vertex -32.0013 -40.8445 35
    endloop
  endfacet
  facet normal -0.642721 0.7661 0
    outer loop
      vertex -32.1348 -40.9565 35
      vertex -32.0013 -40.8445 0
      vertex -32.1348 -40.9565 0
    endloop
  endfacet
  facet normal -0.500086 0.865975 0
    outer loop
      vertex -32.1348 -40.9565 0
      vertex -32.2858 -41.0437 35
      vertex -32.1348 -40.9565 35
    endloop
  endfacet
  facet normal -0.500086 0.865975 0
    outer loop
      vertex -32.2858 -41.0437 35
      vertex -32.1348 -40.9565 0
      vertex -32.2858 -41.0437 0
    endloop
  endfacet
  facet normal -0.341927 0.939726 0
    outer loop
      vertex -32.2858 -41.0437 0
      vertex -32.4496 -41.1033 35
      vertex -32.2858 -41.0437 35
    endloop
  endfacet
  facet normal -0.341927 0.939726 0
    outer loop
      vertex -32.4496 -41.1033 35
      vertex -32.2858 -41.0437 0
      vertex -32.4496 -41.1033 0
    endloop
  endfacet
  facet normal -0.173229 0.984882 0
    outer loop
      vertex -32.4496 -41.1033 0
      vertex -32.6213 -41.1335 35
      vertex -32.4496 -41.1033 35
    endloop
  endfacet
  facet normal -0.173229 0.984882 0
    outer loop
      vertex -32.6213 -41.1335 35
      vertex -32.4496 -41.1033 0
      vertex -32.6213 -41.1335 0
    endloop
  endfacet
  facet normal 0 1 -0
    outer loop
      vertex -32.6213 -41.1335 0
      vertex -32.7956 -41.1335 35
      vertex -32.6213 -41.1335 35
    endloop
  endfacet
  facet normal 0 1 0
    outer loop
      vertex -32.7956 -41.1335 35
      vertex -32.6213 -41.1335 0
      vertex -32.7956 -41.1335 0
    endloop
  endfacet
  facet normal 0.173327 0.984864 -0
    outer loop
      vertex -32.7956 -41.1335 0
      vertex -32.9672 -41.1033 35
      vertex -32.7956 -41.1335 35
    endloop
  endfacet
  facet normal 0.173327 0.984864 0
    outer loop
      vertex -32.9672 -41.1033 35
      vertex -32.7956 -41.1335 0
      vertex -32.9672 -41.1033 0
    endloop
  endfacet
  facet normal 0.341669 0.93982 -6.92783e-07
    outer loop
      vertex -32.9672 -41.1033 35
      vertex -33.0115 -41.0872 28.05
      vertex -33.0687 -41.0664 35
    endloop
  endfacet
  facet normal 0.341573 0.939855 0
    outer loop
      vertex -32.9672 -41.1033 35
      vertex -33.0115 -41.0872 7.05
      vertex -33.0115 -41.0872 28.05
    endloop
  endfacet
  facet normal 0.341573 0.939855 -0
    outer loop
      vertex -32.9672 -41.1033 0
      vertex -33.0115 -41.0872 7.05
      vertex -32.9672 -41.1033 35
    endloop
  endfacet
  facet normal 0.341743 0.939793 1.21185e-06
    outer loop
      vertex -32.9672 -41.1033 0
      vertex -33.0687 -41.0664 7.05
      vertex -33.0115 -41.0872 7.05
    endloop
  endfacet
  facet normal 0.341669 0.93982 0
    outer loop
      vertex -33.0687 -41.0664 7.05
      vertex -32.9672 -41.1033 0
      vertex -33.0687 -41.0664 0
    endloop
  endfacet
  facet normal 0.341743 0.939793 0
    outer loop
      vertex -33.0687 -41.0664 35
      vertex -33.0115 -41.0872 28.05
      vertex -33.0687 -41.0664 28.05
    endloop
  endfacet
  facet normal -0.503191 -0.864175 0
    outer loop
      vertex -63.5277 -31.5028 34.9277
      vertex -63.5198 -31.5074 35
      vertex -63.5277 -31.5028 35
    endloop
  endfacet
  facet normal -0.503191 -0.864175 0
    outer loop
      vertex -63.5198 -31.5074 28.05
      vertex -63.5277 -31.5028 34.9277
      vertex -63.5277 -31.5028 28.05
    endloop
  endfacet
  facet normal -0.503191 -0.864175 0
    outer loop
      vertex -63.5277 -31.5028 34.9277
      vertex -63.5198 -31.5074 28.05
      vertex -63.5198 -31.5074 35
    endloop
  endfacet
  facet normal -0.503191 -0.864175 0
    outer loop
      vertex -63.5277 -31.5028 0.172276
      vertex -63.5198 -31.5074 7.05
      vertex -63.5277 -31.5028 7.05
    endloop
  endfacet
  facet normal -0.503191 -0.864175 0
    outer loop
      vertex -63.5198 -31.5074 0
      vertex -63.5277 -31.5028 0.172276
      vertex -63.5277 -31.5028 0
    endloop
  endfacet
  facet normal -0.503191 -0.864175 0
    outer loop
      vertex -63.5277 -31.5028 0.172276
      vertex -63.5198 -31.5074 0
      vertex -63.5198 -31.5074 7.05
    endloop
  endfacet
  facet normal 0.341368 -0.93993 0
    outer loop
      vertex -31.5884 -46.0031 34.9108
      vertex -31.5884 -46.0031 35
      vertex -31.6286 -46.0177 35
    endloop
  endfacet
  facet normal 0.341566 -0.939858 0
    outer loop
      vertex -31.5884 -46.0031 0
      vertex -31.5884 -46.0031 0.189153
      vertex -31.6737 -46.0341 0
    endloop
  endfacet
  facet normal 0.500086 -0.865975 0
    outer loop
      vertex -31.5884 -46.0031 34.9108
      vertex -31.4374 -45.9159 35
      vertex -31.5884 -46.0031 35
    endloop
  endfacet
  facet normal 0.500069 -0.865986 3.96675e-05
    outer loop
      vertex -31.5451 -45.9781 34.8265
      vertex -31.4374 -45.9159 35
      vertex -31.5884 -46.0031 34.9108
    endloop
  endfacet
  facet normal 0.500117 -0.865958 0
    outer loop
      vertex -31.4374 -45.9159 35
      vertex -31.5451 -45.9781 34.8265
      vertex -31.4374 -45.9159 34.4682
    endloop
  endfacet
  facet normal 0.500086 -0.865975 0
    outer loop
      vertex -31.4374 -45.9159 0
      vertex -31.5884 -46.0031 0.189153
      vertex -31.5884 -46.0031 0
    endloop
  endfacet
  facet normal 0.500057 -0.865993 -3.14414e-05
    outer loop
      vertex -31.5884 -46.0031 0.189153
      vertex -31.4374 -45.9159 0
      vertex -31.5451 -45.9781 0.27354
    endloop
  endfacet
  facet normal 0.500117 -0.865958 0
    outer loop
      vertex -31.5451 -45.9781 0.27354
      vertex -31.4374 -45.9159 0
      vertex -31.4374 -45.9159 0.631836
    endloop
  endfacet
  facet normal 0.642721 -0.7661 0
    outer loop
      vertex -31.4374 -45.9159 34.4682
      vertex -31.3039 -45.8039 35
      vertex -31.4374 -45.9159 35
    endloop
  endfacet
  facet normal 0.641227 -0.767351 0.000638249
    outer loop
      vertex -31.4278 -45.9079 34.4416
      vertex -31.3039 -45.8039 35
      vertex -31.4374 -45.9159 34.4682
    endloop
  endfacet
  facet normal 0.643137 -0.765751 -8.35195e-05
    outer loop
      vertex -31.3876 -45.8741 34.1033
      vertex -31.3039 -45.8039 35
      vertex -31.4278 -45.9079 34.4416
    endloop
  endfacet
  facet normal 0.639922 -0.76844 0.000427158
    outer loop
      vertex -31.3812 -45.8688 34.05
      vertex -31.3039 -45.8039 35
      vertex -31.3876 -45.8741 34.1033
    endloop
  endfacet
  facet normal 0.643006 -0.765861 0
    outer loop
      vertex -31.3812 -45.8688 1.05
      vertex -31.3039 -45.8039 35
      vertex -31.3812 -45.8688 34.05
    endloop
  endfacet
  facet normal 0.642721 -0.7661 0
    outer loop
      vertex -31.3039 -45.8039 0
      vertex -31.4374 -45.9159 0.631836
      vertex -31.4374 -45.9159 0
    endloop
  endfacet
  facet normal 0.641123 -0.767438 -0.000574641
    outer loop
      vertex -31.4374 -45.9159 0.631836
      vertex -31.3039 -45.8039 0
      vertex -31.4278 -45.9079 0.658428
    endloop
  endfacet
  facet normal 0.643162 -0.76573 7.86163e-05
    outer loop
      vertex -31.4278 -45.9079 0.658428
      vertex -31.3039 -45.8039 0
      vertex -31.3876 -45.8741 0.996658
    endloop
  endfacet
  facet normal 0.643006 -0.765861 0
    outer loop
      vertex -31.3812 -45.8688 1.05
      vertex -31.3039 -45.8039 0
      vertex -31.3039 -45.8039 35
    endloop
  endfacet
  facet normal 0.639799 -0.768542 -0.000401872
    outer loop
      vertex -31.3876 -45.8741 0.996658
      vertex -31.3039 -45.8039 0
      vertex -31.3812 -45.8688 1.05
    endloop
  endfacet
  facet normal 0.707107 -0.707107 0
    outer loop
      vertex -31.3039 -45.8039 35
      vertex -12.2929 -26.7929 0
      vertex -12.2929 -26.7929 35
    endloop
  endfacet
  facet normal 0.707107 -0.707107 0
    outer loop
      vertex -12.2929 -26.7929 0
      vertex -31.3039 -45.8039 35
      vertex -31.3039 -45.8039 0
    endloop
  endfacet
  facet normal 0.649478 -0.76038 0
    outer loop
      vertex -12.2929 -26.7929 0
      vertex -12.1736 -26.691 35
      vertex -12.2929 -26.7929 35
    endloop
  endfacet
  facet normal 0.649478 -0.76038 0
    outer loop
      vertex -12.1736 -26.691 35
      vertex -12.2929 -26.7929 0
      vertex -12.1736 -26.691 0
    endloop
  endfacet
  facet normal 0.522532 -0.85262 0
    outer loop
      vertex -12.1736 -26.691 0
      vertex -12.0398 -26.609 35
      vertex -12.1736 -26.691 35
    endloop
  endfacet
  facet normal 0.522532 -0.85262 0
    outer loop
      vertex -12.0398 -26.609 35
      vertex -12.1736 -26.691 0
      vertex -12.0398 -26.609 0
    endloop
  endfacet
  facet normal 0.382896 -0.923792 0
    outer loop
      vertex -12.0398 -26.609 0
      vertex -11.8948 -26.5489 35
      vertex -12.0398 -26.609 35
    endloop
  endfacet
  facet normal 0.382896 -0.923792 0
    outer loop
      vertex -11.8948 -26.5489 35
      vertex -12.0398 -26.609 0
      vertex -11.8948 -26.5489 0
    endloop
  endfacet
  facet normal 0.233228 -0.972422 0
    outer loop
      vertex -11.8948 -26.5489 0
      vertex -11.7422 -26.5123 35
      vertex -11.8948 -26.5489 35
    endloop
  endfacet
  facet normal 0.233228 -0.972422 0
    outer loop
      vertex -11.7422 -26.5123 35
      vertex -11.8948 -26.5489 0
      vertex -11.7422 -26.5123 0
    endloop
  endfacet
  facet normal 0.0784024 -0.996922 0
    outer loop
      vertex -11.7422 -26.5123 0
      vertex -11.5858 -26.5 35
      vertex -11.7422 -26.5123 35
    endloop
  endfacet
  facet normal 0.0784024 -0.996922 0
    outer loop
      vertex -11.5858 -26.5 35
      vertex -11.7422 -26.5123 0
      vertex -11.5858 -26.5 0
    endloop
  endfacet
  facet normal 0 -1 0
    outer loop
      vertex -11.5858 -26.5 0
      vertex -1 -26.5 35
      vertex -11.5858 -26.5 35
    endloop
  endfacet
  facet normal 0 -1 -0
    outer loop
      vertex -1 -26.5 35
      vertex -11.5858 -26.5 0
      vertex -1 -26.5 0
    endloop
  endfacet
  facet normal 0.0871995 -0.996191 0
    outer loop
      vertex -1 -26.5 0
      vertex -0.826351 -26.4848 35
      vertex -1 -26.5 35
    endloop
  endfacet
  facet normal 0.0871995 -0.996191 0
    outer loop
      vertex -0.826351 -26.4848 35
      vertex -1 -26.5 0
      vertex -0.826351 -26.4848 0
    endloop
  endfacet
  facet normal 0.258738 -0.965948 0
    outer loop
      vertex -0.826351 -26.4848 0
      vertex -0.657979 -26.4397 35
      vertex -0.826351 -26.4848 35
    endloop
  endfacet
  facet normal 0.258738 -0.965948 0
    outer loop
      vertex -0.657979 -26.4397 35
      vertex -0.826351 -26.4848 0
      vertex -0.657979 -26.4397 0
    endloop
  endfacet
  facet normal 0.422775 -0.906235 0
    outer loop
      vertex -0.657979 -26.4397 0
      vertex -0.5 -26.366 35
      vertex -0.657979 -26.4397 35
    endloop
  endfacet
  facet normal 0.422775 -0.906235 0
    outer loop
      vertex -0.5 -26.366 35
      vertex -0.657979 -26.4397 0
      vertex -0.5 -26.366 0
    endloop
  endfacet
  facet normal 0.573649 -0.819101 0
    outer loop
      vertex -0.5 -26.366 0
      vertex -0.357212 -26.266 35
      vertex -0.5 -26.366 35
    endloop
  endfacet
  facet normal 0.573649 -0.819101 0
    outer loop
      vertex -0.357212 -26.266 35
      vertex -0.5 -26.366 0
      vertex -0.357212 -26.266 0
    endloop
  endfacet
  facet normal 0.706943 -0.70727 0
    outer loop
      vertex -0.357212 -26.266 35
      vertex -0.233955 -26.1428 0
      vertex -0.233955 -26.1428 35
    endloop
  endfacet
  facet normal 0.706943 -0.70727 0
    outer loop
      vertex -0.233955 -26.1428 0
      vertex -0.357212 -26.266 35
      vertex -0.357212 -26.266 0
    endloop
  endfacet
  facet normal 0.819175 -0.573543 0
    outer loop
      vertex -0.233955 -26.1428 35
      vertex -0.133974 -26 0
      vertex -0.133974 -26 35
    endloop
  endfacet
  facet normal 0.819175 -0.573543 0
    outer loop
      vertex -0.133974 -26 0
      vertex -0.233955 -26.1428 35
      vertex -0.233955 -26.1428 0
    endloop
  endfacet
  facet normal 0.906328 -0.422575 0
    outer loop
      vertex -0.133974 -26 35
      vertex -0.0603065 -25.842 0
      vertex -0.0603065 -25.842 35
    endloop
  endfacet
  facet normal 0.906328 -0.422575 0
    outer loop
      vertex -0.0603065 -25.842 0
      vertex -0.133974 -26 35
      vertex -0.133974 -26 0
    endloop
  endfacet
  facet normal 0.965938 -0.258775 0
    outer loop
      vertex -0.0603065 -25.842 35
      vertex -0.015192 -25.6736 0
      vertex -0.015192 -25.6736 35
    endloop
  endfacet
  facet normal 0.965938 -0.258775 0
    outer loop
      vertex -0.015192 -25.6736 0
      vertex -0.0603065 -25.842 35
      vertex -0.0603065 -25.842 0
    endloop
  endfacet
  facet normal 0.996193 -0.0871783 0
    outer loop
      vertex -0.015192 -25.6736 35
      vertex 0 -25.5 0
      vertex 0 -25.5 35
    endloop
  endfacet
  facet normal 0.996193 -0.0871783 0
    outer loop
      vertex 0 -25.5 0
      vertex -0.015192 -25.6736 35
      vertex -0.015192 -25.6736 0
    endloop
  endfacet
  facet normal 0.0491688 0.998788 -0.00219398
    outer loop
      vertex -0.901982 -3.50482 20.6024
      vertex -0.826351 -3.51519 17.5765
      vertex -1 -3.5 20.6
    endloop
  endfacet
  facet normal 0.57361 0.819128 -0
    outer loop
      vertex -0.357212 -3.73396 3.5
      vertex -0.5 -3.63397 17.5765
      vertex -0.357212 -3.73396 17.5765
    endloop
  endfacet
  facet normal 0.57361 0.819128 0
    outer loop
      vertex -0.5 -3.63397 17.5765
      vertex -0.357212 -3.73396 3.5
      vertex -0.5 -3.63397 3.5
    endloop
  endfacet
  facet normal 0.707087 0.707127 0
    outer loop
      vertex -0.233955 -3.85721 17.5765
      vertex -0.357212 -3.73396 3.5
      vertex -0.357212 -3.73396 17.5765
    endloop
  endfacet
  facet normal 0.707087 0.707127 0
    outer loop
      vertex -0.357212 -3.73396 3.5
      vertex -0.233955 -3.85721 17.5765
      vertex -0.233955 -3.85721 3.5
    endloop
  endfacet
  facet normal 0.819156 0.57357 0
    outer loop
      vertex -0.133974 -4 17.5765
      vertex -0.233955 -3.85721 3.5
      vertex -0.233955 -3.85721 17.5765
    endloop
  endfacet
  facet normal 0.819156 0.57357 0
    outer loop
      vertex -0.233955 -3.85721 3.5
      vertex -0.133974 -4 17.5765
      vertex -0.133974 -4 3.5
    endloop
  endfacet
  facet normal 0.906307 0.422619 0
    outer loop
      vertex -0.0603065 -4.15798 17.5765
      vertex -0.133974 -4 3.5
      vertex -0.133974 -4 17.5765
    endloop
  endfacet
  facet normal 0.906307 0.422619 0
    outer loop
      vertex -0.133974 -4 3.5
      vertex -0.0603065 -4.15798 17.5765
      vertex -0.0603065 -4.15798 3.5
    endloop
  endfacet
  facet normal 0.965926 0.258818 -0
    outer loop
      vertex -0.015192 -4.32635 14.0574
      vertex -0.0603065 -4.15798 17.5765
      vertex -0.015192 -4.32635 17.5765
    endloop
  endfacet
  facet normal 0.965926 0.258818 0
    outer loop
      vertex -0.0603065 -4.15798 17.5765
      vertex -0.015192 -4.32635 14.0574
      vertex -0.0603065 -4.15798 3.5
    endloop
  endfacet
  facet normal 0.965926 0.258818 0
    outer loop
      vertex -0.0603065 -4.15798 3.5
      vertex -0.015192 -4.32635 14.0574
      vertex -0.015192 -4.32635 3.5
    endloop
  endfacet
  facet normal 0.996195 0.0871534 0
    outer loop
      vertex -0.015192 -4.32635 14.0574
      vertex 0 -4.5 3.5
      vertex -0.015192 -4.32635 3.5
    endloop
  endfacet
  facet normal 0.906307 0.422619 -0.000856419
    outer loop
      vertex -0.0761204 -4.11732 20.906
      vertex -0.0603065 -4.15798 17.5765
      vertex -0.133974 -4 17.5765
    endloop
  endfacet
  facet normal 0.90413 0.427258 -0.000655146
    outer loop
      vertex -0.118078 -4.0286 20.862
      vertex -0.0761204 -4.11732 20.906
      vertex -0.133974 -4 17.5765
    endloop
  endfacet
  facet normal 0.857646 0.51424 0.000326929
    outer loop
      vertex -0.118078 -4.0286 20.862
      vertex -0.133974 -4 17.5765
      vertex -0.16853 -3.94443 20.8203
    endloop
  endfacet
  facet normal 0.819156 0.57357 -0.00109949
    outer loop
      vertex -0.16853 -3.94443 20.8203
      vertex -0.133974 -4 17.5765
      vertex -0.233955 -3.85721 17.5765
    endloop
  endfacet
  facet normal 0.803241 0.595654 -0.000184692
    outer loop
      vertex -0.226989 -3.86561 20.7812
      vertex -0.16853 -3.94443 20.8203
      vertex -0.233955 -3.85721 17.5765
    endloop
  endfacet
  facet normal 0.740948 0.671563 0.000149683
    outer loop
      vertex -0.226989 -3.86561 20.7812
      vertex -0.233955 -3.85721 17.5765
      vertex -0.292892 -3.79289 20.7452
    endloop
  endfacet
  facet normal 0.707086 0.707126 -0.00120202
    outer loop
      vertex -0.292892 -3.79289 20.7452
      vertex -0.233955 -3.85721 17.5765
      vertex -0.357212 -3.73396 17.5765
    endloop
  endfacet
  facet normal 0.671499 0.741006 0.000150431
    outer loop
      vertex -0.292892 -3.79289 20.7452
      vertex -0.357212 -3.73396 17.5765
      vertex -0.365606 -3.72699 20.7125
    endloop
  endfacet
  facet normal 0.59575 0.80317 -0.000190486
    outer loop
      vertex -0.365606 -3.72699 20.7125
      vertex -0.357212 -3.73396 17.5765
      vertex -0.444429 -3.66853 20.6835
    endloop
  endfacet
  facet normal 0.57361 0.819128 -0.00114806
    outer loop
      vertex -0.444429 -3.66853 20.6835
      vertex -0.357212 -3.73396 17.5765
      vertex -0.5 -3.63397 17.5765
    endloop
  endfacet
  facet normal 0.514012 0.857783 0.000347864
    outer loop
      vertex -0.444429 -3.66853 20.6835
      vertex -0.5 -3.63397 17.5765
      vertex -0.528603 -3.61808 20.6585
    endloop
  endfacet
  facet normal 0.427703 0.903919 -0.000691007
    outer loop
      vertex -0.528603 -3.61808 20.6585
      vertex -0.5 -3.63397 17.5765
      vertex -0.617316 -3.57612 20.6377
    endloop
  endfacet
  facet normal 0.422586 0.906322 -0.000932528
    outer loop
      vertex -0.617316 -3.57612 20.6377
      vertex -0.5 -3.63397 17.5765
      vertex -0.657979 -3.56031 17.5765
    endloop
  endfacet
  facet normal 0.336821 0.941569 0.000388758
    outer loop
      vertex -0.617316 -3.57612 20.6377
      vertex -0.657979 -3.56031 17.5765
      vertex -0.709715 -3.54306 20.6213
    endloop
  endfacet
  facet normal 0.258845 0.965918 -0.00107412
    outer loop
      vertex -0.709715 -3.54306 20.6213
      vertex -0.657979 -3.56031 17.5765
      vertex -0.826351 -3.51519 17.5765
    endloop
  endfacet
  facet normal 0.243078 0.970007 -0.000432706
    outer loop
      vertex -0.80491 -3.51921 20.6095
      vertex -0.709715 -3.54306 20.6213
      vertex -0.826351 -3.51519 17.5765
    endloop
  endfacet
  facet normal 0.146618 0.989193 0.000274616
    outer loop
      vertex -0.80491 -3.51921 20.6095
      vertex -0.826351 -3.51519 17.5765
      vertex -0.901982 -3.50482 20.6024
    endloop
  endfacet
  facet normal 0.941477 0.337077 0.000355271
    outer loop
      vertex -0.0430593 -4.20971 20.9518
      vertex -0.0603065 -4.15798 17.5765
      vertex -0.0761204 -4.11732 20.906
    endloop
  endfacet
  facet normal 0.965926 0.258818 -0.000969051
    outer loop
      vertex -0.0430593 -4.20971 20.9518
      vertex -0.015192 -4.32635 17.5765
      vertex -0.0603065 -4.15798 17.5765
    endloop
  endfacet
  facet normal 0.990718 0.135933 0
    outer loop
      vertex -0.015192 -4.32635 17.5765
      vertex -0.0048151 -4.40198 21.0471
      vertex -0.015192 -4.32635 14.0574
    endloop
  endfacet
  facet normal 0.994301 0.106604 -0.000322657
    outer loop
      vertex -0.0048151 -4.40198 21.0471
      vertex 0 -4.5 3.5
      vertex -0.015192 -4.32635 14.0574
    endloop
  endfacet
  facet normal 0.998796 0.0490645 0
    outer loop
      vertex 0 -4.5 21.0957
      vertex 0 -4.5 3.5
      vertex -0.0048151 -4.40198 21.0471
    endloop
  endfacet
  facet normal 0.97008 0.242787 -0.000380746
    outer loop
      vertex -0.0192146 -4.30491 20.999
      vertex -0.015192 -4.32635 17.5765
      vertex -0.0430593 -4.20971 20.9518
    endloop
  endfacet
  facet normal 0.989158 0.146853 0.000242645
    outer loop
      vertex -0.0048151 -4.40198 21.0471
      vertex -0.015192 -4.32635 17.5765
      vertex -0.0192146 -4.30491 20.999
    endloop
  endfacet
  facet normal 0.422586 0.906323 -0
    outer loop
      vertex -0.5 -3.63397 3.5
      vertex -0.657979 -3.56031 17.5765
      vertex -0.5 -3.63397 17.5765
    endloop
  endfacet
  facet normal 0.422586 0.906323 0
    outer loop
      vertex -0.657979 -3.56031 17.5765
      vertex -0.5 -3.63397 3.5
      vertex -0.657979 -3.56031 3.5
    endloop
  endfacet
  facet normal 0.0871425 0.996196 0
    outer loop
      vertex -1 -3.5 3.5
      vertex -0.826351 -3.51519 17.5765
      vertex -0.826351 -3.51519 3.5
    endloop
  endfacet
  facet normal 0.0871425 0.996196 0
    outer loop
      vertex -0.826351 -3.51519 17.5765
      vertex -1 -3.5 3.5
      vertex -1 -3.5 20.6
    endloop
  endfacet
  facet normal 0.258845 0.965919 -0
    outer loop
      vertex -0.657979 -3.56031 3.5
      vertex -0.826351 -3.51519 17.5765
      vertex -0.657979 -3.56031 17.5765
    endloop
  endfacet
  facet normal 0.258845 0.965919 0
    outer loop
      vertex -0.826351 -3.51519 17.5765
      vertex -0.657979 -3.56031 3.5
      vertex -0.826351 -3.51519 3.5
    endloop
  endfacet
  facet normal 0.00269508 0.444318 0.895865
    outer loop
      vertex 0 -4.5 21.0957
      vertex -0.0048151 -4.40198 21.0471
      vertex -0.0192146 -4.30491 20.999
    endloop
  endfacet
  facet normal -0.000764385 0.444046 0.896004
    outer loop
      vertex 0 -4.5 21.0957
      vertex -0.0192146 -4.30491 20.999
      vertex -0.0430593 -4.20971 20.9518
    endloop
  endfacet
  facet normal -5.75617e-05 0.44413 0.895962
    outer loop
      vertex 0 -4.5 21.0957
      vertex -0.0430593 -4.20971 20.9518
      vertex -0.0761204 -4.11732 20.906
    endloop
  endfacet
  facet normal -0.000745097 0.44402 0.896017
    outer loop
      vertex 0 -4.5 21.0957
      vertex -0.0761204 -4.11732 20.906
      vertex -0.118078 -4.0286 20.862
    endloop
  endfacet
  facet normal 0.000850856 0.444341 0.895857
    outer loop
      vertex 0 -4.5 21.0957
      vertex -0.118078 -4.0286 20.862
      vertex -0.16853 -3.94443 20.8203
    endloop
  endfacet
  facet normal -0.00073567 0.443955 0.896049
    outer loop
      vertex 0 -4.5 21.0957
      vertex -0.16853 -3.94443 20.8203
      vertex -0.226989 -3.86561 20.7812
    endloop
  endfacet
  facet normal 0.00114709 0.444495 0.89578
    outer loop
      vertex 0 -4.5 21.0957
      vertex -0.226989 -3.86561 20.7812
      vertex -0.292892 -3.79289 20.7452
    endloop
  endfacet
  facet normal -0.000684914 0.443886 0.896083
    outer loop
      vertex 0 -4.5 21.0957
      vertex -0.292892 -3.79289 20.7452
      vertex -0.365606 -3.72699 20.7125
    endloop
  endfacet
  facet normal -0.000349233 0.444014 0.89602
    outer loop
      vertex 0 -4.5 21.0957
      vertex -0.365606 -3.72699 20.7125
      vertex -0.444429 -3.66853 20.6835
    endloop
  endfacet
  facet normal 0.000164616 0.444234 0.895911
    outer loop
      vertex 0 -4.5 21.0957
      vertex -0.444429 -3.66853 20.6835
      vertex -0.528603 -3.61808 20.6585
    endloop
  endfacet
  facet normal 1.5599e-05 0.444163 0.895946
    outer loop
      vertex 0 -4.5 21.0957
      vertex -0.528603 -3.61808 20.6585
      vertex -0.617316 -3.57612 20.6377
    endloop
  endfacet
  facet normal -0.000140032 0.444079 0.895988
    outer loop
      vertex 0 -4.5 21.0957
      vertex -0.617316 -3.57612 20.6377
      vertex -0.709715 -3.54306 20.6213
    endloop
  endfacet
  facet normal 0.00027235 0.444325 0.895866
    outer loop
      vertex 0 -4.5 21.0957
      vertex -0.709715 -3.54306 20.6213
      vertex -0.80491 -3.51921 20.6095
    endloop
  endfacet
  facet normal 0.000351471 0.444377 0.89584
    outer loop
      vertex 0 -4.5 21.0957
      vertex -0.80491 -3.51921 20.6095
      vertex -0.901982 -3.50482 20.6024
    endloop
  endfacet
  facet normal -0.00010312 0.444046 0.896004
    outer loop
      vertex 0 -4.5 21.0957
      vertex -0.901982 -3.50482 20.6024
      vertex -1 -3.5 20.6
    endloop
  endfacet
  facet normal -4.24411e-05 0.444095 0.89598
    outer loop
      vertex 0 -4.5 21.0957
      vertex -1 -3.5 20.6
      vertex -1 -22.5 30.0174
    endloop
  endfacet
  facet normal 0 0.444095 0.89598
    outer loop
      vertex -1 -22.5 30.0174
      vertex -1 -3.5 20.6
      vertex -3 -3.5 20.6
    endloop
  endfacet
  facet normal -1.46615e-05 0.444094 0.89598
    outer loop
      vertex -1 -22.5 30.0174
      vertex -3 -3.5 20.6
      vertex -4 -21.5 29.5217
    endloop
  endfacet
  facet normal 4.74343e-05 0.444091 0.895982
    outer loop
      vertex -3 -3.5 20.6
      vertex -4 -4.5 21.0957
      vertex -4 -21.5 29.5217
    endloop
  endfacet
  facet normal 0.000103117 0.444046 0.896004
    outer loop
      vertex -3 -3.5 20.6
      vertex -3.09802 -3.50482 20.6024
      vertex -4 -4.5 21.0957
    endloop
  endfacet
  facet normal -0.000351479 0.444377 0.89584
    outer loop
      vertex -3.09802 -3.50482 20.6024
      vertex -3.19509 -3.51921 20.6095
      vertex -4 -4.5 21.0957
    endloop
  endfacet
  facet normal -0.000272368 0.444325 0.895866
    outer loop
      vertex -3.19509 -3.51921 20.6095
      vertex -3.29028 -3.54306 20.6213
      vertex -4 -4.5 21.0957
    endloop
  endfacet
  facet normal 0.00014003 0.444079 0.895988
    outer loop
      vertex -3.29028 -3.54306 20.6213
      vertex -3.38268 -3.57612 20.6377
      vertex -4 -4.5 21.0957
    endloop
  endfacet
  facet normal -1.55973e-05 0.444163 0.895946
    outer loop
      vertex -3.38268 -3.57612 20.6377
      vertex -3.4714 -3.61808 20.6585
      vertex -4 -4.5 21.0957
    endloop
  endfacet
  facet normal -0.000164628 0.444234 0.895911
    outer loop
      vertex -3.4714 -3.61808 20.6585
      vertex -3.55557 -3.66853 20.6835
      vertex -4 -4.5 21.0957
    endloop
  endfacet
  facet normal 0.000349256 0.444014 0.89602
    outer loop
      vertex -3.55557 -3.66853 20.6835
      vertex -3.63439 -3.72699 20.7125
      vertex -4 -4.5 21.0957
    endloop
  endfacet
  facet normal 0.00068482 0.443886 0.896083
    outer loop
      vertex -3.63439 -3.72699 20.7125
      vertex -3.70711 -3.79289 20.7452
      vertex -4 -4.5 21.0957
    endloop
  endfacet
  facet normal -0.00114718 0.444495 0.89578
    outer loop
      vertex -3.70711 -3.79289 20.7452
      vertex -3.77301 -3.86561 20.7812
      vertex -4 -4.5 21.0957
    endloop
  endfacet
  facet normal 0.000735648 0.443955 0.896049
    outer loop
      vertex -3.77301 -3.86561 20.7812
      vertex -3.83147 -3.94443 20.8203
      vertex -4 -4.5 21.0957
    endloop
  endfacet
  facet normal -0.000850924 0.444341 0.895857
    outer loop
      vertex -3.83147 -3.94443 20.8203
      vertex -3.88192 -4.0286 20.862
      vertex -4 -4.5 21.0957
    endloop
  endfacet
  facet normal 0.00074502 0.44402 0.896017
    outer loop
      vertex -3.88192 -4.0286 20.862
      vertex -3.92388 -4.11732 20.906
      vertex -4 -4.5 21.0957
    endloop
  endfacet
  facet normal 5.75656e-05 0.44413 0.895962
    outer loop
      vertex -3.92388 -4.11732 20.906
      vertex -3.95694 -4.20971 20.9518
      vertex -4 -4.5 21.0957
    endloop
  endfacet
  facet normal 0.000763986 0.444046 0.896004
    outer loop
      vertex -3.95694 -4.20971 20.9518
      vertex -3.98079 -4.30491 20.999
      vertex -4 -4.5 21.0957
    endloop
  endfacet
  facet normal -0.0026991 0.444318 0.895865
    outer loop
      vertex -3.98079 -4.30491 20.999
      vertex -3.99518 -4.40198 21.0471
      vertex -4 -4.5 21.0957
    endloop
  endfacet
  facet normal 6.41589e-05 0.444283 0.895886
    outer loop
      vertex -1 -22.5 30.0174
      vertex -4 -21.5 29.5217
      vertex -4.00482 -21.598 29.5703
    endloop
  endfacet
  facet normal -8.0008e-05 0.443898 0.896077
    outer loop
      vertex -1 -22.5 30.0174
      vertex -4.00482 -21.598 29.5703
      vertex -4.01921 -21.6951 29.6184
    endloop
  endfacet
  facet normal 1.89339e-05 0.444196 0.89593
    outer loop
      vertex -1 -22.5 30.0174
      vertex -4.01921 -21.6951 29.6184
      vertex -4.04306 -21.7903 29.6656
    endloop
  endfacet
  facet normal -6.05861e-06 0.44411 0.895972
    outer loop
      vertex -1 -22.5 30.0174
      vertex -4.04306 -21.7903 29.6656
      vertex -4.07612 -21.8827 29.7114
    endloop
  endfacet
  facet normal 5.69737e-05 0.444362 0.895847
    outer loop
      vertex -1 -22.5 30.0174
      vertex -4.07612 -21.8827 29.7114
      vertex -4.11808 -21.9714 29.7554
    endloop
  endfacet
  facet normal -5.50909e-05 0.443831 0.89611
    outer loop
      vertex -1 -22.5 30.0174
      vertex -4.11808 -21.9714 29.7554
      vertex -4.16853 -22.0556 29.7971
    endloop
  endfacet
  facet normal 5.32946e-05 0.444452 0.895803
    outer loop
      vertex -1 -22.5 30.0174
      vertex -4.16853 -22.0556 29.7971
      vertex -4.22699 -22.1344 29.8362
    endloop
  endfacet
  facet normal -4.03215e-05 0.443788 0.896132
    outer loop
      vertex -1 -22.5 30.0174
      vertex -4.22699 -22.1344 29.8362
      vertex -4.29289 -22.2071 29.8722
    endloop
  endfacet
  facet normal 3.43958e-05 0.444462 0.895797
    outer loop
      vertex -1 -22.5 30.0174
      vertex -4.29289 -22.2071 29.8722
      vertex -4.36561 -22.273 29.9049
    endloop
  endfacet
  facet normal 7.30014e-06 0.44414 0.895957
    outer loop
      vertex -1 -22.5 30.0174
      vertex -4.36561 -22.273 29.9049
      vertex -4.44443 -22.3315 29.9339
    endloop
  endfacet
  facet normal 1.956e-05 0.444341 0.895858
    outer loop
      vertex -1 -22.5 30.0174
      vertex -4.44443 -22.3315 29.9339
      vertex -4.5286 -22.3819 29.9589
    endloop
  endfacet
  facet normal -2.93665e-06 0.443802 0.896125
    outer loop
      vertex -1 -22.5 30.0174
      vertex -4.5286 -22.3819 29.9589
      vertex -4.61732 -22.4239 29.9797
    endloop
  endfacet
  facet normal -2.6031e-05 0.44292 0.896561
    outer loop
      vertex -1 -22.5 30.0174
      vertex -4.61732 -22.4239 29.9797
      vertex -4.70971 -22.4569 29.996
    endloop
  endfacet
  facet normal 1.37997e-05 0.445671 0.895197
    outer loop
      vertex -1 -22.5 30.0174
      vertex -4.70971 -22.4569 29.996
      vertex -4.80491 -22.4808 30.0079
    endloop
  endfacet
  facet normal -7.59878e-06 0.442265 0.896884
    outer loop
      vertex -1 -22.5 30.0174
      vertex -4.80491 -22.4808 30.0079
      vertex -4.90198 -22.4952 30.015
    endloop
  endfacet
  facet normal 0 0.447214 0.894427
    outer loop
      vertex -1 -22.5 30.0174
      vertex -4.90198 -22.4952 30.015
      vertex -5 -22.5 30.0174
    endloop
  endfacet
  facet normal -0.000190345 0.444101 0.895977
    outer loop
      vertex -0.901982 -22.5048 30.0198
      vertex 0 -4.5 21.0957
      vertex -1 -22.5 30.0174
    endloop
  endfacet
  facet normal 0.000342447 0.44408 0.895987
    outer loop
      vertex -0.80491 -22.5192 30.0269
      vertex 0 -4.5 21.0957
      vertex -0.901982 -22.5048 30.0198
    endloop
  endfacet
  facet normal 0.000428279 0.444077 0.895989
    outer loop
      vertex -0.709715 -22.5431 30.0387
      vertex 0 -4.5 21.0957
      vertex -0.80491 -22.5192 30.0269
    endloop
  endfacet
  facet normal -0.000417539 0.444104 0.895975
    outer loop
      vertex -0.617316 -22.5761 30.0551
      vertex 0 -4.5 21.0957
      vertex -0.709715 -22.5431 30.0387
    endloop
  endfacet
  facet normal 0.000171508 0.444087 0.895983
    outer loop
      vertex -0.528603 -22.6181 30.0759
      vertex 0 -4.5 21.0957
      vertex -0.617316 -22.5761 30.0551
    endloop
  endfacet
  facet normal -0.000202337 0.444096 0.895979
    outer loop
      vertex -0.444429 -22.6685 30.1009
      vertex 0 -4.5 21.0957
      vertex -0.528603 -22.6181 30.0759
    endloop
  endfacet
  facet normal -5.05723e-05 0.444093 0.895981
    outer loop
      vertex -0.365606 -22.727 30.1299
      vertex 0 -4.5 21.0957
      vertex -0.444429 -22.6685 30.1009
    endloop
  endfacet
  facet normal -0.000444267 0.444099 0.895977
    outer loop
      vertex -0.292892 -22.7929 30.1626
      vertex 0 -4.5 21.0957
      vertex -0.365606 -22.727 30.1299
    endloop
  endfacet
  facet normal 0.000452231 0.444088 0.895983
    outer loop
      vertex -0.226989 -22.8656 30.1986
      vertex 0 -4.5 21.0957
      vertex -0.292892 -22.7929 30.1626
    endloop
  endfacet
  facet normal -0.000645551 0.444099 0.895978
    outer loop
      vertex -0.16853 -22.9444 30.2377
      vertex 0 -4.5 21.0957
      vertex -0.226989 -22.8656 30.1986
    endloop
  endfacet
  facet normal 0.000592664 0.44409 0.895982
    outer loop
      vertex -0.118078 -23.0286 30.2794
      vertex 0 -4.5 21.0957
      vertex -0.16853 -22.9444 30.2377
    endloop
  endfacet
  facet normal -0.000755332 0.444097 0.895979
    outer loop
      vertex -0.0761204 -23.1173 30.3234
      vertex 0 -4.5 21.0957
      vertex -0.118078 -23.0286 30.2794
    endloop
  endfacet
  facet normal -4.7293e-05 0.444094 0.89598
    outer loop
      vertex -0.0430593 -23.2097 30.3692
      vertex 0 -4.5 21.0957
      vertex -0.0761204 -23.1173 30.3234
    endloop
  endfacet
  facet normal 0.00320466 0.444086 0.895978
    outer loop
      vertex -0.0192146 -23.3049 30.4163
      vertex 0 -4.5 21.0957
      vertex -0.0430593 -23.2097 30.3692
    endloop
  endfacet
  facet normal -0.00448868 0.44409 0.895971
    outer loop
      vertex -0.0048151 -23.402 30.4645
      vertex 0 -4.5 21.0957
      vertex -0.0192146 -23.3049 30.4163
    endloop
  endfacet
  facet normal 0.0136646 0.44405 0.895898
    outer loop
      vertex 0 -23.5 30.513
      vertex 0 -4.5 21.0957
      vertex -0.0048151 -23.402 30.4645
    endloop
  endfacet
  facet normal -0.998838 0.0481571 -0.00193506
    outer loop
      vertex -3.99518 -4.40198 21.0471
      vertex -3.98481 -4.32635 17.5765
      vertex -4 -4.5 21.0957
    endloop
  endfacet
  facet normal -0.819159 0.573566 0
    outer loop
      vertex -3.86602 -4 3.5
      vertex -3.76604 -3.85721 17.5765
      vertex -3.76604 -3.85721 3.5
    endloop
  endfacet
  facet normal -0.819159 0.573566 0
    outer loop
      vertex -3.76604 -3.85721 17.5765
      vertex -3.86602 -4 3.5
      vertex -3.86602 -4 17.5765
    endloop
  endfacet
  facet normal -0.707107 0.707107 0
    outer loop
      vertex -3.76604 -3.85721 3.5
      vertex -3.64279 -3.73396 17.5765
      vertex -3.64279 -3.73396 3.5
    endloop
  endfacet
  facet normal -0.707107 0.707107 0
    outer loop
      vertex -3.64279 -3.73396 17.5765
      vertex -3.76604 -3.85721 3.5
      vertex -3.76604 -3.85721 17.5765
    endloop
  endfacet
  facet normal -0.573605 0.819132 0
    outer loop
      vertex -3.5 -3.63397 3.5
      vertex -3.64279 -3.73396 17.5765
      vertex -3.5 -3.63397 17.5765
    endloop
  endfacet
  facet normal -0.573605 0.819132 0
    outer loop
      vertex -3.64279 -3.73396 17.5765
      vertex -3.5 -3.63397 3.5
      vertex -3.64279 -3.73396 3.5
    endloop
  endfacet
  facet normal -0.422584 0.906324 0
    outer loop
      vertex -3.34202 -3.56031 3.5
      vertex -3.5 -3.63397 17.5765
      vertex -3.34202 -3.56031 17.5765
    endloop
  endfacet
  facet normal -0.422584 0.906324 0
    outer loop
      vertex -3.5 -3.63397 17.5765
      vertex -3.34202 -3.56031 3.5
      vertex -3.5 -3.63397 3.5
    endloop
  endfacet
  facet normal -0.258848 0.965918 0
    outer loop
      vertex -3.17365 -3.51519 14.0574
      vertex -3.34202 -3.56031 17.5765
      vertex -3.17365 -3.51519 17.5765
    endloop
  endfacet
  facet normal -0.258848 0.965918 0
    outer loop
      vertex -3.34202 -3.56031 3.5
      vertex -3.17365 -3.51519 14.0574
      vertex -3.17365 -3.51519 3.5
    endloop
  endfacet
  facet normal -0.258848 0.965918 0
    outer loop
      vertex -3.17365 -3.51519 14.0574
      vertex -3.34202 -3.56031 3.5
      vertex -3.34202 -3.56031 17.5765
    endloop
  endfacet
  facet normal -0.087142 0.996196 0
    outer loop
      vertex -3.17365 -3.51519 14.0574
      vertex -3 -3.5 3.5
      vertex -3.17365 -3.51519 3.5
    endloop
  endfacet
  facet normal -0.422584 0.906323 -0.00093208
    outer loop
      vertex -3.38268 -3.57612 20.6377
      vertex -3.34202 -3.56031 17.5765
      vertex -3.5 -3.63397 17.5765
    endloop
  endfacet
  facet normal -0.427676 0.903932 -0.000691745
    outer loop
      vertex -3.4714 -3.61808 20.6585
      vertex -3.38268 -3.57612 20.6377
      vertex -3.5 -3.63397 17.5765
    endloop
  endfacet
  facet normal -0.51403 0.857772 0.000347587
    outer loop
      vertex -3.4714 -3.61808 20.6585
      vertex -3.5 -3.63397 17.5765
      vertex -3.55557 -3.66853 20.6835
    endloop
  endfacet
  facet normal -0.573604 0.819132 -0.00114773
    outer loop
      vertex -3.55557 -3.66853 20.6835
      vertex -3.5 -3.63397 17.5765
      vertex -3.64279 -3.73396 17.5765
    endloop
  endfacet
  facet normal -0.595765 0.803159 -0.000189284
    outer loop
      vertex -3.63439 -3.72699 20.7125
      vertex -3.55557 -3.66853 20.6835
      vertex -3.64279 -3.73396 17.5765
    endloop
  endfacet
  facet normal -0.671468 0.741034 0.000151571
    outer loop
      vertex -3.63439 -3.72699 20.7125
      vertex -3.64279 -3.73396 17.5765
      vertex -3.70711 -3.79289 20.7452
    endloop
  endfacet
  facet normal -0.707106 0.707106 -0.0012028
    outer loop
      vertex -3.70711 -3.79289 20.7452
      vertex -3.64279 -3.73396 17.5765
      vertex -3.76604 -3.85721 17.5765
    endloop
  endfacet
  facet normal -0.740963 0.671546 0.000148679
    outer loop
      vertex -3.70711 -3.79289 20.7452
      vertex -3.76604 -3.85721 17.5765
      vertex -3.77301 -3.86561 20.7812
    endloop
  endfacet
  facet normal -0.803236 0.59566 -0.000185668
    outer loop
      vertex -3.77301 -3.86561 20.7812
      vertex -3.76604 -3.85721 17.5765
      vertex -3.83147 -3.94443 20.8203
    endloop
  endfacet
  facet normal -0.819159 0.573566 -0.00110091
    outer loop
      vertex -3.83147 -3.94443 20.8203
      vertex -3.76604 -3.85721 17.5765
      vertex -3.86602 -4 17.5765
    endloop
  endfacet
  facet normal -0.857655 0.514225 0.000325706
    outer loop
      vertex -3.83147 -3.94443 20.8203
      vertex -3.86602 -4 17.5765
      vertex -3.88192 -4.0286 20.862
    endloop
  endfacet
  facet normal -0.90412 0.427277 -0.000656031
    outer loop
      vertex -3.88192 -4.0286 20.862
      vertex -3.86602 -4 17.5765
      vertex -3.92388 -4.11732 20.906
    endloop
  endfacet
  facet normal -0.906301 0.422631 -0.00085765
    outer loop
      vertex -3.92388 -4.11732 20.906
      vertex -3.86602 -4 17.5765
      vertex -3.93969 -4.15798 17.5765
    endloop
  endfacet
  facet normal -0.941481 0.337067 0.000354313
    outer loop
      vertex -3.92388 -4.11732 20.906
      vertex -3.93969 -4.15798 17.5765
      vertex -3.95694 -4.20971 20.9518
    endloop
  endfacet
  facet normal -0.965918 0.258848 -0.000969361
    outer loop
      vertex -3.95694 -4.20971 20.9518
      vertex -3.93969 -4.15798 17.5765
      vertex -3.98481 -4.32635 17.5765
    endloop
  endfacet
  facet normal -0.970067 0.242837 -0.000381813
    outer loop
      vertex -3.98079 -4.30491 20.999
      vertex -3.95694 -4.20971 20.9518
      vertex -3.98481 -4.32635 17.5765
    endloop
  endfacet
  facet normal -0.989172 0.146759 0.000242504
    outer loop
      vertex -3.98079 -4.30491 20.999
      vertex -3.98481 -4.32635 17.5765
      vertex -3.99518 -4.40198 21.0471
    endloop
  endfacet
  facet normal -0.336817 0.94157 0.000389138
    outer loop
      vertex -3.29028 -3.54306 20.6213
      vertex -3.34202 -3.56031 17.5765
      vertex -3.38268 -3.57612 20.6377
    endloop
  endfacet
  facet normal -0.258848 0.965918 -0.00107373
    outer loop
      vertex -3.29028 -3.54306 20.6213
      vertex -3.17365 -3.51519 17.5765
      vertex -3.34202 -3.56031 17.5765
    endloop
  endfacet
  facet normal -0.135844 0.99073 0
    outer loop
      vertex -3.17365 -3.51519 17.5765
      vertex -3.09802 -3.50482 20.6024
      vertex -3.17365 -3.51519 14.0574
    endloop
  endfacet
  facet normal -0.107335 0.994223 -0.00033497
    outer loop
      vertex -3.09802 -3.50482 20.6024
      vertex -3 -3.5 3.5
      vertex -3.17365 -3.51519 14.0574
    endloop
  endfacet
  facet normal -0.0491143 0.998793 0
    outer loop
      vertex -3 -3.5 20.6
      vertex -3 -3.5 3.5
      vertex -3.09802 -3.50482 20.6024
    endloop
  endfacet
  facet normal -0.24309 0.970004 -0.000432715
    outer loop
      vertex -3.19509 -3.51921 20.6095
      vertex -3.17365 -3.51519 17.5765
      vertex -3.29028 -3.54306 20.6213
    endloop
  endfacet
  facet normal -0.146621 0.989193 0.000274643
    outer loop
      vertex -3.09802 -3.50482 20.6024
      vertex -3.17365 -3.51519 17.5765
      vertex -3.19509 -3.51921 20.6095
    endloop
  endfacet
  facet normal -0.906302 0.422631 0
    outer loop
      vertex -3.93969 -4.15798 3.5
      vertex -3.86602 -4 17.5765
      vertex -3.86602 -4 3.5
    endloop
  endfacet
  facet normal -0.906302 0.422631 0
    outer loop
      vertex -3.86602 -4 17.5765
      vertex -3.93969 -4.15798 3.5
      vertex -3.93969 -4.15798 17.5765
    endloop
  endfacet
  facet normal -0.996196 0.087142 0
    outer loop
      vertex -4 -4.5 3.5
      vertex -3.98481 -4.32635 17.5765
      vertex -3.98481 -4.32635 3.5
    endloop
  endfacet
  facet normal -0.996196 0.087142 0
    outer loop
      vertex -3.98481 -4.32635 17.5765
      vertex -4 -4.5 3.5
      vertex -4 -4.5 21.0957
    endloop
  endfacet
  facet normal -0.965918 0.258848 0
    outer loop
      vertex -3.98481 -4.32635 3.5
      vertex -3.93969 -4.15798 17.5765
      vertex -3.93969 -4.15798 3.5
    endloop
  endfacet
  facet normal -0.965918 0.258848 0
    outer loop
      vertex -3.93969 -4.15798 17.5765
      vertex -3.98481 -4.32635 3.5
      vertex -3.98481 -4.32635 17.5765
    endloop
  endfacet
  facet normal -1 0 0
    outer loop
      vertex -4 -5.51769 10.6008
      vertex -4 -4.5 21.0957
      vertex -4 -5.46698 10.3023
    endloop
  endfacet
  facet normal -1 0 0
    outer loop
      vertex -4 -4.5 21.0957
      vertex -4 -5.46698 17.7977
      vertex -4 -5.45 18.1
    endloop
  endfacet
  facet normal -1 0 0
    outer loop
      vertex -4 -5.51769 17.4992
      vertex -4 -4.5 21.0957
      vertex -4 -5.51769 10.6008
    endloop
  endfacet
  facet normal -1 0 0
    outer loop
      vertex -4 -4.5 21.0957
      vertex -4 -5.51769 17.4992
      vertex -4 -5.46698 17.7977
    endloop
  endfacet
  facet normal -1 0 0
    outer loop
      vertex -4 -5.60151 10.8918
      vertex -4 -5.51769 17.4992
      vertex -4 -5.51769 10.6008
    endloop
  endfacet
  facet normal -1 0 0
    outer loop
      vertex -4 -5.60151 10.8918
      vertex -4 -5.60151 17.2082
      vertex -4 -5.51769 17.4992
    endloop
  endfacet
  facet normal -1 0 0
    outer loop
      vertex -4 -5.71738 11.1715
      vertex -4 -5.60151 17.2082
      vertex -4 -5.60151 10.8918
    endloop
  endfacet
  facet normal -1 0 0
    outer loop
      vertex -4 -5.71738 11.1715
      vertex -4 -5.71738 16.9285
      vertex -4 -5.60151 17.2082
    endloop
  endfacet
  facet normal -1 0 0
    outer loop
      vertex -4 -5.86384 11.4365
      vertex -4 -5.71738 16.9285
      vertex -4 -5.71738 11.1715
    endloop
  endfacet
  facet normal -1 0 0
    outer loop
      vertex -4 -5.86384 11.4365
      vertex -4 -5.86384 16.6635
      vertex -4 -5.71738 16.9285
    endloop
  endfacet
  facet normal -1 0 0
    outer loop
      vertex -4 -6.03905 11.6834
      vertex -4 -5.86384 16.6635
      vertex -4 -5.86384 11.4365
    endloop
  endfacet
  facet normal -1 0 0
    outer loop
      vertex -4 -6.03905 11.6834
      vertex -4 -6.03905 16.4166
      vertex -4 -5.86384 16.6635
    endloop
  endfacet
  facet normal -1 0 0
    outer loop
      vertex -4 -6.24081 11.9092
      vertex -4 -6.03905 16.4166
      vertex -4 -6.03905 11.6834
    endloop
  endfacet
  facet normal -1 0 0
    outer loop
      vertex -4 -6.24081 11.9092
      vertex -4 -6.24081 16.1908
      vertex -4 -6.03905 16.4166
    endloop
  endfacet
  facet normal -1 0 0
    outer loop
      vertex -4 -6.46658 12.1109
      vertex -4 -6.24081 16.1908
      vertex -4 -6.24081 11.9092
    endloop
  endfacet
  facet normal -1 0 0
    outer loop
      vertex -4 -6.46658 12.1109
      vertex -4 -6.46658 15.9891
      vertex -4 -6.24081 16.1908
    endloop
  endfacet
  facet normal -1 0 0
    outer loop
      vertex -4 -6.71351 12.2862
      vertex -4 -6.46658 15.9891
      vertex -4 -6.46658 12.1109
    endloop
  endfacet
  facet normal -1 0 0
    outer loop
      vertex -4 -6.71351 12.2862
      vertex -4 -6.71351 15.8138
      vertex -4 -6.46658 15.9891
    endloop
  endfacet
  facet normal -1 0 0
    outer loop
      vertex -4 -6.97851 12.4326
      vertex -4 -6.71351 15.8138
      vertex -4 -6.71351 12.2862
    endloop
  endfacet
  facet normal -1 0 0
    outer loop
      vertex -4 -6.97851 12.4326
      vertex -4 -6.97851 15.6674
      vertex -4 -6.71351 15.8138
    endloop
  endfacet
  facet normal -1 0 0
    outer loop
      vertex -4 -7.25825 12.5485
      vertex -4 -6.97851 15.6674
      vertex -4 -6.97851 12.4326
    endloop
  endfacet
  facet normal -1 0 0
    outer loop
      vertex -4 -7.25825 12.5485
      vertex -4 -7.25825 15.5515
      vertex -4 -6.97851 15.6674
    endloop
  endfacet
  facet normal -1 0 0
    outer loop
      vertex -4 -7.54919 12.6323
      vertex -4 -7.25825 15.5515
      vertex -4 -7.25825 12.5485
    endloop
  endfacet
  facet normal -1 0 0
    outer loop
      vertex -4 -7.54919 12.6323
      vertex -4 -7.54919 15.4677
      vertex -4 -7.25825 15.5515
    endloop
  endfacet
  facet normal -1 0 0
    outer loop
      vertex -4 -7.8477 12.683
      vertex -4 -7.54919 15.4677
      vertex -4 -7.54919 12.6323
    endloop
  endfacet
  facet normal -1 0 0
    outer loop
      vertex -4 -7.8477 12.683
      vertex -4 -7.8477 15.417
      vertex -4 -7.54919 15.4677
    endloop
  endfacet
  facet normal -1 0 0
    outer loop
      vertex -4 -8.15 12.7
      vertex -4 -7.8477 15.417
      vertex -4 -7.8477 12.683
    endloop
  endfacet
  facet normal -1 0 0
    outer loop
      vertex -4 -8.15 12.7
      vertex -4 -8.15 15.4
      vertex -4 -7.8477 15.417
    endloop
  endfacet
  facet normal -1 0 0
    outer loop
      vertex -4 -8.4523 12.683
      vertex -4 -8.15 15.4
      vertex -4 -8.15 12.7
    endloop
  endfacet
  facet normal -1 0 0
    outer loop
      vertex -4 -8.4523 12.683
      vertex -4 -8.4523 15.417
      vertex -4 -8.15 15.4
    endloop
  endfacet
  facet normal -1 0 0
    outer loop
      vertex -4 -8.75081 12.6323
      vertex -4 -8.4523 15.417
      vertex -4 -8.4523 12.683
    endloop
  endfacet
  facet normal -1 0 0
    outer loop
      vertex -4 -8.75081 12.6323
      vertex -4 -8.75081 15.4677
      vertex -4 -8.4523 15.417
    endloop
  endfacet
  facet normal -1 0 0
    outer loop
      vertex -4 -9.04175 12.5485
      vertex -4 -8.75081 15.4677
      vertex -4 -8.75081 12.6323
    endloop
  endfacet
  facet normal -1 0 0
    outer loop
      vertex -4 -9.04175 12.5485
      vertex -4 -9.04175 15.5515
      vertex -4 -8.75081 15.4677
    endloop
  endfacet
  facet normal -1 0 0
    outer loop
      vertex -4 -9.32149 12.4326
      vertex -4 -9.04175 15.5515
      vertex -4 -9.04175 12.5485
    endloop
  endfacet
  facet normal -1 0 0
    outer loop
      vertex -4 -9.32149 12.4326
      vertex -4 -9.32149 15.6674
      vertex -4 -9.04175 15.5515
    endloop
  endfacet
  facet normal -1 0 0
    outer loop
      vertex -4 -9.58649 12.2862
      vertex -4 -9.32149 15.6674
      vertex -4 -9.32149 12.4326
    endloop
  endfacet
  facet normal -1 0 0
    outer loop
      vertex -4 -9.58649 12.2862
      vertex -4 -9.58649 15.8138
      vertex -4 -9.32149 15.6674
    endloop
  endfacet
  facet normal -1 0 0
    outer loop
      vertex -4 -9.83342 12.1109
      vertex -4 -9.58649 15.8138
      vertex -4 -9.58649 12.2862
    endloop
  endfacet
  facet normal -1 0 0
    outer loop
      vertex -4 -9.83342 12.1109
      vertex -4 -9.83342 15.9891
      vertex -4 -9.58649 15.8138
    endloop
  endfacet
  facet normal -1 0 0
    outer loop
      vertex -4 -10.0592 11.9092
      vertex -4 -9.83342 15.9891
      vertex -4 -9.83342 12.1109
    endloop
  endfacet
  facet normal -1 0 0
    outer loop
      vertex -4 -10.0592 11.9092
      vertex -4 -10.0592 16.1908
      vertex -4 -9.83342 15.9891
    endloop
  endfacet
  facet normal -1 0 0
    outer loop
      vertex -4 -10.2609 11.6834
      vertex -4 -10.0592 16.1908
      vertex -4 -10.0592 11.9092
    endloop
  endfacet
  facet normal -1 0 0
    outer loop
      vertex -4 -10.2609 11.6834
      vertex -4 -10.2609 16.4166
      vertex -4 -10.0592 16.1908
    endloop
  endfacet
  facet normal -1 0 0
    outer loop
      vertex -4 -10.4362 11.4365
      vertex -4 -10.2609 16.4166
      vertex -4 -10.2609 11.6834
    endloop
  endfacet
  facet normal -1 0 0
    outer loop
      vertex -4 -10.4362 11.4365
      vertex -4 -10.4362 16.6635
      vertex -4 -10.2609 16.4166
    endloop
  endfacet
  facet normal -1 0 0
    outer loop
      vertex -4 -10.5826 11.1715
      vertex -4 -10.4362 16.6635
      vertex -4 -10.4362 11.4365
    endloop
  endfacet
  facet normal -1 0 0
    outer loop
      vertex -4 -10.5826 11.1715
      vertex -4 -10.5826 16.9285
      vertex -4 -10.4362 16.6635
    endloop
  endfacet
  facet normal -1 0 0
    outer loop
      vertex -4 -10.6985 10.8918
      vertex -4 -10.5826 16.9285
      vertex -4 -10.5826 11.1715
    endloop
  endfacet
  facet normal -1 0 0
    outer loop
      vertex -4 -10.6985 10.8918
      vertex -4 -10.6985 17.2082
      vertex -4 -10.5826 16.9285
    endloop
  endfacet
  facet normal -1 0 0
    outer loop
      vertex -4 -21.5 3.5
      vertex -4 -10.6985 10.8918
      vertex -4 -10.7823 10.6008
    endloop
  endfacet
  facet normal -1 -0 0
    outer loop
      vertex -4 -10.6985 10.8918
      vertex -4 -21.5 3.5
      vertex -4 -10.6985 17.2082
    endloop
  endfacet
  facet normal -1 0 0
    outer loop
      vertex -4 -21.5 3.5
      vertex -4 -10.7823 10.6008
      vertex -4 -10.833 10.3023
    endloop
  endfacet
  facet normal -1 -0 0
    outer loop
      vertex -4 -10.6985 17.2082
      vertex -4 -21.5 3.5
      vertex -4 -10.7823 17.4992
    endloop
  endfacet
  facet normal -1 0 0
    outer loop
      vertex -4 -21.5 3.5
      vertex -4 -10.833 10.3023
      vertex -4 -10.85 10
    endloop
  endfacet
  facet normal -1 -0 0
    outer loop
      vertex -4 -10.7823 17.4992
      vertex -4 -21.5 3.5
      vertex -4 -10.833 17.7977
    endloop
  endfacet
  facet normal -1 0 0
    outer loop
      vertex -4 -4.5 3.5
      vertex -4 -5.45 10
      vertex -4 -4.5 21.0957
    endloop
  endfacet
  facet normal -1 0 0
    outer loop
      vertex -4 -4.5 3.5
      vertex -4 -5.46698 9.6977
      vertex -4 -5.45 10
    endloop
  endfacet
  facet normal -1 0 0
    outer loop
      vertex -4 -4.5 3.5
      vertex -4 -5.51769 9.39919
      vertex -4 -5.46698 9.6977
    endloop
  endfacet
  facet normal -1 0 0
    outer loop
      vertex -4 -4.5 3.5
      vertex -4 -5.60151 9.10825
      vertex -4 -5.51769 9.39919
    endloop
  endfacet
  facet normal -1 0 0
    outer loop
      vertex -4 -4.5 3.5
      vertex -4 -5.71738 8.82851
      vertex -4 -5.60151 9.10825
    endloop
  endfacet
  facet normal -1 0 0
    outer loop
      vertex -4 -4.5 3.5
      vertex -4 -5.86384 8.56351
      vertex -4 -5.71738 8.82851
    endloop
  endfacet
  facet normal -1 0 0
    outer loop
      vertex -4 -4.5 3.5
      vertex -4 -6.03905 8.31658
      vertex -4 -5.86384 8.56351
    endloop
  endfacet
  facet normal -1 0 0
    outer loop
      vertex -4 -4.5 3.5
      vertex -4 -6.24081 8.09081
      vertex -4 -6.03905 8.31658
    endloop
  endfacet
  facet normal -1 0 0
    outer loop
      vertex -4 -4.5 3.5
      vertex -4 -6.46658 7.88905
      vertex -4 -6.24081 8.09081
    endloop
  endfacet
  facet normal -1 0 0
    outer loop
      vertex -4 -4.5 3.5
      vertex -4 -6.71351 7.71384
      vertex -4 -6.46658 7.88905
    endloop
  endfacet
  facet normal -1 0 0
    outer loop
      vertex -4 -4.5 3.5
      vertex -4 -6.97851 7.56738
      vertex -4 -6.71351 7.71384
    endloop
  endfacet
  facet normal -1 0 0
    outer loop
      vertex -4 -4.5 3.5
      vertex -4 -7.25825 7.45152
      vertex -4 -6.97851 7.56738
    endloop
  endfacet
  facet normal -1 0 0
    outer loop
      vertex -4 -4.5 3.5
      vertex -4 -7.54919 7.36769
      vertex -4 -7.25825 7.45152
    endloop
  endfacet
  facet normal -1 0 0
    outer loop
      vertex -4 -4.5 3.5
      vertex -4 -7.8477 7.31698
      vertex -4 -7.54919 7.36769
    endloop
  endfacet
  facet normal -1 0 0
    outer loop
      vertex -4 -4.5 3.5
      vertex -4 -8.15 7.3
      vertex -4 -7.8477 7.31698
    endloop
  endfacet
  facet normal -1 0 0
    outer loop
      vertex -4 -4.5 3.5
      vertex -4 -8.4523 7.31698
      vertex -4 -8.15 7.3
    endloop
  endfacet
  facet normal -1 0 0
    outer loop
      vertex -4 -4.5 3.5
      vertex -4 -8.75081 7.36769
      vertex -4 -8.4523 7.31698
    endloop
  endfacet
  facet normal -1 0 0
    outer loop
      vertex -4 -4.5 3.5
      vertex -4 -9.04175 7.45152
      vertex -4 -8.75081 7.36769
    endloop
  endfacet
  facet normal -1 0 0
    outer loop
      vertex -4 -4.5 3.5
      vertex -4 -9.32149 7.56738
      vertex -4 -9.04175 7.45152
    endloop
  endfacet
  facet normal -1 0 0
    outer loop
      vertex -4 -21.5 3.5
      vertex -4 -9.32149 7.56738
      vertex -4 -4.5 3.5
    endloop
  endfacet
  facet normal -1 -0 0
    outer loop
      vertex -4 -9.32149 7.56738
      vertex -4 -21.5 3.5
      vertex -4 -9.58649 7.71384
    endloop
  endfacet
  facet normal -1 0 0
    outer loop
      vertex -4 -21.5 29.5217
      vertex -4 -10.833 17.7977
      vertex -4 -21.5 3.5
    endloop
  endfacet
  facet normal -1 -0 0
    outer loop
      vertex -4 -10.833 9.6977
      vertex -4 -21.5 3.5
      vertex -4 -10.85 10
    endloop
  endfacet
  facet normal -1 -0 0
    outer loop
      vertex -4 -10.7823 9.39919
      vertex -4 -21.5 3.5
      vertex -4 -10.833 9.6977
    endloop
  endfacet
  facet normal -1 -0 0
    outer loop
      vertex -4 -10.6985 9.10825
      vertex -4 -21.5 3.5
      vertex -4 -10.7823 9.39919
    endloop
  endfacet
  facet normal -1 -0 0
    outer loop
      vertex -4 -10.5826 8.82851
      vertex -4 -21.5 3.5
      vertex -4 -10.6985 9.10825
    endloop
  endfacet
  facet normal -1 -0 0
    outer loop
      vertex -4 -10.4362 8.56351
      vertex -4 -21.5 3.5
      vertex -4 -10.5826 8.82851
    endloop
  endfacet
  facet normal -1 -0 0
    outer loop
      vertex -4 -10.2609 8.31658
      vertex -4 -21.5 3.5
      vertex -4 -10.4362 8.56351
    endloop
  endfacet
  facet normal -1 -0 0
    outer loop
      vertex -4 -10.0592 8.09081
      vertex -4 -21.5 3.5
      vertex -4 -10.2609 8.31658
    endloop
  endfacet
  facet normal -1 -0 0
    outer loop
      vertex -4 -9.83342 7.88905
      vertex -4 -21.5 3.5
      vertex -4 -10.0592 8.09081
    endloop
  endfacet
  facet normal -1 -0 0
    outer loop
      vertex -4 -9.58649 7.71384
      vertex -4 -21.5 3.5
      vertex -4 -9.83342 7.88905
    endloop
  endfacet
  facet normal -1 0 0
    outer loop
      vertex -4 -5.46698 10.3023
      vertex -4 -4.5 21.0957
      vertex -4 -5.45 10
    endloop
  endfacet
  facet normal -1 0 0
    outer loop
      vertex -4 -5.46698 18.4023
      vertex -4 -4.5 21.0957
      vertex -4 -5.45 18.1
    endloop
  endfacet
  facet normal -1 0 0
    outer loop
      vertex -4 -5.51769 18.7008
      vertex -4 -4.5 21.0957
      vertex -4 -5.46698 18.4023
    endloop
  endfacet
  facet normal -1 0 0
    outer loop
      vertex -4 -5.60151 18.9918
      vertex -4 -4.5 21.0957
      vertex -4 -5.51769 18.7008
    endloop
  endfacet
  facet normal -1 0 0
    outer loop
      vertex -4 -5.71738 19.2715
      vertex -4 -4.5 21.0957
      vertex -4 -5.60151 18.9918
    endloop
  endfacet
  facet normal -1 0 0
    outer loop
      vertex -4 -5.86384 19.5365
      vertex -4 -4.5 21.0957
      vertex -4 -5.71738 19.2715
    endloop
  endfacet
  facet normal -1 0 0
    outer loop
      vertex -4 -6.03905 19.7834
      vertex -4 -4.5 21.0957
      vertex -4 -5.86384 19.5365
    endloop
  endfacet
  facet normal -1 0 0
    outer loop
      vertex -4 -6.24081 20.0092
      vertex -4 -4.5 21.0957
      vertex -4 -6.03905 19.7834
    endloop
  endfacet
  facet normal -1 0 0
    outer loop
      vertex -4 -6.46658 20.2109
      vertex -4 -4.5 21.0957
      vertex -4 -6.24081 20.0092
    endloop
  endfacet
  facet normal -1 0 0
    outer loop
      vertex -4 -6.71351 20.3862
      vertex -4 -4.5 21.0957
      vertex -4 -6.46658 20.2109
    endloop
  endfacet
  facet normal -1 0 0
    outer loop
      vertex -4 -6.97851 20.5326
      vertex -4 -4.5 21.0957
      vertex -4 -6.71351 20.3862
    endloop
  endfacet
  facet normal -1 0 0
    outer loop
      vertex -4 -7.25825 20.6485
      vertex -4 -4.5 21.0957
      vertex -4 -6.97851 20.5326
    endloop
  endfacet
  facet normal -1 0 0
    outer loop
      vertex -4 -7.54919 20.7323
      vertex -4 -4.5 21.0957
      vertex -4 -7.25825 20.6485
    endloop
  endfacet
  facet normal -1 0 0
    outer loop
      vertex -4 -7.8477 20.783
      vertex -4 -4.5 21.0957
      vertex -4 -7.54919 20.7323
    endloop
  endfacet
  facet normal -1 0 0
    outer loop
      vertex -4 -8.15 20.8
      vertex -4 -4.5 21.0957
      vertex -4 -7.8477 20.783
    endloop
  endfacet
  facet normal -1 0 0
    outer loop
      vertex -4 -21.5 29.5217
      vertex -4 -8.15 20.8
      vertex -4 -8.4523 20.783
    endloop
  endfacet
  facet normal -1 0 0
    outer loop
      vertex -4 -10.833 17.7977
      vertex -4 -21.5 29.5217
      vertex -4 -10.85 18.1
    endloop
  endfacet
  facet normal -1 0 0
    outer loop
      vertex -4 -10.85 18.1
      vertex -4 -21.5 29.5217
      vertex -4 -10.833 18.4023
    endloop
  endfacet
  facet normal -1 0 0
    outer loop
      vertex -4 -10.833 18.4023
      vertex -4 -21.5 29.5217
      vertex -4 -10.7823 18.7008
    endloop
  endfacet
  facet normal -1 0 0
    outer loop
      vertex -4 -10.7823 18.7008
      vertex -4 -21.5 29.5217
      vertex -4 -10.6985 18.9918
    endloop
  endfacet
  facet normal -1 0 0
    outer loop
      vertex -4 -10.6985 18.9918
      vertex -4 -21.5 29.5217
      vertex -4 -10.5826 19.2715
    endloop
  endfacet
  facet normal -1 0 0
    outer loop
      vertex -4 -8.15 20.8
      vertex -4 -21.5 29.5217
      vertex -4 -4.5 21.0957
    endloop
  endfacet
  facet normal -1 0 0
    outer loop
      vertex -4 -8.75081 20.7323
      vertex -4 -21.5 29.5217
      vertex -4 -8.4523 20.783
    endloop
  endfacet
  facet normal -1 0 0
    outer loop
      vertex -4 -9.04175 20.6485
      vertex -4 -21.5 29.5217
      vertex -4 -8.75081 20.7323
    endloop
  endfacet
  facet normal -1 0 0
    outer loop
      vertex -4 -9.32149 20.5326
      vertex -4 -21.5 29.5217
      vertex -4 -9.04175 20.6485
    endloop
  endfacet
  facet normal -1 0 0
    outer loop
      vertex -4 -9.58649 20.3862
      vertex -4 -21.5 29.5217
      vertex -4 -9.32149 20.5326
    endloop
  endfacet
  facet normal -1 0 0
    outer loop
      vertex -4 -9.83342 20.2109
      vertex -4 -21.5 29.5217
      vertex -4 -9.58649 20.3862
    endloop
  endfacet
  facet normal -1 0 0
    outer loop
      vertex -4 -10.0592 20.0092
      vertex -4 -21.5 29.5217
      vertex -4 -9.83342 20.2109
    endloop
  endfacet
  facet normal -1 0 0
    outer loop
      vertex -4 -10.2609 19.7834
      vertex -4 -21.5 29.5217
      vertex -4 -10.0592 20.0092
    endloop
  endfacet
  facet normal -1 0 0
    outer loop
      vertex -4 -10.4362 19.5365
      vertex -4 -21.5 29.5217
      vertex -4 -10.2609 19.7834
    endloop
  endfacet
  facet normal -1 0 0
    outer loop
      vertex -4 -10.5826 19.2715
      vertex -4 -21.5 29.5217
      vertex -4 -10.4362 19.5365
    endloop
  endfacet
  facet normal 0 0 -1
    outer loop
      vertex -0.015192 -23.3264 3.5
      vertex 0 -4.5 3.5
      vertex 0 -23.5 3.5
    endloop
  endfacet
  facet normal 0 0 -1
    outer loop
      vertex -0.0603065 -23.158 3.5
      vertex 0 -4.5 3.5
      vertex -0.015192 -23.3264 3.5
    endloop
  endfacet
  facet normal 0 0 -1
    outer loop
      vertex -0.133974 -23 3.5
      vertex 0 -4.5 3.5
      vertex -0.0603065 -23.158 3.5
    endloop
  endfacet
  facet normal 0 0 -1
    outer loop
      vertex -0.233955 -22.8572 3.5
      vertex 0 -4.5 3.5
      vertex -0.133974 -23 3.5
    endloop
  endfacet
  facet normal 0 0 -1
    outer loop
      vertex -0.357212 -22.734 3.5
      vertex 0 -4.5 3.5
      vertex -0.233955 -22.8572 3.5
    endloop
  endfacet
  facet normal 0 0 -1
    outer loop
      vertex -0.5 -22.634 3.5
      vertex 0 -4.5 3.5
      vertex -0.357212 -22.734 3.5
    endloop
  endfacet
  facet normal 0 0 -1
    outer loop
      vertex -0.657979 -22.5603 3.5
      vertex 0 -4.5 3.5
      vertex -0.5 -22.634 3.5
    endloop
  endfacet
  facet normal 0 0 -1
    outer loop
      vertex -0.826351 -22.5152 3.5
      vertex 0 -4.5 3.5
      vertex -0.657979 -22.5603 3.5
    endloop
  endfacet
  facet normal 0 0 -1
    outer loop
      vertex -4 -21.5 3.5
      vertex 0 -4.5 3.5
      vertex -0.826351 -22.5152 3.5
    endloop
  endfacet
  facet normal 0 0 -1
    outer loop
      vertex -4 -4.5 3.5
      vertex 0 -4.5 3.5
      vertex -4 -21.5 3.5
    endloop
  endfacet
  facet normal 0 -0 -1
    outer loop
      vertex -1 -3.5 3.5
      vertex 0 -4.5 3.5
      vertex -4 -4.5 3.5
    endloop
  endfacet
  facet normal 0 0 -1
    outer loop
      vertex 0 -4.5 3.5
      vertex -1 -3.5 3.5
      vertex -0.015192 -4.32635 3.5
    endloop
  endfacet
  facet normal 0 0 -1
    outer loop
      vertex -0.015192 -4.32635 3.5
      vertex -1 -3.5 3.5
      vertex -0.0603065 -4.15798 3.5
    endloop
  endfacet
  facet normal 0 0 -1
    outer loop
      vertex -0.0603065 -4.15798 3.5
      vertex -1 -3.5 3.5
      vertex -0.133974 -4 3.5
    endloop
  endfacet
  facet normal 0 0 -1
    outer loop
      vertex -0.133974 -4 3.5
      vertex -1 -3.5 3.5
      vertex -0.233955 -3.85721 3.5
    endloop
  endfacet
  facet normal 0 0 -1
    outer loop
      vertex -0.233955 -3.85721 3.5
      vertex -1 -3.5 3.5
      vertex -0.357212 -3.73396 3.5
    endloop
  endfacet
  facet normal 0 0 -1
    outer loop
      vertex -4 -21.5 3.5
      vertex -0.826351 -22.5152 3.5
      vertex -1 -22.5 3.5
    endloop
  endfacet
  facet normal 0 0 -1
    outer loop
      vertex -0.357212 -3.73396 3.5
      vertex -1 -3.5 3.5
      vertex -0.5 -3.63397 3.5
    endloop
  endfacet
  facet normal 0 0 -1
    outer loop
      vertex -0.657979 -3.56031 3.5
      vertex -1 -3.5 3.5
      vertex -0.826351 -3.51519 3.5
    endloop
  endfacet
  facet normal -0 0 -1
    outer loop
      vertex -1 -3.5 3.5
      vertex -4 -4.5 3.5
      vertex -3 -3.5 3.5
    endloop
  endfacet
  facet normal 0 0 -1
    outer loop
      vertex -3 -3.5 3.5
      vertex -4 -4.5 3.5
      vertex -3.17365 -3.51519 3.5
    endloop
  endfacet
  facet normal 0 0 -1
    outer loop
      vertex -3.17365 -3.51519 3.5
      vertex -4 -4.5 3.5
      vertex -3.34202 -3.56031 3.5
    endloop
  endfacet
  facet normal 0 0 -1
    outer loop
      vertex -3.34202 -3.56031 3.5
      vertex -4 -4.5 3.5
      vertex -3.5 -3.63397 3.5
    endloop
  endfacet
  facet normal 0 0 -1
    outer loop
      vertex -3.5 -3.63397 3.5
      vertex -4 -4.5 3.5
      vertex -3.64279 -3.73396 3.5
    endloop
  endfacet
  facet normal 0 0 -1
    outer loop
      vertex -3.64279 -3.73396 3.5
      vertex -4 -4.5 3.5
      vertex -3.76604 -3.85721 3.5
    endloop
  endfacet
  facet normal 0 0 -1
    outer loop
      vertex -3.76604 -3.85721 3.5
      vertex -4 -4.5 3.5
      vertex -3.86602 -4 3.5
    endloop
  endfacet
  facet normal 0 0 -1
    outer loop
      vertex -3.86602 -4 3.5
      vertex -4 -4.5 3.5
      vertex -3.93969 -4.15798 3.5
    endloop
  endfacet
  facet normal 0 0 -1
    outer loop
      vertex -0.5 -3.63397 3.5
      vertex -1 -3.5 3.5
      vertex -0.657979 -3.56031 3.5
    endloop
  endfacet
  facet normal 0 0 -1
    outer loop
      vertex -1 -22.5 3.5
      vertex -4.01519 -21.6736 3.5
      vertex -4 -21.5 3.5
    endloop
  endfacet
  facet normal 0 0 -1
    outer loop
      vertex -1 -22.5 3.5
      vertex -4.06031 -21.842 3.5
      vertex -4.01519 -21.6736 3.5
    endloop
  endfacet
  facet normal 0 0 -1
    outer loop
      vertex -1 -22.5 3.5
      vertex -4.13397 -22 3.5
      vertex -4.06031 -21.842 3.5
    endloop
  endfacet
  facet normal 0 0 -1
    outer loop
      vertex -1 -22.5 3.5
      vertex -4.23396 -22.1428 3.5
      vertex -4.13397 -22 3.5
    endloop
  endfacet
  facet normal 0 0 -1
    outer loop
      vertex -1 -22.5 3.5
      vertex -4.35721 -22.266 3.5
      vertex -4.23396 -22.1428 3.5
    endloop
  endfacet
  facet normal 0 0 -1
    outer loop
      vertex -1 -22.5 3.5
      vertex -4.5 -22.366 3.5
      vertex -4.35721 -22.266 3.5
    endloop
  endfacet
  facet normal 0 0 -1
    outer loop
      vertex -1 -22.5 3.5
      vertex -4.65798 -22.4397 3.5
      vertex -4.5 -22.366 3.5
    endloop
  endfacet
  facet normal 0 0 -1
    outer loop
      vertex -1 -22.5 3.5
      vertex -4.82635 -22.4848 3.5
      vertex -4.65798 -22.4397 3.5
    endloop
  endfacet
  facet normal 0 -0 -1
    outer loop
      vertex -4.82635 -22.4848 3.5
      vertex -1 -22.5 3.5
      vertex -5 -22.5 3.5
    endloop
  endfacet
  facet normal 0 0 -1
    outer loop
      vertex -3.93969 -4.15798 3.5
      vertex -4 -4.5 3.5
      vertex -3.98481 -4.32635 3.5
    endloop
  endfacet
  facet normal 0.42263 -0.42263 0.801728
    outer loop
      vertex -62.0371 -32.1987 30.134
      vertex -62.1664 -32.1383 30.234
      vertex -62.1665 -32.1384 30.234
    endloop
  endfacet
  facet normal 0.515184 -0.515184 0.684961
    outer loop
      vertex -62.2782 -32.0863 30.3572
      vertex -62.1664 -32.1383 30.234
      vertex -62.2781 -32.0862 30.3572
    endloop
  endfacet
  facet normal 0.515184 -0.515184 0.684961
    outer loop
      vertex -62.1664 -32.1383 30.234
      vertex -62.2782 -32.0863 30.3572
      vertex -62.1665 -32.1384 30.234
    endloop
  endfacet
  facet normal 0.844131 -0 0.536137
    outer loop
      vertex -62.2875 -32.0819 30.372
      vertex -62.2781 -32.0862 30.3572
      vertex -62.2875 -32.0818 30.372
    endloop
  endfacet
  facet normal 0.591636 -0.591636 0.547663
    outer loop
      vertex -62.2781 -32.0862 30.3572
      vertex -62.2875 -32.0819 30.372
      vertex -62.2782 -32.0863 30.3572
    endloop
  endfacet
  facet normal -0.40329 -0.915053 0.00599026
    outer loop
      vertex -63.5198 -31.5074 35
      vertex -62.6768 -31.9004 31.721
      vertex -62.6761 -31.9007 31.7223
    endloop
  endfacet
  facet normal -0.422724 -0.906258 -6.01588e-05
    outer loop
      vertex -63.5198 -31.5074 35
      vertex -62.6888 -31.8948 31.6819
      vertex -62.6768 -31.9004 31.721
    endloop
  endfacet
  facet normal -0.38532 -0.922715 0.011229
    outer loop
      vertex -62.6888 -31.8948 31.6819
      vertex -63.5198 -31.5074 35
      vertex -62.6896 -31.8945 31.6791
    endloop
  endfacet
  facet normal -0.419899 -0.907571 0.000866573
    outer loop
      vertex -63.5198 -31.5074 35
      vertex -62.6602 -31.9082 31.7579
      vertex -62.645 -31.9152 31.7919
    endloop
  endfacet
  facet normal -0.425119 -0.905137 -0.000818413
    outer loop
      vertex -62.6602 -31.9082 31.7579
      vertex -63.5198 -31.5074 35
      vertex -62.6761 -31.9007 31.7223
    endloop
  endfacet
  facet normal -0.422525 -0.906351 -0.000818847
    outer loop
      vertex -63.5198 -31.5074 0
      vertex -62.0039 -32.2142 0.126154
      vertex -62.004 -32.2142 0.177754
    endloop
  endfacet
  facet normal -0.422584 -0.906324 4.84764e-05
    outer loop
      vertex -62.0039 -32.2142 0.126154
      vertex -63.5198 -31.5074 0
      vertex -62.0037 -32.2143 0
    endloop
  endfacet
  facet normal -0.422602 -0.906315 -2.25477e-05
    outer loop
      vertex -62.004 -32.2142 0.177754
      vertex -62.0038 -32.2143 0.448788
      vertex -63.5198 -31.5074 0
    endloop
  endfacet
  facet normal -0.422683 -0.906277 0.000313172
    outer loop
      vertex -62.0038 -32.2143 0.448788
      vertex -62.0045 -32.2139 0.661555
      vertex -63.5198 -31.5074 0
    endloop
  endfacet
  facet normal -0.422584 -0.906322 0.0016191
    outer loop
      vertex -63.5198 -31.5074 35
      vertex -62.0038 -32.2143 34.9739
      vertex -62.0037 -32.2143 35
    endloop
  endfacet
  facet normal -0.422608 -0.906313 -4.02749e-05
    outer loop
      vertex -62.0038 -32.2143 34.9739
      vertex -63.5198 -31.5074 35
      vertex -62.004 -32.2142 34.8222
    endloop
  endfacet
  facet normal -0.423529 -0.905882 0
    outer loop
      vertex -62.0371 -32.1987 28.05
      vertex -62.0063 -32.2131 30.1181
      vertex -62.0371 -32.1987 30.134
    endloop
  endfacet
  facet normal -0.423529 -0.905882 -0
    outer loop
      vertex -62.0063 -32.2131 30.1181
      vertex -62.0371 -32.1987 28.05
      vertex -62.0063 -32.2131 28.05
    endloop
  endfacet
  facet normal -0.423529 -0.905882 0
    outer loop
      vertex -62.0371 -32.1987 7.05
      vertex -62.0063 -32.2131 4.88185
      vertex -62.0063 -32.2131 7.05
    endloop
  endfacet
  facet normal -0.423529 -0.905882 0
    outer loop
      vertex -62.0063 -32.2131 4.88185
      vertex -62.0371 -32.1987 7.05
      vertex -62.0371 -32.1987 4.86602
    endloop
  endfacet
  facet normal -0.422387 -0.906416 0
    outer loop
      vertex -62.1665 -32.1384 28.05
      vertex -62.0371 -32.1987 30.134
      vertex -62.1665 -32.1384 30.234
    endloop
  endfacet
  facet normal -0.422387 -0.906416 -0
    outer loop
      vertex -62.0371 -32.1987 30.134
      vertex -62.1665 -32.1384 28.05
      vertex -62.0371 -32.1987 28.05
    endloop
  endfacet
  facet normal -0.422387 -0.906416 0
    outer loop
      vertex -62.1665 -32.1384 7.05
      vertex -62.0371 -32.1987 4.86602
      vertex -62.0371 -32.1987 7.05
    endloop
  endfacet
  facet normal -0.422775 -0.906235 -2.79859e-05
    outer loop
      vertex -62.1372 -32.152 4.81627
      vertex -62.0371 -32.1987 4.86602
      vertex -62.1665 -32.1384 7.05
    endloop
  endfacet
  facet normal -0.423767 -0.905768 0.0024053
    outer loop
      vertex -62.0371 -32.1987 4.86602
      vertex -62.1372 -32.152 4.81627
      vertex -62.0678 -32.1844 4.84226
    endloop
  endfacet
  facet normal -0.42102 -0.907051 0
    outer loop
      vertex -62.1372 -32.152 4.81627
      vertex -62.1665 -32.1384 7.05
      vertex -62.1665 -32.1384 4.80035
    endloop
  endfacet
  facet normal -0.422708 -0.906266 0
    outer loop
      vertex -62.2782 -32.0863 28.05
      vertex -62.1665 -32.1384 30.234
      vertex -62.2782 -32.0863 30.3572
    endloop
  endfacet
  facet normal -0.422708 -0.906266 -0
    outer loop
      vertex -62.1665 -32.1384 30.234
      vertex -62.2782 -32.0863 28.05
      vertex -62.1665 -32.1384 28.05
    endloop
  endfacet
  facet normal -0.422708 -0.906266 0
    outer loop
      vertex -62.2782 -32.0863 7.05
      vertex -62.1665 -32.1384 4.80035
      vertex -62.1665 -32.1384 7.05
    endloop
  endfacet
  facet normal -0.42266 -0.906288 2.86256e-06
    outer loop
      vertex -62.2782 -32.0863 7.05
      vertex -62.2542 -32.0975 4.75263
      vertex -62.1665 -32.1384 4.80035
    endloop
  endfacet
  facet normal -0.422885 -0.906183 0
    outer loop
      vertex -62.2542 -32.0975 4.75263
      vertex -62.2782 -32.0863 7.05
      vertex -62.2782 -32.0863 4.73493
    endloop
  endfacet
  facet normal -0.419138 -0.907905 0.00565261
    outer loop
      vertex -62.2782 -32.0863 30.3572
      vertex -62.3315 -32.0614 30.4044
      vertex -62.3626 -32.0469 30.4273
    endloop
  endfacet
  facet normal -0.417669 -0.908567 0.00766055
    outer loop
      vertex -62.3315 -32.0614 30.4044
      vertex -62.2782 -32.0863 30.3572
      vertex -62.2875 -32.0819 30.372
    endloop
  endfacet
  facet normal -0.411587 -0.911371 0
    outer loop
      vertex -62.3688 -32.0441 28.05
      vertex -62.3626 -32.0469 30.4273
      vertex -62.3688 -32.0441 30.4333
    endloop
  endfacet
  facet normal -0.422979 -0.90614 3.58709e-05
    outer loop
      vertex -62.3688 -32.0441 28.05
      vertex -62.2782 -32.0863 30.3572
      vertex -62.3626 -32.0469 30.4273
    endloop
  endfacet
  facet normal -0.422228 -0.90649 -0
    outer loop
      vertex -62.2782 -32.0863 30.3572
      vertex -62.3688 -32.0441 28.05
      vertex -62.2782 -32.0863 28.05
    endloop
  endfacet
  facet normal -0.422228 -0.90649 0
    outer loop
      vertex -62.3688 -32.0441 7.05
      vertex -62.2782 -32.0863 4.73493
      vertex -62.2782 -32.0863 7.05
    endloop
  endfacet
  facet normal -0.423229 -0.906023 -4.76717e-05
    outer loop
      vertex -62.3688 -32.0441 7.05
      vertex -62.3315 -32.0614 4.6956
      vertex -62.2782 -32.0863 4.73493
    endloop
  endfacet
  facet normal -0.422545 -0.906342 -3.45034e-05
    outer loop
      vertex -62.3688 -32.0441 7.05
      vertex -62.3626 -32.0469 4.67269
      vertex -62.3315 -32.0614 4.6956
    endloop
  endfacet
  facet normal -0.411587 -0.911371 0
    outer loop
      vertex -62.3626 -32.0469 4.67269
      vertex -62.3688 -32.0441 7.05
      vertex -62.3688 -32.0441 4.6667
    endloop
  endfacet
  facet normal -0.422001 -0.906595 0
    outer loop
      vertex -62.4356 -32.0129 28.05
      vertex -62.3907 -32.0338 30.4545
      vertex -62.4356 -32.0129 30.4979
    endloop
  endfacet
  facet normal -0.425534 -0.904942 8.03486e-05
    outer loop
      vertex -62.3907 -32.0338 30.4545
      vertex -62.4356 -32.0129 28.05
      vertex -62.3688 -32.0441 30.4333
    endloop
  endfacet
  facet normal -0.423182 -0.906044 -0
    outer loop
      vertex -62.3688 -32.0441 30.4333
      vertex -62.4356 -32.0129 28.05
      vertex -62.3688 -32.0441 28.05
    endloop
  endfacet
  facet normal -0.423182 -0.906044 0
    outer loop
      vertex -62.4356 -32.0129 7.05
      vertex -62.3688 -32.0441 4.6667
      vertex -62.3688 -32.0441 7.05
    endloop
  endfacet
  facet normal -0.425534 -0.904942 -8.03476e-05
    outer loop
      vertex -62.4356 -32.0129 7.05
      vertex -62.3907 -32.0338 4.64549
      vertex -62.3688 -32.0441 4.6667
    endloop
  endfacet
  facet normal -0.422001 -0.906595 0
    outer loop
      vertex -62.3907 -32.0338 4.64549
      vertex -62.4356 -32.0129 7.05
      vertex -62.4356 -32.0129 4.6021
    endloop
  endfacet
  facet normal -0.424752 -0.90531 -0.000772808
    outer loop
      vertex -63.5198 -31.5074 35
      vertex -62.6191 -31.9273 31.85
      vertex -62.597 -31.9377 31.8865
    endloop
  endfacet
  facet normal -0.422981 -0.906138 -0.000156035
    outer loop
      vertex -62.6191 -31.9273 31.85
      vertex -63.5198 -31.5074 35
      vertex -62.645 -31.9152 31.7919
    endloop
  endfacet
  facet normal -0.422784 -0.906231 -9.77843e-05
    outer loop
      vertex -63.5198 -31.5074 35
      vertex -62.5466 -31.9611 31.9696
      vertex -62.5301 -31.9688 31.9905
    endloop
  endfacet
  facet normal -0.422608 -0.906313 -2.8953e-05
    outer loop
      vertex -63.5198 -31.5074 35
      vertex -62.5674 -31.9514 31.9353
      vertex -62.5466 -31.9611 31.9696
    endloop
  endfacet
  facet normal -0.420878 -0.907117 0.000624967
    outer loop
      vertex -62.5674 -31.9514 31.9353
      vertex -63.5198 -31.5074 35
      vertex -62.597 -31.9377 31.8865
    endloop
  endfacet
  facet normal -0.422111 -0.906544 0.000203338
    outer loop
      vertex -63.5198 -31.5074 35
      vertex -62.4607 -32.0012 32.0778
      vertex -62.4448 -32.0086 32.0932
    endloop
  endfacet
  facet normal -0.422732 -0.906255 -7.05848e-05
    outer loop
      vertex -63.5198 -31.5074 35
      vertex -62.522 -31.9726 32.0006
      vertex -62.4607 -32.0012 32.0778
    endloop
  endfacet
  facet normal -0.424087 -0.905621 -0.00061968
    outer loop
      vertex -62.522 -31.9726 32.0006
      vertex -63.5198 -31.5074 35
      vertex -62.5301 -31.9688 31.9905
    endloop
  endfacet
  facet normal -0.424537 -0.90541 -0.000992184
    outer loop
      vertex -63.5198 -31.5074 35
      vertex -62.3626 -32.0469 32.1727
      vertex -62.3428 -32.0562 32.1873
    endloop
  endfacet
  facet normal -0.422536 -0.906346 5.1477e-06
    outer loop
      vertex -63.5198 -31.5074 35
      vertex -62.3907 -32.0338 32.1455
      vertex -62.3626 -32.0469 32.1727
    endloop
  endfacet
  facet normal -0.422327 -0.906443 0.000105811
    outer loop
      vertex -62.3907 -32.0338 32.1455
      vertex -63.5198 -31.5074 35
      vertex -62.4448 -32.0086 32.0932
    endloop
  endfacet
  facet normal -0.422971 -0.906143 -0.000217179
    outer loop
      vertex -63.5198 -31.5074 35
      vertex -62.2542 -32.0975 32.2526
      vertex -62.227 -32.1102 32.2674
    endloop
  endfacet
  facet normal -0.423001 -0.906129 -0.000233863
    outer loop
      vertex -63.5198 -31.5074 35
      vertex -62.3315 -32.0614 32.1956
      vertex -62.2542 -32.0975 32.2526
    endloop
  endfacet
  facet normal -0.419111 -0.907933 0.00177074
    outer loop
      vertex -62.3315 -32.0614 32.1956
      vertex -63.5198 -31.5074 35
      vertex -62.3428 -32.0562 32.1873
    endloop
  endfacet
  facet normal -0.423753 -0.905777 -0.000751609
    outer loop
      vertex -63.5198 -31.5074 35
      vertex -62.1372 -32.152 32.3163
      vertex -62.1011 -32.1689 32.3298
    endloop
  endfacet
  facet normal -0.422122 -0.906539 0.000271428
    outer loop
      vertex -62.1372 -32.152 32.3163
      vertex -63.5198 -31.5074 35
      vertex -62.227 -32.1102 32.2674
    endloop
  endfacet
  facet normal -0.422485 -0.90637 6.9223e-05
    outer loop
      vertex -62.1011 -32.1689 32.3298
      vertex -62.0039 -32.2142 32.4301
      vertex -63.5198 -31.5074 35
    endloop
  endfacet
  facet normal -0.427762 -0.903891 0.000505382
    outer loop
      vertex -62.0039 -32.2142 32.4301
      vertex -62.0137 -32.2096 32.3625
      vertex -62.0044 -32.214 32.3646
    endloop
  endfacet
  facet normal -0.422325 -0.906444 -0.00045649
    outer loop
      vertex -62.0039 -32.2142 32.4301
      vertex -62.0491 -32.1931 32.3493
      vertex -62.0137 -32.2096 32.3625
    endloop
  endfacet
  facet normal -0.421648 -0.906759 -0.000917629
    outer loop
      vertex -62.0039 -32.2142 32.4301
      vertex -62.1011 -32.1689 32.3298
      vertex -62.0491 -32.1931 32.3493
    endloop
  endfacet
  facet normal -0.422581 -0.906325 0
    outer loop
      vertex -62.0039 -32.2142 32.4301
      vertex -62.0039 -32.2142 32.6508
      vertex -63.5198 -31.5074 35
    endloop
  endfacet
  facet normal -0.422256 -0.906476 0.000254986
    outer loop
      vertex -62.0039 -32.2142 32.6508
      vertex -62.0038 -32.2142 32.8164
      vertex -63.5198 -31.5074 35
    endloop
  endfacet
  facet normal -0.423585 -0.905856 -0.000868411
    outer loop
      vertex -62.0038 -32.2142 32.8164
      vertex -62.0049 -32.2138 32.9357
      vertex -63.5198 -31.5074 35
    endloop
  endfacet
  facet normal -0.421473 -0.90684 0.00101837
    outer loop
      vertex -62.0049 -32.2138 32.9357
      vertex -62.0045 -32.2139 33.0122
      vertex -63.5198 -31.5074 35
    endloop
  endfacet
  facet normal -0.423655 -0.905823 -0.00100631
    outer loop
      vertex -62.0045 -32.2139 33.0122
      vertex -62.0046 -32.2139 33.0543
      vertex -63.5198 -31.5074 35
    endloop
  endfacet
  facet normal -0.422559 -0.906335 3.2907e-05
    outer loop
      vertex -62.0046 -32.2139 33.0543
      vertex -62.0045 -32.2139 34.3384
      vertex -63.5198 -31.5074 35
    endloop
  endfacet
  facet normal -0.422559 -0.906335 -3.29054e-05
    outer loop
      vertex -62.0045 -32.2139 0.661555
      vertex -62.0046 -32.2139 1.94572
      vertex -63.5198 -31.5074 0
    endloop
  endfacet
  facet normal -0.423656 -0.905822 0.00100775
    outer loop
      vertex -62.0046 -32.2139 1.94572
      vertex -62.0045 -32.2139 1.98776
      vertex -63.5198 -31.5074 0
    endloop
  endfacet
  facet normal -0.421473 -0.90684 -0.00101824
    outer loop
      vertex -62.0045 -32.2139 1.98776
      vertex -62.0049 -32.2138 2.06427
      vertex -63.5198 -31.5074 0
    endloop
  endfacet
  facet normal -0.423585 -0.905856 0.000867895
    outer loop
      vertex -62.0049 -32.2138 2.06427
      vertex -62.0038 -32.2142 2.18364
      vertex -63.5198 -31.5074 0
    endloop
  endfacet
  facet normal -0.422256 -0.906476 -0.000255094
    outer loop
      vertex -62.0038 -32.2142 2.18364
      vertex -62.0039 -32.2142 2.34917
      vertex -63.5198 -31.5074 0
    endloop
  endfacet
  facet normal -0.422581 -0.906325 0
    outer loop
      vertex -62.0039 -32.2142 2.34917
      vertex -62.0039 -32.2142 2.56988
      vertex -63.5198 -31.5074 0
    endloop
  endfacet
  facet normal -0.426316 -0.904574 -0.00010055
    outer loop
      vertex -62.0137 -32.2096 2.73748
      vertex -62.0039 -32.2142 2.56988
      vertex -62.005 -32.2137 2.73557
    endloop
  endfacet
  facet normal -0.42241 -0.906405 0.000178061
    outer loop
      vertex -62.0491 -32.1931 2.75074
      vertex -62.0039 -32.2142 2.56988
      vertex -62.0137 -32.2096 2.73748
    endloop
  endfacet
  facet normal -0.423584 -0.905857 -0.000179385
    outer loop
      vertex -62.0568 -32.1895 2.75362
      vertex -62.0039 -32.2142 2.56988
      vertex -62.0491 -32.1931 2.75074
    endloop
  endfacet
  facet normal -0.422742 -0.90625 0.000115906
    outer loop
      vertex -62.0039 -32.2142 2.56988
      vertex -62.0568 -32.1895 2.75362
      vertex -63.5198 -31.5074 0
    endloop
  endfacet
  facet normal -0.422678 -0.90628 7.39522e-05
    outer loop
      vertex -62.1372 -32.152 2.78373
      vertex -63.5198 -31.5074 0
      vertex -62.0568 -32.1895 2.75362
    endloop
  endfacet
  facet normal -0.422665 -0.906286 6.65045e-05
    outer loop
      vertex -63.5198 -31.5074 0
      vertex -62.1372 -32.152 2.78373
      vertex -62.1893 -32.1277 2.81209
    endloop
  endfacet
  facet normal -0.422026 -0.906584 -0.000301754
    outer loop
      vertex -62.2542 -32.0975 2.84737
      vertex -63.5198 -31.5074 0
      vertex -62.1893 -32.1277 2.81209
    endloop
  endfacet
  facet normal -0.422679 -0.90628 5.15878e-05
    outer loop
      vertex -63.5198 -31.5074 0
      vertex -62.2542 -32.0975 2.84737
      vertex -62.3108 -32.0711 2.8891
    endloop
  endfacet
  facet normal -0.422659 -0.906289 5.20585e-05
    outer loop
      vertex -63.5198 -31.5074 0
      vertex -62.3907 -32.0338 2.95451
      vertex -62.4175 -32.0213 2.98044
    endloop
  endfacet
  facet normal -0.422562 -0.906334 7.32464e-06
    outer loop
      vertex -63.5198 -31.5074 0
      vertex -62.3315 -32.0614 2.9044
      vertex -62.3626 -32.0469 2.92731
    endloop
  endfacet
  facet normal -0.42391 -0.905704 0.000679087
    outer loop
      vertex -62.3315 -32.0614 2.9044
      vertex -63.5198 -31.5074 0
      vertex -62.3108 -32.0711 2.8891
    endloop
  endfacet
  facet normal -0.422536 -0.906346 -5.0205e-06
    outer loop
      vertex -62.3907 -32.0338 2.95451
      vertex -63.5198 -31.5074 0
      vertex -62.3626 -32.0469 2.92731
    endloop
  endfacet
  facet normal -0.422033 -0.90658 -0.000229544
    outer loop
      vertex -62.4607 -32.0012 3.02218
      vertex -63.5198 -31.5074 0
      vertex -62.4175 -32.0213 2.98044
    endloop
  endfacet
  facet normal -0.42264 -0.906298 2.91953e-05
    outer loop
      vertex -63.5198 -31.5074 0
      vertex -62.4607 -32.0012 3.02218
      vertex -62.5068 -31.9797 3.08027
    endloop
  endfacet
  facet normal -0.4238 -0.905755 0.000465184
    outer loop
      vertex -63.5198 -31.5074 0
      vertex -62.5674 -31.9514 3.16465
      vertex -62.577 -31.9469 3.18059
    endloop
  endfacet
  facet normal -0.423023 -0.906119 0.000182736
    outer loop
      vertex -62.522 -31.9726 3.09935
      vertex -63.5198 -31.5074 0
      vertex -62.5068 -31.9797 3.08027
    endloop
  endfacet
  facet normal -0.423221 -0.906026 0.000260179
    outer loop
      vertex -62.5466 -31.9611 3.13036
      vertex -63.5198 -31.5074 0
      vertex -62.522 -31.9726 3.09935
    endloop
  endfacet
  facet normal -0.422609 -0.906312 2.83445e-05
    outer loop
      vertex -62.5674 -31.9514 3.16465
      vertex -63.5198 -31.5074 0
      vertex -62.5466 -31.9611 3.13036
    endloop
  endfacet
  facet normal -0.422208 -0.906499 -0.000109457
    outer loop
      vertex -62.6191 -31.9273 3.25
      vertex -63.5198 -31.5074 0
      vertex -62.577 -31.9469 3.18059
    endloop
  endfacet
  facet normal -0.42275 -0.906246 7.33909e-05
    outer loop
      vertex -63.5198 -31.5074 0
      vertex -62.6191 -31.9273 3.25
      vertex -62.6281 -31.9231 3.27017
    endloop
  endfacet
  facet normal -0.421388 -0.90688 -0.000378678
    outer loop
      vertex -62.6281 -31.9231 3.27017
      vertex -62.6598 -31.9084 3.34111
      vertex -63.5198 -31.5074 0
    endloop
  endfacet
  facet normal -0.437984 -0.89897 0.0048425
    outer loop
      vertex -62.6602 -31.9082 3.34206
      vertex -63.5198 -31.5074 0
      vertex -62.6598 -31.9084 3.34111
    endloop
  endfacet
  facet normal -0.421758 -0.906708 -0.000258938
    outer loop
      vertex -63.5198 -31.5074 0
      vertex -62.6602 -31.9082 3.34206
      vertex -62.6757 -31.901 3.37663
    endloop
  endfacet
  facet normal -0.423037 -0.906113 -0.000135185
    outer loop
      vertex -63.5198 -31.5074 35
      vertex -62.7187 -31.8809 31.5847
      vertex -62.6896 -31.8945 31.6791
    endloop
  endfacet
  facet normal -0.423654 -0.905824 -0.000311503
    outer loop
      vertex -63.5198 -31.5074 35
      vertex -62.7368 -31.8724 31.484
      vertex -62.7187 -31.8809 31.5847
    endloop
  endfacet
  facet normal -0.422371 -0.906423 3.63835e-05
    outer loop
      vertex -63.5198 -31.5074 35
      vertex -62.7441 -31.869 31.4436
      vertex -62.7368 -31.8724 31.484
    endloop
  endfacet
  facet normal -0.418255 -0.908329 0.00112802
    outer loop
      vertex -63.5198 -31.5074 35
      vertex -62.7466 -31.8679 31.4024
      vertex -62.7441 -31.869 31.4436
    endloop
  endfacet
  facet normal -0.422638 -0.906298 -1.76292e-05
    outer loop
      vertex -63.5198 -31.5074 35
      vertex -62.7526 -31.8651 31.3
      vertex -62.7466 -31.8679 31.4024
    endloop
  endfacet
  facet normal -0.422569 -0.906331 0
    outer loop
      vertex -63.5198 -31.5074 28.05
      vertex -62.7526 -31.8651 31.3
      vertex -63.5198 -31.5074 35
    endloop
  endfacet
  facet normal -0.422632 -0.906302 1.81147e-05
    outer loop
      vertex -62.7526 -31.8651 31.3
      vertex -63.5198 -31.5074 28.05
      vertex -62.7466 -31.8679 31.1976
    endloop
  endfacet
  facet normal -0.418689 -0.908129 -0.00115971
    outer loop
      vertex -62.7466 -31.8679 31.1976
      vertex -63.5198 -31.5074 28.05
      vertex -62.7441 -31.869 31.1564
    endloop
  endfacet
  facet normal -0.422381 -0.906418 -3.8596e-05
    outer loop
      vertex -62.7441 -31.869 31.1564
      vertex -63.5198 -31.5074 28.05
      vertex -62.7368 -31.8724 31.116
    endloop
  endfacet
  facet normal -0.422028 -0.906583 -0.000176167
    outer loop
      vertex -63.5198 -31.5074 28.05
      vertex -62.6888 -31.8948 30.9181
      vertex -62.7187 -31.8809 31.0153
    endloop
  endfacet
  facet normal -0.424182 -0.905577 0.000598551
    outer loop
      vertex -63.5198 -31.5074 28.05
      vertex -62.6602 -31.9082 30.8421
      vertex -62.6768 -31.9004 30.879
    endloop
  endfacet
  facet normal -0.423182 -0.906045 0.0002978
    outer loop
      vertex -63.5198 -31.5074 28.05
      vertex -62.522 -31.9726 30.5994
      vertex -62.5466 -31.9611 30.6304
    endloop
  endfacet
  facet normal -0.423568 -0.905864 0.000330404
    outer loop
      vertex -62.7368 -31.8724 31.116
      vertex -63.5198 -31.5074 28.05
      vertex -62.7187 -31.8809 31.0153
    endloop
  endfacet
  facet normal -0.422712 -0.906264 6.50144e-05
    outer loop
      vertex -62.6888 -31.8948 30.9181
      vertex -63.5198 -31.5074 28.05
      vertex -62.6768 -31.9004 30.879
    endloop
  endfacet
  facet normal -0.421905 -0.90664 -0.000254893
    outer loop
      vertex -62.6602 -31.9082 30.8421
      vertex -63.5198 -31.5074 28.05
      vertex -62.6191 -31.9273 30.75
    endloop
  endfacet
  facet normal -0.422513 -0.906357 -8.2084e-06
    outer loop
      vertex -63.5198 -31.5074 28.05
      vertex -62.5674 -31.9514 30.6647
      vertex -62.6191 -31.9273 30.75
    endloop
  endfacet
  facet normal -0.422603 -0.906315 3.20661e-05
    outer loop
      vertex -63.5198 -31.5074 28.05
      vertex -62.5466 -31.9611 30.6304
      vertex -62.5674 -31.9514 30.6647
    endloop
  endfacet
  facet normal -0.422996 -0.906132 0.000209099
    outer loop
      vertex -62.522 -31.9726 30.5994
      vertex -63.5198 -31.5074 28.05
      vertex -62.4764 -31.9939 30.5421
    endloop
  endfacet
  facet normal -0.422586 -0.906323 -0
    outer loop
      vertex -62.4764 -31.9939 30.5421
      vertex -63.5198 -31.5074 28.05
      vertex -62.4764 -31.9939 28.05
    endloop
  endfacet
  facet normal -0.422586 -0.906323 0
    outer loop
      vertex -63.5198 -31.5074 7.05
      vertex -62.4764 -31.9939 4.55795
      vertex -62.4764 -31.9939 7.05
    endloop
  endfacet
  facet normal -0.422996 -0.906132 -0.000209102
    outer loop
      vertex -63.5198 -31.5074 7.05
      vertex -62.522 -31.9726 4.50065
      vertex -62.4764 -31.9939 4.55795
    endloop
  endfacet
  facet normal -0.423182 -0.906045 -0.000297772
    outer loop
      vertex -63.5198 -31.5074 7.05
      vertex -62.5466 -31.9611 4.46964
      vertex -62.522 -31.9726 4.50065
    endloop
  endfacet
  facet normal -0.422603 -0.906315 -3.20664e-05
    outer loop
      vertex -63.5198 -31.5074 7.05
      vertex -62.5674 -31.9514 4.43534
      vertex -62.5466 -31.9611 4.46964
    endloop
  endfacet
  facet normal -0.422513 -0.906357 8.20703e-06
    outer loop
      vertex -63.5198 -31.5074 7.05
      vertex -62.6191 -31.9273 4.35
      vertex -62.5674 -31.9514 4.43534
    endloop
  endfacet
  facet normal -0.421905 -0.90664 0.00025494
    outer loop
      vertex -63.5198 -31.5074 7.05
      vertex -62.6602 -31.9082 4.25794
      vertex -62.6191 -31.9273 4.35
    endloop
  endfacet
  facet normal -0.42418 -0.905578 -0.000597964
    outer loop
      vertex -63.5198 -31.5074 7.05
      vertex -62.6768 -31.9004 4.22095
      vertex -62.6602 -31.9082 4.25794
    endloop
  endfacet
  facet normal -0.422712 -0.906264 -6.50548e-05
    outer loop
      vertex -63.5198 -31.5074 7.05
      vertex -62.6888 -31.8948 4.1819
      vertex -62.6768 -31.9004 4.22095
    endloop
  endfacet
  facet normal -0.422028 -0.906583 0.000176167
    outer loop
      vertex -63.5198 -31.5074 7.05
      vertex -62.7187 -31.8809 4.0847
      vertex -62.6888 -31.8948 4.1819
    endloop
  endfacet
  facet normal -0.423568 -0.905864 -0.000330463
    outer loop
      vertex -63.5198 -31.5074 7.05
      vertex -62.7368 -31.8724 3.98403
      vertex -62.7187 -31.8809 4.0847
    endloop
  endfacet
  facet normal -0.422381 -0.906418 3.85682e-05
    outer loop
      vertex -63.5198 -31.5074 7.05
      vertex -62.7441 -31.869 3.94358
      vertex -62.7368 -31.8724 3.98403
    endloop
  endfacet
  facet normal -0.418685 -0.908131 0.00116085
    outer loop
      vertex -63.5198 -31.5074 7.05
      vertex -62.7466 -31.8679 3.90243
      vertex -62.7441 -31.869 3.94358
    endloop
  endfacet
  facet normal -0.422632 -0.906302 -1.81105e-05
    outer loop
      vertex -63.5198 -31.5074 7.05
      vertex -62.7526 -31.8651 3.8
      vertex -62.7466 -31.8679 3.90243
    endloop
  endfacet
  facet normal -0.422569 -0.906331 0
    outer loop
      vertex -63.5198 -31.5074 0
      vertex -62.7526 -31.8651 3.8
      vertex -63.5198 -31.5074 7.05
    endloop
  endfacet
  facet normal -0.42264 -0.906298 1.75209e-05
    outer loop
      vertex -62.7526 -31.8651 3.8
      vertex -63.5198 -31.5074 0
      vertex -62.7466 -31.8679 3.69757
    endloop
  endfacet
  facet normal -0.418157 -0.908374 -0.00112227
    outer loop
      vertex -62.7466 -31.8679 3.69757
      vertex -63.5198 -31.5074 0
      vertex -62.7441 -31.869 3.65642
    endloop
  endfacet
  facet normal -0.422369 -0.906424 -3.59017e-05
    outer loop
      vertex -62.7441 -31.869 3.65642
      vertex -63.5198 -31.5074 0
      vertex -62.7368 -31.8724 3.61597
    endloop
  endfacet
  facet normal -0.421985 -0.906603 -0.000160338
    outer loop
      vertex -63.5198 -31.5074 0
      vertex -62.6888 -31.8948 3.4181
      vertex -62.7187 -31.8809 3.5153
    endloop
  endfacet
  facet normal -0.459481 -0.888115 0.0113386
    outer loop
      vertex -62.6768 -31.9004 3.37905
      vertex -63.5198 -31.5074 0
      vertex -62.6757 -31.901 3.37663
    endloop
  endfacet
  facet normal -0.422727 -0.906257 5.92101e-05
    outer loop
      vertex -62.6888 -31.8948 3.4181
      vertex -63.5198 -31.5074 0
      vertex -62.6768 -31.9004 3.37905
    endloop
  endfacet
  facet normal -0.423672 -0.905816 0.000307644
    outer loop
      vertex -62.7368 -31.8724 3.61597
      vertex -63.5198 -31.5074 0
      vertex -62.7187 -31.8809 3.5153
    endloop
  endfacet
  facet normal -0.42162 -0.906772 0
    outer loop
      vertex -62.4764 -31.9939 28.05
      vertex -62.4607 -32.0012 30.5222
      vertex -62.4764 -31.9939 30.5421
    endloop
  endfacet
  facet normal -0.422485 -0.90637 6.67796e-06
    outer loop
      vertex -62.4764 -31.9939 28.05
      vertex -62.4356 -32.0129 30.4979
      vertex -62.4607 -32.0012 30.5222
    endloop
  endfacet
  facet normal -0.422156 -0.906523 -0
    outer loop
      vertex -62.4356 -32.0129 30.4979
      vertex -62.4764 -31.9939 28.05
      vertex -62.4356 -32.0129 28.05
    endloop
  endfacet
  facet normal -0.422156 -0.906523 0
    outer loop
      vertex -62.4764 -31.9939 7.05
      vertex -62.4356 -32.0129 4.6021
      vertex -62.4356 -32.0129 7.05
    endloop
  endfacet
  facet normal -0.422485 -0.90637 -6.67805e-06
    outer loop
      vertex -62.4764 -31.9939 7.05
      vertex -62.4607 -32.0012 4.57782
      vertex -62.4356 -32.0129 4.6021
    endloop
  endfacet
  facet normal -0.42162 -0.906772 0
    outer loop
      vertex -62.4607 -32.0012 4.57782
      vertex -62.4764 -31.9939 7.05
      vertex -62.4764 -31.9939 4.55795
    endloop
  endfacet
  facet normal -0.422683 -0.906277 -0.000313123
    outer loop
      vertex -62.0045 -32.2139 34.3384
      vertex -62.0038 -32.2143 34.5512
      vertex -63.5198 -31.5074 35
    endloop
  endfacet
  facet normal -0.422602 -0.906315 2.25505e-05
    outer loop
      vertex -62.0038 -32.2143 34.5512
      vertex -62.004 -32.2142 34.8222
      vertex -63.5198 -31.5074 35
    endloop
  endfacet
  facet normal -0.382703 0.923871 0
    outer loop
      vertex -12.1838 -22.5761 0
      vertex -14.6447 -23.5955 35
      vertex -12.1838 -22.5761 35
    endloop
  endfacet
  facet normal -0.382703 0.923871 0
    outer loop
      vertex -14.6447 -23.5955 35
      vertex -12.1838 -22.5761 0
      vertex -14.6447 -23.5955 0
    endloop
  endfacet
  facet normal 0 1 -0
    outer loop
      vertex -1 -3.5 3.5
      vertex -3 -3.5 20.6
      vertex -1 -3.5 20.6
    endloop
  endfacet
  facet normal 0 1 0
    outer loop
      vertex -3 -3.5 20.6
      vertex -1 -3.5 3.5
      vertex -3 -3.5 3.5
    endloop
  endfacet
  facet normal 0 0.997577 -0.0695719
    outer loop
      vertex 2 -16.7165 6.06341
      vertex 0 -16.7 6.3
      vertex 2 -16.7 6.3
    endloop
  endfacet
  facet normal 0 0.997577 -0.0695719
    outer loop
      vertex 0 -16.7 6.3
      vertex 2 -16.7165 6.06341
      vertex 0 -16.7165 6.06341
    endloop
  endfacet
  facet normal 0 0.997577 0.0695719
    outer loop
      vertex 2 -16.7 6.3
      vertex 0 -16.7165 6.53659
      vertex 2 -16.7165 6.53659
    endloop
  endfacet
  facet normal 0 0.997577 0.0695719
    outer loop
      vertex 0 -16.7165 6.53659
      vertex 2 -16.7 6.3
      vertex 0 -16.7 6.3
    endloop
  endfacet
  facet normal 0 0.978071 -0.208271
    outer loop
      vertex 2 -16.7659 5.83142
      vertex 0 -16.7165 6.06341
      vertex 2 -16.7165 6.06341
    endloop
  endfacet
  facet normal 0 0.978071 -0.208271
    outer loop
      vertex 0 -16.7165 6.06341
      vertex 2 -16.7659 5.83142
      vertex 0 -16.7659 5.83142
    endloop
  endfacet
  facet normal 0 0.939717 -0.341953
    outer loop
      vertex 2 -16.847 5.60855
      vertex 0 -16.7659 5.83142
      vertex 2 -16.7659 5.83142
    endloop
  endfacet
  facet normal 0 0.939717 -0.341953
    outer loop
      vertex 0 -16.7659 5.83142
      vertex 2 -16.847 5.60855
      vertex 0 -16.847 5.60855
    endloop
  endfacet
  facet normal 0 0.883027 -0.469323
    outer loop
      vertex 2 -16.9583 5.39914
      vertex 0 -16.847 5.60855
      vertex 2 -16.847 5.60855
    endloop
  endfacet
  facet normal 0 0.883027 -0.469323
    outer loop
      vertex 0 -16.847 5.60855
      vertex 2 -16.9583 5.39914
      vertex 0 -16.9583 5.39914
    endloop
  endfacet
  facet normal 0 0.809035 -0.58776
    outer loop
      vertex 2 -17.0977 5.20726
      vertex 0 -16.9583 5.39914
      vertex 2 -16.9583 5.39914
    endloop
  endfacet
  facet normal 0 0.809035 -0.58776
    outer loop
      vertex 0 -16.9583 5.39914
      vertex 2 -17.0977 5.20726
      vertex 0 -17.0977 5.20726
    endloop
  endfacet
  facet normal 0 0.719247 -0.694754
    outer loop
      vertex 2 -17.2625 5.03665
      vertex 0 -17.0977 5.20726
      vertex 2 -17.0977 5.20726
    endloop
  endfacet
  facet normal 0 0.719247 -0.694754
    outer loop
      vertex 0 -17.0977 5.20726
      vertex 2 -17.2625 5.03665
      vertex 0 -17.2625 5.03665
    endloop
  endfacet
  facet normal 0 0.615629 -0.788036
    outer loop
      vertex 0 -17.4494 4.89064
      vertex 2 -17.2625 5.03665
      vertex 2 -17.4494 4.89064
    endloop
  endfacet
  facet normal 0 0.615629 -0.788036
    outer loop
      vertex 2 -17.2625 5.03665
      vertex 0 -17.4494 4.89064
      vertex 0 -17.2625 5.03665
    endloop
  endfacet
  facet normal 0 0.500007 -0.866021
    outer loop
      vertex 0 -17.6548 4.77205
      vertex 2 -17.4494 4.89064
      vertex 2 -17.6548 4.77205
    endloop
  endfacet
  facet normal 0 0.500007 -0.866021
    outer loop
      vertex 2 -17.4494 4.89064
      vertex 0 -17.6548 4.77205
      vertex 0 -17.4494 4.89064
    endloop
  endfacet
  facet normal 0 0.374623 -0.927177
    outer loop
      vertex 0 -17.8747 4.6832
      vertex 2 -17.6548 4.77205
      vertex 2 -17.8747 4.6832
    endloop
  endfacet
  facet normal 0 0.374623 -0.927177
    outer loop
      vertex 2 -17.6548 4.77205
      vertex 0 -17.8747 4.6832
      vertex 0 -17.6548 4.77205
    endloop
  endfacet
  facet normal 0 0.24192 -0.970296
    outer loop
      vertex 0 -18.1048 4.62583
      vertex 2 -17.8747 4.6832
      vertex 2 -18.1048 4.62583
    endloop
  endfacet
  facet normal 0 0.24192 -0.970296
    outer loop
      vertex 2 -17.8747 4.6832
      vertex 0 -18.1048 4.62583
      vertex 0 -17.8747 4.6832
    endloop
  endfacet
  facet normal 0 0.104511 -0.994524
    outer loop
      vertex 0 -18.3407 4.60104
      vertex 2 -18.1048 4.62583
      vertex 2 -18.3407 4.60104
    endloop
  endfacet
  facet normal 0 0.104511 -0.994524
    outer loop
      vertex 2 -18.1048 4.62583
      vertex 0 -18.3407 4.60104
      vertex 0 -18.1048 4.62583
    endloop
  endfacet
  facet normal 0 -0.0348733 -0.999392
    outer loop
      vertex 0 -18.5777 4.60931
      vertex 2 -18.3407 4.60104
      vertex 2 -18.5777 4.60931
    endloop
  endfacet
  facet normal -0 -0.0348733 -0.999392
    outer loop
      vertex 2 -18.3407 4.60104
      vertex 0 -18.5777 4.60931
      vertex 0 -18.3407 4.60104
    endloop
  endfacet
  facet normal 0 -0.173648 -0.984808
    outer loop
      vertex 0 -18.8113 4.6505
      vertex 2 -18.5777 4.60931
      vertex 2 -18.8113 4.6505
    endloop
  endfacet
  facet normal -0 -0.173648 -0.984808
    outer loop
      vertex 2 -18.5777 4.60931
      vertex 0 -18.8113 4.6505
      vertex 0 -18.5777 4.60931
    endloop
  endfacet
  facet normal 0 -0.309096 -0.951031
    outer loop
      vertex 0 -19.0368 4.72379
      vertex 2 -18.8113 4.6505
      vertex 2 -19.0368 4.72379
    endloop
  endfacet
  facet normal -0 -0.309096 -0.951031
    outer loop
      vertex 2 -18.8113 4.6505
      vertex 0 -19.0368 4.72379
      vertex 0 -18.8113 4.6505
    endloop
  endfacet
  facet normal 0 -0.438321 -0.898818
    outer loop
      vertex 0 -19.25 4.82776
      vertex 2 -19.0368 4.72379
      vertex 2 -19.25 4.82776
    endloop
  endfacet
  facet normal -0 -0.438321 -0.898818
    outer loop
      vertex 2 -19.0368 4.72379
      vertex 0 -19.25 4.82776
      vertex 0 -19.0368 4.72379
    endloop
  endfacet
  facet normal 0 -0.559227 -0.829015
    outer loop
      vertex 0 -19.4466 4.96038
      vertex 2 -19.25 4.82776
      vertex 2 -19.4466 4.96038
    endloop
  endfacet
  facet normal -0 -0.559227 -0.829015
    outer loop
      vertex 2 -19.25 4.82776
      vertex 0 -19.4466 4.96038
      vertex 0 -19.25 4.82776
    endloop
  endfacet
  facet normal 0 -0.669035 -0.743231
    outer loop
      vertex 0 -19.6229 5.11908
      vertex 2 -19.4466 4.96038
      vertex 2 -19.6229 5.11908
    endloop
  endfacet
  facet normal -0 -0.669035 -0.743231
    outer loop
      vertex 2 -19.4466 4.96038
      vertex 0 -19.6229 5.11908
      vertex 0 -19.4466 4.96038
    endloop
  endfacet
  facet normal 0 -0.766161 -0.642649
    outer loop
      vertex 0 -19.6229 5.11908
      vertex 2 -19.7753 5.30077
      vertex 0 -19.7753 5.30077
    endloop
  endfacet
  facet normal 0 -0.766161 -0.642649
    outer loop
      vertex 2 -19.7753 5.30077
      vertex 0 -19.6229 5.11908
      vertex 2 -19.6229 5.11908
    endloop
  endfacet
  facet normal 0 -0.84801 -0.52998
    outer loop
      vertex 0 -19.7753 5.30077
      vertex 2 -19.901 5.5019
      vertex 0 -19.901 5.5019
    endloop
  endfacet
  facet normal 0 -0.84801 -0.52998
    outer loop
      vertex 2 -19.901 5.5019
      vertex 0 -19.7753 5.30077
      vertex 2 -19.7753 5.30077
    endloop
  endfacet
  facet normal 0 -0.913495 -0.40685
    outer loop
      vertex 0 -19.901 5.5019
      vertex 2 -19.9975 5.71857
      vertex 0 -19.9975 5.71857
    endloop
  endfacet
  facet normal 0 -0.913495 -0.40685
    outer loop
      vertex 2 -19.9975 5.71857
      vertex 0 -19.901 5.5019
      vertex 2 -19.901 5.5019
    endloop
  endfacet
  facet normal 0 -0.961231 -0.275746
    outer loop
      vertex 0 -19.9975 5.71857
      vertex 2 -20.0629 5.94655
      vertex 0 -20.0629 5.94655
    endloop
  endfacet
  facet normal 0 -0.961231 -0.275746
    outer loop
      vertex 2 -20.0629 5.94655
      vertex 0 -19.9975 5.71857
      vertex 2 -19.9975 5.71857
    endloop
  endfacet
  facet normal 0 -0.990272 -0.139142
    outer loop
      vertex 0 -20.0629 5.94655
      vertex 2 -20.0959 6.18141
      vertex 0 -20.0959 6.18141
    endloop
  endfacet
  facet normal 0 -0.990272 -0.139142
    outer loop
      vertex 2 -20.0959 6.18141
      vertex 0 -20.0629 5.94655
      vertex 2 -20.0629 5.94655
    endloop
  endfacet
  facet normal 0 -1 0
    outer loop
      vertex 0 -20.0959 6.18141
      vertex 2 -20.0959 6.41859
      vertex 0 -20.0959 6.41859
    endloop
  endfacet
  facet normal 0 -1 -0
    outer loop
      vertex 2 -20.0959 6.41859
      vertex 0 -20.0959 6.18141
      vertex 2 -20.0959 6.18141
    endloop
  endfacet
  facet normal 0 -0.990272 0.139142
    outer loop
      vertex 0 -20.0959 6.41859
      vertex 2 -20.0629 6.65345
      vertex 0 -20.0629 6.65345
    endloop
  endfacet
  facet normal 0 -0.990272 0.139142
    outer loop
      vertex 2 -20.0629 6.65345
      vertex 0 -20.0959 6.41859
      vertex 2 -20.0959 6.41859
    endloop
  endfacet
  facet normal 0 -0.961231 0.275746
    outer loop
      vertex 0 -20.0629 6.65345
      vertex 2 -19.9975 6.88143
      vertex 0 -19.9975 6.88143
    endloop
  endfacet
  facet normal 0 -0.961231 0.275746
    outer loop
      vertex 2 -19.9975 6.88143
      vertex 0 -20.0629 6.65345
      vertex 2 -20.0629 6.65345
    endloop
  endfacet
  facet normal 0 -0.913495 0.40685
    outer loop
      vertex 0 -19.9975 6.88143
      vertex 2 -19.901 7.0981
      vertex 0 -19.901 7.0981
    endloop
  endfacet
  facet normal 0 -0.913495 0.40685
    outer loop
      vertex 2 -19.901 7.0981
      vertex 0 -19.9975 6.88143
      vertex 2 -19.9975 6.88143
    endloop
  endfacet
  facet normal 0 -0.84801 0.52998
    outer loop
      vertex 0 -19.901 7.0981
      vertex 2 -19.7753 7.29923
      vertex 0 -19.7753 7.29923
    endloop
  endfacet
  facet normal 0 -0.84801 0.52998
    outer loop
      vertex 2 -19.7753 7.29923
      vertex 0 -19.901 7.0981
      vertex 2 -19.901 7.0981
    endloop
  endfacet
  facet normal 0 -0.766161 0.642649
    outer loop
      vertex 0 -19.7753 7.29923
      vertex 2 -19.6229 7.48092
      vertex 0 -19.6229 7.48092
    endloop
  endfacet
  facet normal 0 -0.766161 0.642649
    outer loop
      vertex 2 -19.6229 7.48092
      vertex 0 -19.7753 7.29923
      vertex 2 -19.7753 7.29923
    endloop
  endfacet
  facet normal 0 -0.669035 0.743231
    outer loop
      vertex 0 -19.4466 7.63962
      vertex 2 -19.6229 7.48092
      vertex 2 -19.4466 7.63962
    endloop
  endfacet
  facet normal 0 -0.669035 0.743231
    outer loop
      vertex 2 -19.6229 7.48092
      vertex 0 -19.4466 7.63962
      vertex 0 -19.6229 7.48092
    endloop
  endfacet
  facet normal 0 -0.559227 0.829015
    outer loop
      vertex 0 -19.25 7.77224
      vertex 2 -19.4466 7.63962
      vertex 2 -19.25 7.77224
    endloop
  endfacet
  facet normal 0 -0.559227 0.829015
    outer loop
      vertex 2 -19.4466 7.63962
      vertex 0 -19.25 7.77224
      vertex 0 -19.4466 7.63962
    endloop
  endfacet
  facet normal 0 -0.438321 0.898818
    outer loop
      vertex 0 -19.0368 7.87621
      vertex 2 -19.25 7.77224
      vertex 2 -19.0368 7.87621
    endloop
  endfacet
  facet normal 0 -0.438321 0.898818
    outer loop
      vertex 2 -19.25 7.77224
      vertex 0 -19.0368 7.87621
      vertex 0 -19.25 7.77224
    endloop
  endfacet
  facet normal 0 -0.309096 0.951031
    outer loop
      vertex 0 -18.8113 7.9495
      vertex 2 -19.0368 7.87621
      vertex 2 -18.8113 7.9495
    endloop
  endfacet
  facet normal 0 -0.309096 0.951031
    outer loop
      vertex 2 -19.0368 7.87621
      vertex 0 -18.8113 7.9495
      vertex 0 -19.0368 7.87621
    endloop
  endfacet
  facet normal 0 -0.173648 0.984808
    outer loop
      vertex 0 -18.5777 7.99069
      vertex 2 -18.8113 7.9495
      vertex 2 -18.5777 7.99069
    endloop
  endfacet
  facet normal 0 -0.173648 0.984808
    outer loop
      vertex 2 -18.8113 7.9495
      vertex 0 -18.5777 7.99069
      vertex 0 -18.8113 7.9495
    endloop
  endfacet
  facet normal 0 -0.0348733 0.999392
    outer loop
      vertex 0 -18.3407 7.99896
      vertex 2 -18.5777 7.99069
      vertex 2 -18.3407 7.99896
    endloop
  endfacet
  facet normal 0 -0.0348733 0.999392
    outer loop
      vertex 2 -18.5777 7.99069
      vertex 0 -18.3407 7.99896
      vertex 0 -18.5777 7.99069
    endloop
  endfacet
  facet normal -0 0.104511 0.994524
    outer loop
      vertex 0 -18.1048 7.97417
      vertex 2 -18.3407 7.99896
      vertex 2 -18.1048 7.97417
    endloop
  endfacet
  facet normal 0 0.104511 0.994524
    outer loop
      vertex 2 -18.3407 7.99896
      vertex 0 -18.1048 7.97417
      vertex 0 -18.3407 7.99896
    endloop
  endfacet
  facet normal -0 0.24192 0.970296
    outer loop
      vertex 0 -17.8747 7.9168
      vertex 2 -18.1048 7.97417
      vertex 2 -17.8747 7.9168
    endloop
  endfacet
  facet normal 0 0.24192 0.970296
    outer loop
      vertex 2 -18.1048 7.97417
      vertex 0 -17.8747 7.9168
      vertex 0 -18.1048 7.97417
    endloop
  endfacet
  facet normal -0 0.374623 0.927177
    outer loop
      vertex 0 -17.6548 7.82795
      vertex 2 -17.8747 7.9168
      vertex 2 -17.6548 7.82795
    endloop
  endfacet
  facet normal 0 0.374623 0.927177
    outer loop
      vertex 2 -17.8747 7.9168
      vertex 0 -17.6548 7.82795
      vertex 0 -17.8747 7.9168
    endloop
  endfacet
  facet normal -0 0.500007 0.866021
    outer loop
      vertex 0 -17.4494 7.70936
      vertex 2 -17.6548 7.82795
      vertex 2 -17.4494 7.70936
    endloop
  endfacet
  facet normal 0 0.500007 0.866021
    outer loop
      vertex 2 -17.6548 7.82795
      vertex 0 -17.4494 7.70936
      vertex 0 -17.6548 7.82795
    endloop
  endfacet
  facet normal -0 0.615629 0.788036
    outer loop
      vertex 0 -17.2625 7.56335
      vertex 2 -17.4494 7.70936
      vertex 2 -17.2625 7.56335
    endloop
  endfacet
  facet normal 0 0.615629 0.788036
    outer loop
      vertex 2 -17.4494 7.70936
      vertex 0 -17.2625 7.56335
      vertex 0 -17.4494 7.70936
    endloop
  endfacet
  facet normal 0 0.719247 0.694754
    outer loop
      vertex 2 -17.0977 7.39274
      vertex 0 -17.2625 7.56335
      vertex 2 -17.2625 7.56335
    endloop
  endfacet
  facet normal 0 0.719247 0.694754
    outer loop
      vertex 0 -17.2625 7.56335
      vertex 2 -17.0977 7.39274
      vertex 0 -17.0977 7.39274
    endloop
  endfacet
  facet normal 0 0.809035 0.58776
    outer loop
      vertex 2 -16.9583 7.20086
      vertex 0 -17.0977 7.39274
      vertex 2 -17.0977 7.39274
    endloop
  endfacet
  facet normal 0 0.809035 0.58776
    outer loop
      vertex 0 -17.0977 7.39274
      vertex 2 -16.9583 7.20086
      vertex 0 -16.9583 7.20086
    endloop
  endfacet
  facet normal 0 0.883027 0.469323
    outer loop
      vertex 2 -16.847 6.99145
      vertex 0 -16.9583 7.20086
      vertex 2 -16.9583 7.20086
    endloop
  endfacet
  facet normal 0 0.883027 0.469323
    outer loop
      vertex 0 -16.9583 7.20086
      vertex 2 -16.847 6.99145
      vertex 0 -16.847 6.99145
    endloop
  endfacet
  facet normal 0 0.939717 0.341953
    outer loop
      vertex 2 -16.7659 6.76858
      vertex 0 -16.847 6.99145
      vertex 2 -16.847 6.99145
    endloop
  endfacet
  facet normal 0 0.939717 0.341953
    outer loop
      vertex 0 -16.847 6.99145
      vertex 2 -16.7659 6.76858
      vertex 0 -16.7659 6.76858
    endloop
  endfacet
  facet normal 0 0.978071 0.208271
    outer loop
      vertex 2 -16.7165 6.53659
      vertex 0 -16.7659 6.76858
      vertex 2 -16.7659 6.76858
    endloop
  endfacet
  facet normal 0 0.978071 0.208271
    outer loop
      vertex 0 -16.7659 6.76858
      vertex 2 -16.7165 6.53659
      vertex 0 -16.7165 6.53659
    endloop
  endfacet
  facet normal 1 0 0
    outer loop
      vertex 2 -16.7165 6.53659
      vertex 2 -16.7165 6.06341
      vertex 2 -16.7 6.3
    endloop
  endfacet
  facet normal 1 0 0
    outer loop
      vertex 2 -16.7659 6.76858
      vertex 2 -16.7165 6.06341
      vertex 2 -16.7165 6.53659
    endloop
  endfacet
  facet normal 1 0 0
    outer loop
      vertex 2 -16.7659 6.76858
      vertex 2 -16.7659 5.83142
      vertex 2 -16.7165 6.06341
    endloop
  endfacet
  facet normal 1 0 0
    outer loop
      vertex 2 -16.847 6.99145
      vertex 2 -16.7659 5.83142
      vertex 2 -16.7659 6.76858
    endloop
  endfacet
  facet normal 1 0 0
    outer loop
      vertex 2 -16.847 6.99145
      vertex 2 -16.847 5.60855
      vertex 2 -16.7659 5.83142
    endloop
  endfacet
  facet normal 1 0 0
    outer loop
      vertex 2 -16.9583 7.20086
      vertex 2 -16.847 5.60855
      vertex 2 -16.847 6.99145
    endloop
  endfacet
  facet normal 1 0 0
    outer loop
      vertex 2 -16.9583 7.20086
      vertex 2 -16.9583 5.39914
      vertex 2 -16.847 5.60855
    endloop
  endfacet
  facet normal 1 0 0
    outer loop
      vertex 2 -17.0977 7.39274
      vertex 2 -16.9583 5.39914
      vertex 2 -16.9583 7.20086
    endloop
  endfacet
  facet normal 1 0 0
    outer loop
      vertex 2 -17.0977 7.39274
      vertex 2 -17.0977 5.20726
      vertex 2 -16.9583 5.39914
    endloop
  endfacet
  facet normal 1 0 0
    outer loop
      vertex 2 -17.2625 7.56335
      vertex 2 -17.0977 5.20726
      vertex 2 -17.0977 7.39274
    endloop
  endfacet
  facet normal 1 0 0
    outer loop
      vertex 2 -17.2625 7.56335
      vertex 2 -17.2625 5.03665
      vertex 2 -17.0977 5.20726
    endloop
  endfacet
  facet normal 1 0 0
    outer loop
      vertex 2 -17.4494 7.70936
      vertex 2 -17.2625 5.03665
      vertex 2 -17.2625 7.56335
    endloop
  endfacet
  facet normal 1 0 0
    outer loop
      vertex 2 -17.4494 7.70936
      vertex 2 -17.4494 4.89064
      vertex 2 -17.2625 5.03665
    endloop
  endfacet
  facet normal 1 0 0
    outer loop
      vertex 2 -17.6548 7.82795
      vertex 2 -17.4494 4.89064
      vertex 2 -17.4494 7.70936
    endloop
  endfacet
  facet normal 1 0 0
    outer loop
      vertex 2 -17.6548 7.82795
      vertex 2 -17.6548 4.77205
      vertex 2 -17.4494 4.89064
    endloop
  endfacet
  facet normal 1 0 0
    outer loop
      vertex 2 -17.8747 7.9168
      vertex 2 -17.6548 4.77205
      vertex 2 -17.6548 7.82795
    endloop
  endfacet
  facet normal 1 0 0
    outer loop
      vertex 2 -17.8747 7.9168
      vertex 2 -17.8747 4.6832
      vertex 2 -17.6548 4.77205
    endloop
  endfacet
  facet normal 1 0 0
    outer loop
      vertex 2 -18.1048 7.97417
      vertex 2 -17.8747 4.6832
      vertex 2 -17.8747 7.9168
    endloop
  endfacet
  facet normal 1 0 0
    outer loop
      vertex 2 -18.1048 7.97417
      vertex 2 -18.1048 4.62583
      vertex 2 -17.8747 4.6832
    endloop
  endfacet
  facet normal 1 0 0
    outer loop
      vertex 2 -18.3407 7.99896
      vertex 2 -18.1048 4.62583
      vertex 2 -18.1048 7.97417
    endloop
  endfacet
  facet normal 1 0 0
    outer loop
      vertex 2 -18.3407 7.99896
      vertex 2 -18.3407 4.60104
      vertex 2 -18.1048 4.62583
    endloop
  endfacet
  facet normal 1 -0 0
    outer loop
      vertex 2 -18.5777 7.99069
      vertex 2 -18.3407 4.60104
      vertex 2 -18.3407 7.99896
    endloop
  endfacet
  facet normal 1 0 0
    outer loop
      vertex 2 -18.5777 7.99069
      vertex 2 -18.5777 4.60931
      vertex 2 -18.3407 4.60104
    endloop
  endfacet
  facet normal 1 -0 0
    outer loop
      vertex 2 -18.8113 7.9495
      vertex 2 -18.5777 4.60931
      vertex 2 -18.5777 7.99069
    endloop
  endfacet
  facet normal 1 0 0
    outer loop
      vertex 2 -18.8113 7.9495
      vertex 2 -18.8113 4.6505
      vertex 2 -18.5777 4.60931
    endloop
  endfacet
  facet normal 1 -0 0
    outer loop
      vertex 2 -19.0368 7.87621
      vertex 2 -18.8113 4.6505
      vertex 2 -18.8113 7.9495
    endloop
  endfacet
  facet normal 1 0 0
    outer loop
      vertex 2 -19.0368 7.87621
      vertex 2 -19.0368 4.72379
      vertex 2 -18.8113 4.6505
    endloop
  endfacet
  facet normal 1 -0 0
    outer loop
      vertex 2 -19.25 7.77224
      vertex 2 -19.0368 4.72379
      vertex 2 -19.0368 7.87621
    endloop
  endfacet
  facet normal 1 0 0
    outer loop
      vertex 2 -19.25 7.77224
      vertex 2 -19.25 4.82776
      vertex 2 -19.0368 4.72379
    endloop
  endfacet
  facet normal 1 -0 0
    outer loop
      vertex 2 -19.4466 7.63962
      vertex 2 -19.25 4.82776
      vertex 2 -19.25 7.77224
    endloop
  endfacet
  facet normal 1 0 0
    outer loop
      vertex 2 -19.4466 7.63962
      vertex 2 -19.4466 4.96038
      vertex 2 -19.25 4.82776
    endloop
  endfacet
  facet normal 1 -0 0
    outer loop
      vertex 2 -19.6229 7.48092
      vertex 2 -19.4466 4.96038
      vertex 2 -19.4466 7.63962
    endloop
  endfacet
  facet normal 1 0 0
    outer loop
      vertex 2 -19.6229 7.48092
      vertex 2 -19.6229 5.11908
      vertex 2 -19.4466 4.96038
    endloop
  endfacet
  facet normal 1 -0 0
    outer loop
      vertex 2 -19.7753 7.29923
      vertex 2 -19.6229 5.11908
      vertex 2 -19.6229 7.48092
    endloop
  endfacet
  facet normal 1 0 0
    outer loop
      vertex 2 -19.7753 7.29923
      vertex 2 -19.7753 5.30077
      vertex 2 -19.6229 5.11908
    endloop
  endfacet
  facet normal 1 -0 0
    outer loop
      vertex 2 -19.901 7.0981
      vertex 2 -19.7753 5.30077
      vertex 2 -19.7753 7.29923
    endloop
  endfacet
  facet normal 1 0 0
    outer loop
      vertex 2 -19.901 7.0981
      vertex 2 -19.901 5.5019
      vertex 2 -19.7753 5.30077
    endloop
  endfacet
  facet normal 1 -0 0
    outer loop
      vertex 2 -19.9975 6.88143
      vertex 2 -19.901 5.5019
      vertex 2 -19.901 7.0981
    endloop
  endfacet
  facet normal 1 0 0
    outer loop
      vertex 2 -19.9975 6.88143
      vertex 2 -19.9975 5.71857
      vertex 2 -19.901 5.5019
    endloop
  endfacet
  facet normal 1 -0 0
    outer loop
      vertex 2 -20.0629 6.65345
      vertex 2 -19.9975 5.71857
      vertex 2 -19.9975 6.88143
    endloop
  endfacet
  facet normal 1 0 0
    outer loop
      vertex 2 -20.0629 6.65345
      vertex 2 -20.0629 5.94655
      vertex 2 -19.9975 5.71857
    endloop
  endfacet
  facet normal 1 -0 0
    outer loop
      vertex 2 -20.0959 6.41859
      vertex 2 -20.0629 5.94655
      vertex 2 -20.0629 6.65345
    endloop
  endfacet
  facet normal 1 0 0
    outer loop
      vertex 2 -20.0629 5.94655
      vertex 2 -20.0959 6.41859
      vertex 2 -20.0959 6.18141
    endloop
  endfacet
  facet normal 0 -0.998426 -0.056081
    outer loop
      vertex -4 -5.45 18.1
      vertex -2 -5.46698 18.4023
      vertex -4 -5.46698 18.4023
    endloop
  endfacet
  facet normal 0 -0.998426 -0.056081
    outer loop
      vertex -2 -5.46698 18.4023
      vertex -4 -5.45 18.1
      vertex -2 -5.45 18.1
    endloop
  endfacet
  facet normal 0 -0.998426 0.056081
    outer loop
      vertex -4 -5.46698 17.7977
      vertex -2 -5.45 18.1
      vertex -4 -5.45 18.1
    endloop
  endfacet
  facet normal 0 -0.998426 0.056081
    outer loop
      vertex -2 -5.45 18.1
      vertex -4 -5.46698 17.7977
      vertex -2 -5.46698 17.7977
    endloop
  endfacet
  facet normal 0 -0.985875 0.167483
    outer loop
      vertex -4 -5.51769 17.4992
      vertex -2 -5.46698 17.7977
      vertex -4 -5.46698 17.7977
    endloop
  endfacet
  facet normal 0 -0.985875 0.167483
    outer loop
      vertex -2 -5.46698 17.7977
      vertex -4 -5.51769 17.4992
      vertex -2 -5.51769 17.4992
    endloop
  endfacet
  facet normal 0 -0.960931 0.276788
    outer loop
      vertex -4 -5.60151 17.2082
      vertex -2 -5.51769 17.4992
      vertex -4 -5.51769 17.4992
    endloop
  endfacet
  facet normal 0 -0.960931 0.276788
    outer loop
      vertex -2 -5.51769 17.4992
      vertex -4 -5.60151 17.2082
      vertex -2 -5.60151 17.2082
    endloop
  endfacet
  facet normal 0 -0.923863 0.382724
    outer loop
      vertex -4 -5.71738 16.9285
      vertex -2 -5.60151 17.2082
      vertex -4 -5.60151 17.2082
    endloop
  endfacet
  facet normal 0 -0.923863 0.382724
    outer loop
      vertex -2 -5.60151 17.2082
      vertex -4 -5.71738 16.9285
      vertex -2 -5.71738 16.9285
    endloop
  endfacet
  facet normal 0 -0.875224 0.483718
    outer loop
      vertex -4 -5.86384 16.6635
      vertex -2 -5.71738 16.9285
      vertex -4 -5.71738 16.9285
    endloop
  endfacet
  facet normal 0 -0.875224 0.483718
    outer loop
      vertex -2 -5.71738 16.9285
      vertex -4 -5.86384 16.6635
      vertex -2 -5.86384 16.6635
    endloop
  endfacet
  facet normal 0 -0.815522 0.578726
    outer loop
      vertex -4 -6.03905 16.4166
      vertex -2 -5.86384 16.6635
      vertex -4 -5.86384 16.6635
    endloop
  endfacet
  facet normal 0 -0.815522 0.578726
    outer loop
      vertex -2 -5.86384 16.6635
      vertex -4 -6.03905 16.4166
      vertex -2 -6.03905 16.4166
    endloop
  endfacet
  facet normal 0 -0.745687 0.666297
    outer loop
      vertex -4 -6.24081 16.1908
      vertex -2 -6.03905 16.4166
      vertex -4 -6.03905 16.4166
    endloop
  endfacet
  facet normal 0 -0.745687 0.666297
    outer loop
      vertex -2 -6.03905 16.4166
      vertex -4 -6.24081 16.1908
      vertex -2 -6.24081 16.1908
    endloop
  endfacet
  facet normal 0 -0.666236 0.745741
    outer loop
      vertex -4 -6.24081 16.1908
      vertex -2 -6.46658 15.9891
      vertex -2 -6.24081 16.1908
    endloop
  endfacet
  facet normal 0 -0.666236 0.745741
    outer loop
      vertex -2 -6.46658 15.9891
      vertex -4 -6.24081 16.1908
      vertex -4 -6.46658 15.9891
    endloop
  endfacet
  facet normal 0 -0.578877 0.815415
    outer loop
      vertex -4 -6.46658 15.9891
      vertex -2 -6.71351 15.8138
      vertex -2 -6.46658 15.9891
    endloop
  endfacet
  facet normal 0 -0.578877 0.815415
    outer loop
      vertex -2 -6.71351 15.8138
      vertex -4 -6.46658 15.9891
      vertex -4 -6.71351 15.8138
    endloop
  endfacet
  facet normal 0 -0.483566 0.875308
    outer loop
      vertex -4 -6.71351 15.8138
      vertex -2 -6.97851 15.6674
      vertex -2 -6.71351 15.8138
    endloop
  endfacet
  facet normal 0 -0.483566 0.875308
    outer loop
      vertex -2 -6.97851 15.6674
      vertex -4 -6.71351 15.8138
      vertex -4 -6.97851 15.6674
    endloop
  endfacet
  facet normal 0 -0.382762 0.923847
    outer loop
      vertex -4 -6.97851 15.6674
      vertex -2 -7.25825 15.5515
      vertex -2 -6.97851 15.6674
    endloop
  endfacet
  facet normal 0 -0.382762 0.923847
    outer loop
      vertex -2 -7.25825 15.5515
      vertex -4 -6.97851 15.6674
      vertex -4 -7.25825 15.5515
    endloop
  endfacet
  facet normal 0 -0.276779 0.960933
    outer loop
      vertex -4 -7.25825 15.5515
      vertex -2 -7.54919 15.4677
      vertex -2 -7.25825 15.5515
    endloop
  endfacet
  facet normal 0 -0.276779 0.960933
    outer loop
      vertex -2 -7.54919 15.4677
      vertex -4 -7.25825 15.5515
      vertex -4 -7.54919 15.4677
    endloop
  endfacet
  facet normal 0 -0.167446 0.985881
    outer loop
      vertex -4 -7.54919 15.4677
      vertex -2 -7.8477 15.417
      vertex -2 -7.54919 15.4677
    endloop
  endfacet
  facet normal 0 -0.167446 0.985881
    outer loop
      vertex -2 -7.8477 15.417
      vertex -4 -7.54919 15.4677
      vertex -4 -7.8477 15.417
    endloop
  endfacet
  facet normal 0 -0.0561468 0.998423
    outer loop
      vertex -4 -7.8477 15.417
      vertex -2 -8.15 15.4
      vertex -2 -7.8477 15.417
    endloop
  endfacet
  facet normal 0 -0.0561468 0.998423
    outer loop
      vertex -2 -8.15 15.4
      vertex -4 -7.8477 15.417
      vertex -4 -8.15 15.4
    endloop
  endfacet
  facet normal -0 0.0561468 0.998423
    outer loop
      vertex -4 -8.15 15.4
      vertex -2 -8.4523 15.417
      vertex -2 -8.15 15.4
    endloop
  endfacet
  facet normal 0 0.0561468 0.998423
    outer loop
      vertex -2 -8.4523 15.417
      vertex -4 -8.15 15.4
      vertex -4 -8.4523 15.417
    endloop
  endfacet
  facet normal -0 0.167446 0.985881
    outer loop
      vertex -4 -8.4523 15.417
      vertex -2 -8.75081 15.4677
      vertex -2 -8.4523 15.417
    endloop
  endfacet
  facet normal 0 0.167446 0.985881
    outer loop
      vertex -2 -8.75081 15.4677
      vertex -4 -8.4523 15.417
      vertex -4 -8.75081 15.4677
    endloop
  endfacet
  facet normal -0 0.276779 0.960933
    outer loop
      vertex -4 -8.75081 15.4677
      vertex -2 -9.04175 15.5515
      vertex -2 -8.75081 15.4677
    endloop
  endfacet
  facet normal 0 0.276779 0.960933
    outer loop
      vertex -2 -9.04175 15.5515
      vertex -4 -8.75081 15.4677
      vertex -4 -9.04175 15.5515
    endloop
  endfacet
  facet normal -0 0.382762 0.923847
    outer loop
      vertex -4 -9.04175 15.5515
      vertex -2 -9.32149 15.6674
      vertex -2 -9.04175 15.5515
    endloop
  endfacet
  facet normal 0 0.382762 0.923847
    outer loop
      vertex -2 -9.32149 15.6674
      vertex -4 -9.04175 15.5515
      vertex -4 -9.32149 15.6674
    endloop
  endfacet
  facet normal -0 0.483566 0.875308
    outer loop
      vertex -4 -9.32149 15.6674
      vertex -2 -9.58649 15.8138
      vertex -2 -9.32149 15.6674
    endloop
  endfacet
  facet normal 0 0.483566 0.875308
    outer loop
      vertex -2 -9.58649 15.8138
      vertex -4 -9.32149 15.6674
      vertex -4 -9.58649 15.8138
    endloop
  endfacet
  facet normal -0 0.578877 0.815415
    outer loop
      vertex -4 -9.58649 15.8138
      vertex -2 -9.83342 15.9891
      vertex -2 -9.58649 15.8138
    endloop
  endfacet
  facet normal 0 0.578877 0.815415
    outer loop
      vertex -2 -9.83342 15.9891
      vertex -4 -9.58649 15.8138
      vertex -4 -9.83342 15.9891
    endloop
  endfacet
  facet normal -0 0.666219 0.745756
    outer loop
      vertex -4 -9.83342 15.9891
      vertex -2 -10.0592 16.1908
      vertex -2 -9.83342 15.9891
    endloop
  endfacet
  facet normal 0 0.666219 0.745756
    outer loop
      vertex -2 -10.0592 16.1908
      vertex -4 -9.83342 15.9891
      vertex -4 -10.0592 16.1908
    endloop
  endfacet
  facet normal 0 0.745785 0.666186
    outer loop
      vertex -2 -10.0592 16.1908
      vertex -4 -10.2609 16.4166
      vertex -2 -10.2609 16.4166
    endloop
  endfacet
  facet normal 0 0.745785 0.666186
    outer loop
      vertex -4 -10.2609 16.4166
      vertex -2 -10.0592 16.1908
      vertex -4 -10.0592 16.1908
    endloop
  endfacet
  facet normal 0 0.815381 0.578924
    outer loop
      vertex -2 -10.2609 16.4166
      vertex -4 -10.4362 16.6635
      vertex -2 -10.4362 16.6635
    endloop
  endfacet
  facet normal 0 0.815381 0.578924
    outer loop
      vertex -4 -10.4362 16.6635
      vertex -2 -10.2609 16.4166
      vertex -4 -10.2609 16.4166
    endloop
  endfacet
  facet normal 0 0.875308 0.483566
    outer loop
      vertex -2 -10.4362 16.6635
      vertex -4 -10.5826 16.9285
      vertex -2 -10.5826 16.9285
    endloop
  endfacet
  facet normal 0 0.875308 0.483566
    outer loop
      vertex -4 -10.5826 16.9285
      vertex -2 -10.4362 16.6635
      vertex -4 -10.4362 16.6635
    endloop
  endfacet
  facet normal 0 0.923828 0.382809
    outer loop
      vertex -2 -10.5826 16.9285
      vertex -4 -10.6985 17.2082
      vertex -2 -10.6985 17.2082
    endloop
  endfacet
  facet normal 0 0.923828 0.382809
    outer loop
      vertex -4 -10.6985 17.2082
      vertex -2 -10.5826 16.9285
      vertex -4 -10.5826 16.9285
    endloop
  endfacet
  facet normal 0 0.960949 0.276727
    outer loop
      vertex -2 -10.6985 17.2082
      vertex -4 -10.7823 17.4992
      vertex -2 -10.7823 17.4992
    endloop
  endfacet
  facet normal 0 0.960949 0.276727
    outer loop
      vertex -4 -10.7823 17.4992
      vertex -2 -10.6985 17.2082
      vertex -4 -10.6985 17.2082
    endloop
  endfacet
  facet normal 0 0.98588 0.167451
    outer loop
      vertex -2 -10.7823 17.4992
      vertex -4 -10.833 17.7977
      vertex -2 -10.833 17.7977
    endloop
  endfacet
  facet normal 0 0.98588 0.167451
    outer loop
      vertex -4 -10.833 17.7977
      vertex -2 -10.7823 17.4992
      vertex -4 -10.7823 17.4992
    endloop
  endfacet
  facet normal 0 0.998423 0.0561468
    outer loop
      vertex -2 -10.833 17.7977
      vertex -4 -10.85 18.1
      vertex -2 -10.85 18.1
    endloop
  endfacet
  facet normal 0 0.998423 0.0561468
    outer loop
      vertex -4 -10.85 18.1
      vertex -2 -10.833 17.7977
      vertex -4 -10.833 17.7977
    endloop
  endfacet
  facet normal 0 0.998423 -0.0561468
    outer loop
      vertex -2 -10.85 18.1
      vertex -4 -10.833 18.4023
      vertex -2 -10.833 18.4023
    endloop
  endfacet
  facet normal 0 0.998423 -0.0561468
    outer loop
      vertex -4 -10.833 18.4023
      vertex -2 -10.85 18.1
      vertex -4 -10.85 18.1
    endloop
  endfacet
  facet normal 0 0.98588 -0.167451
    outer loop
      vertex -2 -10.833 18.4023
      vertex -4 -10.7823 18.7008
      vertex -2 -10.7823 18.7008
    endloop
  endfacet
  facet normal 0 0.98588 -0.167451
    outer loop
      vertex -4 -10.7823 18.7008
      vertex -2 -10.833 18.4023
      vertex -4 -10.833 18.4023
    endloop
  endfacet
  facet normal 0 0.960949 -0.276727
    outer loop
      vertex -2 -10.7823 18.7008
      vertex -4 -10.6985 18.9918
      vertex -2 -10.6985 18.9918
    endloop
  endfacet
  facet normal 0 0.960949 -0.276727
    outer loop
      vertex -4 -10.6985 18.9918
      vertex -2 -10.7823 18.7008
      vertex -4 -10.7823 18.7008
    endloop
  endfacet
  facet normal 0 0.923828 -0.382809
    outer loop
      vertex -2 -10.6985 18.9918
      vertex -4 -10.5826 19.2715
      vertex -2 -10.5826 19.2715
    endloop
  endfacet
  facet normal 0 0.923828 -0.382809
    outer loop
      vertex -4 -10.5826 19.2715
      vertex -2 -10.6985 18.9918
      vertex -4 -10.6985 18.9918
    endloop
  endfacet
  facet normal 0 0.875308 -0.483566
    outer loop
      vertex -2 -10.5826 19.2715
      vertex -4 -10.4362 19.5365
      vertex -2 -10.4362 19.5365
    endloop
  endfacet
  facet normal 0 0.875308 -0.483566
    outer loop
      vertex -4 -10.4362 19.5365
      vertex -2 -10.5826 19.2715
      vertex -4 -10.5826 19.2715
    endloop
  endfacet
  facet normal 0 0.815381 -0.578924
    outer loop
      vertex -2 -10.4362 19.5365
      vertex -4 -10.2609 19.7834
      vertex -2 -10.2609 19.7834
    endloop
  endfacet
  facet normal 0 0.815381 -0.578924
    outer loop
      vertex -4 -10.2609 19.7834
      vertex -2 -10.4362 19.5365
      vertex -4 -10.4362 19.5365
    endloop
  endfacet
  facet normal 0 0.745785 -0.666186
    outer loop
      vertex -2 -10.2609 19.7834
      vertex -4 -10.0592 20.0092
      vertex -2 -10.0592 20.0092
    endloop
  endfacet
  facet normal 0 0.745785 -0.666186
    outer loop
      vertex -4 -10.0592 20.0092
      vertex -2 -10.2609 19.7834
      vertex -4 -10.2609 19.7834
    endloop
  endfacet
  facet normal 0 0.666219 -0.745756
    outer loop
      vertex -4 -10.0592 20.0092
      vertex -2 -9.83342 20.2109
      vertex -2 -10.0592 20.0092
    endloop
  endfacet
  facet normal 0 0.666219 -0.745756
    outer loop
      vertex -2 -9.83342 20.2109
      vertex -4 -10.0592 20.0092
      vertex -4 -9.83342 20.2109
    endloop
  endfacet
  facet normal 0 0.578877 -0.815415
    outer loop
      vertex -4 -9.83342 20.2109
      vertex -2 -9.58649 20.3862
      vertex -2 -9.83342 20.2109
    endloop
  endfacet
  facet normal 0 0.578877 -0.815415
    outer loop
      vertex -2 -9.58649 20.3862
      vertex -4 -9.83342 20.2109
      vertex -4 -9.58649 20.3862
    endloop
  endfacet
  facet normal 0 0.483566 -0.875308
    outer loop
      vertex -4 -9.58649 20.3862
      vertex -2 -9.32149 20.5326
      vertex -2 -9.58649 20.3862
    endloop
  endfacet
  facet normal 0 0.483566 -0.875308
    outer loop
      vertex -2 -9.32149 20.5326
      vertex -4 -9.58649 20.3862
      vertex -4 -9.32149 20.5326
    endloop
  endfacet
  facet normal 0 0.382762 -0.923847
    outer loop
      vertex -4 -9.32149 20.5326
      vertex -2 -9.04175 20.6485
      vertex -2 -9.32149 20.5326
    endloop
  endfacet
  facet normal 0 0.382762 -0.923847
    outer loop
      vertex -2 -9.04175 20.6485
      vertex -4 -9.32149 20.5326
      vertex -4 -9.04175 20.6485
    endloop
  endfacet
  facet normal 0 0.276779 -0.960933
    outer loop
      vertex -4 -9.04175 20.6485
      vertex -2 -8.75081 20.7323
      vertex -2 -9.04175 20.6485
    endloop
  endfacet
  facet normal 0 0.276779 -0.960933
    outer loop
      vertex -2 -8.75081 20.7323
      vertex -4 -9.04175 20.6485
      vertex -4 -8.75081 20.7323
    endloop
  endfacet
  facet normal 0 0.167446 -0.985881
    outer loop
      vertex -4 -8.75081 20.7323
      vertex -2 -8.4523 20.783
      vertex -2 -8.75081 20.7323
    endloop
  endfacet
  facet normal 0 0.167446 -0.985881
    outer loop
      vertex -2 -8.4523 20.783
      vertex -4 -8.75081 20.7323
      vertex -4 -8.4523 20.783
    endloop
  endfacet
  facet normal 0 0.0561468 -0.998423
    outer loop
      vertex -4 -8.4523 20.783
      vertex -2 -8.15 20.8
      vertex -2 -8.4523 20.783
    endloop
  endfacet
  facet normal 0 0.0561468 -0.998423
    outer loop
      vertex -2 -8.15 20.8
      vertex -4 -8.4523 20.783
      vertex -4 -8.15 20.8
    endloop
  endfacet
  facet normal 0 -0.0561468 -0.998423
    outer loop
      vertex -4 -8.15 20.8
      vertex -2 -7.8477 20.783
      vertex -2 -8.15 20.8
    endloop
  endfacet
  facet normal -0 -0.0561468 -0.998423
    outer loop
      vertex -2 -7.8477 20.783
      vertex -4 -8.15 20.8
      vertex -4 -7.8477 20.783
    endloop
  endfacet
  facet normal 0 -0.167446 -0.985881
    outer loop
      vertex -4 -7.8477 20.783
      vertex -2 -7.54919 20.7323
      vertex -2 -7.8477 20.783
    endloop
  endfacet
  facet normal -0 -0.167446 -0.985881
    outer loop
      vertex -2 -7.54919 20.7323
      vertex -4 -7.8477 20.783
      vertex -4 -7.54919 20.7323
    endloop
  endfacet
  facet normal 0 -0.276779 -0.960933
    outer loop
      vertex -4 -7.54919 20.7323
      vertex -2 -7.25825 20.6485
      vertex -2 -7.54919 20.7323
    endloop
  endfacet
  facet normal -0 -0.276779 -0.960933
    outer loop
      vertex -2 -7.25825 20.6485
      vertex -4 -7.54919 20.7323
      vertex -4 -7.25825 20.6485
    endloop
  endfacet
  facet normal 0 -0.382762 -0.923847
    outer loop
      vertex -4 -7.25825 20.6485
      vertex -2 -6.97851 20.5326
      vertex -2 -7.25825 20.6485
    endloop
  endfacet
  facet normal -0 -0.382762 -0.923847
    outer loop
      vertex -2 -6.97851 20.5326
      vertex -4 -7.25825 20.6485
      vertex -4 -6.97851 20.5326
    endloop
  endfacet
  facet normal 0 -0.483566 -0.875308
    outer loop
      vertex -4 -6.97851 20.5326
      vertex -2 -6.71351 20.3862
      vertex -2 -6.97851 20.5326
    endloop
  endfacet
  facet normal -0 -0.483566 -0.875308
    outer loop
      vertex -2 -6.71351 20.3862
      vertex -4 -6.97851 20.5326
      vertex -4 -6.71351 20.3862
    endloop
  endfacet
  facet normal 0 -0.578877 -0.815415
    outer loop
      vertex -4 -6.71351 20.3862
      vertex -2 -6.46658 20.2109
      vertex -2 -6.71351 20.3862
    endloop
  endfacet
  facet normal -0 -0.578877 -0.815415
    outer loop
      vertex -2 -6.46658 20.2109
      vertex -4 -6.71351 20.3862
      vertex -4 -6.46658 20.2109
    endloop
  endfacet
  facet normal 0 -0.666236 -0.745741
    outer loop
      vertex -4 -6.46658 20.2109
      vertex -2 -6.24081 20.0092
      vertex -2 -6.46658 20.2109
    endloop
  endfacet
  facet normal -0 -0.666236 -0.745741
    outer loop
      vertex -2 -6.24081 20.0092
      vertex -4 -6.46658 20.2109
      vertex -4 -6.24081 20.0092
    endloop
  endfacet
  facet normal 0 -0.745687 -0.666297
    outer loop
      vertex -4 -6.03905 19.7834
      vertex -2 -6.24081 20.0092
      vertex -4 -6.24081 20.0092
    endloop
  endfacet
  facet normal 0 -0.745687 -0.666297
    outer loop
      vertex -2 -6.24081 20.0092
      vertex -4 -6.03905 19.7834
      vertex -2 -6.03905 19.7834
    endloop
  endfacet
  facet normal 0 -0.815522 -0.578726
    outer loop
      vertex -4 -5.86384 19.5365
      vertex -2 -6.03905 19.7834
      vertex -4 -6.03905 19.7834
    endloop
  endfacet
  facet normal 0 -0.815522 -0.578726
    outer loop
      vertex -2 -6.03905 19.7834
      vertex -4 -5.86384 19.5365
      vertex -2 -5.86384 19.5365
    endloop
  endfacet
  facet normal 0 -0.875224 -0.483718
    outer loop
      vertex -4 -5.71738 19.2715
      vertex -2 -5.86384 19.5365
      vertex -4 -5.86384 19.5365
    endloop
  endfacet
  facet normal 0 -0.875224 -0.483718
    outer loop
      vertex -2 -5.86384 19.5365
      vertex -4 -5.71738 19.2715
      vertex -2 -5.71738 19.2715
    endloop
  endfacet
  facet normal 0 -0.923863 -0.382724
    outer loop
      vertex -4 -5.60151 18.9918
      vertex -2 -5.71738 19.2715
      vertex -4 -5.71738 19.2715
    endloop
  endfacet
  facet normal 0 -0.923863 -0.382724
    outer loop
      vertex -2 -5.71738 19.2715
      vertex -4 -5.60151 18.9918
      vertex -2 -5.60151 18.9918
    endloop
  endfacet
  facet normal 0 -0.960931 -0.276788
    outer loop
      vertex -4 -5.51769 18.7008
      vertex -2 -5.60151 18.9918
      vertex -4 -5.60151 18.9918
    endloop
  endfacet
  facet normal 0 -0.960931 -0.276788
    outer loop
      vertex -2 -5.60151 18.9918
      vertex -4 -5.51769 18.7008
      vertex -2 -5.51769 18.7008
    endloop
  endfacet
  facet normal 0 -0.985875 -0.167483
    outer loop
      vertex -4 -5.46698 18.4023
      vertex -2 -5.51769 18.7008
      vertex -4 -5.51769 18.7008
    endloop
  endfacet
  facet normal 0 -0.985875 -0.167483
    outer loop
      vertex -2 -5.51769 18.7008
      vertex -4 -5.46698 18.4023
      vertex -2 -5.46698 18.4023
    endloop
  endfacet
  facet normal -1 0 0
    outer loop
      vertex -2 -6.5 18.1
      vertex -2 -5.45 18.1
      vertex -2 -5.46698 17.7977
    endloop
  endfacet
  facet normal -1 0 0
    outer loop
      vertex -2 -6.51679 17.8652
      vertex -2 -5.46698 17.7977
      vertex -2 -5.51769 17.4992
    endloop
  endfacet
  facet normal -1 0 0
    outer loop
      vertex -2 -5.45 18.1
      vertex -2 -6.5 18.1
      vertex -2 -5.46698 18.4023
    endloop
  endfacet
  facet normal -1 0 0
    outer loop
      vertex -2 -6.56684 17.6351
      vertex -2 -5.51769 17.4992
      vertex -2 -5.60151 17.2082
    endloop
  endfacet
  facet normal -1 0 0
    outer loop
      vertex -2 -6.51679 18.3348
      vertex -2 -5.46698 18.4023
      vertex -2 -6.5 18.1
    endloop
  endfacet
  facet normal -1 0 0
    outer loop
      vertex -2 -6.64911 17.4146
      vertex -2 -5.60151 17.2082
      vertex -2 -5.71738 16.9285
    endloop
  endfacet
  facet normal -1 -0 0
    outer loop
      vertex -2 -5.46698 18.4023
      vertex -2 -6.51679 18.3348
      vertex -2 -5.51769 18.7008
    endloop
  endfacet
  facet normal -1 0 0
    outer loop
      vertex -2 -6.76193 17.2079
      vertex -2 -5.71738 16.9285
      vertex -2 -5.86384 16.6635
    endloop
  endfacet
  facet normal -1 0 0
    outer loop
      vertex -2 -6.56684 18.5649
      vertex -2 -5.51769 18.7008
      vertex -2 -6.51679 18.3348
    endloop
  endfacet
  facet normal -1 0 0
    outer loop
      vertex -2 -6.76193 17.2079
      vertex -2 -5.86384 16.6635
      vertex -2 -6.03905 16.4166
    endloop
  endfacet
  facet normal -1 -0 0
    outer loop
      vertex -2 -5.51769 18.7008
      vertex -2 -6.56684 18.5649
      vertex -2 -5.60151 18.9918
    endloop
  endfacet
  facet normal -1 0 0
    outer loop
      vertex -2 -6.90301 17.0195
      vertex -2 -6.03905 16.4166
      vertex -2 -6.24081 16.1908
    endloop
  endfacet
  facet normal -1 0 0
    outer loop
      vertex -2 -6.64911 18.7854
      vertex -2 -5.60151 18.9918
      vertex -2 -6.56684 18.5649
    endloop
  endfacet
  facet normal -1 0 0
    outer loop
      vertex -2 -7.06948 16.853
      vertex -2 -6.24081 16.1908
      vertex -2 -6.46658 15.9891
    endloop
  endfacet
  facet normal -1 -0 0
    outer loop
      vertex -2 -5.60151 18.9918
      vertex -2 -6.64911 18.7854
      vertex -2 -5.71738 19.2715
    endloop
  endfacet
  facet normal -1 0 0
    outer loop
      vertex -2 -6.76193 18.9921
      vertex -2 -5.71738 19.2715
      vertex -2 -6.64911 18.7854
    endloop
  endfacet
  facet normal -1 0 0
    outer loop
      vertex -2 -5.46698 17.7977
      vertex -2 -6.51679 17.8652
      vertex -2 -6.5 18.1
    endloop
  endfacet
  facet normal -1 0 0
    outer loop
      vertex -2 -5.51769 17.4992
      vertex -2 -6.56684 17.6351
      vertex -2 -6.51679 17.8652
    endloop
  endfacet
  facet normal -1 0 0
    outer loop
      vertex -2 -5.60151 17.2082
      vertex -2 -6.64911 17.4146
      vertex -2 -6.56684 17.6351
    endloop
  endfacet
  facet normal -1 0 0
    outer loop
      vertex -2 -7.25794 16.7119
      vertex -2 -6.46658 15.9891
      vertex -2 -6.71351 15.8138
    endloop
  endfacet
  facet normal -1 0 0
    outer loop
      vertex -2 -5.71738 16.9285
      vertex -2 -6.76193 17.2079
      vertex -2 -6.64911 17.4146
    endloop
  endfacet
  facet normal -1 0 0
    outer loop
      vertex -2 -6.03905 16.4166
      vertex -2 -6.90301 17.0195
      vertex -2 -6.76193 17.2079
    endloop
  endfacet
  facet normal -1 0 0
    outer loop
      vertex -2 -7.25794 16.7119
      vertex -2 -6.71351 15.8138
      vertex -2 -6.97851 15.6674
    endloop
  endfacet
  facet normal -1 0 0
    outer loop
      vertex -2 -6.24081 16.1908
      vertex -2 -7.06948 16.853
      vertex -2 -6.90301 17.0195
    endloop
  endfacet
  facet normal -1 0 0
    outer loop
      vertex -2 -6.46658 15.9891
      vertex -2 -7.25794 16.7119
      vertex -2 -7.06948 16.853
    endloop
  endfacet
  facet normal -1 0 0
    outer loop
      vertex -2 -7.46457 16.5991
      vertex -2 -6.97851 15.6674
      vertex -2 -7.25825 15.5515
    endloop
  endfacet
  facet normal -1 0 0
    outer loop
      vertex -2 -6.97851 15.6674
      vertex -2 -7.46457 16.5991
      vertex -2 -7.25794 16.7119
    endloop
  endfacet
  facet normal -1 0 0
    outer loop
      vertex -2 -7.68514 16.5168
      vertex -2 -7.25825 15.5515
      vertex -2 -7.54919 15.4677
    endloop
  endfacet
  facet normal -1 0 0
    outer loop
      vertex -2 -7.25825 15.5515
      vertex -2 -7.68514 16.5168
      vertex -2 -7.46457 16.5991
    endloop
  endfacet
  facet normal -1 0 0
    outer loop
      vertex -2 -7.91518 16.4668
      vertex -2 -7.54919 15.4677
      vertex -2 -7.8477 15.417
    endloop
  endfacet
  facet normal -1 0 0
    outer loop
      vertex -2 -7.54919 15.4677
      vertex -2 -7.91518 16.4668
      vertex -2 -7.68514 16.5168
    endloop
  endfacet
  facet normal -1 0 0
    outer loop
      vertex -2 -8.15 16.45
      vertex -2 -7.8477 15.417
      vertex -2 -8.15 15.4
    endloop
  endfacet
  facet normal -1 0 0
    outer loop
      vertex -2 -7.8477 15.417
      vertex -2 -8.15 16.45
      vertex -2 -7.91518 16.4668
    endloop
  endfacet
  facet normal -1 0 0
    outer loop
      vertex -2 -8.4523 15.417
      vertex -2 -8.15 16.45
      vertex -2 -8.15 15.4
    endloop
  endfacet
  facet normal -1 -0 0
    outer loop
      vertex -2 -8.15 16.45
      vertex -2 -8.4523 15.417
      vertex -2 -8.38482 16.4668
    endloop
  endfacet
  facet normal -1 0 0
    outer loop
      vertex -2 -8.75081 15.4677
      vertex -2 -8.38482 16.4668
      vertex -2 -8.4523 15.417
    endloop
  endfacet
  facet normal -1 -0 0
    outer loop
      vertex -2 -8.38482 16.4668
      vertex -2 -8.75081 15.4677
      vertex -2 -8.61486 16.5168
    endloop
  endfacet
  facet normal -1 0 0
    outer loop
      vertex -2 -9.04175 15.5515
      vertex -2 -8.61486 16.5168
      vertex -2 -8.75081 15.4677
    endloop
  endfacet
  facet normal -1 -0 0
    outer loop
      vertex -2 -8.61486 16.5168
      vertex -2 -9.04175 15.5515
      vertex -2 -8.83543 16.5991
    endloop
  endfacet
  facet normal -1 0 0
    outer loop
      vertex -2 -9.32149 15.6674
      vertex -2 -8.83543 16.5991
      vertex -2 -9.04175 15.5515
    endloop
  endfacet
  facet normal -1 -0 0
    outer loop
      vertex -2 -8.83543 16.5991
      vertex -2 -9.32149 15.6674
      vertex -2 -9.04206 16.7119
    endloop
  endfacet
  facet normal -1 0 0
    outer loop
      vertex -2 -9.58649 15.8138
      vertex -2 -9.04206 16.7119
      vertex -2 -9.32149 15.6674
    endloop
  endfacet
  facet normal -1 0 0
    outer loop
      vertex -2 -9.83342 15.9891
      vertex -2 -9.04206 16.7119
      vertex -2 -9.58649 15.8138
    endloop
  endfacet
  facet normal -1 -0 0
    outer loop
      vertex -2 -9.04206 16.7119
      vertex -2 -9.83342 15.9891
      vertex -2 -9.23052 16.853
    endloop
  endfacet
  facet normal -1 0 0
    outer loop
      vertex -2 -10.0592 16.1908
      vertex -2 -9.23052 16.853
      vertex -2 -9.83342 15.9891
    endloop
  endfacet
  facet normal -1 -0 0
    outer loop
      vertex -2 -9.23052 16.853
      vertex -2 -10.0592 16.1908
      vertex -2 -9.39699 17.0195
    endloop
  endfacet
  facet normal -1 0 0
    outer loop
      vertex -2 -10.2609 16.4166
      vertex -2 -9.39699 17.0195
      vertex -2 -10.0592 16.1908
    endloop
  endfacet
  facet normal -1 -0 0
    outer loop
      vertex -2 -9.39699 17.0195
      vertex -2 -10.2609 16.4166
      vertex -2 -9.53807 17.2079
    endloop
  endfacet
  facet normal -1 0 0
    outer loop
      vertex -2 -10.5826 16.9285
      vertex -2 -9.53807 17.2079
      vertex -2 -10.4362 16.6635
    endloop
  endfacet
  facet normal -1 0 0
    outer loop
      vertex -2 -10.4362 16.6635
      vertex -2 -9.53807 17.2079
      vertex -2 -10.2609 16.4166
    endloop
  endfacet
  facet normal -1 -0 0
    outer loop
      vertex -2 -5.71738 19.2715
      vertex -2 -6.76193 18.9921
      vertex -2 -5.86384 19.5365
    endloop
  endfacet
  facet normal -1 -0 0
    outer loop
      vertex -2 -5.86384 19.5365
      vertex -2 -6.76193 18.9921
      vertex -2 -6.03905 19.7834
    endloop
  endfacet
  facet normal -1 0 0
    outer loop
      vertex -2 -6.90301 19.1805
      vertex -2 -6.03905 19.7834
      vertex -2 -6.76193 18.9921
    endloop
  endfacet
  facet normal -1 -0 0
    outer loop
      vertex -2 -6.03905 19.7834
      vertex -2 -6.90301 19.1805
      vertex -2 -6.24081 20.0092
    endloop
  endfacet
  facet normal -1 0 0
    outer loop
      vertex -2 -7.06948 19.347
      vertex -2 -6.24081 20.0092
      vertex -2 -6.90301 19.1805
    endloop
  endfacet
  facet normal -1 -0 0
    outer loop
      vertex -2 -6.24081 20.0092
      vertex -2 -7.06948 19.347
      vertex -2 -6.46658 20.2109
    endloop
  endfacet
  facet normal -1 0 0
    outer loop
      vertex -2 -7.25794 19.4881
      vertex -2 -6.46658 20.2109
      vertex -2 -7.06948 19.347
    endloop
  endfacet
  facet normal -1 -0 0
    outer loop
      vertex -2 -6.46658 20.2109
      vertex -2 -7.25794 19.4881
      vertex -2 -6.71351 20.3862
    endloop
  endfacet
  facet normal -1 -0 0
    outer loop
      vertex -2 -6.71351 20.3862
      vertex -2 -7.25794 19.4881
      vertex -2 -6.97851 20.5326
    endloop
  endfacet
  facet normal -1 0 0
    outer loop
      vertex -2 -7.46457 19.6009
      vertex -2 -6.97851 20.5326
      vertex -2 -7.25794 19.4881
    endloop
  endfacet
  facet normal -1 -0 0
    outer loop
      vertex -2 -6.97851 20.5326
      vertex -2 -7.46457 19.6009
      vertex -2 -7.25825 20.6485
    endloop
  endfacet
  facet normal -1 0 0
    outer loop
      vertex -2 -7.68514 19.6832
      vertex -2 -7.25825 20.6485
      vertex -2 -7.46457 19.6009
    endloop
  endfacet
  facet normal -1 -0 0
    outer loop
      vertex -2 -7.25825 20.6485
      vertex -2 -7.68514 19.6832
      vertex -2 -7.54919 20.7323
    endloop
  endfacet
  facet normal -1 0 0
    outer loop
      vertex -2 -7.91518 19.7332
      vertex -2 -7.54919 20.7323
      vertex -2 -7.68514 19.6832
    endloop
  endfacet
  facet normal -1 -0 0
    outer loop
      vertex -2 -7.54919 20.7323
      vertex -2 -7.91518 19.7332
      vertex -2 -7.8477 20.783
    endloop
  endfacet
  facet normal -1 0 0
    outer loop
      vertex -2 -8.15 19.75
      vertex -2 -7.8477 20.783
      vertex -2 -7.91518 19.7332
    endloop
  endfacet
  facet normal -1 0 0
    outer loop
      vertex -2 -8.15 19.75
      vertex -2 -8.15 20.8
      vertex -2 -7.8477 20.783
    endloop
  endfacet
  facet normal -1 0 0
    outer loop
      vertex -2 -8.4523 20.783
      vertex -2 -8.15 19.75
      vertex -2 -8.38482 19.7332
    endloop
  endfacet
  facet normal -1 0 0
    outer loop
      vertex -2 -8.15 19.75
      vertex -2 -8.4523 20.783
      vertex -2 -8.15 20.8
    endloop
  endfacet
  facet normal -1 0 0
    outer loop
      vertex -2 -8.75081 20.7323
      vertex -2 -8.38482 19.7332
      vertex -2 -8.61486 19.6832
    endloop
  endfacet
  facet normal -1 0 0
    outer loop
      vertex -2 -8.38482 19.7332
      vertex -2 -8.75081 20.7323
      vertex -2 -8.4523 20.783
    endloop
  endfacet
  facet normal -1 0 0
    outer loop
      vertex -2 -9.04175 20.6485
      vertex -2 -8.61486 19.6832
      vertex -2 -8.83543 19.6009
    endloop
  endfacet
  facet normal -1 0 0
    outer loop
      vertex -2 -8.61486 19.6832
      vertex -2 -9.04175 20.6485
      vertex -2 -8.75081 20.7323
    endloop
  endfacet
  facet normal -1 0 0
    outer loop
      vertex -2 -9.32149 20.5326
      vertex -2 -8.83543 19.6009
      vertex -2 -9.04206 19.4881
    endloop
  endfacet
  facet normal -1 0 0
    outer loop
      vertex -2 -9.83342 20.2109
      vertex -2 -9.04206 19.4881
      vertex -2 -9.23052 19.347
    endloop
  endfacet
  facet normal -1 0 0
    outer loop
      vertex -2 -8.83543 19.6009
      vertex -2 -9.32149 20.5326
      vertex -2 -9.04175 20.6485
    endloop
  endfacet
  facet normal -1 0 0
    outer loop
      vertex -2 -10.0592 20.0092
      vertex -2 -9.23052 19.347
      vertex -2 -9.39699 19.1805
    endloop
  endfacet
  facet normal -1 0 0
    outer loop
      vertex -2 -10.2609 19.7834
      vertex -2 -9.39699 19.1805
      vertex -2 -9.53807 18.9921
    endloop
  endfacet
  facet normal -1 0 0
    outer loop
      vertex -2 -9.04206 19.4881
      vertex -2 -9.58649 20.3862
      vertex -2 -9.32149 20.5326
    endloop
  endfacet
  facet normal -1 0 0
    outer loop
      vertex -2 -10.5826 19.2715
      vertex -2 -9.53807 18.9921
      vertex -2 -9.65089 18.7854
    endloop
  endfacet
  facet normal -1 0 0
    outer loop
      vertex -2 -10.6985 18.9918
      vertex -2 -9.65089 18.7854
      vertex -2 -9.73316 18.5649
    endloop
  endfacet
  facet normal -1 0 0
    outer loop
      vertex -2 -10.7823 18.7008
      vertex -2 -9.73316 18.5649
      vertex -2 -9.78321 18.3348
    endloop
  endfacet
  facet normal -1 0 0
    outer loop
      vertex -2 -9.04206 19.4881
      vertex -2 -9.83342 20.2109
      vertex -2 -9.58649 20.3862
    endloop
  endfacet
  facet normal -1 0 0
    outer loop
      vertex -2 -10.833 18.4023
      vertex -2 -9.78321 18.3348
      vertex -2 -9.8 18.1
    endloop
  endfacet
  facet normal -1 -0 0
    outer loop
      vertex -2 -9.53807 17.2079
      vertex -2 -10.5826 16.9285
      vertex -2 -9.65089 17.4146
    endloop
  endfacet
  facet normal -1 0 0
    outer loop
      vertex -2 -10.6985 17.2082
      vertex -2 -9.65089 17.4146
      vertex -2 -10.5826 16.9285
    endloop
  endfacet
  facet normal -1 0 0
    outer loop
      vertex -2 -9.23052 19.347
      vertex -2 -10.0592 20.0092
      vertex -2 -9.83342 20.2109
    endloop
  endfacet
  facet normal -1 -0 0
    outer loop
      vertex -2 -9.65089 17.4146
      vertex -2 -10.6985 17.2082
      vertex -2 -9.73316 17.6351
    endloop
  endfacet
  facet normal -1 0 0
    outer loop
      vertex -2 -9.39699 19.1805
      vertex -2 -10.2609 19.7834
      vertex -2 -10.0592 20.0092
    endloop
  endfacet
  facet normal -1 0 0
    outer loop
      vertex -2 -10.7823 17.4992
      vertex -2 -9.73316 17.6351
      vertex -2 -10.6985 17.2082
    endloop
  endfacet
  facet normal -1 0 0
    outer loop
      vertex -2 -9.53807 18.9921
      vertex -2 -10.4362 19.5365
      vertex -2 -10.2609 19.7834
    endloop
  endfacet
  facet normal -1 -0 0
    outer loop
      vertex -2 -9.73316 17.6351
      vertex -2 -10.7823 17.4992
      vertex -2 -9.78321 17.8652
    endloop
  endfacet
  facet normal -1 0 0
    outer loop
      vertex -2 -9.53807 18.9921
      vertex -2 -10.5826 19.2715
      vertex -2 -10.4362 19.5365
    endloop
  endfacet
  facet normal -1 0 0
    outer loop
      vertex -2 -10.833 17.7977
      vertex -2 -9.78321 17.8652
      vertex -2 -10.7823 17.4992
    endloop
  endfacet
  facet normal -1 0 0
    outer loop
      vertex -2 -9.65089 18.7854
      vertex -2 -10.6985 18.9918
      vertex -2 -10.5826 19.2715
    endloop
  endfacet
  facet normal -1 -0 0
    outer loop
      vertex -2 -9.78321 17.8652
      vertex -2 -10.833 17.7977
      vertex -2 -9.8 18.1
    endloop
  endfacet
  facet normal -1 0 0
    outer loop
      vertex -2 -9.73316 18.5649
      vertex -2 -10.7823 18.7008
      vertex -2 -10.6985 18.9918
    endloop
  endfacet
  facet normal -1 0 0
    outer loop
      vertex -2 -10.85 18.1
      vertex -2 -9.8 18.1
      vertex -2 -10.833 17.7977
    endloop
  endfacet
  facet normal -1 0 0
    outer loop
      vertex -2 -9.78321 18.3348
      vertex -2 -10.833 18.4023
      vertex -2 -10.7823 18.7008
    endloop
  endfacet
  facet normal -1 0 0
    outer loop
      vertex -2 -9.8 18.1
      vertex -2 -10.85 18.1
      vertex -2 -10.833 18.4023
    endloop
  endfacet
  facet normal 0 -0.998426 -0.056081
    outer loop
      vertex -4 -5.45 10
      vertex -2 -5.46698 10.3023
      vertex -4 -5.46698 10.3023
    endloop
  endfacet
  facet normal 0 -0.998426 -0.056081
    outer loop
      vertex -2 -5.46698 10.3023
      vertex -4 -5.45 10
      vertex -2 -5.45 10
    endloop
  endfacet
  facet normal 0 -0.998426 0.056081
    outer loop
      vertex -4 -5.46698 9.6977
      vertex -2 -5.45 10
      vertex -4 -5.45 10
    endloop
  endfacet
  facet normal 0 -0.998426 0.056081
    outer loop
      vertex -2 -5.45 10
      vertex -4 -5.46698 9.6977
      vertex -2 -5.46698 9.6977
    endloop
  endfacet
  facet normal 0 -0.985876 0.167478
    outer loop
      vertex -4 -5.51769 9.39919
      vertex -2 -5.46698 9.6977
      vertex -4 -5.46698 9.6977
    endloop
  endfacet
  facet normal 0 -0.985876 0.167478
    outer loop
      vertex -2 -5.46698 9.6977
      vertex -4 -5.51769 9.39919
      vertex -2 -5.51769 9.39919
    endloop
  endfacet
  facet normal 0 -0.960916 0.27684
    outer loop
      vertex -4 -5.60151 9.10825
      vertex -2 -5.51769 9.39919
      vertex -4 -5.51769 9.39919
    endloop
  endfacet
  facet normal 0 -0.960916 0.27684
    outer loop
      vertex -2 -5.51769 9.39919
      vertex -4 -5.60151 9.10825
      vertex -2 -5.60151 9.10825
    endloop
  endfacet
  facet normal 0 -0.923882 0.382678
    outer loop
      vertex -4 -5.71738 8.82851
      vertex -2 -5.60151 9.10825
      vertex -4 -5.60151 9.10825
    endloop
  endfacet
  facet normal 0 -0.923882 0.382678
    outer loop
      vertex -2 -5.60151 9.10825
      vertex -4 -5.71738 8.82851
      vertex -2 -5.71738 8.82851
    endloop
  endfacet
  facet normal 0 -0.875224 0.483718
    outer loop
      vertex -4 -5.86384 8.56351
      vertex -2 -5.71738 8.82851
      vertex -4 -5.71738 8.82851
    endloop
  endfacet
  facet normal 0 -0.875224 0.483718
    outer loop
      vertex -2 -5.71738 8.82851
      vertex -4 -5.86384 8.56351
      vertex -2 -5.86384 8.56351
    endloop
  endfacet
  facet normal 0 -0.815555 0.57868
    outer loop
      vertex -4 -6.03905 8.31658
      vertex -2 -5.86384 8.56351
      vertex -4 -5.86384 8.56351
    endloop
  endfacet
  facet normal 0 -0.815555 0.57868
    outer loop
      vertex -2 -5.86384 8.56351
      vertex -4 -6.03905 8.31658
      vertex -2 -6.03905 8.31658
    endloop
  endfacet
  facet normal 0 -0.745643 0.666346
    outer loop
      vertex -4 -6.24081 8.09081
      vertex -2 -6.03905 8.31658
      vertex -4 -6.03905 8.31658
    endloop
  endfacet
  facet normal 0 -0.745643 0.666346
    outer loop
      vertex -2 -6.03905 8.31658
      vertex -4 -6.24081 8.09081
      vertex -2 -6.24081 8.09081
    endloop
  endfacet
  facet normal 0 -0.666346 0.745643
    outer loop
      vertex -4 -6.24081 8.09081
      vertex -2 -6.46658 7.88905
      vertex -2 -6.24081 8.09081
    endloop
  endfacet
  facet normal 0 -0.666346 0.745643
    outer loop
      vertex -2 -6.46658 7.88905
      vertex -4 -6.24081 8.09081
      vertex -4 -6.46658 7.88905
    endloop
  endfacet
  facet normal 0 -0.57868 0.815555
    outer loop
      vertex -4 -6.46658 7.88905
      vertex -2 -6.71351 7.71384
      vertex -2 -6.46658 7.88905
    endloop
  endfacet
  facet normal 0 -0.57868 0.815555
    outer loop
      vertex -2 -6.71351 7.71384
      vertex -4 -6.46658 7.88905
      vertex -4 -6.71351 7.71384
    endloop
  endfacet
  facet normal 0 -0.483718 0.875224
    outer loop
      vertex -4 -6.71351 7.71384
      vertex -2 -6.97851 7.56738
      vertex -2 -6.71351 7.71384
    endloop
  endfacet
  facet normal 0 -0.483718 0.875224
    outer loop
      vertex -2 -6.97851 7.56738
      vertex -4 -6.71351 7.71384
      vertex -4 -6.97851 7.56738
    endloop
  endfacet
  facet normal 0 -0.382649 0.923894
    outer loop
      vertex -4 -6.97851 7.56738
      vertex -2 -7.25825 7.45152
      vertex -2 -6.97851 7.56738
    endloop
  endfacet
  facet normal 0 -0.382649 0.923894
    outer loop
      vertex -2 -7.25825 7.45152
      vertex -4 -6.97851 7.56738
      vertex -4 -7.25825 7.45152
    endloop
  endfacet
  facet normal 0 -0.276871 0.960907
    outer loop
      vertex -4 -7.25825 7.45152
      vertex -2 -7.54919 7.36769
      vertex -2 -7.25825 7.45152
    endloop
  endfacet
  facet normal 0 -0.276871 0.960907
    outer loop
      vertex -2 -7.54919 7.36769
      vertex -4 -7.25825 7.45152
      vertex -4 -7.54919 7.36769
    endloop
  endfacet
  facet normal 0 -0.167478 0.985876
    outer loop
      vertex -4 -7.54919 7.36769
      vertex -2 -7.8477 7.31698
      vertex -2 -7.54919 7.36769
    endloop
  endfacet
  facet normal 0 -0.167478 0.985876
    outer loop
      vertex -2 -7.8477 7.31698
      vertex -4 -7.54919 7.36769
      vertex -4 -7.8477 7.31698
    endloop
  endfacet
  facet normal 0 -0.056081 0.998426
    outer loop
      vertex -4 -7.8477 7.31698
      vertex -2 -8.15 7.3
      vertex -2 -7.8477 7.31698
    endloop
  endfacet
  facet normal 0 -0.056081 0.998426
    outer loop
      vertex -2 -8.15 7.3
      vertex -4 -7.8477 7.31698
      vertex -4 -8.15 7.3
    endloop
  endfacet
  facet normal -0 0.056081 0.998426
    outer loop
      vertex -4 -8.15 7.3
      vertex -2 -8.4523 7.31698
      vertex -2 -8.15 7.3
    endloop
  endfacet
  facet normal 0 0.056081 0.998426
    outer loop
      vertex -2 -8.4523 7.31698
      vertex -4 -8.15 7.3
      vertex -4 -8.4523 7.31698
    endloop
  endfacet
  facet normal -0 0.167478 0.985876
    outer loop
      vertex -4 -8.4523 7.31698
      vertex -2 -8.75081 7.36769
      vertex -2 -8.4523 7.31698
    endloop
  endfacet
  facet normal 0 0.167478 0.985876
    outer loop
      vertex -2 -8.75081 7.36769
      vertex -4 -8.4523 7.31698
      vertex -4 -8.75081 7.36769
    endloop
  endfacet
  facet normal -0 0.276871 0.960907
    outer loop
      vertex -4 -8.75081 7.36769
      vertex -2 -9.04175 7.45152
      vertex -2 -8.75081 7.36769
    endloop
  endfacet
  facet normal 0 0.276871 0.960907
    outer loop
      vertex -2 -9.04175 7.45152
      vertex -4 -8.75081 7.36769
      vertex -4 -9.04175 7.45152
    endloop
  endfacet
  facet normal -0 0.382649 0.923894
    outer loop
      vertex -4 -9.04175 7.45152
      vertex -2 -9.32149 7.56738
      vertex -2 -9.04175 7.45152
    endloop
  endfacet
  facet normal 0 0.382649 0.923894
    outer loop
      vertex -2 -9.32149 7.56738
      vertex -4 -9.04175 7.45152
      vertex -4 -9.32149 7.56738
    endloop
  endfacet
  facet normal -0 0.483718 0.875224
    outer loop
      vertex -4 -9.32149 7.56738
      vertex -2 -9.58649 7.71384
      vertex -2 -9.32149 7.56738
    endloop
  endfacet
  facet normal 0 0.483718 0.875224
    outer loop
      vertex -2 -9.58649 7.71384
      vertex -4 -9.32149 7.56738
      vertex -4 -9.58649 7.71384
    endloop
  endfacet
  facet normal -0 0.57868 0.815555
    outer loop
      vertex -4 -9.58649 7.71384
      vertex -2 -9.83342 7.88905
      vertex -2 -9.58649 7.71384
    endloop
  endfacet
  facet normal 0 0.57868 0.815555
    outer loop
      vertex -2 -9.83342 7.88905
      vertex -4 -9.58649 7.71384
      vertex -4 -9.83342 7.88905
    endloop
  endfacet
  facet normal -0 0.666329 0.745657
    outer loop
      vertex -4 -9.83342 7.88905
      vertex -2 -10.0592 8.09081
      vertex -2 -9.83342 7.88905
    endloop
  endfacet
  facet normal 0 0.666329 0.745657
    outer loop
      vertex -2 -10.0592 8.09081
      vertex -4 -9.83342 7.88905
      vertex -4 -10.0592 8.09081
    endloop
  endfacet
  facet normal 0 0.745741 0.666236
    outer loop
      vertex -2 -10.0592 8.09081
      vertex -4 -10.2609 8.31658
      vertex -2 -10.2609 8.31658
    endloop
  endfacet
  facet normal 0 0.745741 0.666236
    outer loop
      vertex -4 -10.2609 8.31658
      vertex -2 -10.0592 8.09081
      vertex -4 -10.0592 8.09081
    endloop
  endfacet
  facet normal 0 0.815415 0.578877
    outer loop
      vertex -2 -10.2609 8.31658
      vertex -4 -10.4362 8.56351
      vertex -2 -10.4362 8.56351
    endloop
  endfacet
  facet normal 0 0.815415 0.578877
    outer loop
      vertex -4 -10.4362 8.56351
      vertex -2 -10.2609 8.31658
      vertex -4 -10.2609 8.31658
    endloop
  endfacet
  facet normal 0 0.875308 0.483566
    outer loop
      vertex -2 -10.4362 8.56351
      vertex -4 -10.5826 8.82851
      vertex -2 -10.5826 8.82851
    endloop
  endfacet
  facet normal 0 0.875308 0.483566
    outer loop
      vertex -4 -10.5826 8.82851
      vertex -2 -10.4362 8.56351
      vertex -4 -10.4362 8.56351
    endloop
  endfacet
  facet normal 0 0.923847 0.382762
    outer loop
      vertex -2 -10.5826 8.82851
      vertex -4 -10.6985 9.10825
      vertex -2 -10.6985 9.10825
    endloop
  endfacet
  facet normal 0 0.923847 0.382762
    outer loop
      vertex -4 -10.6985 9.10825
      vertex -2 -10.5826 8.82851
      vertex -4 -10.5826 8.82851
    endloop
  endfacet
  facet normal 0 0.960933 0.276779
    outer loop
      vertex -2 -10.6985 9.10825
      vertex -4 -10.7823 9.39919
      vertex -2 -10.7823 9.39919
    endloop
  endfacet
  facet normal 0 0.960933 0.276779
    outer loop
      vertex -4 -10.7823 9.39919
      vertex -2 -10.6985 9.10825
      vertex -4 -10.6985 9.10825
    endloop
  endfacet
  facet normal 0 0.985881 0.167446
    outer loop
      vertex -2 -10.7823 9.39919
      vertex -4 -10.833 9.6977
      vertex -2 -10.833 9.6977
    endloop
  endfacet
  facet normal 0 0.985881 0.167446
    outer loop
      vertex -4 -10.833 9.6977
      vertex -2 -10.7823 9.39919
      vertex -4 -10.7823 9.39919
    endloop
  endfacet
  facet normal 0 0.998423 0.0561468
    outer loop
      vertex -2 -10.833 9.6977
      vertex -4 -10.85 10
      vertex -2 -10.85 10
    endloop
  endfacet
  facet normal 0 0.998423 0.0561468
    outer loop
      vertex -4 -10.85 10
      vertex -2 -10.833 9.6977
      vertex -4 -10.833 9.6977
    endloop
  endfacet
  facet normal 0 0.998423 -0.0561468
    outer loop
      vertex -2 -10.85 10
      vertex -4 -10.833 10.3023
      vertex -2 -10.833 10.3023
    endloop
  endfacet
  facet normal 0 0.998423 -0.0561468
    outer loop
      vertex -4 -10.833 10.3023
      vertex -2 -10.85 10
      vertex -4 -10.85 10
    endloop
  endfacet
  facet normal 0 0.98588 -0.167451
    outer loop
      vertex -2 -10.833 10.3023
      vertex -4 -10.7823 10.6008
      vertex -2 -10.7823 10.6008
    endloop
  endfacet
  facet normal 0 0.98588 -0.167451
    outer loop
      vertex -4 -10.7823 10.6008
      vertex -2 -10.833 10.3023
      vertex -4 -10.833 10.3023
    endloop
  endfacet
  facet normal 0 0.960949 -0.276727
    outer loop
      vertex -2 -10.7823 10.6008
      vertex -4 -10.6985 10.8918
      vertex -2 -10.6985 10.8918
    endloop
  endfacet
  facet normal 0 0.960949 -0.276727
    outer loop
      vertex -4 -10.6985 10.8918
      vertex -2 -10.7823 10.6008
      vertex -4 -10.7823 10.6008
    endloop
  endfacet
  facet normal 0 0.923828 -0.382809
    outer loop
      vertex -2 -10.6985 10.8918
      vertex -4 -10.5826 11.1715
      vertex -2 -10.5826 11.1715
    endloop
  endfacet
  facet normal 0 0.923828 -0.382809
    outer loop
      vertex -4 -10.5826 11.1715
      vertex -2 -10.6985 10.8918
      vertex -4 -10.6985 10.8918
    endloop
  endfacet
  facet normal 0 0.875308 -0.483566
    outer loop
      vertex -2 -10.5826 11.1715
      vertex -4 -10.4362 11.4365
      vertex -2 -10.4362 11.4365
    endloop
  endfacet
  facet normal 0 0.875308 -0.483566
    outer loop
      vertex -4 -10.4362 11.4365
      vertex -2 -10.5826 11.1715
      vertex -4 -10.5826 11.1715
    endloop
  endfacet
  facet normal 0 0.815381 -0.578924
    outer loop
      vertex -2 -10.4362 11.4365
      vertex -4 -10.2609 11.6834
      vertex -2 -10.2609 11.6834
    endloop
  endfacet
  facet normal 0 0.815381 -0.578924
    outer loop
      vertex -4 -10.2609 11.6834
      vertex -2 -10.4362 11.4365
      vertex -4 -10.4362 11.4365
    endloop
  endfacet
  facet normal 0 0.745785 -0.666186
    outer loop
      vertex -2 -10.2609 11.6834
      vertex -4 -10.0592 11.9092
      vertex -2 -10.0592 11.9092
    endloop
  endfacet
  facet normal 0 0.745785 -0.666186
    outer loop
      vertex -4 -10.0592 11.9092
      vertex -2 -10.2609 11.6834
      vertex -4 -10.2609 11.6834
    endloop
  endfacet
  facet normal 0 0.666219 -0.745756
    outer loop
      vertex -4 -10.0592 11.9092
      vertex -2 -9.83342 12.1109
      vertex -2 -10.0592 11.9092
    endloop
  endfacet
  facet normal 0 0.666219 -0.745756
    outer loop
      vertex -2 -9.83342 12.1109
      vertex -4 -10.0592 11.9092
      vertex -4 -9.83342 12.1109
    endloop
  endfacet
  facet normal 0 0.578877 -0.815415
    outer loop
      vertex -4 -9.83342 12.1109
      vertex -2 -9.58649 12.2862
      vertex -2 -9.83342 12.1109
    endloop
  endfacet
  facet normal 0 0.578877 -0.815415
    outer loop
      vertex -2 -9.58649 12.2862
      vertex -4 -9.83342 12.1109
      vertex -4 -9.58649 12.2862
    endloop
  endfacet
  facet normal 0 0.483566 -0.875308
    outer loop
      vertex -4 -9.58649 12.2862
      vertex -2 -9.32149 12.4326
      vertex -2 -9.58649 12.2862
    endloop
  endfacet
  facet normal 0 0.483566 -0.875308
    outer loop
      vertex -2 -9.32149 12.4326
      vertex -4 -9.58649 12.2862
      vertex -4 -9.32149 12.4326
    endloop
  endfacet
  facet normal 0 0.382762 -0.923847
    outer loop
      vertex -4 -9.32149 12.4326
      vertex -2 -9.04175 12.5485
      vertex -2 -9.32149 12.4326
    endloop
  endfacet
  facet normal 0 0.382762 -0.923847
    outer loop
      vertex -2 -9.04175 12.5485
      vertex -4 -9.32149 12.4326
      vertex -4 -9.04175 12.5485
    endloop
  endfacet
  facet normal 0 0.276779 -0.960933
    outer loop
      vertex -4 -9.04175 12.5485
      vertex -2 -8.75081 12.6323
      vertex -2 -9.04175 12.5485
    endloop
  endfacet
  facet normal 0 0.276779 -0.960933
    outer loop
      vertex -2 -8.75081 12.6323
      vertex -4 -9.04175 12.5485
      vertex -4 -8.75081 12.6323
    endloop
  endfacet
  facet normal 0 0.167446 -0.985881
    outer loop
      vertex -4 -8.75081 12.6323
      vertex -2 -8.4523 12.683
      vertex -2 -8.75081 12.6323
    endloop
  endfacet
  facet normal 0 0.167446 -0.985881
    outer loop
      vertex -2 -8.4523 12.683
      vertex -4 -8.75081 12.6323
      vertex -4 -8.4523 12.683
    endloop
  endfacet
  facet normal 0 0.0561468 -0.998423
    outer loop
      vertex -4 -8.4523 12.683
      vertex -2 -8.15 12.7
      vertex -2 -8.4523 12.683
    endloop
  endfacet
  facet normal 0 0.0561468 -0.998423
    outer loop
      vertex -2 -8.15 12.7
      vertex -4 -8.4523 12.683
      vertex -4 -8.15 12.7
    endloop
  endfacet
  facet normal 0 -0.0561468 -0.998423
    outer loop
      vertex -4 -8.15 12.7
      vertex -2 -7.8477 12.683
      vertex -2 -8.15 12.7
    endloop
  endfacet
  facet normal -0 -0.0561468 -0.998423
    outer loop
      vertex -2 -7.8477 12.683
      vertex -4 -8.15 12.7
      vertex -4 -7.8477 12.683
    endloop
  endfacet
  facet normal 0 -0.167446 -0.985881
    outer loop
      vertex -4 -7.8477 12.683
      vertex -2 -7.54919 12.6323
      vertex -2 -7.8477 12.683
    endloop
  endfacet
  facet normal -0 -0.167446 -0.985881
    outer loop
      vertex -2 -7.54919 12.6323
      vertex -4 -7.8477 12.683
      vertex -4 -7.54919 12.6323
    endloop
  endfacet
  facet normal 0 -0.276779 -0.960933
    outer loop
      vertex -4 -7.54919 12.6323
      vertex -2 -7.25825 12.5485
      vertex -2 -7.54919 12.6323
    endloop
  endfacet
  facet normal -0 -0.276779 -0.960933
    outer loop
      vertex -2 -7.25825 12.5485
      vertex -4 -7.54919 12.6323
      vertex -4 -7.25825 12.5485
    endloop
  endfacet
  facet normal 0 -0.382762 -0.923847
    outer loop
      vertex -4 -7.25825 12.5485
      vertex -2 -6.97851 12.4326
      vertex -2 -7.25825 12.5485
    endloop
  endfacet
  facet normal -0 -0.382762 -0.923847
    outer loop
      vertex -2 -6.97851 12.4326
      vertex -4 -7.25825 12.5485
      vertex -4 -6.97851 12.4326
    endloop
  endfacet
  facet normal 0 -0.483566 -0.875308
    outer loop
      vertex -4 -6.97851 12.4326
      vertex -2 -6.71351 12.2862
      vertex -2 -6.97851 12.4326
    endloop
  endfacet
  facet normal -0 -0.483566 -0.875308
    outer loop
      vertex -2 -6.71351 12.2862
      vertex -4 -6.97851 12.4326
      vertex -4 -6.71351 12.2862
    endloop
  endfacet
  facet normal 0 -0.578877 -0.815415
    outer loop
      vertex -4 -6.71351 12.2862
      vertex -2 -6.46658 12.1109
      vertex -2 -6.71351 12.2862
    endloop
  endfacet
  facet normal -0 -0.578877 -0.815415
    outer loop
      vertex -2 -6.46658 12.1109
      vertex -4 -6.71351 12.2862
      vertex -4 -6.46658 12.1109
    endloop
  endfacet
  facet normal 0 -0.666236 -0.745741
    outer loop
      vertex -4 -6.46658 12.1109
      vertex -2 -6.24081 11.9092
      vertex -2 -6.46658 12.1109
    endloop
  endfacet
  facet normal -0 -0.666236 -0.745741
    outer loop
      vertex -2 -6.24081 11.9092
      vertex -4 -6.46658 12.1109
      vertex -4 -6.24081 11.9092
    endloop
  endfacet
  facet normal 0 -0.745687 -0.666297
    outer loop
      vertex -4 -6.03905 11.6834
      vertex -2 -6.24081 11.9092
      vertex -4 -6.24081 11.9092
    endloop
  endfacet
  facet normal 0 -0.745687 -0.666297
    outer loop
      vertex -2 -6.24081 11.9092
      vertex -4 -6.03905 11.6834
      vertex -2 -6.03905 11.6834
    endloop
  endfacet
  facet normal 0 -0.815522 -0.578726
    outer loop
      vertex -4 -5.86384 11.4365
      vertex -2 -6.03905 11.6834
      vertex -4 -6.03905 11.6834
    endloop
  endfacet
  facet normal 0 -0.815522 -0.578726
    outer loop
      vertex -2 -6.03905 11.6834
      vertex -4 -5.86384 11.4365
      vertex -2 -5.86384 11.4365
    endloop
  endfacet
  facet normal 0 -0.875224 -0.483718
    outer loop
      vertex -4 -5.71738 11.1715
      vertex -2 -5.86384 11.4365
      vertex -4 -5.86384 11.4365
    endloop
  endfacet
  facet normal 0 -0.875224 -0.483718
    outer loop
      vertex -2 -5.86384 11.4365
      vertex -4 -5.71738 11.1715
      vertex -2 -5.71738 11.1715
    endloop
  endfacet
  facet normal 0 -0.923863 -0.382724
    outer loop
      vertex -4 -5.60151 10.8918
      vertex -2 -5.71738 11.1715
      vertex -4 -5.71738 11.1715
    endloop
  endfacet
  facet normal 0 -0.923863 -0.382724
    outer loop
      vertex -2 -5.71738 11.1715
      vertex -4 -5.60151 10.8918
      vertex -2 -5.60151 10.8918
    endloop
  endfacet
  facet normal 0 -0.960931 -0.276788
    outer loop
      vertex -4 -5.51769 10.6008
      vertex -2 -5.60151 10.8918
      vertex -4 -5.60151 10.8918
    endloop
  endfacet
  facet normal 0 -0.960931 -0.276788
    outer loop
      vertex -2 -5.60151 10.8918
      vertex -4 -5.51769 10.6008
      vertex -2 -5.51769 10.6008
    endloop
  endfacet
  facet normal 0 -0.985875 -0.167483
    outer loop
      vertex -4 -5.46698 10.3023
      vertex -2 -5.51769 10.6008
      vertex -4 -5.51769 10.6008
    endloop
  endfacet
  facet normal 0 -0.985875 -0.167483
    outer loop
      vertex -2 -5.51769 10.6008
      vertex -4 -5.46698 10.3023
      vertex -2 -5.46698 10.3023
    endloop
  endfacet
  facet normal -1 0 0
    outer loop
      vertex -2 -6.5 10
      vertex -2 -5.45 10
      vertex -2 -5.46698 9.6977
    endloop
  endfacet
  facet normal -1 0 0
    outer loop
      vertex -2 -6.51679 9.76518
      vertex -2 -5.46698 9.6977
      vertex -2 -5.51769 9.39919
    endloop
  endfacet
  facet normal -1 0 0
    outer loop
      vertex -2 -5.45 10
      vertex -2 -6.5 10
      vertex -2 -5.46698 10.3023
    endloop
  endfacet
  facet normal -1 0 0
    outer loop
      vertex -2 -6.56684 9.53514
      vertex -2 -5.51769 9.39919
      vertex -2 -5.60151 9.10825
    endloop
  endfacet
  facet normal -1 0 0
    outer loop
      vertex -2 -6.51679 10.2348
      vertex -2 -5.46698 10.3023
      vertex -2 -6.5 10
    endloop
  endfacet
  facet normal -1 0 0
    outer loop
      vertex -2 -6.64911 9.31457
      vertex -2 -5.60151 9.10825
      vertex -2 -5.71738 8.82851
    endloop
  endfacet
  facet normal -1 -0 0
    outer loop
      vertex -2 -5.46698 10.3023
      vertex -2 -6.51679 10.2348
      vertex -2 -5.51769 10.6008
    endloop
  endfacet
  facet normal -1 0 0
    outer loop
      vertex -2 -6.76193 9.10794
      vertex -2 -5.71738 8.82851
      vertex -2 -5.86384 8.56351
    endloop
  endfacet
  facet normal -1 0 0
    outer loop
      vertex -2 -6.56684 10.4649
      vertex -2 -5.51769 10.6008
      vertex -2 -6.51679 10.2348
    endloop
  endfacet
  facet normal -1 0 0
    outer loop
      vertex -2 -6.76193 9.10794
      vertex -2 -5.86384 8.56351
      vertex -2 -6.03905 8.31658
    endloop
  endfacet
  facet normal -1 -0 0
    outer loop
      vertex -2 -5.51769 10.6008
      vertex -2 -6.56684 10.4649
      vertex -2 -5.60151 10.8918
    endloop
  endfacet
  facet normal -1 0 0
    outer loop
      vertex -2 -6.90301 8.91948
      vertex -2 -6.03905 8.31658
      vertex -2 -6.24081 8.09081
    endloop
  endfacet
  facet normal -1 0 0
    outer loop
      vertex -2 -6.64911 10.6854
      vertex -2 -5.60151 10.8918
      vertex -2 -6.56684 10.4649
    endloop
  endfacet
  facet normal -1 0 0
    outer loop
      vertex -2 -7.06948 8.75301
      vertex -2 -6.24081 8.09081
      vertex -2 -6.46658 7.88905
    endloop
  endfacet
  facet normal -1 -0 0
    outer loop
      vertex -2 -5.60151 10.8918
      vertex -2 -6.64911 10.6854
      vertex -2 -5.71738 11.1715
    endloop
  endfacet
  facet normal -1 0 0
    outer loop
      vertex -2 -6.76193 10.8921
      vertex -2 -5.71738 11.1715
      vertex -2 -6.64911 10.6854
    endloop
  endfacet
  facet normal -1 0 0
    outer loop
      vertex -2 -5.46698 9.6977
      vertex -2 -6.51679 9.76518
      vertex -2 -6.5 10
    endloop
  endfacet
  facet normal -1 0 0
    outer loop
      vertex -2 -5.51769 9.39919
      vertex -2 -6.56684 9.53514
      vertex -2 -6.51679 9.76518
    endloop
  endfacet
  facet normal -1 0 0
    outer loop
      vertex -2 -5.60151 9.10825
      vertex -2 -6.64911 9.31457
      vertex -2 -6.56684 9.53514
    endloop
  endfacet
  facet normal -1 0 0
    outer loop
      vertex -2 -7.25794 8.61193
      vertex -2 -6.46658 7.88905
      vertex -2 -6.71351 7.71384
    endloop
  endfacet
  facet normal -1 0 0
    outer loop
      vertex -2 -5.71738 8.82851
      vertex -2 -6.76193 9.10794
      vertex -2 -6.64911 9.31457
    endloop
  endfacet
  facet normal -1 0 0
    outer loop
      vertex -2 -6.03905 8.31658
      vertex -2 -6.90301 8.91948
      vertex -2 -6.76193 9.10794
    endloop
  endfacet
  facet normal -1 0 0
    outer loop
      vertex -2 -7.25794 8.61193
      vertex -2 -6.71351 7.71384
      vertex -2 -6.97851 7.56738
    endloop
  endfacet
  facet normal -1 0 0
    outer loop
      vertex -2 -6.24081 8.09081
      vertex -2 -7.06948 8.75301
      vertex -2 -6.90301 8.91948
    endloop
  endfacet
  facet normal -1 0 0
    outer loop
      vertex -2 -6.46658 7.88905
      vertex -2 -7.25794 8.61193
      vertex -2 -7.06948 8.75301
    endloop
  endfacet
  facet normal -1 0 0
    outer loop
      vertex -2 -7.46457 8.49911
      vertex -2 -6.97851 7.56738
      vertex -2 -7.25825 7.45152
    endloop
  endfacet
  facet normal -1 0 0
    outer loop
      vertex -2 -6.97851 7.56738
      vertex -2 -7.46457 8.49911
      vertex -2 -7.25794 8.61193
    endloop
  endfacet
  facet normal -1 0 0
    outer loop
      vertex -2 -7.68514 8.41684
      vertex -2 -7.25825 7.45152
      vertex -2 -7.54919 7.36769
    endloop
  endfacet
  facet normal -1 0 0
    outer loop
      vertex -2 -7.25825 7.45152
      vertex -2 -7.68514 8.41684
      vertex -2 -7.46457 8.49911
    endloop
  endfacet
  facet normal -1 0 0
    outer loop
      vertex -2 -7.91518 8.36679
      vertex -2 -7.54919 7.36769
      vertex -2 -7.8477 7.31698
    endloop
  endfacet
  facet normal -1 0 0
    outer loop
      vertex -2 -7.54919 7.36769
      vertex -2 -7.91518 8.36679
      vertex -2 -7.68514 8.41684
    endloop
  endfacet
  facet normal -1 0 0
    outer loop
      vertex -2 -8.15 8.35
      vertex -2 -7.8477 7.31698
      vertex -2 -8.15 7.3
    endloop
  endfacet
  facet normal -1 0 0
    outer loop
      vertex -2 -7.8477 7.31698
      vertex -2 -8.15 8.35
      vertex -2 -7.91518 8.36679
    endloop
  endfacet
  facet normal -1 0 0
    outer loop
      vertex -2 -8.4523 7.31698
      vertex -2 -8.15 8.35
      vertex -2 -8.15 7.3
    endloop
  endfacet
  facet normal -1 -0 0
    outer loop
      vertex -2 -8.15 8.35
      vertex -2 -8.4523 7.31698
      vertex -2 -8.38482 8.36679
    endloop
  endfacet
  facet normal -1 0 0
    outer loop
      vertex -2 -8.75081 7.36769
      vertex -2 -8.38482 8.36679
      vertex -2 -8.4523 7.31698
    endloop
  endfacet
  facet normal -1 -0 0
    outer loop
      vertex -2 -8.38482 8.36679
      vertex -2 -8.75081 7.36769
      vertex -2 -8.61486 8.41684
    endloop
  endfacet
  facet normal -1 0 0
    outer loop
      vertex -2 -9.04175 7.45152
      vertex -2 -8.61486 8.41684
      vertex -2 -8.75081 7.36769
    endloop
  endfacet
  facet normal -1 -0 0
    outer loop
      vertex -2 -8.61486 8.41684
      vertex -2 -9.04175 7.45152
      vertex -2 -8.83543 8.49911
    endloop
  endfacet
  facet normal -1 0 0
    outer loop
      vertex -2 -9.32149 7.56738
      vertex -2 -8.83543 8.49911
      vertex -2 -9.04175 7.45152
    endloop
  endfacet
  facet normal -1 -0 0
    outer loop
      vertex -2 -8.83543 8.49911
      vertex -2 -9.32149 7.56738
      vertex -2 -9.04206 8.61193
    endloop
  endfacet
  facet normal -1 0 0
    outer loop
      vertex -2 -9.58649 7.71384
      vertex -2 -9.04206 8.61193
      vertex -2 -9.32149 7.56738
    endloop
  endfacet
  facet normal -1 0 0
    outer loop
      vertex -2 -9.83342 7.88905
      vertex -2 -9.04206 8.61193
      vertex -2 -9.58649 7.71384
    endloop
  endfacet
  facet normal -1 -0 0
    outer loop
      vertex -2 -9.04206 8.61193
      vertex -2 -9.83342 7.88905
      vertex -2 -9.23052 8.75301
    endloop
  endfacet
  facet normal -1 0 0
    outer loop
      vertex -2 -10.0592 8.09081
      vertex -2 -9.23052 8.75301
      vertex -2 -9.83342 7.88905
    endloop
  endfacet
  facet normal -1 -0 0
    outer loop
      vertex -2 -9.23052 8.75301
      vertex -2 -10.0592 8.09081
      vertex -2 -9.39699 8.91948
    endloop
  endfacet
  facet normal -1 0 0
    outer loop
      vertex -2 -10.2609 8.31658
      vertex -2 -9.39699 8.91948
      vertex -2 -10.0592 8.09081
    endloop
  endfacet
  facet normal -1 -0 0
    outer loop
      vertex -2 -9.39699 8.91948
      vertex -2 -10.2609 8.31658
      vertex -2 -9.53807 9.10794
    endloop
  endfacet
  facet normal -1 0 0
    outer loop
      vertex -2 -10.5826 8.82851
      vertex -2 -9.53807 9.10794
      vertex -2 -10.4362 8.56351
    endloop
  endfacet
  facet normal -1 0 0
    outer loop
      vertex -2 -10.4362 8.56351
      vertex -2 -9.53807 9.10794
      vertex -2 -10.2609 8.31658
    endloop
  endfacet
  facet normal -1 -0 0
    outer loop
      vertex -2 -5.71738 11.1715
      vertex -2 -6.76193 10.8921
      vertex -2 -5.86384 11.4365
    endloop
  endfacet
  facet normal -1 -0 0
    outer loop
      vertex -2 -5.86384 11.4365
      vertex -2 -6.76193 10.8921
      vertex -2 -6.03905 11.6834
    endloop
  endfacet
  facet normal -1 0 0
    outer loop
      vertex -2 -6.90301 11.0805
      vertex -2 -6.03905 11.6834
      vertex -2 -6.76193 10.8921
    endloop
  endfacet
  facet normal -1 -0 0
    outer loop
      vertex -2 -6.03905 11.6834
      vertex -2 -6.90301 11.0805
      vertex -2 -6.24081 11.9092
    endloop
  endfacet
  facet normal -1 0 0
    outer loop
      vertex -2 -7.06948 11.247
      vertex -2 -6.24081 11.9092
      vertex -2 -6.90301 11.0805
    endloop
  endfacet
  facet normal -1 -0 0
    outer loop
      vertex -2 -6.24081 11.9092
      vertex -2 -7.06948 11.247
      vertex -2 -6.46658 12.1109
    endloop
  endfacet
  facet normal -1 0 0
    outer loop
      vertex -2 -7.25794 11.3881
      vertex -2 -6.46658 12.1109
      vertex -2 -7.06948 11.247
    endloop
  endfacet
  facet normal -1 -0 0
    outer loop
      vertex -2 -6.46658 12.1109
      vertex -2 -7.25794 11.3881
      vertex -2 -6.71351 12.2862
    endloop
  endfacet
  facet normal -1 -0 0
    outer loop
      vertex -2 -6.71351 12.2862
      vertex -2 -7.25794 11.3881
      vertex -2 -6.97851 12.4326
    endloop
  endfacet
  facet normal -1 0 0
    outer loop
      vertex -2 -7.46457 11.5009
      vertex -2 -6.97851 12.4326
      vertex -2 -7.25794 11.3881
    endloop
  endfacet
  facet normal -1 -0 0
    outer loop
      vertex -2 -6.97851 12.4326
      vertex -2 -7.46457 11.5009
      vertex -2 -7.25825 12.5485
    endloop
  endfacet
  facet normal -1 0 0
    outer loop
      vertex -2 -7.68514 11.5832
      vertex -2 -7.25825 12.5485
      vertex -2 -7.46457 11.5009
    endloop
  endfacet
  facet normal -1 -0 0
    outer loop
      vertex -2 -7.25825 12.5485
      vertex -2 -7.68514 11.5832
      vertex -2 -7.54919 12.6323
    endloop
  endfacet
  facet normal -1 0 0
    outer loop
      vertex -2 -7.91518 11.6332
      vertex -2 -7.54919 12.6323
      vertex -2 -7.68514 11.5832
    endloop
  endfacet
  facet normal -1 -0 0
    outer loop
      vertex -2 -7.54919 12.6323
      vertex -2 -7.91518 11.6332
      vertex -2 -7.8477 12.683
    endloop
  endfacet
  facet normal -1 0 0
    outer loop
      vertex -2 -8.15 11.65
      vertex -2 -7.8477 12.683
      vertex -2 -7.91518 11.6332
    endloop
  endfacet
  facet normal -1 0 0
    outer loop
      vertex -2 -8.15 11.65
      vertex -2 -8.15 12.7
      vertex -2 -7.8477 12.683
    endloop
  endfacet
  facet normal -1 0 0
    outer loop
      vertex -2 -8.4523 12.683
      vertex -2 -8.15 11.65
      vertex -2 -8.38482 11.6332
    endloop
  endfacet
  facet normal -1 0 0
    outer loop
      vertex -2 -8.15 11.65
      vertex -2 -8.4523 12.683
      vertex -2 -8.15 12.7
    endloop
  endfacet
  facet normal -1 0 0
    outer loop
      vertex -2 -8.75081 12.6323
      vertex -2 -8.38482 11.6332
      vertex -2 -8.61486 11.5832
    endloop
  endfacet
  facet normal -1 0 0
    outer loop
      vertex -2 -8.38482 11.6332
      vertex -2 -8.75081 12.6323
      vertex -2 -8.4523 12.683
    endloop
  endfacet
  facet normal -1 0 0
    outer loop
      vertex -2 -9.04175 12.5485
      vertex -2 -8.61486 11.5832
      vertex -2 -8.83543 11.5009
    endloop
  endfacet
  facet normal -1 0 0
    outer loop
      vertex -2 -8.61486 11.5832
      vertex -2 -9.04175 12.5485
      vertex -2 -8.75081 12.6323
    endloop
  endfacet
  facet normal -1 0 0
    outer loop
      vertex -2 -9.32149 12.4326
      vertex -2 -8.83543 11.5009
      vertex -2 -9.04206 11.3881
    endloop
  endfacet
  facet normal -1 0 0
    outer loop
      vertex -2 -9.83342 12.1109
      vertex -2 -9.04206 11.3881
      vertex -2 -9.23052 11.247
    endloop
  endfacet
  facet normal -1 0 0
    outer loop
      vertex -2 -8.83543 11.5009
      vertex -2 -9.32149 12.4326
      vertex -2 -9.04175 12.5485
    endloop
  endfacet
  facet normal -1 0 0
    outer loop
      vertex -2 -10.0592 11.9092
      vertex -2 -9.23052 11.247
      vertex -2 -9.39699 11.0805
    endloop
  endfacet
  facet normal -1 0 0
    outer loop
      vertex -2 -10.2609 11.6834
      vertex -2 -9.39699 11.0805
      vertex -2 -9.53807 10.8921
    endloop
  endfacet
  facet normal -1 0 0
    outer loop
      vertex -2 -9.04206 11.3881
      vertex -2 -9.58649 12.2862
      vertex -2 -9.32149 12.4326
    endloop
  endfacet
  facet normal -1 0 0
    outer loop
      vertex -2 -10.5826 11.1715
      vertex -2 -9.53807 10.8921
      vertex -2 -9.65089 10.6854
    endloop
  endfacet
  facet normal -1 0 0
    outer loop
      vertex -2 -10.6985 10.8918
      vertex -2 -9.65089 10.6854
      vertex -2 -9.73316 10.4649
    endloop
  endfacet
  facet normal -1 0 0
    outer loop
      vertex -2 -10.7823 10.6008
      vertex -2 -9.73316 10.4649
      vertex -2 -9.78321 10.2348
    endloop
  endfacet
  facet normal -1 0 0
    outer loop
      vertex -2 -9.04206 11.3881
      vertex -2 -9.83342 12.1109
      vertex -2 -9.58649 12.2862
    endloop
  endfacet
  facet normal -1 0 0
    outer loop
      vertex -2 -10.833 10.3023
      vertex -2 -9.78321 10.2348
      vertex -2 -9.8 10
    endloop
  endfacet
  facet normal -1 -0 0
    outer loop
      vertex -2 -9.53807 9.10794
      vertex -2 -10.5826 8.82851
      vertex -2 -9.65089 9.31457
    endloop
  endfacet
  facet normal -1 0 0
    outer loop
      vertex -2 -10.6985 9.10825
      vertex -2 -9.65089 9.31457
      vertex -2 -10.5826 8.82851
    endloop
  endfacet
  facet normal -1 0 0
    outer loop
      vertex -2 -9.23052 11.247
      vertex -2 -10.0592 11.9092
      vertex -2 -9.83342 12.1109
    endloop
  endfacet
  facet normal -1 -0 0
    outer loop
      vertex -2 -9.65089 9.31457
      vertex -2 -10.6985 9.10825
      vertex -2 -9.73316 9.53514
    endloop
  endfacet
  facet normal -1 0 0
    outer loop
      vertex -2 -9.39699 11.0805
      vertex -2 -10.2609 11.6834
      vertex -2 -10.0592 11.9092
    endloop
  endfacet
  facet normal -1 0 0
    outer loop
      vertex -2 -10.7823 9.39919
      vertex -2 -9.73316 9.53514
      vertex -2 -10.6985 9.10825
    endloop
  endfacet
  facet normal -1 0 0
    outer loop
      vertex -2 -9.53807 10.8921
      vertex -2 -10.4362 11.4365
      vertex -2 -10.2609 11.6834
    endloop
  endfacet
  facet normal -1 -0 0
    outer loop
      vertex -2 -9.73316 9.53514
      vertex -2 -10.7823 9.39919
      vertex -2 -9.78321 9.76518
    endloop
  endfacet
  facet normal -1 0 0
    outer loop
      vertex -2 -9.53807 10.8921
      vertex -2 -10.5826 11.1715
      vertex -2 -10.4362 11.4365
    endloop
  endfacet
  facet normal -1 0 0
    outer loop
      vertex -2 -10.833 9.6977
      vertex -2 -9.78321 9.76518
      vertex -2 -10.7823 9.39919
    endloop
  endfacet
  facet normal -1 0 0
    outer loop
      vertex -2 -9.65089 10.6854
      vertex -2 -10.6985 10.8918
      vertex -2 -10.5826 11.1715
    endloop
  endfacet
  facet normal -1 -0 0
    outer loop
      vertex -2 -9.78321 9.76518
      vertex -2 -10.833 9.6977
      vertex -2 -9.8 10
    endloop
  endfacet
  facet normal -1 0 0
    outer loop
      vertex -2 -9.73316 10.4649
      vertex -2 -10.7823 10.6008
      vertex -2 -10.6985 10.8918
    endloop
  endfacet
  facet normal -1 0 0
    outer loop
      vertex -2 -10.85 10
      vertex -2 -9.8 10
      vertex -2 -10.833 9.6977
    endloop
  endfacet
  facet normal -1 0 0
    outer loop
      vertex -2 -9.78321 10.2348
      vertex -2 -10.833 10.3023
      vertex -2 -10.7823 10.6008
    endloop
  endfacet
  facet normal -1 0 0
    outer loop
      vertex -2 -9.8 10
      vertex -2 -10.85 10
      vertex -2 -10.833 10.3023
    endloop
  endfacet
  facet normal 0 -0.997453 0.0713255
    outer loop
      vertex -2 -6.51679 17.8652
      vertex 0 -6.5 18.1
      vertex -2 -6.5 18.1
    endloop
  endfacet
  facet normal 0 -0.997453 0.0713255
    outer loop
      vertex 0 -6.5 18.1
      vertex -2 -6.51679 17.8652
      vertex 0 -6.51679 17.8652
    endloop
  endfacet
  facet normal 0 -0.997453 -0.0713255
    outer loop
      vertex -2 -6.5 18.1
      vertex 0 -6.51679 18.3348
      vertex -2 -6.51679 18.3348
    endloop
  endfacet
  facet normal 0 -0.997453 -0.0713255
    outer loop
      vertex 0 -6.51679 18.3348
      vertex -2 -6.5 18.1
      vertex 0 -6.5 18.1
    endloop
  endfacet
  facet normal 0 -0.977151 -0.212544
    outer loop
      vertex -2 -6.51679 18.3348
      vertex 0 -6.56684 18.5649
      vertex -2 -6.56684 18.5649
    endloop
  endfacet
  facet normal 0 -0.977151 -0.212544
    outer loop
      vertex 0 -6.56684 18.5649
      vertex -2 -6.51679 18.3348
      vertex 0 -6.51679 18.3348
    endloop
  endfacet
  facet normal 0 -0.936911 -0.349568
    outer loop
      vertex -2 -6.56684 18.5649
      vertex 0 -6.64911 18.7854
      vertex -2 -6.64911 18.7854
    endloop
  endfacet
  facet normal 0 -0.936911 -0.349568
    outer loop
      vertex 0 -6.64911 18.7854
      vertex -2 -6.56684 18.5649
      vertex 0 -6.56684 18.5649
    endloop
  endfacet
  facet normal 0 -0.877762 -0.479096
    outer loop
      vertex -2 -6.64911 18.7854
      vertex 0 -6.76193 18.9921
      vertex -2 -6.76193 18.9921
    endloop
  endfacet
  facet normal 0 -0.877762 -0.479096
    outer loop
      vertex 0 -6.76193 18.9921
      vertex -2 -6.64911 18.7854
      vertex 0 -6.64911 18.7854
    endloop
  endfacet
  facet normal 0 -0.800448 -0.599402
    outer loop
      vertex -2 -6.76193 18.9921
      vertex 0 -6.90301 19.1805
      vertex -2 -6.90301 19.1805
    endloop
  endfacet
  facet normal 0 -0.800448 -0.599402
    outer loop
      vertex 0 -6.90301 19.1805
      vertex -2 -6.76193 18.9921
      vertex 0 -6.76193 18.9921
    endloop
  endfacet
  facet normal 0 -0.70717 -0.707043
    outer loop
      vertex -2 -7.06948 19.347
      vertex 0 -6.90301 19.1805
      vertex 0 -7.06948 19.347
    endloop
  endfacet
  facet normal -0 -0.70717 -0.707043
    outer loop
      vertex 0 -6.90301 19.1805
      vertex -2 -7.06948 19.347
      vertex -2 -6.90301 19.1805
    endloop
  endfacet
  facet normal 0 -0.599334 -0.800499
    outer loop
      vertex -2 -7.25794 19.4881
      vertex 0 -7.06948 19.347
      vertex 0 -7.25794 19.4881
    endloop
  endfacet
  facet normal -0 -0.599334 -0.800499
    outer loop
      vertex 0 -7.06948 19.347
      vertex -2 -7.25794 19.4881
      vertex -2 -7.06948 19.347
    endloop
  endfacet
  facet normal 0 -0.479156 -0.87773
    outer loop
      vertex -2 -7.46457 19.6009
      vertex 0 -7.25794 19.4881
      vertex 0 -7.46457 19.6009
    endloop
  endfacet
  facet normal -0 -0.479156 -0.87773
    outer loop
      vertex 0 -7.25794 19.4881
      vertex -2 -7.46457 19.6009
      vertex -2 -7.25794 19.4881
    endloop
  endfacet
  facet normal 0 -0.349582 -0.936906
    outer loop
      vertex -2 -7.68514 19.6832
      vertex 0 -7.46457 19.6009
      vertex 0 -7.68514 19.6832
    endloop
  endfacet
  facet normal -0 -0.349582 -0.936906
    outer loop
      vertex 0 -7.46457 19.6009
      vertex -2 -7.68514 19.6832
      vertex -2 -7.46457 19.6009
    endloop
  endfacet
  facet normal 0 -0.212394 -0.977184
    outer loop
      vertex -2 -7.91518 19.7332
      vertex 0 -7.68514 19.6832
      vertex 0 -7.91518 19.7332
    endloop
  endfacet
  facet normal -0 -0.212394 -0.977184
    outer loop
      vertex 0 -7.68514 19.6832
      vertex -2 -7.91518 19.7332
      vertex -2 -7.68514 19.6832
    endloop
  endfacet
  facet normal 0 -0.0713618 -0.99745
    outer loop
      vertex -2 -8.15 19.75
      vertex 0 -7.91518 19.7332
      vertex 0 -8.15 19.75
    endloop
  endfacet
  facet normal -0 -0.0713618 -0.99745
    outer loop
      vertex 0 -7.91518 19.7332
      vertex -2 -8.15 19.75
      vertex -2 -7.91518 19.7332
    endloop
  endfacet
  facet normal 0 0.0713618 -0.99745
    outer loop
      vertex -2 -8.38482 19.7332
      vertex 0 -8.15 19.75
      vertex 0 -8.38482 19.7332
    endloop
  endfacet
  facet normal 0 0.0713618 -0.99745
    outer loop
      vertex 0 -8.15 19.75
      vertex -2 -8.38482 19.7332
      vertex -2 -8.15 19.75
    endloop
  endfacet
  facet normal 0 0.212394 -0.977184
    outer loop
      vertex -2 -8.61486 19.6832
      vertex 0 -8.38482 19.7332
      vertex 0 -8.61486 19.6832
    endloop
  endfacet
  facet normal 0 0.212394 -0.977184
    outer loop
      vertex 0 -8.38482 19.7332
      vertex -2 -8.61486 19.6832
      vertex -2 -8.38482 19.7332
    endloop
  endfacet
  facet normal 0 0.349582 -0.936906
    outer loop
      vertex -2 -8.83543 19.6009
      vertex 0 -8.61486 19.6832
      vertex 0 -8.83543 19.6009
    endloop
  endfacet
  facet normal 0 0.349582 -0.936906
    outer loop
      vertex 0 -8.61486 19.6832
      vertex -2 -8.83543 19.6009
      vertex -2 -8.61486 19.6832
    endloop
  endfacet
  facet normal 0 0.479156 -0.87773
    outer loop
      vertex -2 -9.04206 19.4881
      vertex 0 -8.83543 19.6009
      vertex 0 -9.04206 19.4881
    endloop
  endfacet
  facet normal 0 0.479156 -0.87773
    outer loop
      vertex 0 -8.83543 19.6009
      vertex -2 -9.04206 19.4881
      vertex -2 -8.83543 19.6009
    endloop
  endfacet
  facet normal 0 0.599334 -0.800499
    outer loop
      vertex -2 -9.23052 19.347
      vertex 0 -9.04206 19.4881
      vertex 0 -9.23052 19.347
    endloop
  endfacet
  facet normal 0 0.599334 -0.800499
    outer loop
      vertex 0 -9.04206 19.4881
      vertex -2 -9.23052 19.347
      vertex -2 -9.04206 19.4881
    endloop
  endfacet
  facet normal 0 0.70717 -0.707043
    outer loop
      vertex -2 -9.39699 19.1805
      vertex 0 -9.23052 19.347
      vertex 0 -9.39699 19.1805
    endloop
  endfacet
  facet normal 0 0.70717 -0.707043
    outer loop
      vertex 0 -9.23052 19.347
      vertex -2 -9.39699 19.1805
      vertex -2 -9.23052 19.347
    endloop
  endfacet
  facet normal 0 0.800448 -0.599402
    outer loop
      vertex 0 -9.53807 18.9921
      vertex -2 -9.39699 19.1805
      vertex 0 -9.39699 19.1805
    endloop
  endfacet
  facet normal 0 0.800448 -0.599402
    outer loop
      vertex -2 -9.39699 19.1805
      vertex 0 -9.53807 18.9921
      vertex -2 -9.53807 18.9921
    endloop
  endfacet
  facet normal 0 0.877762 -0.479096
    outer loop
      vertex 0 -9.65089 18.7854
      vertex -2 -9.53807 18.9921
      vertex 0 -9.53807 18.9921
    endloop
  endfacet
  facet normal 0 0.877762 -0.479096
    outer loop
      vertex -2 -9.53807 18.9921
      vertex 0 -9.65089 18.7854
      vertex -2 -9.65089 18.7854
    endloop
  endfacet
  facet normal 0 0.936911 -0.349568
    outer loop
      vertex 0 -9.73316 18.5649
      vertex -2 -9.65089 18.7854
      vertex 0 -9.65089 18.7854
    endloop
  endfacet
  facet normal 0 0.936911 -0.349568
    outer loop
      vertex -2 -9.65089 18.7854
      vertex 0 -9.73316 18.5649
      vertex -2 -9.73316 18.5649
    endloop
  endfacet
  facet normal 0 0.977151 -0.212544
    outer loop
      vertex 0 -9.78321 18.3348
      vertex -2 -9.73316 18.5649
      vertex 0 -9.73316 18.5649
    endloop
  endfacet
  facet normal 0 0.977151 -0.212544
    outer loop
      vertex -2 -9.73316 18.5649
      vertex 0 -9.78321 18.3348
      vertex -2 -9.78321 18.3348
    endloop
  endfacet
  facet normal 0 0.997453 -0.0713255
    outer loop
      vertex 0 -9.8 18.1
      vertex -2 -9.78321 18.3348
      vertex 0 -9.78321 18.3348
    endloop
  endfacet
  facet normal 0 0.997453 -0.0713255
    outer loop
      vertex -2 -9.78321 18.3348
      vertex 0 -9.8 18.1
      vertex -2 -9.8 18.1
    endloop
  endfacet
  facet normal 0 0.997453 0.0713255
    outer loop
      vertex 0 -9.78321 17.8652
      vertex -2 -9.8 18.1
      vertex 0 -9.8 18.1
    endloop
  endfacet
  facet normal 0 0.997453 0.0713255
    outer loop
      vertex -2 -9.8 18.1
      vertex 0 -9.78321 17.8652
      vertex -2 -9.78321 17.8652
    endloop
  endfacet
  facet normal 0 0.977151 0.212544
    outer loop
      vertex 0 -9.73316 17.6351
      vertex -2 -9.78321 17.8652
      vertex 0 -9.78321 17.8652
    endloop
  endfacet
  facet normal 0 0.977151 0.212544
    outer loop
      vertex -2 -9.78321 17.8652
      vertex 0 -9.73316 17.6351
      vertex -2 -9.73316 17.6351
    endloop
  endfacet
  facet normal 0 0.936911 0.349568
    outer loop
      vertex 0 -9.65089 17.4146
      vertex -2 -9.73316 17.6351
      vertex 0 -9.73316 17.6351
    endloop
  endfacet
  facet normal 0 0.936911 0.349568
    outer loop
      vertex -2 -9.73316 17.6351
      vertex 0 -9.65089 17.4146
      vertex -2 -9.65089 17.4146
    endloop
  endfacet
  facet normal 0 0.877762 0.479096
    outer loop
      vertex 0 -9.53807 17.2079
      vertex -2 -9.65089 17.4146
      vertex 0 -9.65089 17.4146
    endloop
  endfacet
  facet normal 0 0.877762 0.479096
    outer loop
      vertex -2 -9.65089 17.4146
      vertex 0 -9.53807 17.2079
      vertex -2 -9.53807 17.2079
    endloop
  endfacet
  facet normal 0 0.800448 0.599402
    outer loop
      vertex 0 -9.39699 17.0195
      vertex -2 -9.53807 17.2079
      vertex 0 -9.53807 17.2079
    endloop
  endfacet
  facet normal 0 0.800448 0.599402
    outer loop
      vertex -2 -9.53807 17.2079
      vertex 0 -9.39699 17.0195
      vertex -2 -9.39699 17.0195
    endloop
  endfacet
  facet normal -0 0.70717 0.707043
    outer loop
      vertex -2 -9.23052 16.853
      vertex 0 -9.39699 17.0195
      vertex 0 -9.23052 16.853
    endloop
  endfacet
  facet normal 0 0.70717 0.707043
    outer loop
      vertex 0 -9.39699 17.0195
      vertex -2 -9.23052 16.853
      vertex -2 -9.39699 17.0195
    endloop
  endfacet
  facet normal -0 0.599334 0.800499
    outer loop
      vertex -2 -9.04206 16.7119
      vertex 0 -9.23052 16.853
      vertex 0 -9.04206 16.7119
    endloop
  endfacet
  facet normal 0 0.599334 0.800499
    outer loop
      vertex 0 -9.23052 16.853
      vertex -2 -9.04206 16.7119
      vertex -2 -9.23052 16.853
    endloop
  endfacet
  facet normal -0 0.479156 0.87773
    outer loop
      vertex -2 -8.83543 16.5991
      vertex 0 -9.04206 16.7119
      vertex 0 -8.83543 16.5991
    endloop
  endfacet
  facet normal 0 0.479156 0.87773
    outer loop
      vertex 0 -9.04206 16.7119
      vertex -2 -8.83543 16.5991
      vertex -2 -9.04206 16.7119
    endloop
  endfacet
  facet normal -0 0.349582 0.936906
    outer loop
      vertex -2 -8.61486 16.5168
      vertex 0 -8.83543 16.5991
      vertex 0 -8.61486 16.5168
    endloop
  endfacet
  facet normal 0 0.349582 0.936906
    outer loop
      vertex 0 -8.83543 16.5991
      vertex -2 -8.61486 16.5168
      vertex -2 -8.83543 16.5991
    endloop
  endfacet
  facet normal -0 0.212394 0.977184
    outer loop
      vertex -2 -8.38482 16.4668
      vertex 0 -8.61486 16.5168
      vertex 0 -8.38482 16.4668
    endloop
  endfacet
  facet normal 0 0.212394 0.977184
    outer loop
      vertex 0 -8.61486 16.5168
      vertex -2 -8.38482 16.4668
      vertex -2 -8.61486 16.5168
    endloop
  endfacet
  facet normal -0 0.0713618 0.99745
    outer loop
      vertex -2 -8.15 16.45
      vertex 0 -8.38482 16.4668
      vertex 0 -8.15 16.45
    endloop
  endfacet
  facet normal 0 0.0713618 0.99745
    outer loop
      vertex 0 -8.38482 16.4668
      vertex -2 -8.15 16.45
      vertex -2 -8.38482 16.4668
    endloop
  endfacet
  facet normal 0 -0.0713618 0.99745
    outer loop
      vertex -2 -7.91518 16.4668
      vertex 0 -8.15 16.45
      vertex 0 -7.91518 16.4668
    endloop
  endfacet
  facet normal 0 -0.0713618 0.99745
    outer loop
      vertex 0 -8.15 16.45
      vertex -2 -7.91518 16.4668
      vertex -2 -8.15 16.45
    endloop
  endfacet
  facet normal 0 -0.212394 0.977184
    outer loop
      vertex -2 -7.68514 16.5168
      vertex 0 -7.91518 16.4668
      vertex 0 -7.68514 16.5168
    endloop
  endfacet
  facet normal 0 -0.212394 0.977184
    outer loop
      vertex 0 -7.91518 16.4668
      vertex -2 -7.68514 16.5168
      vertex -2 -7.91518 16.4668
    endloop
  endfacet
  facet normal 0 -0.349582 0.936906
    outer loop
      vertex -2 -7.46457 16.5991
      vertex 0 -7.68514 16.5168
      vertex 0 -7.46457 16.5991
    endloop
  endfacet
  facet normal 0 -0.349582 0.936906
    outer loop
      vertex 0 -7.68514 16.5168
      vertex -2 -7.46457 16.5991
      vertex -2 -7.68514 16.5168
    endloop
  endfacet
  facet normal 0 -0.479156 0.87773
    outer loop
      vertex -2 -7.25794 16.7119
      vertex 0 -7.46457 16.5991
      vertex 0 -7.25794 16.7119
    endloop
  endfacet
  facet normal 0 -0.479156 0.87773
    outer loop
      vertex 0 -7.46457 16.5991
      vertex -2 -7.25794 16.7119
      vertex -2 -7.46457 16.5991
    endloop
  endfacet
  facet normal 0 -0.599334 0.800499
    outer loop
      vertex -2 -7.06948 16.853
      vertex 0 -7.25794 16.7119
      vertex 0 -7.06948 16.853
    endloop
  endfacet
  facet normal 0 -0.599334 0.800499
    outer loop
      vertex 0 -7.25794 16.7119
      vertex -2 -7.06948 16.853
      vertex -2 -7.25794 16.7119
    endloop
  endfacet
  facet normal 0 -0.70717 0.707043
    outer loop
      vertex -2 -6.90301 17.0195
      vertex 0 -7.06948 16.853
      vertex 0 -6.90301 17.0195
    endloop
  endfacet
  facet normal 0 -0.70717 0.707043
    outer loop
      vertex 0 -7.06948 16.853
      vertex -2 -6.90301 17.0195
      vertex -2 -7.06948 16.853
    endloop
  endfacet
  facet normal 0 -0.800448 0.599402
    outer loop
      vertex -2 -6.90301 17.0195
      vertex 0 -6.76193 17.2079
      vertex -2 -6.76193 17.2079
    endloop
  endfacet
  facet normal 0 -0.800448 0.599402
    outer loop
      vertex 0 -6.76193 17.2079
      vertex -2 -6.90301 17.0195
      vertex 0 -6.90301 17.0195
    endloop
  endfacet
  facet normal 0 -0.877762 0.479096
    outer loop
      vertex -2 -6.76193 17.2079
      vertex 0 -6.64911 17.4146
      vertex -2 -6.64911 17.4146
    endloop
  endfacet
  facet normal 0 -0.877762 0.479096
    outer loop
      vertex 0 -6.64911 17.4146
      vertex -2 -6.76193 17.2079
      vertex 0 -6.76193 17.2079
    endloop
  endfacet
  facet normal 0 -0.936911 0.349568
    outer loop
      vertex -2 -6.64911 17.4146
      vertex 0 -6.56684 17.6351
      vertex -2 -6.56684 17.6351
    endloop
  endfacet
  facet normal 0 -0.936911 0.349568
    outer loop
      vertex 0 -6.56684 17.6351
      vertex -2 -6.64911 17.4146
      vertex 0 -6.64911 17.4146
    endloop
  endfacet
  facet normal 0 -0.977151 0.212544
    outer loop
      vertex -2 -6.56684 17.6351
      vertex 0 -6.51679 17.8652
      vertex -2 -6.51679 17.8652
    endloop
  endfacet
  facet normal 0 -0.977151 0.212544
    outer loop
      vertex 0 -6.51679 17.8652
      vertex -2 -6.56684 17.6351
      vertex 0 -6.56684 17.6351
    endloop
  endfacet
  facet normal 0 -0.997454 0.0713195
    outer loop
      vertex -2 -6.51679 9.76518
      vertex 0 -6.5 10
      vertex -2 -6.5 10
    endloop
  endfacet
  facet normal 0 -0.997454 0.0713195
    outer loop
      vertex 0 -6.5 10
      vertex -2 -6.51679 9.76518
      vertex 0 -6.51679 9.76518
    endloop
  endfacet
  facet normal 0 -0.997453 -0.0713255
    outer loop
      vertex -2 -6.5 10
      vertex 0 -6.51679 10.2348
      vertex -2 -6.51679 10.2348
    endloop
  endfacet
  facet normal 0 -0.997453 -0.0713255
    outer loop
      vertex 0 -6.51679 10.2348
      vertex -2 -6.5 10
      vertex 0 -6.5 10
    endloop
  endfacet
  facet normal 0 -0.977151 -0.212544
    outer loop
      vertex -2 -6.51679 10.2348
      vertex 0 -6.56684 10.4649
      vertex -2 -6.56684 10.4649
    endloop
  endfacet
  facet normal 0 -0.977151 -0.212544
    outer loop
      vertex 0 -6.56684 10.4649
      vertex -2 -6.51679 10.2348
      vertex 0 -6.51679 10.2348
    endloop
  endfacet
  facet normal 0 -0.936911 -0.349568
    outer loop
      vertex -2 -6.56684 10.4649
      vertex 0 -6.64911 10.6854
      vertex -2 -6.64911 10.6854
    endloop
  endfacet
  facet normal 0 -0.936911 -0.349568
    outer loop
      vertex 0 -6.64911 10.6854
      vertex -2 -6.56684 10.4649
      vertex 0 -6.56684 10.4649
    endloop
  endfacet
  facet normal 0 -0.877762 -0.479096
    outer loop
      vertex -2 -6.64911 10.6854
      vertex 0 -6.76193 10.8921
      vertex -2 -6.76193 10.8921
    endloop
  endfacet
  facet normal 0 -0.877762 -0.479096
    outer loop
      vertex 0 -6.76193 10.8921
      vertex -2 -6.64911 10.6854
      vertex 0 -6.64911 10.6854
    endloop
  endfacet
  facet normal 0 -0.800448 -0.599402
    outer loop
      vertex -2 -6.76193 10.8921
      vertex 0 -6.90301 11.0805
      vertex -2 -6.90301 11.0805
    endloop
  endfacet
  facet normal 0 -0.800448 -0.599402
    outer loop
      vertex 0 -6.90301 11.0805
      vertex -2 -6.76193 10.8921
      vertex 0 -6.76193 10.8921
    endloop
  endfacet
  facet normal 0 -0.70717 -0.707043
    outer loop
      vertex -2 -7.06948 11.247
      vertex 0 -6.90301 11.0805
      vertex 0 -7.06948 11.247
    endloop
  endfacet
  facet normal -0 -0.70717 -0.707043
    outer loop
      vertex 0 -6.90301 11.0805
      vertex -2 -7.06948 11.247
      vertex -2 -6.90301 11.0805
    endloop
  endfacet
  facet normal 0 -0.599334 -0.800499
    outer loop
      vertex -2 -7.25794 11.3881
      vertex 0 -7.06948 11.247
      vertex 0 -7.25794 11.3881
    endloop
  endfacet
  facet normal -0 -0.599334 -0.800499
    outer loop
      vertex 0 -7.06948 11.247
      vertex -2 -7.25794 11.3881
      vertex -2 -7.06948 11.247
    endloop
  endfacet
  facet normal 0 -0.479156 -0.87773
    outer loop
      vertex -2 -7.46457 11.5009
      vertex 0 -7.25794 11.3881
      vertex 0 -7.46457 11.5009
    endloop
  endfacet
  facet normal -0 -0.479156 -0.87773
    outer loop
      vertex 0 -7.25794 11.3881
      vertex -2 -7.46457 11.5009
      vertex -2 -7.25794 11.3881
    endloop
  endfacet
  facet normal 0 -0.349582 -0.936906
    outer loop
      vertex -2 -7.68514 11.5832
      vertex 0 -7.46457 11.5009
      vertex 0 -7.68514 11.5832
    endloop
  endfacet
  facet normal -0 -0.349582 -0.936906
    outer loop
      vertex 0 -7.46457 11.5009
      vertex -2 -7.68514 11.5832
      vertex -2 -7.46457 11.5009
    endloop
  endfacet
  facet normal 0 -0.212394 -0.977184
    outer loop
      vertex -2 -7.91518 11.6332
      vertex 0 -7.68514 11.5832
      vertex 0 -7.91518 11.6332
    endloop
  endfacet
  facet normal -0 -0.212394 -0.977184
    outer loop
      vertex 0 -7.68514 11.5832
      vertex -2 -7.91518 11.6332
      vertex -2 -7.68514 11.5832
    endloop
  endfacet
  facet normal 0 -0.0713618 -0.99745
    outer loop
      vertex -2 -8.15 11.65
      vertex 0 -7.91518 11.6332
      vertex 0 -8.15 11.65
    endloop
  endfacet
  facet normal -0 -0.0713618 -0.99745
    outer loop
      vertex 0 -7.91518 11.6332
      vertex -2 -8.15 11.65
      vertex -2 -7.91518 11.6332
    endloop
  endfacet
  facet normal 0 0.0713618 -0.99745
    outer loop
      vertex -2 -8.38482 11.6332
      vertex 0 -8.15 11.65
      vertex 0 -8.38482 11.6332
    endloop
  endfacet
  facet normal 0 0.0713618 -0.99745
    outer loop
      vertex 0 -8.15 11.65
      vertex -2 -8.38482 11.6332
      vertex -2 -8.15 11.65
    endloop
  endfacet
  facet normal 0 0.212394 -0.977184
    outer loop
      vertex -2 -8.61486 11.5832
      vertex 0 -8.38482 11.6332
      vertex 0 -8.61486 11.5832
    endloop
  endfacet
  facet normal 0 0.212394 -0.977184
    outer loop
      vertex 0 -8.38482 11.6332
      vertex -2 -8.61486 11.5832
      vertex -2 -8.38482 11.6332
    endloop
  endfacet
  facet normal 0 0.349582 -0.936906
    outer loop
      vertex -2 -8.83543 11.5009
      vertex 0 -8.61486 11.5832
      vertex 0 -8.83543 11.5009
    endloop
  endfacet
  facet normal 0 0.349582 -0.936906
    outer loop
      vertex 0 -8.61486 11.5832
      vertex -2 -8.83543 11.5009
      vertex -2 -8.61486 11.5832
    endloop
  endfacet
  facet normal 0 0.479156 -0.87773
    outer loop
      vertex -2 -9.04206 11.3881
      vertex 0 -8.83543 11.5009
      vertex 0 -9.04206 11.3881
    endloop
  endfacet
  facet normal 0 0.479156 -0.87773
    outer loop
      vertex 0 -8.83543 11.5009
      vertex -2 -9.04206 11.3881
      vertex -2 -8.83543 11.5009
    endloop
  endfacet
  facet normal 0 0.599334 -0.800499
    outer loop
      vertex -2 -9.23052 11.247
      vertex 0 -9.04206 11.3881
      vertex 0 -9.23052 11.247
    endloop
  endfacet
  facet normal 0 0.599334 -0.800499
    outer loop
      vertex 0 -9.04206 11.3881
      vertex -2 -9.23052 11.247
      vertex -2 -9.04206 11.3881
    endloop
  endfacet
  facet normal 0 0.70717 -0.707043
    outer loop
      vertex -2 -9.39699 11.0805
      vertex 0 -9.23052 11.247
      vertex 0 -9.39699 11.0805
    endloop
  endfacet
  facet normal 0 0.70717 -0.707043
    outer loop
      vertex 0 -9.23052 11.247
      vertex -2 -9.39699 11.0805
      vertex -2 -9.23052 11.247
    endloop
  endfacet
  facet normal 0 0.800448 -0.599402
    outer loop
      vertex 0 -9.53807 10.8921
      vertex -2 -9.39699 11.0805
      vertex 0 -9.39699 11.0805
    endloop
  endfacet
  facet normal 0 0.800448 -0.599402
    outer loop
      vertex -2 -9.39699 11.0805
      vertex 0 -9.53807 10.8921
      vertex -2 -9.53807 10.8921
    endloop
  endfacet
  facet normal 0 0.877762 -0.479096
    outer loop
      vertex 0 -9.65089 10.6854
      vertex -2 -9.53807 10.8921
      vertex 0 -9.53807 10.8921
    endloop
  endfacet
  facet normal 0 0.877762 -0.479096
    outer loop
      vertex -2 -9.53807 10.8921
      vertex 0 -9.65089 10.6854
      vertex -2 -9.65089 10.6854
    endloop
  endfacet
  facet normal 0 0.936911 -0.349568
    outer loop
      vertex 0 -9.73316 10.4649
      vertex -2 -9.65089 10.6854
      vertex 0 -9.65089 10.6854
    endloop
  endfacet
  facet normal 0 0.936911 -0.349568
    outer loop
      vertex -2 -9.65089 10.6854
      vertex 0 -9.73316 10.4649
      vertex -2 -9.73316 10.4649
    endloop
  endfacet
  facet normal 0 0.977151 -0.212544
    outer loop
      vertex 0 -9.78321 10.2348
      vertex -2 -9.73316 10.4649
      vertex 0 -9.73316 10.4649
    endloop
  endfacet
  facet normal 0 0.977151 -0.212544
    outer loop
      vertex -2 -9.73316 10.4649
      vertex 0 -9.78321 10.2348
      vertex -2 -9.78321 10.2348
    endloop
  endfacet
  facet normal 0 0.997453 -0.0713255
    outer loop
      vertex 0 -9.8 10
      vertex -2 -9.78321 10.2348
      vertex 0 -9.78321 10.2348
    endloop
  endfacet
  facet normal 0 0.997453 -0.0713255
    outer loop
      vertex -2 -9.78321 10.2348
      vertex 0 -9.8 10
      vertex -2 -9.8 10
    endloop
  endfacet
  facet normal 0 0.997454 0.0713195
    outer loop
      vertex 0 -9.78321 9.76518
      vertex -2 -9.8 10
      vertex 0 -9.8 10
    endloop
  endfacet
  facet normal 0 0.997454 0.0713195
    outer loop
      vertex -2 -9.8 10
      vertex 0 -9.78321 9.76518
      vertex -2 -9.78321 9.76518
    endloop
  endfacet
  facet normal 0 0.97714 0.212597
    outer loop
      vertex 0 -9.73316 9.53514
      vertex -2 -9.78321 9.76518
      vertex 0 -9.78321 9.76518
    endloop
  endfacet
  facet normal 0 0.97714 0.212597
    outer loop
      vertex -2 -9.78321 9.76518
      vertex 0 -9.73316 9.53514
      vertex -2 -9.73316 9.53514
    endloop
  endfacet
  facet normal 0 0.936947 0.34947
    outer loop
      vertex 0 -9.65089 9.31457
      vertex -2 -9.73316 9.53514
      vertex 0 -9.73316 9.53514
    endloop
  endfacet
  facet normal 0 0.936947 0.34947
    outer loop
      vertex -2 -9.73316 9.53514
      vertex 0 -9.65089 9.31457
      vertex -2 -9.65089 9.31457
    endloop
  endfacet
  facet normal 0 0.877694 0.479221
    outer loop
      vertex 0 -9.53807 9.10794
      vertex -2 -9.65089 9.31457
      vertex 0 -9.65089 9.31457
    endloop
  endfacet
  facet normal 0 0.877694 0.479221
    outer loop
      vertex -2 -9.65089 9.31457
      vertex 0 -9.53807 9.10794
      vertex -2 -9.53807 9.10794
    endloop
  endfacet
  facet normal 0 0.80054 0.599279
    outer loop
      vertex 0 -9.39699 8.91948
      vertex -2 -9.53807 9.10794
      vertex 0 -9.53807 9.10794
    endloop
  endfacet
  facet normal 0 0.80054 0.599279
    outer loop
      vertex -2 -9.53807 9.10794
      vertex 0 -9.39699 8.91948
      vertex -2 -9.39699 8.91948
    endloop
  endfacet
  facet normal -0 0.707107 0.707107
    outer loop
      vertex -2 -9.23052 8.75301
      vertex 0 -9.39699 8.91948
      vertex 0 -9.23052 8.75301
    endloop
  endfacet
  facet normal 0 0.707107 0.707107
    outer loop
      vertex 0 -9.39699 8.91948
      vertex -2 -9.23052 8.75301
      vertex -2 -9.39699 8.91948
    endloop
  endfacet
  facet normal -0 0.599279 0.80054
    outer loop
      vertex -2 -9.04206 8.61193
      vertex 0 -9.23052 8.75301
      vertex 0 -9.04206 8.61193
    endloop
  endfacet
  facet normal 0 0.599279 0.80054
    outer loop
      vertex 0 -9.23052 8.75301
      vertex -2 -9.04206 8.61193
      vertex -2 -9.23052 8.75301
    endloop
  endfacet
  facet normal -0 0.479221 0.877694
    outer loop
      vertex -2 -8.83543 8.49911
      vertex 0 -9.04206 8.61193
      vertex 0 -8.83543 8.49911
    endloop
  endfacet
  facet normal 0 0.479221 0.877694
    outer loop
      vertex 0 -9.04206 8.61193
      vertex -2 -8.83543 8.49911
      vertex -2 -9.04206 8.61193
    endloop
  endfacet
  facet normal -0 0.34947 0.936947
    outer loop
      vertex -2 -8.61486 8.41684
      vertex 0 -8.83543 8.49911
      vertex 0 -8.61486 8.41684
    endloop
  endfacet
  facet normal 0 0.34947 0.936947
    outer loop
      vertex 0 -8.83543 8.49911
      vertex -2 -8.61486 8.41684
      vertex -2 -8.83543 8.49911
    endloop
  endfacet
  facet normal -0 0.212597 0.97714
    outer loop
      vertex -2 -8.38482 8.36679
      vertex 0 -8.61486 8.41684
      vertex 0 -8.38482 8.36679
    endloop
  endfacet
  facet normal 0 0.212597 0.97714
    outer loop
      vertex 0 -8.61486 8.41684
      vertex -2 -8.38482 8.36679
      vertex -2 -8.61486 8.41684
    endloop
  endfacet
  facet normal -0 0.0713195 0.997454
    outer loop
      vertex -2 -8.15 8.35
      vertex 0 -8.38482 8.36679
      vertex 0 -8.15 8.35
    endloop
  endfacet
  facet normal 0 0.0713195 0.997454
    outer loop
      vertex 0 -8.38482 8.36679
      vertex -2 -8.15 8.35
      vertex -2 -8.38482 8.36679
    endloop
  endfacet
  facet normal 0 -0.0713195 0.997454
    outer loop
      vertex -2 -7.91518 8.36679
      vertex 0 -8.15 8.35
      vertex 0 -7.91518 8.36679
    endloop
  endfacet
  facet normal 0 -0.0713195 0.997454
    outer loop
      vertex 0 -8.15 8.35
      vertex -2 -7.91518 8.36679
      vertex -2 -8.15 8.35
    endloop
  endfacet
  facet normal 0 -0.212597 0.97714
    outer loop
      vertex -2 -7.68514 8.41684
      vertex 0 -7.91518 8.36679
      vertex 0 -7.68514 8.41684
    endloop
  endfacet
  facet normal 0 -0.212597 0.97714
    outer loop
      vertex 0 -7.91518 8.36679
      vertex -2 -7.68514 8.41684
      vertex -2 -7.91518 8.36679
    endloop
  endfacet
  facet normal 0 -0.34947 0.936947
    outer loop
      vertex -2 -7.46457 8.49911
      vertex 0 -7.68514 8.41684
      vertex 0 -7.46457 8.49911
    endloop
  endfacet
  facet normal 0 -0.34947 0.936947
    outer loop
      vertex 0 -7.68514 8.41684
      vertex -2 -7.46457 8.49911
      vertex -2 -7.68514 8.41684
    endloop
  endfacet
  facet normal 0 -0.479221 0.877694
    outer loop
      vertex -2 -7.25794 8.61193
      vertex 0 -7.46457 8.49911
      vertex 0 -7.25794 8.61193
    endloop
  endfacet
  facet normal 0 -0.479221 0.877694
    outer loop
      vertex 0 -7.46457 8.49911
      vertex -2 -7.25794 8.61193
      vertex -2 -7.46457 8.49911
    endloop
  endfacet
  facet normal 0 -0.599279 0.80054
    outer loop
      vertex -2 -7.06948 8.75301
      vertex 0 -7.25794 8.61193
      vertex 0 -7.06948 8.75301
    endloop
  endfacet
  facet normal 0 -0.599279 0.80054
    outer loop
      vertex 0 -7.25794 8.61193
      vertex -2 -7.06948 8.75301
      vertex -2 -7.25794 8.61193
    endloop
  endfacet
  facet normal 0 -0.707107 0.707107
    outer loop
      vertex -2 -6.90301 8.91948
      vertex 0 -7.06948 8.75301
      vertex 0 -6.90301 8.91948
    endloop
  endfacet
  facet normal 0 -0.707107 0.707107
    outer loop
      vertex 0 -7.06948 8.75301
      vertex -2 -6.90301 8.91948
      vertex -2 -7.06948 8.75301
    endloop
  endfacet
  facet normal 0 -0.80054 0.599279
    outer loop
      vertex -2 -6.90301 8.91948
      vertex 0 -6.76193 9.10794
      vertex -2 -6.76193 9.10794
    endloop
  endfacet
  facet normal 0 -0.80054 0.599279
    outer loop
      vertex 0 -6.76193 9.10794
      vertex -2 -6.90301 8.91948
      vertex 0 -6.90301 8.91948
    endloop
  endfacet
  facet normal 0 -0.877694 0.479221
    outer loop
      vertex -2 -6.76193 9.10794
      vertex 0 -6.64911 9.31457
      vertex -2 -6.64911 9.31457
    endloop
  endfacet
  facet normal 0 -0.877694 0.479221
    outer loop
      vertex 0 -6.64911 9.31457
      vertex -2 -6.76193 9.10794
      vertex 0 -6.76193 9.10794
    endloop
  endfacet
  facet normal 0 -0.936947 0.34947
    outer loop
      vertex -2 -6.64911 9.31457
      vertex 0 -6.56684 9.53514
      vertex -2 -6.56684 9.53514
    endloop
  endfacet
  facet normal 0 -0.936947 0.34947
    outer loop
      vertex 0 -6.56684 9.53514
      vertex -2 -6.64911 9.31457
      vertex 0 -6.64911 9.31457
    endloop
  endfacet
  facet normal 0 -0.97714 0.212597
    outer loop
      vertex -2 -6.56684 9.53514
      vertex 0 -6.51679 9.76518
      vertex -2 -6.51679 9.76518
    endloop
  endfacet
  facet normal 0 -0.97714 0.212597
    outer loop
      vertex 0 -6.51679 9.76518
      vertex -2 -6.56684 9.53514
      vertex 0 -6.56684 9.53514
    endloop
  endfacet
  facet normal -0.858034 0.400609 -0.321386
    outer loop
      vertex -64.9737 -26.1703 -0.0980558
      vertex -66.759 -29.9941 -0.0980558
      vertex -65.088 -26.117 0.27354
    endloop
  endfacet
  facet normal -0.423427 -0.90593 2.24388e-05
    outer loop
      vertex -66.8733 -29.9408 0.27354
      vertex -66.9659 -29.8975 1.05
      vertex -66.9426 -29.9084 0.658428
    endloop
  endfacet
  facet normal 0.421947 0.906621 -0.000237516
    outer loop
      vertex -65.1574 -26.0846 0.658428
      vertex -65.1806 -26.0737 1.05
      vertex -65.088 -26.117 0.27354
    endloop
  endfacet
  facet normal -0.858034 0.400609 -0.321386
    outer loop
      vertex -66.759 -29.9941 -0.0980558
      vertex -66.8733 -29.9408 0.27354
      vertex -65.088 -26.117 0.27354
    endloop
  endfacet
  facet normal 0.400756 -0.18711 -0.896875
    outer loop
      vertex -32.9868 -45.7619 -1.54808
      vertex -31.5204 -41.7892 -1.72164
      vertex -31.2015 -41.9381 -1.54808
    endloop
  endfacet
  facet normal 0.400756 -0.18711 -0.896875
    outer loop
      vertex -31.5204 -41.7892 -1.72164
      vertex -32.9868 -45.7619 -1.54808
      vertex -33.3057 -45.613 -1.72164
    endloop
  endfacet
  facet normal 0.90408 -0.422144 0.0665807
    outer loop
      vertex -31.3876 -45.8741 34.1033
      vertex -31.6276 -46.3965 34.05
      vertex -31.3812 -45.8688 34.05
    endloop
  endfacet
  facet normal 0.423048 0.906107 4.86848e-05
    outer loop
      vertex -30.9059 -42.0761 -1.33007
      vertex -64.3844 -26.4455 -1.07132
      vertex -30.0493 -42.4761 -0.0980558
    endloop
  endfacet
  facet normal 0.422973 0.906142 -8.98521e-05
    outer loop
      vertex -63.8215 -26.7083 -1.54808
      vertex -64.3844 -26.4455 -1.07132
      vertex -63.1658 -27.0144 -1.84778
    endloop
  endfacet
  facet normal 0.423048 0.906107 0
    outer loop
      vertex -64.3844 -26.4455 36.1713
      vertex -65.088 -26.117 0.27354
      vertex -65.088 -26.117 34.8265
    endloop
  endfacet
  facet normal 0.423048 0.906107 0
    outer loop
      vertex -65.088 -26.117 0.27354
      vertex -64.3844 -26.4455 36.1713
      vertex -64.3844 -26.4455 -1.07132
    endloop
  endfacet
  facet normal -0.423037 -0.906112 0
    outer loop
      vertex -66.8733 -29.9408 34.8265
      vertex -63.7945 -31.3782 7.05
      vertex -63.7945 -31.3782 28.05
    endloop
  endfacet
  facet normal -0.423037 -0.906112 0
    outer loop
      vertex -66.8733 -29.9408 0.27354
      vertex -63.7945 -31.3782 7.05
      vertex -66.8733 -29.9408 34.8265
    endloop
  endfacet
  facet normal -0.423045 -0.906108 4.73731e-06
    outer loop
      vertex -63.5277 -31.5028 0.172276
      vertex -63.7945 -31.3782 7.05
      vertex -66.8733 -29.9408 0.27354
    endloop
  endfacet
  facet normal -0.423146 -0.906062 0
    outer loop
      vertex -63.7945 -31.3782 7.05
      vertex -63.5277 -31.5028 0.172276
      vertex -63.5277 -31.5028 7.05
    endloop
  endfacet
  facet normal -0.423045 -0.906108 -4.73732e-06
    outer loop
      vertex -63.7945 -31.3782 28.05
      vertex -63.5277 -31.5028 34.9277
      vertex -66.8733 -29.9408 34.8265
    endloop
  endfacet
  facet normal -0.423146 -0.906062 -0
    outer loop
      vertex -63.5277 -31.5028 34.9277
      vertex -63.7945 -31.3782 28.05
      vertex -63.5277 -31.5028 28.05
    endloop
  endfacet
  facet normal -0.422364 -0.906426 -6.87282e-05
    outer loop
      vertex -62.0039 -32.2142 2.56988
      vertex -61.9771 -32.2267 2.72943
      vertex -62.005 -32.2137 2.73557
    endloop
  endfacet
  facet normal -0.423365 -0.905959 0.00027701
    outer loop
      vertex -61.8859 -32.2693 2.70941
      vertex -62.0039 -32.2142 2.56988
      vertex -61.7558 -32.3301 2.7
    endloop
  endfacet
  facet normal -0.423194 -0.906039 0.000100888
    outer loop
      vertex -61.9771 -32.2267 2.72943
      vertex -62.0039 -32.2142 2.56988
      vertex -61.8859 -32.2693 2.70941
    endloop
  endfacet
  facet normal -0.422749 -0.906247 6.1542e-05
    outer loop
      vertex -61.7185 -32.3475 4.8973
      vertex -62.0063 -32.2131 7.05
      vertex -61.7558 -32.3301 4.9
    endloop
  endfacet
  facet normal -0.423379 -0.905953 -2.79424e-05
    outer loop
      vertex -62.0063 -32.2131 7.05
      vertex -61.8859 -32.2693 4.89059
      vertex -61.7558 -32.3301 4.9
    endloop
  endfacet
  facet normal -0.422968 -0.906145 0
    outer loop
      vertex -62.0063 -32.2131 4.88185
      vertex -61.8859 -32.2693 4.89059
      vertex -62.0063 -32.2131 7.05
    endloop
  endfacet
  facet normal -0.422847 -0.906199 -0.00202061
    outer loop
      vertex -62.0063 -32.2131 4.88185
      vertex -61.9771 -32.2267 4.87056
      vertex -61.8859 -32.2693 4.89059
    endloop
  endfacet
  facet normal -0.422537 -0.906343 -0.00235009
    outer loop
      vertex -62.0137 -32.2096 4.86252
      vertex -62.0063 -32.2131 4.88185
      vertex -62.0371 -32.1987 4.86602
    endloop
  endfacet
  facet normal -0.422898 -0.906175 -0.00218159
    outer loop
      vertex -62.0063 -32.2131 4.88185
      vertex -62.0137 -32.2096 4.86252
      vertex -61.9771 -32.2267 4.87056
    endloop
  endfacet
  facet normal -0.422311 -0.906451 -0.000501051
    outer loop
      vertex -62.0371 -32.1987 4.86602
      vertex -62.0491 -32.1931 4.84926
      vertex -62.0137 -32.2096 4.86252
    endloop
  endfacet
  facet normal -0.421434 -0.906858 -0.00126495
    outer loop
      vertex -62.0491 -32.1931 4.84926
      vertex -62.0371 -32.1987 4.86602
      vertex -62.0678 -32.1844 4.84226
    endloop
  endfacet
  facet normal -0.422829 -0.906209 4.8462e-05
    outer loop
      vertex -61.6257 -32.3908 4.89059
      vertex -62.0063 -32.2131 7.05
      vertex -61.7185 -32.3475 4.8973
    endloop
  endfacet
  facet normal -0.422822 -0.906213 4.99651e-05
    outer loop
      vertex -61.5344 -32.4334 4.87056
      vertex -62.0063 -32.2131 7.05
      vertex -61.6257 -32.3908 4.89059
    endloop
  endfacet
  facet normal -0.423306 -0.905987 -7.76321e-05
    outer loop
      vertex -61.4978 -32.4505 4.86252
      vertex -62.0063 -32.2131 7.05
      vertex -61.5344 -32.4334 4.87056
    endloop
  endfacet
  facet normal -0.422748 -0.906247 8.03016e-05
    outer loop
      vertex -61.4097 -32.4916 4.82953
      vertex -62.0063 -32.2131 7.05
      vertex -61.4978 -32.4505 4.86252
    endloop
  endfacet
  facet normal -0.422406 -0.906407 0.000192324
    outer loop
      vertex -61.3743 -32.5081 4.81627
      vertex -62.0063 -32.2131 7.05
      vertex -61.4097 -32.4916 4.82953
    endloop
  endfacet
  facet normal -0.424619 -0.905372 -0.000570721
    outer loop
      vertex -61.3408 -32.5238 4.79802
      vertex -62.0063 -32.2131 7.05
      vertex -61.3743 -32.5081 4.81627
    endloop
  endfacet
  facet normal -0.422644 -0.906296 0.00014048
    outer loop
      vertex -61.2574 -32.5627 4.75263
      vertex -62.0063 -32.2131 7.05
      vertex -61.3408 -32.5238 4.79802
    endloop
  endfacet
  facet normal -0.423052 -0.906106 -2.12387e-05
    outer loop
      vertex -62.0063 -32.2131 7.05
      vertex -61.2574 -32.5627 4.75263
      vertex -58.8109 -33.705 7.05
    endloop
  endfacet
  facet normal -0.423401 -0.905942 0.000432444
    outer loop
      vertex -61.149 -32.6134 4.67269
      vertex -58.8109 -33.705 7.05
      vertex -61.2574 -32.5627 4.75263
    endloop
  endfacet
  facet normal -0.422852 -0.906199 -0.000225644
    outer loop
      vertex -61.0791 -32.646 4.60501
      vertex -58.8109 -33.705 7.05
      vertex -61.149 -32.6134 4.67269
    endloop
  endfacet
  facet normal -0.422778 -0.906233 -0.000309176
    outer loop
      vertex -61.051 -32.6591 4.57782
      vertex -58.8109 -33.705 7.05
      vertex -61.0791 -32.646 4.60501
    endloop
  endfacet
  facet normal -0.422601 -0.906315 -0.000503955
    outer loop
      vertex -61.0263 -32.6706 4.54681
      vertex -58.8109 -33.705 7.05
      vertex -61.051 -32.6591 4.57782
    endloop
  endfacet
  facet normal -0.423518 -0.905888 0.000483817
    outer loop
      vertex -60.965 -32.6993 4.46964
      vertex -58.8109 -33.705 7.05
      vertex -61.0263 -32.6706 4.54681
    endloop
  endfacet
  facet normal -0.423034 -0.906114 -8.35721e-06
    outer loop
      vertex -60.8926 -32.7331 4.35
      vertex -58.8109 -33.705 7.05
      vertex -60.965 -32.6993 4.46964
    endloop
  endfacet
  facet normal -0.422859 -0.906196 -0.000172727
    outer loop
      vertex -60.8349 -32.76 4.22095
      vertex -58.8109 -33.705 7.05
      vertex -60.8926 -32.7331 4.35
    endloop
  endfacet
  facet normal -0.423254 -0.906011 0.0001721
    outer loop
      vertex -60.793 -32.7796 4.0847
      vertex -58.8109 -33.705 7.05
      vertex -60.8349 -32.76 4.22095
    endloop
  endfacet
  facet normal -0.422865 -0.906193 -0.000144887
    outer loop
      vertex -60.7857 -32.783 4.04425
      vertex -58.8109 -33.705 7.05
      vertex -60.793 -32.7796 4.0847
    endloop
  endfacet
  facet normal -0.422599 -0.906317 -0.000357505
    outer loop
      vertex -60.7676 -32.7914 3.94358
      vertex -58.8109 -33.705 7.05
      vertex -60.7857 -32.783 4.04425
    endloop
  endfacet
  facet normal -0.422568 -0.906331 0.000494958
    outer loop
      vertex -58.8109 -33.705 1.55
      vertex -60.7676 -32.7914 3.94358
      vertex -60.7615 -32.7943 3.84116
    endloop
  endfacet
  facet normal -0.42458 -0.905389 -0.00159186
    outer loop
      vertex -58.8109 -33.705 1.55
      vertex -60.7615 -32.7943 3.84116
      vertex -60.759 -32.7954 3.8
    endloop
  endfacet
  facet normal -0.421757 -0.906708 0.00138518
    outer loop
      vertex -58.8109 -33.705 1.55
      vertex -60.759 -32.7954 3.8
      vertex -60.7615 -32.7943 3.75884
    endloop
  endfacet
  facet normal -0.423446 -0.905921 -0.000431052
    outer loop
      vertex -58.8109 -33.705 1.55
      vertex -60.7615 -32.7943 3.75884
      vertex -60.7676 -32.7914 3.65642
    endloop
  endfacet
  facet normal -0.422725 -0.906258 0.000385003
    outer loop
      vertex -58.8109 -33.705 1.55
      vertex -60.7676 -32.7914 3.65642
      vertex -60.7857 -32.783 3.55575
    endloop
  endfacet
  facet normal -0.422916 -0.906169 0.000156073
    outer loop
      vertex -58.8109 -33.705 1.55
      vertex -60.7857 -32.783 3.55575
      vertex -60.793 -32.7796 3.5153
    endloop
  endfacet
  facet normal -0.4232 -0.906036 -0.000192567
    outer loop
      vertex -58.8109 -33.705 1.55
      vertex -60.793 -32.7796 3.5153
      vertex -60.8349 -32.76 3.37905
    endloop
  endfacet
  facet normal -0.422909 -0.906172 0.000199898
    outer loop
      vertex -58.8109 -33.705 1.55
      vertex -60.8349 -32.76 3.37905
      vertex -60.8926 -32.7331 3.25
    endloop
  endfacet
  facet normal -0.422723 -0.906259 0.000621537
    outer loop
      vertex -58.8109 -33.705 1.55
      vertex -61.0263 -32.6706 3.05319
      vertex -61.051 -32.6591 3.02218
    endloop
  endfacet
  facet normal -0.425339 -0.905031 0.00218525
    outer loop
      vertex -62.0046 -32.2139 1.94572
      vertex -61.3408 -32.5238 2.80198
      vertex -61.3743 -32.5081 2.78373
    endloop
  endfacet
  facet normal -0.422694 -0.906272 -0.000255982
    outer loop
      vertex -62.0046 -32.2139 1.94572
      vertex -61.4097 -32.4916 2.77047
      vertex -61.4978 -32.4505 2.73748
    endloop
  endfacet
  facet normal -0.422726 -0.906258 -0.000447432
    outer loop
      vertex -62.0039 -32.2142 2.34917
      vertex -61.7185 -32.3475 2.7027
      vertex -61.7558 -32.3301 2.7
    endloop
  endfacet
  facet normal -0.423245 -0.906015 0
    outer loop
      vertex -62.0039 -32.2142 2.34917
      vertex -61.7558 -32.3301 2.7
      vertex -62.0039 -32.2142 2.56988
    endloop
  endfacet
  facet normal -0.42281 -0.906218 -0.000364335
    outer loop
      vertex -61.7185 -32.3475 2.7027
      vertex -62.0039 -32.2142 2.34917
      vertex -61.6257 -32.3908 2.70941
    endloop
  endfacet
  facet normal -0.422895 -0.906178 -0.00025548
    outer loop
      vertex -62.0038 -32.2142 2.18364
      vertex -61.6257 -32.3908 2.70941
      vertex -62.0039 -32.2142 2.34917
    endloop
  endfacet
  facet normal -0.422764 -0.90624 -0.000370267
    outer loop
      vertex -61.6257 -32.3908 2.70941
      vertex -62.0038 -32.2142 2.18364
      vertex -61.5344 -32.4334 2.72943
    endloop
  endfacet
  facet normal -0.423333 -0.905974 0.000224854
    outer loop
      vertex -61.5344 -32.4334 2.72943
      vertex -62.0038 -32.2142 2.18364
      vertex -61.4978 -32.4505 2.73748
    endloop
  endfacet
  facet normal -0.423913 -0.905702 0.000871439
    outer loop
      vertex -62.0049 -32.2138 2.06427
      vertex -61.4978 -32.4505 2.73748
      vertex -62.0038 -32.2142 2.18364
    endloop
  endfacet
  facet normal -0.421851 -0.906665 -0.00102044
    outer loop
      vertex -62.0045 -32.2139 1.98776
      vertex -61.4978 -32.4505 2.73748
      vertex -62.0049 -32.2138 2.06427
    endloop
  endfacet
  facet normal -0.424317 -0.905513 0.00100932
    outer loop
      vertex -62.0046 -32.2139 1.94572
      vertex -61.4978 -32.4505 2.73748
      vertex -62.0045 -32.2139 1.98776
    endloop
  endfacet
  facet normal -0.422272 -0.906469 -0.000626639
    outer loop
      vertex -61.4097 -32.4916 2.77047
      vertex -62.0046 -32.2139 1.94572
      vertex -61.3743 -32.5081 2.78373
    endloop
  endfacet
  facet normal -0.422473 -0.906375 -0.000523421
    outer loop
      vertex -61.3408 -32.5238 2.80198
      vertex -62.0046 -32.2139 1.94572
      vertex -61.2574 -32.5627 2.84737
    endloop
  endfacet
  facet normal -0.423045 -0.906109 5.34657e-05
    outer loop
      vertex -58.8109 -33.705 1.55
      vertex -61.2574 -32.5627 2.84737
      vertex -62.0046 -32.2139 1.94572
    endloop
  endfacet
  facet normal -0.423317 -0.905982 -0.000571897
    outer loop
      vertex -61.2574 -32.5627 2.84737
      vertex -58.8109 -33.705 1.55
      vertex -61.149 -32.6134 2.92731
    endloop
  endfacet
  facet normal -0.422901 -0.906176 0.000287608
    outer loop
      vertex -61.149 -32.6134 2.92731
      vertex -58.8109 -33.705 1.55
      vertex -61.0791 -32.646 2.99499
    endloop
  endfacet
  facet normal -0.423065 -0.906099 0
    outer loop
      vertex -60.7676 -32.7914 3.94358
      vertex -58.8109 -33.705 1.55
      vertex -58.8109 -33.705 7.05
    endloop
  endfacet
  facet normal -0.423036 -0.906113 9.98312e-06
    outer loop
      vertex -60.965 -32.6993 3.13036
      vertex -58.8109 -33.705 1.55
      vertex -60.8926 -32.7331 3.25
    endloop
  endfacet
  facet normal -0.423401 -0.905942 -0.000596575
    outer loop
      vertex -61.0263 -32.6706 3.05319
      vertex -58.8109 -33.705 1.55
      vertex -60.965 -32.6993 3.13036
    endloop
  endfacet
  facet normal -0.422845 -0.906202 0.000394106
    outer loop
      vertex -61.0791 -32.646 2.99499
      vertex -58.8109 -33.705 1.55
      vertex -61.051 -32.6591 3.02218
    endloop
  endfacet
  facet normal -0.423132 -0.906068 0.000311302
    outer loop
      vertex -62.0038 -32.2143 0.448788
      vertex -58.8109 -33.705 1.55
      vertex -62.0045 -32.2139 0.661555
    endloop
  endfacet
  facet normal -0.423053 -0.906105 -3.29439e-05
    outer loop
      vertex -62.0045 -32.2139 0.661555
      vertex -58.8109 -33.705 1.55
      vertex -62.0046 -32.2139 1.94572
    endloop
  endfacet
  facet normal -0.423053 -0.906105 -2.48552e-06
    outer loop
      vertex -36.9678 -43.9032 4.89059
      vertex -34.799 -44.9158 7.05
      vertex -39.7826 -42.589 7.05
    endloop
  endfacet
  facet normal -0.422814 -0.906216 -0.000295554
    outer loop
      vertex -34.799 -44.9158 7.05
      vertex -36.9305 -43.9206 4.89329
      vertex -36.8377 -43.9639 4.9
    endloop
  endfacet
  facet normal -0.422729 -0.906256 -0.000398708
    outer loop
      vertex -34.799 -44.9158 7.05
      vertex -36.9678 -43.9032 4.89059
      vertex -36.9305 -43.9206 4.89329
    endloop
  endfacet
  facet normal -0.42288 -0.906186 0.000271568
    outer loop
      vertex -39.7826 -42.589 7.05
      vertex -37.0591 -43.8606 4.87056
      vertex -36.9678 -43.9032 4.89059
    endloop
  endfacet
  facet normal -0.423242 -0.906017 -0.000278851
    outer loop
      vertex -39.7826 -42.589 7.05
      vertex -37.0957 -43.8435 4.86252
      vertex -37.0591 -43.8606 4.87056
    endloop
  endfacet
  facet normal -0.422651 -0.906292 0.000604782
    outer loop
      vertex -39.7826 -42.589 7.05
      vertex -37.1311 -43.827 4.84926
      vertex -37.0957 -43.8435 4.86252
    endloop
  endfacet
  facet normal -0.422863 -0.906194 0.000293574
    outer loop
      vertex -39.7826 -42.589 7.05
      vertex -37.2192 -43.7859 4.81627
      vertex -37.1311 -43.827 4.84926
    endloop
  endfacet
  facet normal -0.42314 -0.906064 -9.40325e-05
    outer loop
      vertex -39.7826 -42.589 7.05
      vertex -37.3361 -43.7313 4.75263
      vertex -37.2192 -43.7859 4.81627
    endloop
  endfacet
  facet normal -0.423109 -0.906079 -5.38886e-05
    outer loop
      vertex -39.7826 -42.589 7.05
      vertex -37.4134 -43.6952 4.6956
      vertex -37.3361 -43.7313 4.75263
    endloop
  endfacet
  facet normal -0.424151 -0.90559 -0.00133175
    outer loop
      vertex -39.7826 -42.589 7.05
      vertex -37.4445 -43.6806 4.67269
      vertex -37.4134 -43.6952 4.6956
    endloop
  endfacet
  facet normal -0.42278 -0.906232 0.000311694
    outer loop
      vertex -39.7826 -42.589 7.05
      vertex -37.4726 -43.6675 4.64549
      vertex -37.4445 -43.6806 4.67269
    endloop
  endfacet
  facet normal -0.422853 -0.906198 0.000226694
    outer loop
      vertex -39.7826 -42.589 7.05
      vertex -37.5425 -43.6349 4.57782
      vertex -37.4726 -43.6675 4.64549
    endloop
  endfacet
  facet normal -0.42294 -0.906158 0.000130751
    outer loop
      vertex -39.7826 -42.589 7.05
      vertex -37.6038 -43.6063 4.50065
      vertex -37.5425 -43.6349 4.57782
    endloop
  endfacet
  facet normal -0.424043 -0.905641 -0.00101829
    outer loop
      vertex -39.7826 -42.589 7.05
      vertex -37.6285 -43.5947 4.46964
      vertex -37.6038 -43.6063 4.50065
    endloop
  endfacet
  facet normal -0.421368 -0.906888 0.00170063
    outer loop
      vertex -39.7826 -42.589 7.05
      vertex -37.6493 -43.5851 4.43534
      vertex -37.6285 -43.5947 4.46964
    endloop
  endfacet
  facet normal -0.423734 -0.905787 -0.000648966
    outer loop
      vertex -39.7826 -42.589 7.05
      vertex -37.7009 -43.5609 4.35
      vertex -37.6493 -43.5851 4.43534
    endloop
  endfacet
  facet normal -0.422808 -0.906219 0.000220346
    outer loop
      vertex -39.7826 -42.589 7.05
      vertex -37.7421 -43.5417 4.25795
      vertex -37.7009 -43.5609 4.35
    endloop
  endfacet
  facet normal -0.422991 -0.906134 5.7394e-05
    outer loop
      vertex -39.7826 -42.589 7.05
      vertex -37.7586 -43.534 4.22095
      vertex -37.7421 -43.5417 4.25795
    endloop
  endfacet
  facet normal -0.423254 -0.906011 -0.0001721
    outer loop
      vertex -39.7826 -42.589 7.05
      vertex -37.8005 -43.5144 4.0847
      vertex -37.7586 -43.534 4.22095
    endloop
  endfacet
  facet normal -0.422603 -0.906315 0.000358288
    outer loop
      vertex -39.7826 -42.589 7.05
      vertex -37.8186 -43.506 3.98403
      vertex -37.8005 -43.5144 4.0847
    endloop
  endfacet
  facet normal -0.422874 -0.906188 0.000146841
    outer loop
      vertex -39.7826 -42.589 7.05
      vertex -37.8259 -43.5026 3.94358
      vertex -37.8186 -43.506 3.98403
    endloop
  endfacet
  facet normal -0.423065 -0.906099 0
    outer loop
      vertex -39.7826 -42.589 1.55
      vertex -37.8259 -43.5026 3.94358
      vertex -39.7826 -42.589 7.05
    endloop
  endfacet
  facet normal -0.422283 -0.906464 -0.000778631
    outer loop
      vertex -37.8259 -43.5026 3.94358
      vertex -39.7826 -42.589 1.55
      vertex -37.8284 -43.5014 3.90242
    endloop
  endfacet
  facet normal -0.423505 -0.905894 0.000457726
    outer loop
      vertex -37.8284 -43.5014 3.90242
      vertex -39.7826 -42.589 1.55
      vertex -37.8345 -43.4986 3.8
    endloop
  endfacet
  facet normal -0.422693 -0.906273 -0.000398974
    outer loop
      vertex -37.8345 -43.4986 3.8
      vertex -39.7826 -42.589 1.55
      vertex -37.8284 -43.5014 3.69758
    endloop
  endfacet
  facet normal -0.423663 -0.90582 0.000676062
    outer loop
      vertex -37.8284 -43.5014 3.69758
      vertex -39.7826 -42.589 1.55
      vertex -37.8259 -43.5026 3.65642
    endloop
  endfacet
  facet normal -0.422926 -0.906164 -0.000158177
    outer loop
      vertex -37.8259 -43.5026 3.65642
      vertex -39.7826 -42.589 1.55
      vertex -37.8186 -43.506 3.61597
    endloop
  endfacet
  facet normal -0.422729 -0.906256 -0.000385846
    outer loop
      vertex -37.8186 -43.506 3.61597
      vertex -39.7826 -42.589 1.55
      vertex -37.8005 -43.5144 3.5153
    endloop
  endfacet
  facet normal -0.4232 -0.906036 0.000192567
    outer loop
      vertex -37.8005 -43.5144 3.5153
      vertex -39.7826 -42.589 1.55
      vertex -37.7586 -43.534 3.37905
    endloop
  endfacet
  facet normal -0.423008 -0.906126 -6.64067e-05
    outer loop
      vertex -37.7586 -43.534 3.37905
      vertex -39.7826 -42.589 1.55
      vertex -37.7421 -43.5417 3.34205
    endloop
  endfacet
  facet normal -0.422797 -0.906224 -0.000751058
    outer loop
      vertex -39.7826 -42.589 1.55
      vertex -36.9305 -43.9206 2.70671
      vertex -36.9678 -43.9032 2.70941
    endloop
  endfacet
  facet normal -0.422865 -0.906193 -0.000548457
    outer loop
      vertex -36.9305 -43.9206 2.70671
      vertex -39.7826 -42.589 1.55
      vertex -36.8377 -43.9639 2.7
    endloop
  endfacet
  facet normal -0.422908 -0.906173 -0.000424465
    outer loop
      vertex -37.0591 -43.8606 2.72943
      vertex -39.7826 -42.589 1.55
      vertex -36.9678 -43.9032 2.70941
    endloop
  endfacet
  facet normal -0.423213 -0.90603 0.000435537
    outer loop
      vertex -37.0957 -43.8435 2.73748
      vertex -39.7826 -42.589 1.55
      vertex -37.0591 -43.8606 2.72943
    endloop
  endfacet
  facet normal -0.422736 -0.906253 -0.000880405
    outer loop
      vertex -37.1311 -43.827 2.75074
      vertex -39.7826 -42.589 1.55
      vertex -37.0957 -43.8435 2.73748
    endloop
  endfacet
  facet normal -0.422904 -0.906174 -0.000427396
    outer loop
      vertex -37.2192 -43.7859 2.78373
      vertex -39.7826 -42.589 1.55
      vertex -37.1311 -43.827 2.75074
    endloop
  endfacet
  facet normal -0.423124 -0.906072 0.000129798
    outer loop
      vertex -37.3361 -43.7313 2.84737
      vertex -39.7826 -42.589 1.55
      vertex -37.2192 -43.7859 2.78373
    endloop
  endfacet
  facet normal -0.423099 -0.906083 7.12593e-05
    outer loop
      vertex -37.4134 -43.6952 2.9044
      vertex -39.7826 -42.589 1.55
      vertex -37.3361 -43.7313 2.84737
    endloop
  endfacet
  facet normal -0.423892 -0.905711 0.00176162
    outer loop
      vertex -37.4445 -43.6806 2.92731
      vertex -39.7826 -42.589 1.55
      vertex -37.4134 -43.6952 2.9044
    endloop
  endfacet
  facet normal -0.422848 -0.9062 -0.000397298
    outer loop
      vertex -37.4726 -43.6675 2.95451
      vertex -39.7826 -42.589 1.55
      vertex -37.4445 -43.6806 2.92731
    endloop
  endfacet
  facet normal -0.422902 -0.906175 -0.000288952
    outer loop
      vertex -37.5425 -43.6349 3.02218
      vertex -39.7826 -42.589 1.55
      vertex -37.4726 -43.6675 2.95451
    endloop
  endfacet
  facet normal -0.422971 -0.906143 -0.00016121
    outer loop
      vertex -37.6038 -43.6063 3.09935
      vertex -39.7826 -42.589 1.55
      vertex -37.5425 -43.6349 3.02218
    endloop
  endfacet
  facet normal -0.423798 -0.905756 0.0012561
    outer loop
      vertex -37.6285 -43.5947 3.13036
      vertex -39.7826 -42.589 1.55
      vertex -37.6038 -43.6063 3.09935
    endloop
  endfacet
  facet normal -0.421817 -0.906679 -0.0020315
    outer loop
      vertex -37.6493 -43.5851 3.16466
      vertex -39.7826 -42.589 1.55
      vertex -37.6285 -43.5947 3.13036
    endloop
  endfacet
  facet normal -0.423562 -0.905867 0.000775222
    outer loop
      vertex -37.7009 -43.5609 3.25
      vertex -39.7826 -42.589 1.55
      vertex -37.6493 -43.5851 3.16466
    endloop
  endfacet
  facet normal -0.422872 -0.90619 -0.000255032
    outer loop
      vertex -37.7421 -43.5417 3.34205
      vertex -39.7826 -42.589 1.55
      vertex -37.7009 -43.5609 3.25
    endloop
  endfacet
  facet normal -0.422516 -0.906355 0.00110245
    outer loop
      vertex -62.2781 -32.0862 30.3572
      vertex -62.2541 -32.0974 30.3474
      vertex -62.2875 -32.0818 30.372
    endloop
  endfacet
  facet normal -0.42299 -0.906134 -0.00031143
    outer loop
      vertex -62.1664 -32.1383 30.234
      vertex -62.2541 -32.0974 30.3474
      vertex -62.2781 -32.0862 30.3572
    endloop
  endfacet
  facet normal -0.42313 -0.906068 -0.00116181
    outer loop
      vertex -62.1664 -32.1383 30.234
      vertex -62.0491 -32.1931 30.2507
      vertex -62.1372 -32.152 30.2837
    endloop
  endfacet
  facet normal -0.423563 -0.905866 -0.000851541
    outer loop
      vertex -62.2541 -32.0974 30.3474
      vertex -62.1664 -32.1383 30.234
      vertex -62.1372 -32.152 30.2837
    endloop
  endfacet
  facet normal -0.42326 -0.906008 -4.6966e-05
    outer loop
      vertex -62.0371 -32.1987 30.134
      vertex -62.0491 -32.1931 30.2507
      vertex -62.1664 -32.1383 30.234
    endloop
  endfacet
  facet normal -0.422448 -0.906387 5.47558e-05
    outer loop
      vertex -62.0491 -32.1931 30.2507
      vertex -62.0371 -32.1987 30.134
      vertex -62.0137 -32.2096 30.2375
    endloop
  endfacet
  facet normal -0.423242 -0.906016 0.000273333
    outer loop
      vertex -62.0137 -32.2096 30.2375
      vertex -62.0371 -32.1987 30.134
      vertex -61.9771 -32.2267 30.2294
    endloop
  endfacet
  facet normal -0.423157 -0.906056 0.00030386
    outer loop
      vertex -61.9771 -32.2267 30.2294
      vertex -62.0063 -32.2131 30.1181
      vertex -61.8859 -32.2693 30.2094
    endloop
  endfacet
  facet normal -0.423372 -0.905956 0.000372408
    outer loop
      vertex -62.0063 -32.2131 30.1181
      vertex -61.9771 -32.2267 30.2294
      vertex -62.0371 -32.1987 30.134
    endloop
  endfacet
  facet normal -0.422864 -0.906193 0.000548585
    outer loop
      vertex -39.7826 -42.589 33.55
      vertex -36.9305 -43.9206 32.3933
      vertex -36.8377 -43.9639 32.4
    endloop
  endfacet
  facet normal -0.422797 -0.906224 0.000751064
    outer loop
      vertex -39.7826 -42.589 33.55
      vertex -36.9678 -43.9032 32.3906
      vertex -36.9305 -43.9206 32.3933
    endloop
  endfacet
  facet normal -0.422907 -0.906173 0.000424615
    outer loop
      vertex -39.7826 -42.589 33.55
      vertex -37.0591 -43.8606 32.3706
      vertex -36.9678 -43.9032 32.3906
    endloop
  endfacet
  facet normal -0.423213 -0.90603 -0.000434635
    outer loop
      vertex -39.7826 -42.589 33.55
      vertex -37.0957 -43.8435 32.3625
      vertex -37.0591 -43.8606 32.3706
    endloop
  endfacet
  facet normal -0.422735 -0.906253 0.000882229
    outer loop
      vertex -39.7826 -42.589 33.55
      vertex -37.1311 -43.827 32.3493
      vertex -37.0957 -43.8435 32.3625
    endloop
  endfacet
  facet normal -0.422904 -0.906174 0.000427345
    outer loop
      vertex -39.7826 -42.589 33.55
      vertex -37.2192 -43.7859 32.3163
      vertex -37.1311 -43.827 32.3493
    endloop
  endfacet
  facet normal -0.423124 -0.906072 -0.000129734
    outer loop
      vertex -39.7826 -42.589 33.55
      vertex -37.3361 -43.7313 32.2526
      vertex -37.2192 -43.7859 32.3163
    endloop
  endfacet
  facet normal -0.423099 -0.906083 -7.12804e-05
    outer loop
      vertex -39.7826 -42.589 33.55
      vertex -37.4134 -43.6952 32.1956
      vertex -37.3361 -43.7313 32.2526
    endloop
  endfacet
  facet normal -0.423892 -0.905711 -0.00176206
    outer loop
      vertex -39.7826 -42.589 33.55
      vertex -37.4445 -43.6806 32.1727
      vertex -37.4134 -43.6952 32.1956
    endloop
  endfacet
  facet normal -0.422848 -0.9062 0.000397299
    outer loop
      vertex -39.7826 -42.589 33.55
      vertex -37.4726 -43.6675 32.1455
      vertex -37.4445 -43.6806 32.1727
    endloop
  endfacet
  facet normal -0.422902 -0.906175 0.000288874
    outer loop
      vertex -39.7826 -42.589 33.55
      vertex -37.5425 -43.6349 32.0778
      vertex -37.4726 -43.6675 32.1455
    endloop
  endfacet
  facet normal -0.422971 -0.906143 0.000161168
    outer loop
      vertex -39.7826 -42.589 33.55
      vertex -37.6038 -43.6063 32.0006
      vertex -37.5425 -43.6349 32.0778
    endloop
  endfacet
  facet normal -0.423798 -0.905756 -0.00125635
    outer loop
      vertex -39.7826 -42.589 33.55
      vertex -37.6285 -43.5947 31.9696
      vertex -37.6038 -43.6063 32.0006
    endloop
  endfacet
  facet normal -0.421817 -0.906679 0.00203149
    outer loop
      vertex -39.7826 -42.589 33.55
      vertex -37.6493 -43.5851 31.9353
      vertex -37.6285 -43.5947 31.9696
    endloop
  endfacet
  facet normal -0.423562 -0.905867 -0.000775465
    outer loop
      vertex -39.7826 -42.589 33.55
      vertex -37.7009 -43.5609 31.85
      vertex -37.6493 -43.5851 31.9353
    endloop
  endfacet
  facet normal -0.422872 -0.906189 0.000254931
    outer loop
      vertex -39.7826 -42.589 33.55
      vertex -37.7421 -43.5417 31.7579
      vertex -37.7009 -43.5609 31.85
    endloop
  endfacet
  facet normal -0.423008 -0.906126 6.65354e-05
    outer loop
      vertex -39.7826 -42.589 33.55
      vertex -37.7586 -43.534 31.721
      vertex -37.7421 -43.5417 31.7579
    endloop
  endfacet
  facet normal -0.4232 -0.906036 -0.000192513
    outer loop
      vertex -39.7826 -42.589 33.55
      vertex -37.8005 -43.5144 31.5847
      vertex -37.7586 -43.534 31.721
    endloop
  endfacet
  facet normal -0.422729 -0.906256 0.000385748
    outer loop
      vertex -39.7826 -42.589 33.55
      vertex -37.8186 -43.506 31.484
      vertex -37.8005 -43.5144 31.5847
    endloop
  endfacet
  facet normal -0.422925 -0.906164 0.000158341
    outer loop
      vertex -39.7826 -42.589 33.55
      vertex -37.8259 -43.5026 31.4436
      vertex -37.8186 -43.506 31.484
    endloop
  endfacet
  facet normal -0.423662 -0.90582 -0.000675446
    outer loop
      vertex -39.7826 -42.589 33.55
      vertex -37.8284 -43.5014 31.4024
      vertex -37.8259 -43.5026 31.4436
    endloop
  endfacet
  facet normal -0.422693 -0.906273 0.000399047
    outer loop
      vertex -39.7826 -42.589 33.55
      vertex -37.8345 -43.4986 31.3
      vertex -37.8284 -43.5014 31.4024
    endloop
  endfacet
  facet normal -0.423505 -0.905893 -0.000457822
    outer loop
      vertex -39.7826 -42.589 33.55
      vertex -37.8284 -43.5014 31.1976
      vertex -37.8345 -43.4986 31.3
    endloop
  endfacet
  facet normal -0.422284 -0.906463 0.000777815
    outer loop
      vertex -39.7826 -42.589 33.55
      vertex -37.8259 -43.5026 31.1564
      vertex -37.8284 -43.5014 31.1976
    endloop
  endfacet
  facet normal -0.423065 -0.906099 0
    outer loop
      vertex -39.7826 -42.589 28.05
      vertex -37.8259 -43.5026 31.1564
      vertex -39.7826 -42.589 33.55
    endloop
  endfacet
  facet normal -0.422874 -0.906189 -0.000146982
    outer loop
      vertex -37.8259 -43.5026 31.1564
      vertex -39.7826 -42.589 28.05
      vertex -37.8186 -43.506 31.116
    endloop
  endfacet
  facet normal -0.422603 -0.906315 -0.000358204
    outer loop
      vertex -37.8186 -43.506 31.116
      vertex -39.7826 -42.589 28.05
      vertex -37.8005 -43.5144 31.0153
    endloop
  endfacet
  facet normal -0.423254 -0.906011 0.000172057
    outer loop
      vertex -37.8005 -43.5144 31.0153
      vertex -39.7826 -42.589 28.05
      vertex -37.7586 -43.534 30.879
    endloop
  endfacet
  facet normal -0.422991 -0.906134 -5.74901e-05
    outer loop
      vertex -37.7586 -43.534 30.879
      vertex -39.7826 -42.589 28.05
      vertex -37.7421 -43.5417 30.8421
    endloop
  endfacet
  facet normal -0.422808 -0.906219 -0.00022027
    outer loop
      vertex -37.7421 -43.5417 30.8421
      vertex -39.7826 -42.589 28.05
      vertex -37.7009 -43.5609 30.75
    endloop
  endfacet
  facet normal -0.423734 -0.905787 0.000649136
    outer loop
      vertex -37.7009 -43.5609 30.75
      vertex -39.7826 -42.589 28.05
      vertex -37.6493 -43.5851 30.6647
    endloop
  endfacet
  facet normal -0.424152 -0.90559 0.001332
    outer loop
      vertex -39.7826 -42.589 28.05
      vertex -37.4134 -43.6952 30.4044
      vertex -37.4445 -43.6806 30.4273
    endloop
  endfacet
  facet normal -0.422863 -0.906194 -0.00029355
    outer loop
      vertex -39.7826 -42.589 28.05
      vertex -37.1311 -43.827 30.2507
      vertex -37.2192 -43.7859 30.2837
    endloop
  endfacet
  facet normal -0.422729 -0.906256 0.00039871
    outer loop
      vertex -34.799 -44.9158 28.05
      vertex -36.9305 -43.9206 30.2067
      vertex -36.9678 -43.9032 30.2094
    endloop
  endfacet
  facet normal -0.423053 -0.906105 2.48553e-06
    outer loop
      vertex -34.799 -44.9158 28.05
      vertex -36.9678 -43.9032 30.2094
      vertex -39.7826 -42.589 28.05
    endloop
  endfacet
  facet normal -0.42288 -0.906186 -0.00027166
    outer loop
      vertex -37.0591 -43.8606 30.2294
      vertex -39.7826 -42.589 28.05
      vertex -36.9678 -43.9032 30.2094
    endloop
  endfacet
  facet normal -0.423241 -0.906017 0.000278408
    outer loop
      vertex -37.0957 -43.8435 30.2375
      vertex -39.7826 -42.589 28.05
      vertex -37.0591 -43.8606 30.2294
    endloop
  endfacet
  facet normal -0.42265 -0.906293 -0.000605642
    outer loop
      vertex -37.1311 -43.827 30.2507
      vertex -39.7826 -42.589 28.05
      vertex -37.0957 -43.8435 30.2375
    endloop
  endfacet
  facet normal -0.42314 -0.906064 9.39992e-05
    outer loop
      vertex -37.3361 -43.7313 30.3474
      vertex -39.7826 -42.589 28.05
      vertex -37.2192 -43.7859 30.2837
    endloop
  endfacet
  facet normal -0.423109 -0.906079 5.39007e-05
    outer loop
      vertex -37.4134 -43.6952 30.4044
      vertex -39.7826 -42.589 28.05
      vertex -37.3361 -43.7313 30.3474
    endloop
  endfacet
  facet normal -0.42278 -0.906232 -0.000311695
    outer loop
      vertex -37.4726 -43.6675 30.4545
      vertex -39.7826 -42.589 28.05
      vertex -37.4445 -43.6806 30.4273
    endloop
  endfacet
  facet normal -0.422853 -0.906198 -0.000226646
    outer loop
      vertex -37.5425 -43.6349 30.5222
      vertex -39.7826 -42.589 28.05
      vertex -37.4726 -43.6675 30.4545
    endloop
  endfacet
  facet normal -0.42294 -0.906158 -0.000130813
    outer loop
      vertex -37.6038 -43.6063 30.5993
      vertex -39.7826 -42.589 28.05
      vertex -37.5425 -43.6349 30.5222
    endloop
  endfacet
  facet normal -0.424042 -0.905642 0.00101677
    outer loop
      vertex -37.6285 -43.5947 30.6304
      vertex -39.7826 -42.589 28.05
      vertex -37.6038 -43.6063 30.5993
    endloop
  endfacet
  facet normal -0.421368 -0.906888 -0.00170062
    outer loop
      vertex -37.6493 -43.5851 30.6647
      vertex -39.7826 -42.589 28.05
      vertex -37.6285 -43.5947 30.6304
    endloop
  endfacet
  facet normal -0.423372 -0.905956 -0.000152629
    outer loop
      vertex -62.0039 -32.2142 32.6508
      vertex -61.8859 -32.2693 32.3906
      vertex -61.7558 -32.3301 32.4
    endloop
  endfacet
  facet normal -0.423166 -0.906052 -0.000255294
    outer loop
      vertex -62.0039 -32.2142 32.4301
      vertex -61.9771 -32.2267 32.3706
      vertex -61.8859 -32.2693 32.3906
    endloop
  endfacet
  facet normal -0.421876 -0.906653 0.000452019
    outer loop
      vertex -61.9771 -32.2267 32.3706
      vertex -62.0039 -32.2142 32.4301
      vertex -62.0044 -32.214 32.3646
    endloop
  endfacet
  facet normal -0.422963 -0.906147 3.29385e-05
    outer loop
      vertex -61.2574 -32.5627 32.2526
      vertex -62.0045 -32.2139 34.3384
      vertex -62.0046 -32.2139 33.0543
    endloop
  endfacet
  facet normal -0.424151 -0.905591 -0.00100748
    outer loop
      vertex -61.4978 -32.4505 32.3625
      vertex -62.0046 -32.2139 33.0543
      vertex -62.0045 -32.2139 33.0122
    endloop
  endfacet
  facet normal -0.422015 -0.906588 0.00102153
    outer loop
      vertex -61.4978 -32.4505 32.3625
      vertex -62.0045 -32.2139 33.0122
      vertex -62.0049 -32.2138 32.9357
    endloop
  endfacet
  facet normal -0.423994 -0.905665 -0.000872818
    outer loop
      vertex -61.6257 -32.3908 32.3906
      vertex -62.0049 -32.2138 32.9357
      vertex -62.0038 -32.2142 32.8164
    endloop
  endfacet
  facet normal -0.422995 -0.906132 0.000255432
    outer loop
      vertex -61.7185 -32.3475 32.3973
      vertex -62.0038 -32.2142 32.8164
      vertex -62.0039 -32.2142 32.6508
    endloop
  endfacet
  facet normal -0.423096 -0.906085 0
    outer loop
      vertex -61.8859 -32.2693 32.3906
      vertex -62.0039 -32.2142 32.6508
      vertex -62.0039 -32.2142 32.4301
    endloop
  endfacet
  facet normal -0.422714 -0.906263 0.000639656
    outer loop
      vertex -61.7185 -32.3475 32.3973
      vertex -62.0039 -32.2142 32.6508
      vertex -61.7558 -32.3301 32.4
    endloop
  endfacet
  facet normal -0.422808 -0.906219 0.000410459
    outer loop
      vertex -62.0038 -32.2142 32.8164
      vertex -61.7185 -32.3475 32.3973
      vertex -61.6257 -32.3908 32.3906
    endloop
  endfacet
  facet normal -0.422807 -0.90622 0.000132763
    outer loop
      vertex -62.0049 -32.2138 32.9357
      vertex -61.6257 -32.3908 32.3906
      vertex -61.5344 -32.4334 32.3706
    endloop
  endfacet
  facet normal -0.423372 -0.905956 -0.000439779
    outer loop
      vertex -62.0049 -32.2138 32.9357
      vertex -61.5344 -32.4334 32.3706
      vertex -61.4978 -32.4505 32.3625
    endloop
  endfacet
  facet normal -0.422678 -0.90628 0.00030699
    outer loop
      vertex -62.0046 -32.2139 33.0543
      vertex -61.4978 -32.4505 32.3625
      vertex -61.4097 -32.4916 32.3295
    endloop
  endfacet
  facet normal -0.422235 -0.906486 0.000749922
    outer loop
      vertex -62.0046 -32.2139 33.0543
      vertex -61.4097 -32.4916 32.3295
      vertex -61.3743 -32.5081 32.3163
    endloop
  endfacet
  facet normal -0.425592 -0.904911 -0.00274523
    outer loop
      vertex -62.0046 -32.2139 33.0543
      vertex -61.3743 -32.5081 32.3163
      vertex -61.3408 -32.5238 32.298
    endloop
  endfacet
  facet normal -0.422414 -0.906403 0.000656022
    outer loop
      vertex -61.2574 -32.5627 32.2526
      vertex -62.0046 -32.2139 33.0543
      vertex -61.3408 -32.5238 32.298
    endloop
  endfacet
  facet normal -0.423063 -0.9061 -1.09125e-05
    outer loop
      vertex -62.0045 -32.2139 34.3384
      vertex -61.2574 -32.5627 32.2526
      vertex -58.8109 -33.705 33.55
    endloop
  endfacet
  facet normal -0.423317 -0.905981 0.000572058
    outer loop
      vertex -61.149 -32.6134 32.1727
      vertex -58.8109 -33.705 33.55
      vertex -61.2574 -32.5627 32.2526
    endloop
  endfacet
  facet normal -0.422901 -0.906176 -0.000287555
    outer loop
      vertex -61.0791 -32.646 32.105
      vertex -58.8109 -33.705 33.55
      vertex -61.149 -32.6134 32.1727
    endloop
  endfacet
  facet normal -0.422846 -0.906202 -0.000394018
    outer loop
      vertex -61.051 -32.6591 32.0778
      vertex -58.8109 -33.705 33.55
      vertex -61.0791 -32.646 32.105
    endloop
  endfacet
  facet normal -0.422723 -0.906259 -0.000621666
    outer loop
      vertex -61.0263 -32.6706 32.0468
      vertex -58.8109 -33.705 33.55
      vertex -61.051 -32.6591 32.0778
    endloop
  endfacet
  facet normal -0.423401 -0.905942 0.000596423
    outer loop
      vertex -60.965 -32.6993 31.9696
      vertex -58.8109 -33.705 33.55
      vertex -61.0263 -32.6706 32.0468
    endloop
  endfacet
  facet normal -0.423036 -0.906113 -9.98535e-06
    outer loop
      vertex -60.8926 -32.7331 31.85
      vertex -58.8109 -33.705 33.55
      vertex -60.965 -32.6993 31.9696
    endloop
  endfacet
  facet normal -0.422909 -0.906172 -0.000199955
    outer loop
      vertex -60.8349 -32.76 31.721
      vertex -58.8109 -33.705 33.55
      vertex -60.8926 -32.7331 31.85
    endloop
  endfacet
  facet normal -0.4232 -0.906036 0.000192513
    outer loop
      vertex -60.793 -32.7796 31.5847
      vertex -58.8109 -33.705 33.55
      vertex -60.8349 -32.76 31.721
    endloop
  endfacet
  facet normal -0.422916 -0.906169 -0.000155909
    outer loop
      vertex -60.7857 -32.783 31.5442
      vertex -58.8109 -33.705 33.55
      vertex -60.793 -32.7796 31.5847
    endloop
  endfacet
  facet normal -0.422725 -0.906258 -0.000385228
    outer loop
      vertex -60.7676 -32.7914 31.4436
      vertex -58.8109 -33.705 33.55
      vertex -60.7857 -32.783 31.5442
    endloop
  endfacet
  facet normal -0.423446 -0.905921 0.000431132
    outer loop
      vertex -60.7615 -32.7943 31.3412
      vertex -58.8109 -33.705 33.55
      vertex -60.7676 -32.7914 31.4436
    endloop
  endfacet
  facet normal -0.421758 -0.906707 -0.00138392
    outer loop
      vertex -60.759 -32.7954 31.3
      vertex -58.8109 -33.705 33.55
      vertex -60.7615 -32.7943 31.3412
    endloop
  endfacet
  facet normal -0.424578 -0.90539 0.0015902
    outer loop
      vertex -60.7615 -32.7943 31.2588
      vertex -58.8109 -33.705 33.55
      vertex -60.759 -32.7954 31.3
    endloop
  endfacet
  facet normal -0.422568 -0.906331 -0.000495063
    outer loop
      vertex -60.7676 -32.7914 31.1564
      vertex -58.8109 -33.705 33.55
      vertex -60.7615 -32.7943 31.2588
    endloop
  endfacet
  facet normal -0.422599 -0.906317 0.000357699
    outer loop
      vertex -58.8109 -33.705 28.05
      vertex -60.7676 -32.7914 31.1564
      vertex -60.7857 -32.783 31.0558
    endloop
  endfacet
  facet normal -0.422865 -0.906193 0.000144746
    outer loop
      vertex -58.8109 -33.705 28.05
      vertex -60.7857 -32.783 31.0558
      vertex -60.793 -32.7796 31.0153
    endloop
  endfacet
  facet normal -0.423254 -0.906011 -0.000172057
    outer loop
      vertex -58.8109 -33.705 28.05
      vertex -60.793 -32.7796 31.0153
      vertex -60.8349 -32.76 30.879
    endloop
  endfacet
  facet normal -0.422859 -0.906196 0.00017277
    outer loop
      vertex -58.8109 -33.705 28.05
      vertex -60.8349 -32.76 30.879
      vertex -60.8926 -32.7331 30.75
    endloop
  endfacet
  facet normal -0.423034 -0.906114 8.35877e-06
    outer loop
      vertex -58.8109 -33.705 28.05
      vertex -60.8926 -32.7331 30.75
      vertex -60.965 -32.6993 30.6304
    endloop
  endfacet
  facet normal -0.422601 -0.906316 0.000504039
    outer loop
      vertex -58.8109 -33.705 28.05
      vertex -61.0263 -32.6706 30.5532
      vertex -61.051 -32.6591 30.5222
    endloop
  endfacet
  facet normal -0.423345 -0.905968 0.000605841
    outer loop
      vertex -61.8859 -32.2693 30.2094
      vertex -62.0063 -32.2131 30.1181
      vertex -61.7558 -32.3301 30.2
    endloop
  endfacet
  facet normal -0.422629 -0.9063 -0.00205759
    outer loop
      vertex -61.7558 -32.3301 30.2
      vertex -62.0063 -32.2131 30.1181
      vertex -61.7185 -32.3475 30.2027
    endloop
  endfacet
  facet normal -0.422735 -0.906252 -0.0016189
    outer loop
      vertex -61.7185 -32.3475 30.2027
      vertex -62.0063 -32.2131 30.1181
      vertex -61.6257 -32.3908 30.2094
    endloop
  endfacet
  facet normal -0.423055 -0.906104 0
    outer loop
      vertex -62.0063 -32.2131 28.05
      vertex -61.6257 -32.3908 30.2094
      vertex -62.0063 -32.2131 30.1181
    endloop
  endfacet
  facet normal -0.422822 -0.906213 -4.99623e-05
    outer loop
      vertex -61.6257 -32.3908 30.2094
      vertex -62.0063 -32.2131 28.05
      vertex -61.5344 -32.4334 30.2294
    endloop
  endfacet
  facet normal -0.423306 -0.905987 7.76625e-05
    outer loop
      vertex -61.5344 -32.4334 30.2294
      vertex -62.0063 -32.2131 28.05
      vertex -61.4978 -32.4505 30.2375
    endloop
  endfacet
  facet normal -0.422748 -0.906247 -8.03031e-05
    outer loop
      vertex -62.0063 -32.2131 28.05
      vertex -61.4097 -32.4916 30.2705
      vertex -61.4978 -32.4505 30.2375
    endloop
  endfacet
  facet normal -0.422406 -0.906407 -0.000192224
    outer loop
      vertex -62.0063 -32.2131 28.05
      vertex -61.3743 -32.5081 30.2837
      vertex -61.4097 -32.4916 30.2705
    endloop
  endfacet
  facet normal -0.42462 -0.905371 0.000571015
    outer loop
      vertex -62.0063 -32.2131 28.05
      vertex -61.3408 -32.5238 30.302
      vertex -61.3743 -32.5081 30.2837
    endloop
  endfacet
  facet normal -0.422644 -0.906296 -0.000140485
    outer loop
      vertex -62.0063 -32.2131 28.05
      vertex -61.2574 -32.5627 30.3474
      vertex -61.3408 -32.5238 30.302
    endloop
  endfacet
  facet normal -0.423052 -0.906106 2.12384e-05
    outer loop
      vertex -58.8109 -33.705 28.05
      vertex -61.2574 -32.5627 30.3474
      vertex -62.0063 -32.2131 28.05
    endloop
  endfacet
  facet normal -0.423401 -0.905942 -0.000432536
    outer loop
      vertex -61.2574 -32.5627 30.3474
      vertex -58.8109 -33.705 28.05
      vertex -61.149 -32.6134 30.4273
    endloop
  endfacet
  facet normal -0.422852 -0.906199 0.000225612
    outer loop
      vertex -61.149 -32.6134 30.4273
      vertex -58.8109 -33.705 28.05
      vertex -61.0791 -32.646 30.495
    endloop
  endfacet
  facet normal -0.422778 -0.906233 0.000309121
    outer loop
      vertex -61.0791 -32.646 30.495
      vertex -58.8109 -33.705 28.05
      vertex -61.051 -32.6591 30.5222
    endloop
  endfacet
  facet normal -0.423518 -0.905888 -0.000483717
    outer loop
      vertex -61.0263 -32.6706 30.5532
      vertex -58.8109 -33.705 28.05
      vertex -60.965 -32.6993 30.6304
    endloop
  endfacet
  facet normal -0.423065 -0.906099 0
    outer loop
      vertex -60.7676 -32.7914 31.1564
      vertex -58.8109 -33.705 28.05
      vertex -58.8109 -33.705 33.55
    endloop
  endfacet
  facet normal -0.423058 -0.906102 -3.95423e-05
    outer loop
      vertex -58.8109 -33.705 33.55
      vertex -62.0038 -32.2143 34.9739
      vertex -62.004 -32.2142 34.8222
    endloop
  endfacet
  facet normal -0.423038 -0.906112 2.21533e-05
    outer loop
      vertex -58.8109 -33.705 33.55
      vertex -62.004 -32.2142 34.8222
      vertex -62.0038 -32.2143 34.5512
    endloop
  endfacet
  facet normal -0.423124 -0.906072 -0.000311287
    outer loop
      vertex -58.8109 -33.705 33.55
      vertex -62.0038 -32.2143 34.5512
      vertex -62.0045 -32.2139 34.3384
    endloop
  endfacet
  facet normal -0.423047 -0.906108 -7.91888e-06
    outer loop
      vertex -62.0038 -32.2143 34.9739
      vertex -58.8109 -33.705 33.55
      vertex -39.7826 -42.589 33.55
    endloop
  endfacet
  facet normal -0.423047 -0.906108 -5.63523e-06
    outer loop
      vertex -62.0038 -32.2143 34.9739
      vertex -39.7826 -42.589 33.55
      vertex -32.1893 -46.1342 35.8763
    endloop
  endfacet
  facet normal -0.423045 -0.906109 -1.345e-05
    outer loop
      vertex -36.8377 -43.9639 32.4
      vertex -32.1893 -46.1342 35.8763
      vertex -39.7826 -42.589 33.55
    endloop
  endfacet
  facet normal -0.422779 -0.906233 -0.000446245
    outer loop
      vertex -36.8004 -43.9813 32.3973
      vertex -32.1893 -46.1342 35.8763
      vertex -36.8377 -43.9639 32.4
    endloop
  endfacet
  facet normal -0.423583 -0.905857 0.000851759
    outer loop
      vertex -36.7076 -44.0247 32.3906
      vertex -32.1893 -46.1342 35.8763
      vertex -36.8004 -43.9813 32.3973
    endloop
  endfacet
  facet normal -0.423175 -0.906048 0.000206793
    outer loop
      vertex -36.6164 -44.0673 32.3706
      vertex -32.1893 -46.1342 35.8763
      vertex -36.7076 -44.0247 32.3906
    endloop
  endfacet
  facet normal -0.423237 -0.906019 0.000302819
    outer loop
      vertex -36.5798 -44.0844 32.3625
      vertex -32.1893 -46.1342 35.8763
      vertex -36.6164 -44.0673 32.3706
    endloop
  endfacet
  facet normal -0.422797 -0.906224 -0.000366449
    outer loop
      vertex -36.4563 -44.142 32.3163
      vertex -32.1893 -46.1342 35.8763
      vertex -36.5798 -44.0844 32.3625
    endloop
  endfacet
  facet normal -0.423129 -0.906069 0.000118558
    outer loop
      vertex -36.3394 -44.1966 32.2526
      vertex -32.1893 -46.1342 35.8763
      vertex -36.4563 -44.142 32.3163
    endloop
  endfacet
  facet normal -0.423008 -0.906126 -5.10101e-05
    outer loop
      vertex -36.231 -44.2472 32.1727
      vertex -32.1893 -46.1342 35.8763
      vertex -36.3394 -44.1966 32.2526
    endloop
  endfacet
  facet normal -0.42314 -0.906064 0.000125127
    outer loop
      vertex -36.161 -44.2799 32.105
      vertex -32.1893 -46.1342 35.8763
      vertex -36.231 -44.2472 32.1727
    endloop
  endfacet
  facet normal -0.42279 -0.906228 -0.000324204
    outer loop
      vertex -36.1329 -44.293 32.0778
      vertex -32.1893 -46.1342 35.8763
      vertex -36.161 -44.2799 32.105
    endloop
  endfacet
  facet normal -0.423239 -0.906018 0.000243123
    outer loop
      vertex -36.1083 -44.3045 32.0468
      vertex -32.1893 -46.1342 35.8763
      vertex -36.1329 -44.293 32.0778
    endloop
  endfacet
  facet normal -0.422939 -0.906158 -0.000130216
    outer loop
      vertex -36.047 -44.3331 31.9696
      vertex -32.1893 -46.1342 35.8763
      vertex -36.1083 -44.3045 32.0468
    endloop
  endfacet
  facet normal -0.423038 -0.906112 -1.14204e-05
    outer loop
      vertex -35.9746 -44.3669 31.85
      vertex -32.1893 -46.1342 35.8763
      vertex -36.047 -44.3331 31.9696
    endloop
  endfacet
  facet normal -0.4233 -0.905989 0.000289025
    outer loop
      vertex -35.9169 -44.3939 31.721
      vertex -32.1893 -46.1342 35.8763
      vertex -35.9746 -44.3669 31.85
    endloop
  endfacet
  facet normal -0.422756 -0.906244 -0.000306036
    outer loop
      vertex -35.875 -44.4134 31.5847
      vertex -32.1893 -46.1342 35.8763
      vertex -35.9169 -44.3939 31.721
    endloop
  endfacet
  facet normal -0.422902 -0.906175 -0.000152836
    outer loop
      vertex -35.8677 -44.4168 31.5442
      vertex -32.1893 -46.1342 35.8763
      vertex -35.875 -44.4134 31.5847
    endloop
  endfacet
  facet normal -0.423069 -0.906097 1.962e-05
    outer loop
      vertex -35.8495 -44.4253 31.4436
      vertex -32.1893 -46.1342 35.8763
      vertex -35.8677 -44.4168 31.5442
    endloop
  endfacet
  facet normal -0.423859 -0.905728 0.000814973
    outer loop
      vertex -35.8435 -44.4282 31.3412
      vertex -32.1893 -46.1342 35.8763
      vertex -35.8495 -44.4253 31.4436
    endloop
  endfacet
  facet normal -0.421628 -0.906768 -0.0013744
    outer loop
      vertex -35.841 -44.4293 31.3
      vertex -32.1893 -46.1342 35.8763
      vertex -35.8435 -44.4282 31.3412
    endloop
  endfacet
  facet normal -0.41986 -0.907588 0.00124525
    outer loop
      vertex -34.799 -44.9158 28.05
      vertex -35.841 -44.4293 31.3
      vertex -35.8435 -44.4282 31.2588
    endloop
  endfacet
  facet normal -0.424875 -0.905252 -0.000742006
    outer loop
      vertex -34.799 -44.9158 28.05
      vertex -35.8435 -44.4282 31.2588
      vertex -35.8495 -44.4253 31.1564
    endloop
  endfacet
  facet normal -0.423103 -0.906081 -1.20091e-05
    outer loop
      vertex -34.799 -44.9158 28.05
      vertex -35.8495 -44.4253 31.1564
      vertex -35.8677 -44.4168 31.0558
    endloop
  endfacet
  facet normal -0.422783 -0.906231 0.000126713
    outer loop
      vertex -34.799 -44.9158 28.05
      vertex -35.8677 -44.4168 31.0558
      vertex -35.875 -44.4134 31.0153
    endloop
  endfacet
  facet normal -0.422551 -0.906339 0.000229374
    outer loop
      vertex -34.799 -44.9158 28.05
      vertex -35.875 -44.4134 31.0153
      vertex -35.9169 -44.3939 30.879
    endloop
  endfacet
  facet normal -0.423454 -0.905918 -0.000205291
    outer loop
      vertex -34.799 -44.9158 28.05
      vertex -35.9169 -44.3939 30.879
      vertex -35.9746 -44.3669 30.75
    endloop
  endfacet
  facet normal -0.423041 -0.906111 1.36962e-05
    outer loop
      vertex -34.799 -44.9158 28.05
      vertex -35.9746 -44.3669 30.75
      vertex -36.047 -44.3331 30.6304
    endloop
  endfacet
  facet normal -0.423316 -0.905982 -0.000168219
    outer loop
      vertex -34.799 -44.9158 28.05
      vertex -36.1083 -44.3045 30.5532
      vertex -36.1329 -44.293 30.5222
    endloop
  endfacet
  facet normal -0.423185 -0.906043 -0.000146595
    outer loop
      vertex -34.799 -44.9158 28.05
      vertex -36.6164 -44.0673 30.2294
      vertex -36.7076 -44.0247 30.2094
    endloop
  endfacet
  facet normal -0.422814 -0.906216 0.000295521
    outer loop
      vertex -36.9305 -43.9206 30.2067
      vertex -34.799 -44.9158 28.05
      vertex -36.8377 -43.9639 30.2
    endloop
  endfacet
  facet normal -0.422773 -0.906236 0.000343568
    outer loop
      vertex -36.8377 -43.9639 30.2
      vertex -34.799 -44.9158 28.05
      vertex -36.8004 -43.9813 30.2027
    endloop
  endfacet
  facet normal -0.423598 -0.90585 -0.000591322
    outer loop
      vertex -36.8004 -43.9813 30.2027
      vertex -34.799 -44.9158 28.05
      vertex -36.7076 -44.0247 30.2094
    endloop
  endfacet
  facet normal -0.423253 -0.906012 -0.000215171
    outer loop
      vertex -36.6164 -44.0673 30.2294
      vertex -34.799 -44.9158 28.05
      vertex -36.5798 -44.0844 30.2375
    endloop
  endfacet
  facet normal -0.422767 -0.906239 0.000266963
    outer loop
      vertex -36.5798 -44.0844 30.2375
      vertex -34.799 -44.9158 28.05
      vertex -36.4563 -44.142 30.2837
    endloop
  endfacet
  facet normal -0.423148 -0.906061 -7.74881e-05
    outer loop
      vertex -36.4563 -44.142 30.2837
      vertex -34.799 -44.9158 28.05
      vertex -36.3394 -44.1966 30.3474
    endloop
  endfacet
  facet normal -0.423002 -0.906129 4.14936e-05
    outer loop
      vertex -34.799 -44.9158 28.05
      vertex -36.231 -44.2472 30.4273
      vertex -36.3394 -44.1966 30.3474
    endloop
  endfacet
  facet normal -0.423173 -0.906049 -8.39452e-05
    outer loop
      vertex -34.799 -44.9158 28.05
      vertex -36.161 -44.2799 30.495
      vertex -36.231 -44.2472 30.4273
    endloop
  endfacet
  facet normal -0.422713 -0.906263 0.000227871
    outer loop
      vertex -34.799 -44.9158 28.05
      vertex -36.1329 -44.293 30.5222
      vertex -36.161 -44.2799 30.495
    endloop
  endfacet
  facet normal -0.422903 -0.906175 9.50949e-05
    outer loop
      vertex -36.1083 -44.3045 30.5532
      vertex -34.799 -44.9158 28.05
      vertex -36.047 -44.3331 30.6304
    endloop
  endfacet
  facet normal -0.423046 -0.906108 2.51901e-06
    outer loop
      vertex -35.841 -44.4293 31.3
      vertex -34.799 -44.9158 28.05
      vertex -32.1893 -46.1342 35.8763
    endloop
  endfacet
  facet normal -0.423039 -0.906111 0
    outer loop
      vertex -34.799 -44.9158 7.05
      vertex -32.1893 -46.1342 35.8763
      vertex -34.799 -44.9158 28.05
    endloop
  endfacet
  facet normal -0.422773 -0.906236 -0.000343568
    outer loop
      vertex -36.8004 -43.9813 4.8973
      vertex -34.799 -44.9158 7.05
      vertex -36.8377 -43.9639 4.9
    endloop
  endfacet
  facet normal -0.423598 -0.90585 0.000591267
    outer loop
      vertex -36.7076 -44.0247 4.89059
      vertex -34.799 -44.9158 7.05
      vertex -36.8004 -43.9813 4.8973
    endloop
  endfacet
  facet normal -0.423185 -0.906043 0.000146559
    outer loop
      vertex -36.6164 -44.0673 4.87056
      vertex -34.799 -44.9158 7.05
      vertex -36.7076 -44.0247 4.89059
    endloop
  endfacet
  facet normal -0.423253 -0.906011 0.000215417
    outer loop
      vertex -36.5798 -44.0844 4.86252
      vertex -34.799 -44.9158 7.05
      vertex -36.6164 -44.0673 4.87056
    endloop
  endfacet
  facet normal -0.422767 -0.906239 -0.000266898
    outer loop
      vertex -36.4563 -44.142 4.81627
      vertex -34.799 -44.9158 7.05
      vertex -36.5798 -44.0844 4.86252
    endloop
  endfacet
  facet normal -0.423148 -0.906061 7.75083e-05
    outer loop
      vertex -36.3394 -44.1966 4.75263
      vertex -34.799 -44.9158 7.05
      vertex -36.4563 -44.142 4.81627
    endloop
  endfacet
  facet normal -0.423002 -0.906129 -4.14871e-05
    outer loop
      vertex -36.231 -44.2472 4.67269
      vertex -34.799 -44.9158 7.05
      vertex -36.3394 -44.1966 4.75263
    endloop
  endfacet
  facet normal -0.423173 -0.906049 8.39541e-05
    outer loop
      vertex -36.161 -44.2799 4.60501
      vertex -34.799 -44.9158 7.05
      vertex -36.231 -44.2472 4.67269
    endloop
  endfacet
  facet normal -0.422713 -0.906263 -0.000227901
    outer loop
      vertex -36.1329 -44.293 4.57782
      vertex -34.799 -44.9158 7.05
      vertex -36.161 -44.2799 4.60501
    endloop
  endfacet
  facet normal -0.423316 -0.905982 0.000168198
    outer loop
      vertex -36.1083 -44.3045 4.54681
      vertex -34.799 -44.9158 7.05
      vertex -36.1329 -44.293 4.57782
    endloop
  endfacet
  facet normal -0.422903 -0.906175 -9.51098e-05
    outer loop
      vertex -36.047 -44.3331 4.46964
      vertex -34.799 -44.9158 7.05
      vertex -36.1083 -44.3045 4.54681
    endloop
  endfacet
  facet normal -0.423041 -0.906111 -1.36943e-05
    outer loop
      vertex -35.9746 -44.3669 4.35
      vertex -34.799 -44.9158 7.05
      vertex -36.047 -44.3331 4.46964
    endloop
  endfacet
  facet normal -0.423454 -0.905918 0.000205252
    outer loop
      vertex -35.9169 -44.3939 4.22095
      vertex -34.799 -44.9158 7.05
      vertex -35.9746 -44.3669 4.35
    endloop
  endfacet
  facet normal -0.422551 -0.906339 -0.00022942
    outer loop
      vertex -35.875 -44.4134 4.0847
      vertex -34.799 -44.9158 7.05
      vertex -35.9169 -44.3939 4.22095
    endloop
  endfacet
  facet normal -0.422783 -0.906231 -0.000126818
    outer loop
      vertex -35.8677 -44.4168 4.04425
      vertex -34.799 -44.9158 7.05
      vertex -35.875 -44.4134 4.0847
    endloop
  endfacet
  facet normal -0.423103 -0.906081 1.20036e-05
    outer loop
      vertex -35.8495 -44.4253 3.94358
      vertex -34.799 -44.9158 7.05
      vertex -35.8677 -44.4168 4.04425
    endloop
  endfacet
  facet normal -0.424875 -0.905252 0.000741882
    outer loop
      vertex -35.8435 -44.4282 3.84116
      vertex -34.799 -44.9158 7.05
      vertex -35.8495 -44.4253 3.94358
    endloop
  endfacet
  facet normal -0.419858 -0.907589 -0.00124627
    outer loop
      vertex -35.841 -44.4293 3.8
      vertex -34.799 -44.9158 7.05
      vertex -35.8435 -44.4282 3.84116
    endloop
  endfacet
  facet normal -0.421627 -0.906768 0.00137564
    outer loop
      vertex -32.1893 -46.1342 -0.776278
      vertex -35.841 -44.4293 3.8
      vertex -35.8435 -44.4282 3.75884
    endloop
  endfacet
  facet normal -0.423859 -0.905728 -0.000814824
    outer loop
      vertex -32.1893 -46.1342 -0.776278
      vertex -35.8435 -44.4282 3.75884
      vertex -35.8495 -44.4253 3.65642
    endloop
  endfacet
  facet normal -0.423069 -0.906097 -1.96089e-05
    outer loop
      vertex -32.1893 -46.1342 -0.776278
      vertex -35.8495 -44.4253 3.65642
      vertex -35.8677 -44.4168 3.55575
    endloop
  endfacet
  facet normal -0.422902 -0.906175 0.000152992
    outer loop
      vertex -32.1893 -46.1342 -0.776278
      vertex -35.8677 -44.4168 3.55575
      vertex -35.875 -44.4134 3.5153
    endloop
  endfacet
  facet normal -0.423239 -0.906018 -0.00024308
    outer loop
      vertex -32.1893 -46.1342 -0.776278
      vertex -36.1083 -44.3045 3.05319
      vertex -36.1329 -44.293 3.02218
    endloop
  endfacet
  facet normal -0.423174 -0.906048 -0.000206747
    outer loop
      vertex -32.1893 -46.1342 -0.776278
      vertex -36.6164 -44.0673 2.72943
      vertex -36.7076 -44.0247 2.70941
    endloop
  endfacet
  facet normal -0.423045 -0.906109 1.34501e-05
    outer loop
      vertex -32.1893 -46.1342 -0.776278
      vertex -36.8377 -43.9639 2.7
      vertex -39.7826 -42.589 1.55
    endloop
  endfacet
  facet normal -0.422779 -0.906233 0.000446248
    outer loop
      vertex -36.8377 -43.9639 2.7
      vertex -32.1893 -46.1342 -0.776278
      vertex -36.8004 -43.9813 2.7027
    endloop
  endfacet
  facet normal -0.423583 -0.905857 -0.000851653
    outer loop
      vertex -36.8004 -43.9813 2.7027
      vertex -32.1893 -46.1342 -0.776278
      vertex -36.7076 -44.0247 2.70941
    endloop
  endfacet
  facet normal -0.423038 -0.906112 -2.2151e-05
    outer loop
      vertex -62.004 -32.2142 0.177754
      vertex -58.8109 -33.705 1.55
      vertex -62.0038 -32.2143 0.448788
    endloop
  endfacet
  facet normal -0.422756 -0.906243 -0.000819295
    outer loop
      vertex -62.0039 -32.2142 0.126154
      vertex -58.8109 -33.705 1.55
      vertex -62.004 -32.2142 0.177754
    endloop
  endfacet
  facet normal -0.423047 -0.906108 -2.60073e-05
    outer loop
      vertex -58.8109 -33.705 1.55
      vertex -62.0039 -32.2142 0.126154
      vertex -39.7826 -42.589 1.55
    endloop
  endfacet
  facet normal -0.423039 -0.906111 0
    outer loop
      vertex -34.799 -44.9158 7.05
      vertex -32.1893 -46.1342 -0.776278
      vertex -32.1893 -46.1342 35.8763
    endloop
  endfacet
  facet normal -0.423046 -0.906108 -2.51901e-06
    outer loop
      vertex -35.841 -44.4293 3.8
      vertex -32.1893 -46.1342 -0.776278
      vertex -34.799 -44.9158 7.05
    endloop
  endfacet
  facet normal -0.422756 -0.906244 0.000306119
    outer loop
      vertex -35.9169 -44.3939 3.37905
      vertex -32.1893 -46.1342 -0.776278
      vertex -35.875 -44.4134 3.5153
    endloop
  endfacet
  facet normal -0.4233 -0.905989 -0.00028895
    outer loop
      vertex -35.9746 -44.3669 3.25
      vertex -32.1893 -46.1342 -0.776278
      vertex -35.9169 -44.3939 3.37905
    endloop
  endfacet
  facet normal -0.423038 -0.906112 1.14181e-05
    outer loop
      vertex -36.047 -44.3331 3.13036
      vertex -32.1893 -46.1342 -0.776278
      vertex -35.9746 -44.3669 3.25
    endloop
  endfacet
  facet normal -0.422939 -0.906158 0.000130245
    outer loop
      vertex -36.1083 -44.3045 3.05319
      vertex -32.1893 -46.1342 -0.776278
      vertex -36.047 -44.3331 3.13036
    endloop
  endfacet
  facet normal -0.42279 -0.906228 0.000324265
    outer loop
      vertex -36.161 -44.2799 2.99499
      vertex -32.1893 -46.1342 -0.776278
      vertex -36.1329 -44.293 3.02218
    endloop
  endfacet
  facet normal -0.42314 -0.906064 -0.000125147
    outer loop
      vertex -36.231 -44.2472 2.92731
      vertex -32.1893 -46.1342 -0.776278
      vertex -36.161 -44.2799 2.99499
    endloop
  endfacet
  facet normal -0.423008 -0.906126 5.09988e-05
    outer loop
      vertex -36.3394 -44.1966 2.84737
      vertex -32.1893 -46.1342 -0.776278
      vertex -36.231 -44.2472 2.92731
    endloop
  endfacet
  facet normal -0.423129 -0.906069 -0.000118602
    outer loop
      vertex -36.4563 -44.142 2.78373
      vertex -32.1893 -46.1342 -0.776278
      vertex -36.3394 -44.1966 2.84737
    endloop
  endfacet
  facet normal -0.422797 -0.906224 0.000366325
    outer loop
      vertex -36.5798 -44.0844 2.73748
      vertex -32.1893 -46.1342 -0.776278
      vertex -36.4563 -44.142 2.78373
    endloop
  endfacet
  facet normal -0.423237 -0.906019 -0.000303227
    outer loop
      vertex -36.6164 -44.0673 2.72943
      vertex -32.1893 -46.1342 -0.776278
      vertex -36.5798 -44.0844 2.73748
    endloop
  endfacet
  facet normal -0.423048 -0.906107 -2.33106e-07
    outer loop
      vertex -32.1893 -46.1342 -0.776278
      vertex -39.7826 -42.589 1.55
      vertex -62.0039 -32.2142 0.126154
    endloop
  endfacet
  facet normal 0.0592721 -0.0276721 -0.997858
    outer loop
      vertex -33.9911 -45.293 -1.92433
      vertex -32.5607 -41.3035 -1.95
      vertex -32.2059 -41.4692 -1.92433
    endloop
  endfacet
  facet normal 0.0592721 -0.0276721 -0.997858
    outer loop
      vertex -32.5607 -41.3035 -1.95
      vertex -33.9911 -45.293 -1.92433
      vertex -34.3459 -45.1273 -1.95
    endloop
  endfacet
  facet normal 0.423049 0.906107 -7.98142e-05
    outer loop
      vertex -32.2059 -41.4692 -1.92433
      vertex -62.4623 -27.3429 -1.95
      vertex -30.9059 -42.0761 -1.33007
    endloop
  endfacet
  facet normal 0.423048 0.906107 -9.28681e-07
    outer loop
      vertex -62.4623 -27.3429 -1.95
      vertex -64.3844 -26.4455 -1.07132
      vertex -30.9059 -42.0761 -1.33007
    endloop
  endfacet
  facet normal -0.423012 -0.906124 -0.000134822
    outer loop
      vertex -65.2878 -30.681 36.8216
      vertex -66.1697 -30.2692 36.1713
      vertex -64.6024 -31.001 37.0243
    endloop
  endfacet
  facet normal 0.904126 -0.422253 -0.0652623
    outer loop
      vertex -31.3876 -45.8741 0.996658
      vertex -31.6509 -46.3856 0.658428
      vertex -31.4278 -45.9079 0.658428
    endloop
  endfacet
  facet normal 0.904181 -0.42209 -0.0655517
    outer loop
      vertex -31.6509 -46.3856 0.658428
      vertex -31.3876 -45.8741 0.996658
      vertex -31.6276 -46.3965 1.05
    endloop
  endfacet
  facet normal -0.858035 0.40061 0.321383
    outer loop
      vertex -65.088 -26.117 34.8265
      vertex -66.759 -29.9941 35.1981
      vertex -64.9737 -26.1703 35.1981
    endloop
  endfacet
  facet normal -0.423582 -0.905858 0
    outer loop
      vertex -66.9659 -29.8975 1.05
      vertex -66.8733 -29.9408 34.8265
      vertex -66.9659 -29.8975 34.05
    endloop
  endfacet
  facet normal -0.423582 -0.905858 -0
    outer loop
      vertex -66.8733 -29.9408 34.8265
      vertex -66.9659 -29.8975 1.05
      vertex -66.8733 -29.9408 0.27354
    endloop
  endfacet
  facet normal -0.681173 0.318042 -0.659434
    outer loop
      vertex -64.3844 -26.4455 -1.07132
      vertex -66.1697 -30.2692 -1.07132
      vertex -64.6189 -26.336 -0.776278
    endloop
  endfacet
  facet normal -0.42305 -0.906107 5.05306e-05
    outer loop
      vertex -32.1893 -46.1342 -0.776278
      vertex -66.1697 -30.2692 -1.07132
      vertex -64.6024 -31.001 -1.92433
    endloop
  endfacet
  facet normal -0.176666 0.0824839 0.980809
    outer loop
      vertex -62.8171 -27.1772 37.0243
      vertex -64.9511 -30.8382 36.9478
      vertex -64.6024 -31.001 37.0243
    endloop
  endfacet
  facet normal 0.812699 -0.379452 0.442194
    outer loop
      vertex -30.2065 -42.4027 35.55
      vertex -31.9918 -46.2264 35.55
      vertex -30.0493 -42.4761 35.1981
    endloop
  endfacet
  facet normal 0.681173 -0.318042 -0.659434
    outer loop
      vertex -32.1893 -46.1342 -0.776278
      vertex -32.4238 -46.0247 -1.07132
      vertex -30.6385 -42.201 -1.07132
    endloop
  endfacet
  facet normal 0.422662 0.906287 -0.000916779
    outer loop
      vertex -63.5026 -26.8572 -1.72164
      vertex -63.8215 -26.7083 -1.54808
      vertex -63.1658 -27.0144 -1.84778
    endloop
  endfacet
  facet normal 0.421731 0.906721 -0.000127733
    outer loop
      vertex -30.0012 -42.4985 35
      vertex -30.0493 -42.4761 35.1981
      vertex -29.9883 -42.5045 35
    endloop
  endfacet
  facet normal -0.422119 -0.90654 -0.000657518
    outer loop
      vertex -31.8345 -46.2999 -0.0980558
      vertex -32.1893 -46.1342 -0.776278
      vertex -31.9918 -46.2264 -0.45
    endloop
  endfacet
  facet normal -0.423427 -0.90593 -2.24367e-05
    outer loop
      vertex -66.9426 -29.9084 34.4416
      vertex -66.9659 -29.8975 34.05
      vertex -66.8733 -29.9408 34.8265
    endloop
  endfacet
  facet normal -0.424872 -0.905253 0.000842164
    outer loop
      vertex -66.759 -29.9941 35.1981
      vertex -66.8733 -29.9408 34.8265
      vertex -66.6017 -30.0676 35.55
    endloop
  endfacet
  facet normal 0.681131 -0.318022 0.659487
    outer loop
      vertex -30.6385 -42.201 36.1713
      vertex -32.4238 -46.0247 36.1713
      vertex -32.1893 -46.1342 35.8763
    endloop
  endfacet
  facet normal -0.423048 -0.906107 0.000183485
    outer loop
      vertex -34.3459 -45.1273 37.05
      vertex -64.6024 -31.001 37.0243
      vertex -33.3057 -45.613 36.8216
    endloop
  endfacet
  facet normal -0.423032 -0.906115 0.0001134
    outer loop
      vertex -62.0037 -32.2143 35
      vertex -66.1697 -30.2692 36.1713
      vertex -63.5277 -31.5028 35
    endloop
  endfacet
  facet normal -0.423073 -0.906096 0
    outer loop
      vertex -66.1697 -30.2692 36.1713
      vertex -63.5277 -31.5028 34.9277
      vertex -63.5277 -31.5028 35
    endloop
  endfacet
  facet normal -0.423047 -0.906108 6.71525e-05
    outer loop
      vertex -63.5277 -31.5028 34.9277
      vertex -66.1697 -30.2692 36.1713
      vertex -66.8733 -29.9408 34.8265
    endloop
  endfacet
  facet normal -0.423049 -0.906107 3.9607e-05
    outer loop
      vertex -66.1697 -30.2692 36.1713
      vertex -62.0037 -32.2143 35
      vertex -32.1893 -46.1342 35.8763
    endloop
  endfacet
  facet normal -0.423087 -0.906088 0.00162102
    outer loop
      vertex -32.1893 -46.1342 35.8763
      vertex -62.0037 -32.2143 35
      vertex -62.0038 -32.2143 34.9739
    endloop
  endfacet
  facet normal 0.423088 0.906088 -2.5959e-05
    outer loop
      vertex -64.3844 -26.4455 36.1713
      vertex -65.088 -26.117 34.8265
      vertex -64.8164 -26.2438 35.55
    endloop
  endfacet
  facet normal 0.423582 0.905858 0
    outer loop
      vertex -65.088 -26.117 34.8265
      vertex -65.1806 -26.0737 1.05
      vertex -65.1806 -26.0737 34.05
    endloop
  endfacet
  facet normal 0.423582 0.905858 0
    outer loop
      vertex -65.1806 -26.0737 1.05
      vertex -65.088 -26.117 34.8265
      vertex -65.088 -26.117 0.27354
    endloop
  endfacet
  facet normal 0.423088 0.906088 2.59569e-05
    outer loop
      vertex -64.8164 -26.2438 -0.45
      vertex -65.088 -26.117 0.27354
      vertex -64.3844 -26.4455 -1.07132
    endloop
  endfacet
  facet normal 0 0 -1
    outer loop
      vertex -34.3459 -45.1273 -1.95
      vertex -62.4623 -27.3429 -1.95
      vertex -32.5607 -41.3035 -1.95
    endloop
  endfacet
  facet normal 0 -0 -1
    outer loop
      vertex -62.4623 -27.3429 -1.95
      vertex -34.3459 -45.1273 -1.95
      vertex -64.2476 -31.1667 -1.95
    endloop
  endfacet
  facet normal 0.423685 0.905809 -0.000730076
    outer loop
      vertex -30.0254 -42.4872 0
      vertex -30.0493 -42.4761 -0.0980558
      vertex -30.0316 -42.4843 0
    endloop
  endfacet
  facet normal 0.81259 -0.37937 0.442467
    outer loop
      vertex -30.0493 -42.4761 35.1981
      vertex -31.9918 -46.2264 35.55
      vertex -31.8345 -46.2999 35.1981
    endloop
  endfacet
  facet normal -0.424873 -0.905253 -0.000842428
    outer loop
      vertex -66.6017 -30.0676 -0.45
      vertex -66.8733 -29.9408 0.27354
      vertex -66.759 -29.9941 -0.0980558
    endloop
  endfacet
  facet normal -0.681224 0.318058 -0.659373
    outer loop
      vertex -66.1697 -30.2692 -1.07132
      vertex -66.4042 -30.1598 -0.776278
      vertex -64.6189 -26.336 -0.776278
    endloop
  endfacet
  facet normal -0.423046 -0.906107 0.00175987
    outer loop
      vertex -34.3459 -45.1273 -1.95
      vertex -64.6024 -31.001 -1.92433
      vertex -64.2476 -31.1667 -1.95
    endloop
  endfacet
  facet normal 0.423685 0.905809 0.000449874
    outer loop
      vertex -30.0136 -42.4927 35
      vertex -30.0493 -42.4761 35.1981
      vertex -30.0012 -42.4985 35
    endloop
  endfacet
  facet normal -0.423088 -0.906089 0
    outer loop
      vertex -32.1893 -46.1342 35.8763
      vertex -31.6509 -46.3856 0.658428
      vertex -31.6509 -46.3856 34.4416
    endloop
  endfacet
  facet normal -0.423088 -0.906089 0
    outer loop
      vertex -31.6509 -46.3856 0.658428
      vertex -32.1893 -46.1342 35.8763
      vertex -32.1893 -46.1342 -0.776278
    endloop
  endfacet
  facet normal 0.858106 -0.400499 -0.321332
    outer loop
      vertex -31.7202 -46.3532 0.27354
      vertex -31.6737 -46.0341 0
      vertex -31.5884 -46.0031 0.189153
    endloop
  endfacet
  facet normal 0.857998 -0.400521 -0.321593
    outer loop
      vertex -31.7202 -46.3532 0.27354
      vertex -31.5884 -46.0031 0.189153
      vertex -31.5451 -45.9781 0.27354
    endloop
  endfacet
  facet normal 0.858067 -0.400539 -0.321386
    outer loop
      vertex -31.6737 -46.0341 0
      vertex -31.7202 -46.3532 0.27354
      vertex -31.8345 -46.2999 -0.0980558
    endloop
  endfacet
  facet normal 0.857903 -0.400543 -0.32182
    outer loop
      vertex -31.6737 -46.0341 0
      vertex -30.0493 -42.4761 -0.0980558
      vertex -30.0191 -42.4902 0
    endloop
  endfacet
  facet normal 0.858092 -0.400614 -0.321227
    outer loop
      vertex -30.0493 -42.4761 -0.0980558
      vertex -31.6737 -46.0341 0
      vertex -31.8345 -46.2999 -0.0980558
    endloop
  endfacet
  facet normal 0.906091 -0.423083 0
    outer loop
      vertex -31.6276 -46.3965 34.05
      vertex -31.3812 -45.8688 1.05
      vertex -31.3812 -45.8688 34.05
    endloop
  endfacet
  facet normal 0.906091 -0.423083 0
    outer loop
      vertex -31.3812 -45.8688 1.05
      vertex -31.6276 -46.3965 34.05
      vertex -31.6276 -46.3965 1.05
    endloop
  endfacet
  facet normal -0.906105 0.423053 0
    outer loop
      vertex -66.9659 -29.8975 1.05
      vertex -65.1806 -26.0737 34.05
      vertex -65.1806 -26.0737 1.05
    endloop
  endfacet
  facet normal -0.906105 0.423053 0
    outer loop
      vertex -65.1806 -26.0737 34.05
      vertex -66.9659 -29.8975 1.05
      vertex -66.9659 -29.8975 34.05
    endloop
  endfacet
  facet normal -0.90417 0.422149 -0.0653217
    outer loop
      vertex -65.1574 -26.0846 0.658428
      vertex -66.9659 -29.8975 1.05
      vertex -65.1806 -26.0737 1.05
    endloop
  endfacet
  facet normal -0.904165 0.422123 -0.0655517
    outer loop
      vertex -66.9659 -29.8975 1.05
      vertex -65.1574 -26.0846 0.658428
      vertex -66.9426 -29.9084 0.658428
    endloop
  endfacet
  facet normal -0.90417 0.422149 0.0653171
    outer loop
      vertex -66.9659 -29.8975 34.05
      vertex -65.1574 -26.0846 34.4416
      vertex -65.1806 -26.0737 34.05
    endloop
  endfacet
  facet normal -0.904165 0.422124 0.065547
    outer loop
      vertex -65.1574 -26.0846 34.4416
      vertex -66.9659 -29.8975 34.05
      vertex -66.9426 -29.9084 34.4416
    endloop
  endfacet
  facet normal 0.888668 -0.414985 -0.195083
    outer loop
      vertex -31.6509 -46.3856 0.658428
      vertex -31.5451 -45.9781 0.27354
      vertex -31.4374 -45.9159 0.631836
    endloop
  endfacet
  facet normal 0.888497 -0.414955 -0.195921
    outer loop
      vertex -31.6509 -46.3856 0.658428
      vertex -31.4374 -45.9159 0.631836
      vertex -31.4278 -45.9079 0.658428
    endloop
  endfacet
  facet normal 0.888749 -0.414876 -0.194946
    outer loop
      vertex -31.5451 -45.9781 0.27354
      vertex -31.6509 -46.3856 0.658428
      vertex -31.7202 -46.3532 0.27354
    endloop
  endfacet
  facet normal 0.424109 0.905611 0.00114318
    outer loop
      vertex -30.4041 -42.3104 35.8763
      vertex -30.9059 -42.0761 36.4301
      vertex -30.6385 -42.201 36.1713
    endloop
  endfacet
  facet normal -0.422118 -0.906541 0.00065796
    outer loop
      vertex -31.9918 -46.2264 35.55
      vertex -32.1893 -46.1342 35.8763
      vertex -31.8345 -46.2999 35.1981
    endloop
  endfacet
  facet normal 0.0593411 -0.0277043 0.997853
    outer loop
      vertex -32.5607 -41.3035 37.05
      vertex -33.9911 -45.293 37.0243
      vertex -32.2059 -41.4692 37.0243
    endloop
  endfacet
  facet normal 0.0593411 -0.0277043 0.997853
    outer loop
      vertex -33.9911 -45.293 37.0243
      vertex -32.5607 -41.3035 37.05
      vertex -34.3459 -45.1273 37.05
    endloop
  endfacet
  facet normal 0.423048 0.906107 9.28662e-07
    outer loop
      vertex -30.9059 -42.0761 36.4301
      vertex -64.3844 -26.4455 36.1713
      vertex -62.4623 -27.3429 37.05
    endloop
  endfacet
  facet normal 0 0 1
    outer loop
      vertex -62.4623 -27.3429 37.05
      vertex -34.3459 -45.1273 37.05
      vertex -32.5607 -41.3035 37.05
    endloop
  endfacet
  facet normal 0 0 1
    outer loop
      vertex -34.3459 -45.1273 37.05
      vertex -62.4623 -27.3429 37.05
      vertex -64.2476 -31.1667 37.05
    endloop
  endfacet
  facet normal 0.424872 0.905253 -0.000842164
    outer loop
      vertex -64.8164 -26.2438 35.55
      vertex -65.088 -26.117 34.8265
      vertex -64.9737 -26.1703 35.1981
    endloop
  endfacet
  facet normal -0.812581 0.379387 0.442467
    outer loop
      vertex -64.9737 -26.1703 35.1981
      vertex -66.759 -29.9941 35.1981
      vertex -64.8164 -26.2438 35.55
    endloop
  endfacet
  facet normal 0.423371 0.905956 -0.000265511
    outer loop
      vertex -64.3844 -26.4455 36.1713
      vertex -64.8164 -26.2438 35.55
      vertex -64.6189 -26.336 35.8763
    endloop
  endfacet
  facet normal -0.888681 0.414917 -0.195168
    outer loop
      vertex -65.088 -26.117 0.27354
      vertex -66.8733 -29.9408 0.27354
      vertex -65.1574 -26.0846 0.658428
    endloop
  endfacet
  facet normal -0.888729 0.414917 -0.194946
    outer loop
      vertex -66.8733 -29.9408 0.27354
      vertex -66.9426 -29.9084 0.658428
      vertex -65.1574 -26.0846 0.658428
    endloop
  endfacet
  facet normal 0.424873 0.905253 0.000842428
    outer loop
      vertex -64.9737 -26.1703 -0.0980558
      vertex -65.088 -26.117 0.27354
      vertex -64.8164 -26.2438 -0.45
    endloop
  endfacet
  facet normal -0.812601 0.379397 -0.442422
    outer loop
      vertex -64.8164 -26.2438 -0.45
      vertex -66.759 -29.9941 -0.0980558
      vertex -64.9737 -26.1703 -0.0980558
    endloop
  endfacet
  facet normal -0.597444 0.278942 -0.751832
    outer loop
      vertex -65.9024 -30.3941 -1.33007
      vertex -66.1697 -30.2692 -1.07132
      vertex -64.1171 -26.5703 -1.33007
    endloop
  endfacet
  facet normal -0.753453 0.351781 -0.555481
    outer loop
      vertex -64.6189 -26.336 -0.776278
      vertex -66.4042 -30.1598 -0.776278
      vertex -64.8164 -26.2438 -0.45
    endloop
  endfacet
  facet normal -0.423048 -0.906107 -0.000183517
    outer loop
      vertex -33.3057 -45.613 -1.72164
      vertex -64.6024 -31.001 -1.92433
      vertex -34.3459 -45.1273 -1.95
    endloop
  endfacet
  facet normal 0.423047 0.906106 0.00174031
    outer loop
      vertex -32.5607 -41.3035 -1.95
      vertex -62.4623 -27.3429 -1.95
      vertex -32.2059 -41.4692 -1.92433
    endloop
  endfacet
  facet normal 0.857962 -0.400579 0.321616
    outer loop
      vertex -30.0493 -42.4761 35.1981
      vertex -31.6286 -46.0177 35
      vertex -29.9883 -42.5045 35
    endloop
  endfacet
  facet normal 0.858102 -0.400618 0.321195
    outer loop
      vertex -31.6286 -46.0177 35
      vertex -30.0493 -42.4761 35.1981
      vertex -31.8345 -46.2999 35.1981
    endloop
  endfacet
  facet normal 0.858095 -0.400481 0.321383
    outer loop
      vertex -31.7202 -46.3532 34.8265
      vertex -31.6286 -46.0177 35
      vertex -31.8345 -46.2999 35.1981
    endloop
  endfacet
  facet normal 0.858184 -0.400421 0.32122
    outer loop
      vertex -31.6286 -46.0177 35
      vertex -31.7202 -46.3532 34.8265
      vertex -31.5884 -46.0031 34.9108
    endloop
  endfacet
  facet normal 0.857906 -0.400478 0.321891
    outer loop
      vertex -31.5884 -46.0031 34.9108
      vertex -31.7202 -46.3532 34.8265
      vertex -31.5451 -45.9781 34.8265
    endloop
  endfacet
  facet normal 0.421634 0.906766 0
    outer loop
      vertex -30.0136 -42.4927 35
      vertex -30.0493 -42.4761 35
      vertex -30.0493 -42.4761 35.1981
    endloop
  endfacet
  facet normal 0.420358 0.907358 0
    outer loop
      vertex -30.0316 -42.4843 0
      vertex -30.0493 -42.4761 -0.0980558
      vertex -30.0493 -42.4761 0
    endloop
  endfacet
  facet normal 0.423045 0.906109 0
    outer loop
      vertex -30.0493 -42.4761 0
      vertex -30.0493 -42.4761 -0.0980558
      vertex -33.0687 -41.0664 0
    endloop
  endfacet
  facet normal 0.424376 0.905485 -0.00149658
    outer loop
      vertex -35.0843 -40.1253 4.8977
      vertex -33.0687 -41.0664 7.05
      vertex -35.0525 -40.1402 4.9
    endloop
  endfacet
  facet normal 0.422375 0.906421 0.000753522
    outer loop
      vertex -33.0687 -41.0664 7.05
      vertex -34.9542 -40.186 4.89289
      vertex -35.0525 -40.1402 4.9
    endloop
  endfacet
  facet normal 0.424216 0.90556 -0.00120724
    outer loop
      vertex -33.0687 -41.0664 7.05
      vertex -34.9224 -40.2009 4.89059
      vertex -34.9542 -40.186 4.89289
    endloop
  endfacet
  facet normal 0.42278 0.906232 0.000294871
    outer loop
      vertex -33.0687 -41.0664 7.05
      vertex -34.8911 -40.2155 4.88373
      vertex -34.9224 -40.2009 4.89059
    endloop
  endfacet
  facet normal 0.423044 0.906109 2.4488e-05
    outer loop
      vertex -33.0687 -41.0664 7.05
      vertex -34.7945 -40.2606 4.86252
      vertex -34.8911 -40.2155 4.88373
    endloop
  endfacet
  facet normal 0.422772 0.906236 0.000285409
    outer loop
      vertex -33.0687 -41.0664 7.05
      vertex -34.671 -40.3182 4.81627
      vertex -34.7945 -40.2606 4.86252
    endloop
  endfacet
  facet normal 0.423159 0.906055 -5.24029e-05
    outer loop
      vertex -33.0687 -41.0664 7.05
      vertex -34.5541 -40.3728 4.75263
      vertex -34.671 -40.3182 4.81627
    endloop
  endfacet
  facet normal 0.423014 0.906123 6.15945e-05
    outer loop
      vertex -33.0687 -41.0664 7.05
      vertex -34.4457 -40.4234 4.67269
      vertex -34.5541 -40.3728 4.75263
    endloop
  endfacet
  facet normal 0.422963 0.906147 9.77548e-05
    outer loop
      vertex -33.0687 -41.0664 7.05
      vertex -34.4217 -40.4346 4.6495
      vertex -34.4457 -40.4234 4.67269
    endloop
  endfacet
  facet normal 0.423397 0.905944 -0.000199913
    outer loop
      vertex -33.0687 -41.0664 7.05
      vertex -34.3477 -40.4692 4.57782
      vertex -34.4217 -40.4346 4.6495
    endloop
  endfacet
  facet normal 0.422731 0.906255 0.000219699
    outer loop
      vertex -33.0687 -41.0664 7.05
      vertex -34.2827 -40.4995 4.49608
      vertex -34.3477 -40.4692 4.57782
    endloop
  endfacet
  facet normal 0.42297 0.906144 8.13865e-05
    outer loop
      vertex -33.0687 -41.0664 7.05
      vertex -34.2617 -40.5093 4.46964
      vertex -34.2827 -40.4995 4.49608
    endloop
  endfacet
  facet normal 0.423644 0.905829 -0.000298673
    outer loop
      vertex -33.0687 -41.0664 7.05
      vertex -34.1893 -40.5432 4.35
      vertex -34.2617 -40.5093 4.46964
    endloop
  endfacet
  facet normal 0.422788 0.906229 0.000134243
    outer loop
      vertex -33.0687 -41.0664 7.05
      vertex -34.1316 -40.5701 4.22095
      vertex -34.1893 -40.5432 4.35
    endloop
  endfacet
  facet normal 0.422567 0.906332 0.000235464
    outer loop
      vertex -33.0687 -41.0664 7.05
      vertex -34.0897 -40.5896 4.0847
      vertex -34.1316 -40.5701 4.22095
    endloop
  endfacet
  facet normal 0.423577 0.90586 -0.000188174
    outer loop
      vertex -33.0687 -41.0664 7.05
      vertex -34.0705 -40.5986 3.97808
      vertex -34.0897 -40.5896 4.0847
    endloop
  endfacet
  facet normal 0.42331 0.905985 -8.21349e-05
    outer loop
      vertex -33.0687 -41.0664 7.05
      vertex -34.0643 -40.6015 3.94358
      vertex -34.0705 -40.5986 3.97808
    endloop
  endfacet
  facet normal 0.42418 0.905578 -0.000421681
    outer loop
      vertex -33.0687 -41.0664 7.05
      vertex -34.0622 -40.6025 3.90848
      vertex -34.0643 -40.6015 3.94358
    endloop
  endfacet
  facet normal 0.422445 0.906388 0.000246403
    outer loop
      vertex -33.0687 -41.0664 7.05
      vertex -34.0557 -40.6055 3.8
      vertex -34.0622 -40.6025 3.90848
    endloop
  endfacet
  facet normal 0.423112 0.906078 -0
    outer loop
      vertex -33.0687 -41.0664 0
      vertex -34.0557 -40.6055 3.8
      vertex -33.0687 -41.0664 7.05
    endloop
  endfacet
  facet normal 0.422354 0.906431 -0.00023973
    outer loop
      vertex -34.0557 -40.6055 3.8
      vertex -33.0687 -41.0664 0
      vertex -34.0622 -40.6025 3.69152
    endloop
  endfacet
  facet normal 0.424336 0.905505 0.000410221
    outer loop
      vertex -34.0622 -40.6025 3.69152
      vertex -33.0687 -41.0664 0
      vertex -34.0643 -40.6015 3.65642
    endloop
  endfacet
  facet normal 0.423333 0.905974 7.72218e-05
    outer loop
      vertex -34.0643 -40.6015 3.65642
      vertex -33.0687 -41.0664 0
      vertex -34.0705 -40.5986 3.62192
    endloop
  endfacet
  facet normal 0.423043 0.90611 -2.01662e-05
    outer loop
      vertex -33.0687 -41.0664 0
      vertex -34.8911 -40.2155 2.71627
      vertex -34.7945 -40.2606 2.73748
    endloop
  endfacet
  facet normal 0.42423 0.905554 0.000973726
    outer loop
      vertex -33.0687 -41.0664 0
      vertex -34.9542 -40.186 2.70711
      vertex -34.9224 -40.2009 2.70941
    endloop
  endfacet
  facet normal 0.422366 0.906425 -0.000607775
    outer loop
      vertex -34.9542 -40.186 2.70711
      vertex -33.0687 -41.0664 0
      vertex -35.0525 -40.1402 2.7
    endloop
  endfacet
  facet normal 0.422771 0.906237 -0.000242819
    outer loop
      vertex -34.8911 -40.2155 2.71627
      vertex -33.0687 -41.0664 0
      vertex -34.9224 -40.2009 2.70941
    endloop
  endfacet
  facet normal 0.423047 0.906108 -6.8865e-05
    outer loop
      vertex -37.9973 -38.7652 1.55
      vertex -33.0687 -41.0664 0
      vertex -57.0256 -29.8812 1.55
    endloop
  endfacet
  facet normal 0.42307 0.906097 2.22479e-05
    outer loop
      vertex -35.0525 -40.1402 2.7
      vertex -33.0687 -41.0664 0
      vertex -37.9973 -38.7652 1.55
    endloop
  endfacet
  facet normal 0.422758 0.906243 -0.000239021
    outer loop
      vertex -34.671 -40.3182 2.78373
      vertex -33.0687 -41.0664 0
      vertex -34.7945 -40.2606 2.73748
    endloop
  endfacet
  facet normal 0.423163 0.906054 4.45195e-05
    outer loop
      vertex -34.5541 -40.3728 2.84737
      vertex -33.0687 -41.0664 0
      vertex -34.671 -40.3182 2.78373
    endloop
  endfacet
  facet normal 0.423009 0.906125 -5.30025e-05
    outer loop
      vertex -34.4457 -40.4234 2.92731
      vertex -33.0687 -41.0664 0
      vertex -34.5541 -40.3728 2.84737
    endloop
  endfacet
  facet normal 0.422953 0.906152 -8.51279e-05
    outer loop
      vertex -34.4217 -40.4346 2.9505
      vertex -33.0687 -41.0664 0
      vertex -34.4457 -40.4234 2.92731
    endloop
  endfacet
  facet normal 0.423417 0.905935 0.000174108
    outer loop
      vertex -34.3477 -40.4692 3.02218
      vertex -33.0687 -41.0664 0
      vertex -34.4217 -40.4346 2.9505
    endloop
  endfacet
  facet normal 0.422704 0.906268 -0.000193606
    outer loop
      vertex -34.2827 -40.4995 3.10392
      vertex -33.0687 -41.0664 0
      vertex -34.3477 -40.4692 3.02218
    endloop
  endfacet
  facet normal 0.42296 0.906149 -7.1724e-05
    outer loop
      vertex -34.2617 -40.5093 3.13036
      vertex -33.0687 -41.0664 0
      vertex -34.2827 -40.4995 3.10392
    endloop
  endfacet
  facet normal 0.423688 0.905808 0.000266469
    outer loop
      vertex -34.1893 -40.5432 3.25
      vertex -33.0687 -41.0664 0
      vertex -34.2617 -40.5093 3.13036
    endloop
  endfacet
  facet normal 0.422765 0.90624 -0.000121418
    outer loop
      vertex -34.1316 -40.5701 3.37905
      vertex -33.0687 -41.0664 0
      vertex -34.1893 -40.5432 3.25
    endloop
  endfacet
  facet normal 0.422516 0.906355 -0.000216523
    outer loop
      vertex -34.0897 -40.5896 3.5153
      vertex -33.0687 -41.0664 0
      vertex -34.1316 -40.5701 3.37905
    endloop
  endfacet
  facet normal 0.423628 0.905836 0.000176901
    outer loop
      vertex -34.0705 -40.5986 3.62192
      vertex -33.0687 -41.0664 0
      vertex -34.0897 -40.5896 3.5153
    endloop
  endfacet
  facet normal 0.423089 0.906088 -2.71495e-05
    outer loop
      vertex -35.1826 -40.0794 4.89059
      vertex -33.0687 -41.0664 7.05
      vertex -35.0843 -40.1253 4.8977
    endloop
  endfacet
  facet normal 0.423065 0.9061 1.83214e-06
    outer loop
      vertex -33.0687 -41.0664 7.05
      vertex -35.1826 -40.0794 4.89059
      vertex -37.9973 -38.7652 7.05
    endloop
  endfacet
  facet normal 0.423666 0.905818 0.000956997
    outer loop
      vertex -35.2138 -40.0648 4.88373
      vertex -37.9973 -38.7652 7.05
      vertex -35.1826 -40.0794 4.89059
    endloop
  endfacet
  facet normal 0.423043 0.90611 -1.86085e-05
    outer loop
      vertex -35.3104 -40.0197 4.86252
      vertex -37.9973 -38.7652 7.05
      vertex -35.2138 -40.0648 4.88373
    endloop
  endfacet
  facet normal 0.42272 0.90626 -0.000500878
    outer loop
      vertex -35.4037 -39.9762 4.82757
      vertex -37.9973 -38.7652 7.05
      vertex -35.3104 -40.0197 4.86252
    endloop
  endfacet
  facet normal 0.423057 0.906103 -2.29286e-05
    outer loop
      vertex -35.4339 -39.9621 4.81627
      vertex -37.9973 -38.7652 7.05
      vertex -35.4037 -39.9762 4.82757
    endloop
  endfacet
  facet normal 0.42314 0.906064 9.40325e-05
    outer loop
      vertex -35.5508 -39.9075 4.75263
      vertex -37.9973 -38.7652 7.05
      vertex -35.4339 -39.9621 4.81627
    endloop
  endfacet
  facet normal 0.42349 0.905901 0.0005472
    outer loop
      vertex -35.5773 -39.8951 4.73309
      vertex -37.9973 -38.7652 7.05
      vertex -35.5508 -39.9075 4.75263
    endloop
  endfacet
  facet normal 0.422859 0.906196 -0.000255762
    outer loop
      vertex -35.6592 -39.8569 4.67269
      vertex -37.9973 -38.7652 7.05
      vertex -35.5773 -39.8951 4.73309
    endloop
  endfacet
  facet normal 0.423079 0.906093 8.67204e-06
    outer loop
      vertex -35.7333 -39.8223 4.60101
      vertex -37.9973 -38.7652 7.05
      vertex -35.6592 -39.8569 4.67269
    endloop
  endfacet
  facet normal 0.422973 0.906142 -0.000110746
    outer loop
      vertex -35.7573 -39.8111 4.57782
      vertex -37.9973 -38.7652 7.05
      vertex -35.7333 -39.8223 4.60101
    endloop
  endfacet
  facet normal 0.422986 0.906136 -9.70012e-05
    outer loop
      vertex -35.7783 -39.8013 4.55137
      vertex -37.9973 -38.7652 7.05
      vertex -35.7573 -39.8111 4.57782
    endloop
  endfacet
  facet normal 0.423058 0.906103 -1.89651e-05
    outer loop
      vertex -35.8432 -39.771 4.46964
      vertex -37.9973 -38.7652 7.05
      vertex -35.7783 -39.8013 4.55137
    endloop
  endfacet
  facet normal 0.423415 0.905936 0.000344436
    outer loop
      vertex -35.8979 -39.7454 4.37924
      vertex -37.9973 -38.7652 7.05
      vertex -35.8432 -39.771 4.46964
    endloop
  endfacet
  facet normal 0.423713 0.905796 0.000629212
    outer loop
      vertex -35.9156 -39.7371 4.35
      vertex -37.9973 -38.7652 7.05
      vertex -35.8979 -39.7454 4.37924
    endloop
  endfacet
  facet normal 0.421434 0.906858 -0.00150992
    outer loop
      vertex -35.9297 -39.7306 4.31845
      vertex -37.9973 -38.7652 7.05
      vertex -35.9156 -39.7371 4.35
    endloop
  endfacet
  facet normal 0.423341 0.90597 0.000247478
    outer loop
      vertex -35.9733 -39.7102 4.22095
      vertex -37.9973 -38.7652 7.05
      vertex -35.9297 -39.7306 4.31845
    endloop
  endfacet
  facet normal 0.422721 0.90626 -0.000293041
    outer loop
      vertex -36.0152 -39.6907 4.0847
      vertex -37.9973 -38.7652 7.05
      vertex -35.9733 -39.7102 4.22095
    endloop
  endfacet
  facet normal 0.423209 0.906032 0.000104316
    outer loop
      vertex -36.0214 -39.6878 4.0502
      vertex -37.9973 -38.7652 7.05
      vertex -36.0152 -39.6907 4.0847
    endloop
  endfacet
  facet normal 0.422982 0.906138 -7.78714e-05
    outer loop
      vertex -36.0407 -39.6788 3.94358
      vertex -37.9973 -38.7652 7.05
      vertex -36.0214 -39.6878 4.0502
    endloop
  endfacet
  facet normal 0.422978 0.90614 0.000104725
    outer loop
      vertex -37.9973 -38.7652 1.55
      vertex -36.0407 -39.6788 3.94358
      vertex -36.0471 -39.6758 3.8351
    endloop
  endfacet
  facet normal 0.422559 0.906335 0.000540213
    outer loop
      vertex -37.9973 -38.7652 1.55
      vertex -36.0471 -39.6758 3.8351
      vertex -36.0492 -39.6748 3.8
    endloop
  endfacet
  facet normal 0.423517 0.905888 -0.000470148
    outer loop
      vertex -37.9973 -38.7652 1.55
      vertex -36.0492 -39.6748 3.8
      vertex -36.0471 -39.6758 3.7649
    endloop
  endfacet
  facet normal 0.423164 0.906053 -9.13547e-05
    outer loop
      vertex -37.9973 -38.7652 1.55
      vertex -36.0471 -39.6758 3.7649
      vertex -36.0407 -39.6788 3.65642
    endloop
  endfacet
  facet normal 0.423009 0.906125 8.38996e-05
    outer loop
      vertex -37.9973 -38.7652 1.55
      vertex -36.0407 -39.6788 3.65642
      vertex -36.0214 -39.6878 3.5498
    endloop
  endfacet
  facet normal 0.423172 0.906049 -0.000112346
    outer loop
      vertex -37.9973 -38.7652 1.55
      vertex -36.0214 -39.6878 3.5498
      vertex -36.0152 -39.6907 3.5153
    endloop
  endfacet
  facet normal 0.422814 0.906217 0.000327867
    outer loop
      vertex -37.9973 -38.7652 1.55
      vertex -36.0152 -39.6907 3.5153
      vertex -35.9733 -39.7102 3.37905
    endloop
  endfacet
  facet normal 0.423269 0.906004 -0.000286409
    outer loop
      vertex -37.9973 -38.7652 1.55
      vertex -35.9733 -39.7102 3.37905
      vertex -35.9297 -39.7306 3.28154
    endloop
  endfacet
  facet normal 0.42187 0.906655 0.00174742
    outer loop
      vertex -37.9973 -38.7652 1.55
      vertex -35.9297 -39.7306 3.28154
      vertex -35.9156 -39.7371 3.25
    endloop
  endfacet
  facet normal 0.423383 0.905951 -0.000723681
    outer loop
      vertex -37.9973 -38.7652 1.55
      vertex -35.5773 -39.8951 2.86691
      vertex -35.5508 -39.9075 2.84737
    endloop
  endfacet
  facet normal 0.423569 0.905863 -0.00149523
    outer loop
      vertex -37.9973 -38.7652 1.55
      vertex -35.2138 -40.0648 2.71627
      vertex -35.1826 -40.0794 2.70941
    endloop
  endfacet
  facet normal 0.424097 0.905611 -0.00318676
    outer loop
      vertex -37.9973 -38.7652 1.55
      vertex -35.0843 -40.1253 2.7023
      vertex -35.0525 -40.1402 2.7
    endloop
  endfacet
  facet normal 0.423083 0.906091 0
    outer loop
      vertex -36.0407 -39.6788 3.94358
      vertex -37.9973 -38.7652 1.55
      vertex -37.9973 -38.7652 7.05
    endloop
  endfacet
  facet normal 0.423547 0.905874 -0.000751717
    outer loop
      vertex -35.8979 -39.7454 3.22076
      vertex -37.9973 -38.7652 1.55
      vertex -35.9156 -39.7371 3.25
    endloop
  endfacet
  facet normal 0.423324 0.905978 -0.000411462
    outer loop
      vertex -35.8432 -39.771 3.13036
      vertex -37.9973 -38.7652 1.55
      vertex -35.8979 -39.7454 3.22076
    endloop
  endfacet
  facet normal 0.423063 0.906101 2.33826e-05
    outer loop
      vertex -35.7783 -39.8013 3.04863
      vertex -37.9973 -38.7652 1.55
      vertex -35.8432 -39.771 3.13036
    endloop
  endfacet
  facet normal 0.423009 0.906125 0.000119592
    outer loop
      vertex -35.7573 -39.8111 3.02218
      vertex -37.9973 -38.7652 1.55
      vertex -35.7783 -39.8013 3.04863
    endloop
  endfacet
  facet normal 0.422997 0.906131 0.000141197
    outer loop
      vertex -35.7333 -39.8223 2.99899
      vertex -37.9973 -38.7652 1.55
      vertex -35.7573 -39.8111 3.02218
    endloop
  endfacet
  facet normal 0.423077 0.906093 -1.10551e-05
    outer loop
      vertex -35.6592 -39.8569 2.92731
      vertex -37.9973 -38.7652 1.55
      vertex -35.7333 -39.8223 2.99899
    endloop
  endfacet
  facet normal 0.422909 0.906172 0.000338214
    outer loop
      vertex -35.5773 -39.8951 2.86691
      vertex -37.9973 -38.7652 1.55
      vertex -35.6592 -39.8569 2.92731
    endloop
  endfacet
  facet normal 0.423124 0.906072 -0.000129798
    outer loop
      vertex -35.4339 -39.9621 2.78373
      vertex -37.9973 -38.7652 1.55
      vertex -35.5508 -39.9075 2.84737
    endloop
  endfacet
  facet normal 0.42306 0.906102 3.33845e-05
    outer loop
      vertex -35.4037 -39.9762 2.77243
      vertex -37.9973 -38.7652 1.55
      vertex -35.4339 -39.9621 2.78373
    endloop
  endfacet
  facet normal 0.422791 0.906227 0.000729147
    outer loop
      vertex -35.3104 -40.0197 2.73748
      vertex -37.9973 -38.7652 1.55
      vertex -35.4037 -39.9762 2.77243
    endloop
  endfacet
  facet normal 0.423045 0.906109 2.90779e-05
    outer loop
      vertex -35.2138 -40.0648 2.71627
      vertex -37.9973 -38.7652 1.55
      vertex -35.3104 -40.0197 2.73748
    endloop
  endfacet
  facet normal 0.423084 0.906091 -5.99856e-05
    outer loop
      vertex -35.0843 -40.1253 2.7023
      vertex -37.9973 -38.7652 1.55
      vertex -35.1826 -40.0794 2.70941
    endloop
  endfacet
  facet normal 0.423053 0.906105 -2.48552e-06
    outer loop
      vertex -59.8404 -28.567 4.89059
      vertex -62.0092 -27.5544 7.05
      vertex -57.0256 -29.8812 7.05
    endloop
  endfacet
  facet normal 0.423089 0.906088 2.09894e-05
    outer loop
      vertex -62.0092 -27.5544 7.05
      vertex -59.8722 -28.5522 4.89289
      vertex -59.9705 -28.5063 4.9
    endloop
  endfacet
  facet normal 0.421862 0.906659 -0.00145849
    outer loop
      vertex -62.0092 -27.5544 7.05
      vertex -59.8404 -28.567 4.89059
      vertex -59.8722 -28.5522 4.89289
    endloop
  endfacet
  facet normal 0.422799 0.906223 0.000400244
    outer loop
      vertex -57.0256 -29.8812 7.05
      vertex -59.8091 -28.5816 4.88373
      vertex -59.8404 -28.567 4.89059
    endloop
  endfacet
  facet normal 0.423043 0.90611 1.86085e-05
    outer loop
      vertex -57.0256 -29.8812 7.05
      vertex -59.7125 -28.6267 4.86252
      vertex -59.8091 -28.5816 4.88373
    endloop
  endfacet
  facet normal 0.423051 0.906106 5.73064e-06
    outer loop
      vertex -57.0256 -29.8812 7.05
      vertex -59.6823 -28.6408 4.85121
      vertex -59.7125 -28.6267 4.86252
    endloop
  endfacet
  facet normal 0.423524 0.905885 -0.00069014
    outer loop
      vertex -57.0256 -29.8812 7.05
      vertex -59.5891 -28.6844 4.81627
      vertex -59.6823 -28.6408 4.85121
    endloop
  endfacet
  facet normal 0.422665 0.906286 0.000511209
    outer loop
      vertex -57.0256 -29.8812 7.05
      vertex -59.5007 -28.7256 4.76818
      vertex -59.5891 -28.6844 4.81627
    endloop
  endfacet
  facet normal 0.423819 0.905746 -0.00101428
    outer loop
      vertex -57.0256 -29.8812 7.05
      vertex -59.4721 -28.739 4.75263
      vertex -59.5007 -28.7256 4.76818
    endloop
  endfacet
  facet normal 0.423004 0.906128 4.39808e-05
    outer loop
      vertex -57.0256 -29.8812 7.05
      vertex -59.3637 -28.7896 4.67269
      vertex -59.4721 -28.739 4.75263
    endloop
  endfacet
  facet normal 0.423704 0.9058 -0.000795198
    outer loop
      vertex -57.0256 -29.8812 7.05
      vertex -59.3398 -28.8008 4.6495
      vertex -59.3637 -28.7896 4.67269
    endloop
  endfacet
  facet normal 0.422538 0.906345 0.000574087
    outer loop
      vertex -57.0256 -29.8812 7.05
      vertex -59.2657 -28.8353 4.57782
      vertex -59.3398 -28.8008 4.6495
    endloop
  endfacet
  facet normal 0.423584 0.905857 -0.000580428
    outer loop
      vertex -57.0256 -29.8812 7.05
      vertex -59.2008 -28.8657 4.49608
      vertex -59.2657 -28.8353 4.57782
    endloop
  endfacet
  facet normal 0.422161 0.906521 0.00089586
    outer loop
      vertex -57.0256 -29.8812 7.05
      vertex -59.1797 -28.8755 4.46964
      vertex -59.2008 -28.8657 4.49608
    endloop
  endfacet
  facet normal 0.423034 0.906114 8.35721e-06
    outer loop
      vertex -57.0256 -29.8812 7.05
      vertex -59.1073 -28.9093 4.35
      vertex -59.1797 -28.8755 4.46964
    endloop
  endfacet
  facet normal 0.422859 0.906196 0.000172727
    outer loop
      vertex -57.0256 -29.8812 7.05
      vertex -59.0496 -28.9362 4.22095
      vertex -59.1073 -28.9093 4.35
    endloop
  endfacet
  facet normal 0.423254 0.906011 -0.0001721
    outer loop
      vertex -57.0256 -29.8812 7.05
      vertex -59.0077 -28.9558 4.0847
      vertex -59.0496 -28.9362 4.22095
    endloop
  endfacet
  facet normal 0.422516 0.906355 0.000429046
    outer loop
      vertex -57.0256 -29.8812 7.05
      vertex -58.9885 -28.9647 3.97808
      vertex -59.0077 -28.9558 4.0847
    endloop
  endfacet
  facet normal 0.42583 0.904801 -0.00215235
    outer loop
      vertex -57.0256 -29.8812 7.05
      vertex -58.9823 -28.9677 3.94358
      vertex -58.9885 -28.9647 3.97808
    endloop
  endfacet
  facet normal 0.423027 0.906117 -0
    outer loop
      vertex -57.0256 -29.8812 1.55
      vertex -58.9823 -28.9677 3.94358
      vertex -57.0256 -29.8812 7.05
    endloop
  endfacet
  facet normal 0.425272 0.905063 0.00223686
    outer loop
      vertex -58.9823 -28.9677 3.94358
      vertex -57.0256 -29.8812 1.55
      vertex -58.9802 -28.9686 3.90848
    endloop
  endfacet
  facet normal 0.422952 0.906152 -0.000106562
    outer loop
      vertex -58.9802 -28.9686 3.90848
      vertex -57.0256 -29.8812 1.55
      vertex -58.9738 -28.9716 3.8
    endloop
  endfacet
  facet normal 0.423142 0.906064 9.29581e-05
    outer loop
      vertex -58.9738 -28.9716 3.8
      vertex -57.0256 -29.8812 1.55
      vertex -58.9802 -28.9686 3.69152
    endloop
  endfacet
  facet normal 0.421301 0.906919 -0.0019517
    outer loop
      vertex -58.9802 -28.9686 3.69152
      vertex -57.0256 -29.8812 1.55
      vertex -58.9823 -28.9677 3.65642
    endloop
  endfacet
  facet normal 0.425075 0.905155 0.0023189
    outer loop
      vertex -58.9823 -28.9677 3.65642
      vertex -57.0256 -29.8812 1.55
      vertex -58.9885 -28.9647 3.62192
    endloop
  endfacet
  facet normal 0.422667 0.906285 -0.000462084
    outer loop
      vertex -58.9885 -28.9647 3.62192
      vertex -57.0256 -29.8812 1.55
      vertex -59.0077 -28.9558 3.5153
    endloop
  endfacet
  facet normal 0.4232 0.906036 0.000192567
    outer loop
      vertex -59.0077 -28.9558 3.5153
      vertex -57.0256 -29.8812 1.55
      vertex -59.0496 -28.9362 3.37905
    endloop
  endfacet
  facet normal 0.422376 0.90642 -0.00110507
    outer loop
      vertex -57.0256 -29.8812 1.55
      vertex -59.2008 -28.8657 3.10392
      vertex -59.1797 -28.8755 3.13036
    endloop
  endfacet
  facet normal 0.422663 0.906287 -0.000731794
    outer loop
      vertex -57.0256 -29.8812 1.55
      vertex -59.3398 -28.8008 2.9505
      vertex -59.2657 -28.8353 3.02218
    endloop
  endfacet
  facet normal 0.423647 0.905826 0.00140042
    outer loop
      vertex -57.0256 -29.8812 1.55
      vertex -59.5007 -28.7256 2.83182
      vertex -59.4721 -28.739 2.84737
    endloop
  endfacet
  facet normal 0.423427 0.90593 0.00100464
    outer loop
      vertex -57.0256 -29.8812 1.55
      vertex -59.6823 -28.6408 2.74879
      vertex -59.5891 -28.6844 2.78373
    endloop
  endfacet
  facet normal 0.423045 0.906109 -2.90779e-05
    outer loop
      vertex -57.0256 -29.8812 1.55
      vertex -59.8091 -28.5816 2.71627
      vertex -59.7125 -28.6267 2.73748
    endloop
  endfacet
  facet normal 0.42308 0.906092 0.000123352
    outer loop
      vertex -59.8722 -28.5522 2.70711
      vertex -57.0256 -29.8812 1.55
      vertex -59.9705 -28.5063 2.7
    endloop
  endfacet
  facet normal 0.422112 0.906539 -0.0027717
    outer loop
      vertex -59.8404 -28.567 2.70941
      vertex -57.0256 -29.8812 1.55
      vertex -59.8722 -28.5522 2.70711
    endloop
  endfacet
  facet normal 0.422839 0.906204 -0.000625552
    outer loop
      vertex -59.8091 -28.5816 2.71627
      vertex -57.0256 -29.8812 1.55
      vertex -59.8404 -28.567 2.70941
    endloop
  endfacet
  facet normal 0.423052 0.906105 -8.34291e-06
    outer loop
      vertex -59.6823 -28.6408 2.74879
      vertex -57.0256 -29.8812 1.55
      vertex -59.7125 -28.6267 2.73748
    endloop
  endfacet
  facet normal 0.422752 0.906245 -0.00070568
    outer loop
      vertex -59.5007 -28.7256 2.83182
      vertex -57.0256 -29.8812 1.55
      vertex -59.5891 -28.6844 2.78373
    endloop
  endfacet
  facet normal 0.423012 0.906124 -5.81609e-05
    outer loop
      vertex -59.3637 -28.7896 2.92731
      vertex -57.0256 -29.8812 1.55
      vertex -59.4721 -28.739 2.84737
    endloop
  endfacet
  facet normal 0.42353 0.905881 0.00101339
    outer loop
      vertex -59.3398 -28.8008 2.9505
      vertex -57.0256 -29.8812 1.55
      vertex -59.3637 -28.7896 2.92731
    endloop
  endfacet
  facet normal 0.423444 0.905922 0.000715666
    outer loop
      vertex -59.2008 -28.8657 3.10392
      vertex -57.0256 -29.8812 1.55
      vertex -59.2657 -28.8353 3.02218
    endloop
  endfacet
  facet normal 0.423036 0.906113 -9.98312e-06
    outer loop
      vertex -59.1073 -28.9093 3.25
      vertex -57.0256 -29.8812 1.55
      vertex -59.1797 -28.8755 3.13036
    endloop
  endfacet
  facet normal 0.422909 0.906172 -0.000199898
    outer loop
      vertex -59.0496 -28.9362 3.37905
      vertex -57.0256 -29.8812 1.55
      vertex -59.1073 -28.9093 3.25
    endloop
  endfacet
  facet normal 0.42308 0.906092 -0.000123379
    outer loop
      vertex -57.0256 -29.8812 33.55
      vertex -59.8722 -28.5522 32.3929
      vertex -59.9705 -28.5063 32.4
    endloop
  endfacet
  facet normal 0.422112 0.906539 0.00277172
    outer loop
      vertex -57.0256 -29.8812 33.55
      vertex -59.8404 -28.567 32.3906
      vertex -59.8722 -28.5522 32.3929
    endloop
  endfacet
  facet normal 0.42284 0.906204 0.000624292
    outer loop
      vertex -57.0256 -29.8812 33.55
      vertex -59.8091 -28.5816 32.3837
      vertex -59.8404 -28.567 32.3906
    endloop
  endfacet
  facet normal 0.423045 0.906109 2.90821e-05
    outer loop
      vertex -57.0256 -29.8812 33.55
      vertex -59.7125 -28.6267 32.3625
      vertex -59.8091 -28.5816 32.3837
    endloop
  endfacet
  facet normal 0.423052 0.906105 8.34622e-06
    outer loop
      vertex -57.0256 -29.8812 33.55
      vertex -59.6823 -28.6408 32.3512
      vertex -59.7125 -28.6267 32.3625
    endloop
  endfacet
  facet normal 0.423428 0.905929 -0.00100516
    outer loop
      vertex -57.0256 -29.8812 33.55
      vertex -59.5891 -28.6844 32.3163
      vertex -59.6823 -28.6408 32.3512
    endloop
  endfacet
  facet normal 0.422752 0.906245 0.00070561
    outer loop
      vertex -57.0256 -29.8812 33.55
      vertex -59.5007 -28.7256 32.2682
      vertex -59.5891 -28.6844 32.3163
    endloop
  endfacet
  facet normal 0.423646 0.905827 -0.00139813
    outer loop
      vertex -57.0256 -29.8812 33.55
      vertex -59.4721 -28.739 32.2526
      vertex -59.5007 -28.7256 32.2682
    endloop
  endfacet
  facet normal 0.423012 0.906124 5.81772e-05
    outer loop
      vertex -57.0256 -29.8812 33.55
      vertex -59.3637 -28.7896 32.1727
      vertex -59.4721 -28.739 32.2526
    endloop
  endfacet
  facet normal 0.42353 0.905881 -0.00101312
    outer loop
      vertex -57.0256 -29.8812 33.55
      vertex -59.3398 -28.8008 32.1495
      vertex -59.3637 -28.7896 32.1727
    endloop
  endfacet
  facet normal 0.422663 0.906287 0.000731669
    outer loop
      vertex -57.0256 -29.8812 33.55
      vertex -59.2657 -28.8353 32.0778
      vertex -59.3398 -28.8008 32.1495
    endloop
  endfacet
  facet normal 0.423444 0.905922 -0.000715893
    outer loop
      vertex -57.0256 -29.8812 33.55
      vertex -59.2008 -28.8657 31.9961
      vertex -59.2657 -28.8353 32.0778
    endloop
  endfacet
  facet normal 0.422377 0.90642 0.00110348
    outer loop
      vertex -57.0256 -29.8812 33.55
      vertex -59.1797 -28.8755 31.9696
      vertex -59.2008 -28.8657 31.9961
    endloop
  endfacet
  facet normal 0.423036 0.906113 9.98535e-06
    outer loop
      vertex -57.0256 -29.8812 33.55
      vertex -59.1073 -28.9093 31.85
      vertex -59.1797 -28.8755 31.9696
    endloop
  endfacet
  facet normal 0.422909 0.906172 0.000199955
    outer loop
      vertex -57.0256 -29.8812 33.55
      vertex -59.0496 -28.9362 31.721
      vertex -59.1073 -28.9093 31.85
    endloop
  endfacet
  facet normal 0.4232 0.906036 -0.000192513
    outer loop
      vertex -57.0256 -29.8812 33.55
      vertex -59.0077 -28.9558 31.5847
      vertex -59.0496 -28.9362 31.721
    endloop
  endfacet
  facet normal 0.422667 0.906285 0.000462158
    outer loop
      vertex -57.0256 -29.8812 33.55
      vertex -58.9885 -28.9647 31.4781
      vertex -59.0077 -28.9558 31.5847
    endloop
  endfacet
  facet normal 0.425075 0.905155 -0.0023189
    outer loop
      vertex -57.0256 -29.8812 33.55
      vertex -58.9823 -28.9677 31.4436
      vertex -58.9885 -28.9647 31.4781
    endloop
  endfacet
  facet normal 0.421301 0.906919 0.0019517
    outer loop
      vertex -57.0256 -29.8812 33.55
      vertex -58.9802 -28.9686 31.4085
      vertex -58.9823 -28.9677 31.4436
    endloop
  endfacet
  facet normal 0.423142 0.906064 -9.29421e-05
    outer loop
      vertex -57.0256 -29.8812 33.55
      vertex -58.9738 -28.9716 31.3
      vertex -58.9802 -28.9686 31.4085
    endloop
  endfacet
  facet normal 0.422952 0.906152 0.000106541
    outer loop
      vertex -57.0256 -29.8812 33.55
      vertex -58.9802 -28.9686 31.1915
      vertex -58.9738 -28.9716 31.3
    endloop
  endfacet
  facet normal 0.425272 0.905063 -0.00223686
    outer loop
      vertex -57.0256 -29.8812 33.55
      vertex -58.9823 -28.9677 31.1564
      vertex -58.9802 -28.9686 31.1915
    endloop
  endfacet
  facet normal 0.423027 0.906117 -0
    outer loop
      vertex -57.0256 -29.8812 28.05
      vertex -58.9823 -28.9677 31.1564
      vertex -57.0256 -29.8812 33.55
    endloop
  endfacet
  facet normal 0.42583 0.904801 0.00215235
    outer loop
      vertex -58.9823 -28.9677 31.1564
      vertex -57.0256 -29.8812 28.05
      vertex -58.9885 -28.9647 31.1219
    endloop
  endfacet
  facet normal 0.422516 0.906355 -0.000429109
    outer loop
      vertex -58.9885 -28.9647 31.1219
      vertex -57.0256 -29.8812 28.05
      vertex -59.0077 -28.9558 31.0153
    endloop
  endfacet
  facet normal 0.423254 0.906011 0.000172057
    outer loop
      vertex -59.0077 -28.9558 31.0153
      vertex -57.0256 -29.8812 28.05
      vertex -59.0496 -28.9362 30.879
    endloop
  endfacet
  facet normal 0.422859 0.906196 -0.00017277
    outer loop
      vertex -59.0496 -28.9362 30.879
      vertex -57.0256 -29.8812 28.05
      vertex -59.1073 -28.9093 30.75
    endloop
  endfacet
  facet normal 0.422162 0.90652 -0.000894815
    outer loop
      vertex -57.0256 -29.8812 28.05
      vertex -59.2008 -28.8657 30.6039
      vertex -59.1797 -28.8755 30.6304
    endloop
  endfacet
  facet normal 0.422538 0.906345 -0.00057401
    outer loop
      vertex -57.0256 -29.8812 28.05
      vertex -59.3398 -28.8008 30.4505
      vertex -59.2657 -28.8353 30.5222
    endloop
  endfacet
  facet normal 0.423524 0.905884 0.000690384
    outer loop
      vertex -57.0256 -29.8812 28.05
      vertex -59.6823 -28.6408 30.2488
      vertex -59.5891 -28.6844 30.2837
    endloop
  endfacet
  facet normal 0.423043 0.90611 -1.86103e-05
    outer loop
      vertex -57.0256 -29.8812 28.05
      vertex -59.8091 -28.5816 30.2163
      vertex -59.7125 -28.6267 30.2375
    endloop
  endfacet
  facet normal 0.421862 0.906659 0.0014585
    outer loop
      vertex -59.8404 -28.567 30.2094
      vertex -62.0092 -27.5544 28.05
      vertex -59.8722 -28.5522 30.2071
    endloop
  endfacet
  facet normal 0.423053 0.906105 2.48553e-06
    outer loop
      vertex -62.0092 -27.5544 28.05
      vertex -59.8404 -28.567 30.2094
      vertex -57.0256 -29.8812 28.05
    endloop
  endfacet
  facet normal 0.422799 0.906223 -0.000399728
    outer loop
      vertex -59.8091 -28.5816 30.2163
      vertex -57.0256 -29.8812 28.05
      vertex -59.8404 -28.567 30.2094
    endloop
  endfacet
  facet normal 0.423051 0.906106 -5.7322e-06
    outer loop
      vertex -59.6823 -28.6408 30.2488
      vertex -57.0256 -29.8812 28.05
      vertex -59.7125 -28.6267 30.2375
    endloop
  endfacet
  facet normal 0.422665 0.906286 -0.000511172
    outer loop
      vertex -59.5007 -28.7256 30.3318
      vertex -57.0256 -29.8812 28.05
      vertex -59.5891 -28.6844 30.2837
    endloop
  endfacet
  facet normal 0.423818 0.905747 0.00101308
    outer loop
      vertex -59.4721 -28.739 30.3474
      vertex -57.0256 -29.8812 28.05
      vertex -59.5007 -28.7256 30.3318
    endloop
  endfacet
  facet normal 0.423004 0.906128 -4.39902e-05
    outer loop
      vertex -59.3637 -28.7896 30.4273
      vertex -57.0256 -29.8812 28.05
      vertex -59.4721 -28.739 30.3474
    endloop
  endfacet
  facet normal 0.423704 0.9058 0.000795033
    outer loop
      vertex -59.3398 -28.8008 30.4505
      vertex -57.0256 -29.8812 28.05
      vertex -59.3637 -28.7896 30.4273
    endloop
  endfacet
  facet normal 0.423584 0.905857 0.000580577
    outer loop
      vertex -59.2008 -28.8657 30.6039
      vertex -57.0256 -29.8812 28.05
      vertex -59.2657 -28.8353 30.5222
    endloop
  endfacet
  facet normal 0.423034 0.906114 -8.35877e-06
    outer loop
      vertex -59.1073 -28.9093 30.75
      vertex -57.0256 -29.8812 28.05
      vertex -59.1797 -28.8755 30.6304
    endloop
  endfacet
  facet normal 0.42436 0.905493 -0.00122243
    outer loop
      vertex -35.0843 -40.1253 32.3977
      vertex -33.0687 -41.0664 35
      vertex -35.0525 -40.1402 32.4
    endloop
  endfacet
  facet normal 0.422367 0.906425 0.000629975
    outer loop
      vertex -33.0687 -41.0664 35
      vertex -34.9542 -40.186 32.3929
      vertex -35.0525 -40.1402 32.4
    endloop
  endfacet
  facet normal 0.424228 0.905555 -0.00100922
    outer loop
      vertex -33.0687 -41.0664 35
      vertex -34.9224 -40.2009 32.3906
      vertex -34.9542 -40.186 32.3929
    endloop
  endfacet
  facet normal 0.422772 0.906236 0.000250675
    outer loop
      vertex -33.0687 -41.0664 35
      vertex -34.8911 -40.2155 32.3837
      vertex -34.9224 -40.2009 32.3906
    endloop
  endfacet
  facet normal 0.423043 0.906109 2.08359e-05
    outer loop
      vertex -33.0687 -41.0664 35
      vertex -34.7945 -40.2606 32.3625
      vertex -34.8911 -40.2155 32.3837
    endloop
  endfacet
  facet normal 0.42276 0.906242 0.00024635
    outer loop
      vertex -33.0687 -41.0664 35
      vertex -34.671 -40.3182 32.3163
      vertex -34.7945 -40.2606 32.3625
    endloop
  endfacet
  facet normal 0.423162 0.906054 -4.57613e-05
    outer loop
      vertex -33.0687 -41.0664 35
      vertex -34.5541 -40.3728 32.2526
      vertex -34.671 -40.3182 32.3163
    endloop
  endfacet
  facet normal 0.42301 0.906125 5.4389e-05
    outer loop
      vertex -33.0687 -41.0664 35
      vertex -34.4457 -40.4234 32.1727
      vertex -34.5541 -40.3728 32.2526
    endloop
  endfacet
  facet normal 0.422955 0.906151 8.71634e-05
    outer loop
      vertex -33.0687 -41.0664 35
      vertex -34.4217 -40.4346 32.1495
      vertex -34.4457 -40.4234 32.1727
    endloop
  endfacet
  facet normal 0.423414 0.905936 -0.000178277
    outer loop
      vertex -33.0687 -41.0664 35
      vertex -34.3477 -40.4692 32.0778
      vertex -34.4217 -40.4346 32.1495
    endloop
  endfacet
  facet normal 0.422708 0.906266 0.000197913
    outer loop
      vertex -33.0687 -41.0664 35
      vertex -34.2827 -40.4995 31.9961
      vertex -34.3477 -40.4692 32.0778
    endloop
  endfacet
  facet normal 0.422961 0.906148 7.32507e-05
    outer loop
      vertex -33.0687 -41.0664 35
      vertex -34.2617 -40.5093 31.9696
      vertex -34.2827 -40.4995 31.9961
    endloop
  endfacet
  facet normal 0.423681 0.905811 -0.000271831
    outer loop
      vertex -33.0687 -41.0664 35
      vertex -34.1893 -40.5432 31.85
      vertex -34.2617 -40.5093 31.9696
    endloop
  endfacet
  facet normal 0.422768 0.906238 0.000123586
    outer loop
      vertex -33.0687 -41.0664 35
      vertex -34.1316 -40.5701 31.721
      vertex -34.1893 -40.5432 31.85
    endloop
  endfacet
  facet normal 0.422525 0.906351 0.000219697
    outer loop
      vertex -33.0687 -41.0664 35
      vertex -34.0897 -40.5896 31.5847
      vertex -34.1316 -40.5701 31.721
    endloop
  endfacet
  facet normal 0.423619 0.90584 -0.00017887
    outer loop
      vertex -33.0687 -41.0664 35
      vertex -34.0705 -40.5986 31.4781
      vertex -34.0897 -40.5896 31.5847
    endloop
  endfacet
  facet normal 0.423329 0.905976 -7.80711e-05
    outer loop
      vertex -33.0687 -41.0664 35
      vertex -34.0643 -40.6015 31.4436
      vertex -34.0705 -40.5986 31.4781
    endloop
  endfacet
  facet normal 0.424308 0.905518 -0.000412259
    outer loop
      vertex -33.0687 -41.0664 35
      vertex -34.0622 -40.6025 31.4085
      vertex -34.0643 -40.6015 31.4436
    endloop
  endfacet
  facet normal 0.42237 0.906423 0.00024088
    outer loop
      vertex -33.0687 -41.0664 35
      vertex -34.0557 -40.6055 31.3
      vertex -34.0622 -40.6025 31.4085
    endloop
  endfacet
  facet normal 0.423112 0.906078 -0
    outer loop
      vertex -33.0687 -41.0664 28.05
      vertex -34.0557 -40.6055 31.3
      vertex -33.0687 -41.0664 35
    endloop
  endfacet
  facet normal 0.422445 0.906388 -0.000246366
    outer loop
      vertex -34.0557 -40.6055 31.3
      vertex -33.0687 -41.0664 28.05
      vertex -34.0622 -40.6025 31.1915
    endloop
  endfacet
  facet normal 0.42418 0.905578 0.000421682
    outer loop
      vertex -34.0622 -40.6025 31.1915
      vertex -33.0687 -41.0664 28.05
      vertex -34.0643 -40.6015 31.1564
    endloop
  endfacet
  facet normal 0.42331 0.905985 8.21351e-05
    outer loop
      vertex -34.0643 -40.6015 31.1564
      vertex -33.0687 -41.0664 28.05
      vertex -34.0705 -40.5986 31.1219
    endloop
  endfacet
  facet normal 0.423044 0.906109 -2.44895e-05
    outer loop
      vertex -33.0687 -41.0664 28.05
      vertex -34.8911 -40.2155 30.2163
      vertex -34.7945 -40.2606 30.2375
    endloop
  endfacet
  facet normal 0.422375 0.906421 -0.000753588
    outer loop
      vertex -34.9542 -40.186 30.2071
      vertex -33.0687 -41.0664 28.05
      vertex -35.0525 -40.1402 30.2
    endloop
  endfacet
  facet normal 0.424216 0.90556 0.00120725
    outer loop
      vertex -34.9224 -40.2009 30.2094
      vertex -33.0687 -41.0664 28.05
      vertex -34.9542 -40.186 30.2071
    endloop
  endfacet
  facet normal 0.42278 0.906232 -0.0002946
    outer loop
      vertex -34.8911 -40.2155 30.2163
      vertex -33.0687 -41.0664 28.05
      vertex -34.9224 -40.2009 30.2094
    endloop
  endfacet
  facet normal 0.422772 0.906236 -0.000285478
    outer loop
      vertex -34.671 -40.3182 30.2837
      vertex -33.0687 -41.0664 28.05
      vertex -34.7945 -40.2606 30.2375
    endloop
  endfacet
  facet normal 0.423159 0.906055 5.23896e-05
    outer loop
      vertex -34.5541 -40.3728 30.3474
      vertex -33.0687 -41.0664 28.05
      vertex -34.671 -40.3182 30.2837
    endloop
  endfacet
  facet normal 0.423014 0.906123 -6.16039e-05
    outer loop
      vertex -34.4457 -40.4234 30.4273
      vertex -33.0687 -41.0664 28.05
      vertex -34.5541 -40.3728 30.3474
    endloop
  endfacet
  facet normal 0.422963 0.906147 -9.77399e-05
    outer loop
      vertex -34.4217 -40.4346 30.4505
      vertex -33.0687 -41.0664 28.05
      vertex -34.4457 -40.4234 30.4273
    endloop
  endfacet
  facet normal 0.423397 0.905944 0.000199894
    outer loop
      vertex -34.3477 -40.4692 30.5222
      vertex -33.0687 -41.0664 28.05
      vertex -34.4217 -40.4346 30.4505
    endloop
  endfacet
  facet normal 0.422731 0.906255 -0.00021974
    outer loop
      vertex -34.2827 -40.4995 30.6039
      vertex -33.0687 -41.0664 28.05
      vertex -34.3477 -40.4692 30.5222
    endloop
  endfacet
  facet normal 0.42297 0.906144 -8.13178e-05
    outer loop
      vertex -34.2617 -40.5093 30.6304
      vertex -33.0687 -41.0664 28.05
      vertex -34.2827 -40.4995 30.6039
    endloop
  endfacet
  facet normal 0.423644 0.905828 0.000298714
    outer loop
      vertex -34.1893 -40.5432 30.75
      vertex -33.0687 -41.0664 28.05
      vertex -34.2617 -40.5093 30.6304
    endloop
  endfacet
  facet normal 0.422788 0.906229 -0.000134268
    outer loop
      vertex -34.1316 -40.5701 30.879
      vertex -33.0687 -41.0664 28.05
      vertex -34.1893 -40.5432 30.75
    endloop
  endfacet
  facet normal 0.422567 0.906332 -0.000235419
    outer loop
      vertex -34.0897 -40.5896 31.0153
      vertex -33.0687 -41.0664 28.05
      vertex -34.1316 -40.5701 30.879
    endloop
  endfacet
  facet normal 0.423577 0.90586 0.000188197
    outer loop
      vertex -34.0705 -40.5986 31.1219
      vertex -33.0687 -41.0664 28.05
      vertex -34.0897 -40.5896 31.0153
    endloop
  endfacet
  facet normal 0.423045 0.906109 0
    outer loop
      vertex -33.0687 -41.0664 35
      vertex -30.0493 -42.4761 35.1981
      vertex -30.0493 -42.4761 35
    endloop
  endfacet
  facet normal 0.423048 0.906107 -5.61111e-05
    outer loop
      vertex -30.0493 -42.4761 35.1981
      vertex -33.0687 -41.0664 35
      vertex -64.3844 -26.4455 36.1713
    endloop
  endfacet
  facet normal 0.423051 0.906106 5.52562e-05
    outer loop
      vertex -37.9973 -38.7652 33.55
      vertex -64.3844 -26.4455 36.1713
      vertex -33.0687 -41.0664 35
    endloop
  endfacet
  facet normal 0.423047 0.906108 8.88144e-07
    outer loop
      vertex -57.0256 -29.8812 33.55
      vertex -64.3844 -26.4455 36.1713
      vertex -37.9973 -38.7652 33.55
    endloop
  endfacet
  facet normal 0.423044 0.906109 -1.00124e-05
    outer loop
      vertex -59.9705 -28.5063 32.4
      vertex -64.3844 -26.4455 36.1713
      vertex -57.0256 -29.8812 33.55
    endloop
  endfacet
  facet normal 0.423355 0.905964 0.000434206
    outer loop
      vertex -60.1006 -28.4455 32.3906
      vertex -64.3844 -26.4455 36.1713
      vertex -59.9705 -28.5063 32.4
    endloop
  endfacet
  facet normal 0.423679 0.905812 0.000881029
    outer loop
      vertex -60.1318 -28.4309 32.3837
      vertex -64.3844 -26.4455 36.1713
      vertex -60.1006 -28.4455 32.3906
    endloop
  endfacet
  facet normal 0.42275 0.906246 -0.000389013
    outer loop
      vertex -60.2285 -28.3858 32.3625
      vertex -64.3844 -26.4455 36.1713
      vertex -60.1318 -28.4309 32.3837
    endloop
  endfacet
  facet normal 0.422969 0.906144 -9.84212e-05
    outer loop
      vertex -60.3217 -28.3423 32.3276
      vertex -64.3844 -26.4455 36.1713
      vertex -60.2285 -28.3858 32.3625
    endloop
  endfacet
  facet normal 0.423048 0.906107 3.9715e-06
    outer loop
      vertex -60.3519 -28.3282 32.3163
      vertex -64.3844 -26.4455 36.1713
      vertex -60.3217 -28.3423 32.3276
    endloop
  endfacet
  facet normal 0.423133 0.906068 0.000111248
    outer loop
      vertex -60.4688 -28.2736 32.2526
      vertex -64.3844 -26.4455 36.1713
      vertex -60.3519 -28.3282 32.3163
    endloop
  endfacet
  facet normal 0.423491 0.9059 0.000546909
    outer loop
      vertex -60.4953 -28.2612 32.2331
      vertex -64.3844 -26.4455 36.1713
      vertex -60.4688 -28.2736 32.2526
    endloop
  endfacet
  facet normal 0.422598 0.906317 -0.000526048
    outer loop
      vertex -60.5773 -28.223 32.1727
      vertex -64.3844 -26.4455 36.1713
      vertex -60.4953 -28.2612 32.2331
    endloop
  endfacet
  facet normal 0.423314 0.905983 0.000303648
    outer loop
      vertex -60.6513 -28.1884 32.101
      vertex -64.3844 -26.4455 36.1713
      vertex -60.5773 -28.223 32.1727
    endloop
  endfacet
  facet normal 0.422959 0.906149 -9.28298e-05
    outer loop
      vertex -60.6753 -28.1772 32.0778
      vertex -64.3844 -26.4455 36.1713
      vertex -60.6513 -28.1884 32.101
    endloop
  endfacet
  facet normal 0.42297 0.906144 -8.14074e-05
    outer loop
      vertex -60.6963 -28.1674 32.0514
      vertex -64.3844 -26.4455 36.1713
      vertex -60.6753 -28.1772 32.0778
    endloop
  endfacet
  facet normal 0.423041 0.90611 -2.99347e-06
    outer loop
      vertex -60.7612 -28.1371 31.9696
      vertex -64.3844 -26.4455 36.1713
      vertex -60.6963 -28.1674 32.0514
    endloop
  endfacet
  facet normal 0.423128 0.90607 8.8107e-05
    outer loop
      vertex -60.816 -28.1115 31.8792
      vertex -64.3844 -26.4455 36.1713
      vertex -60.7612 -28.1371 31.9696
    endloop
  endfacet
  facet normal 0.421911 0.906637 -0.00114392
    outer loop
      vertex -60.8337 -28.1033 31.85
      vertex -64.3844 -26.4455 36.1713
      vertex -60.816 -28.1115 31.8792
    endloop
  endfacet
  facet normal 0.423367 0.905958 0.000312722
    outer loop
      vertex -60.8478 -28.0967 31.8185
      vertex -64.3844 -26.4455 36.1713
      vertex -60.8337 -28.1033 31.85
    endloop
  endfacet
  facet normal 0.423598 0.90585 0.000541714
    outer loop
      vertex -60.8913 -28.0763 31.721
      vertex -64.3844 -26.4455 36.1713
      vertex -60.8478 -28.0967 31.8185
    endloop
  endfacet
  facet normal 0.422373 0.906422 -0.000629402
    outer loop
      vertex -60.923 -28.0616 31.618
      vertex -64.3844 -26.4455 36.1713
      vertex -60.8913 -28.0763 31.721
    endloop
  endfacet
  facet normal 0.423842 0.905736 0.000730937
    outer loop
      vertex -60.9332 -28.0568 31.5847
      vertex -64.3844 -26.4455 36.1713
      vertex -60.923 -28.0616 31.618
    endloop
  endfacet
  facet normal 0.422091 0.906553 -0.000874375
    outer loop
      vertex -60.9395 -28.0539 31.5502
      vertex -64.3844 -26.4455 36.1713
      vertex -60.9332 -28.0568 31.5847
    endloop
  endfacet
  facet normal 0.423323 0.905979 0.000244044
    outer loop
      vertex -60.9587 -28.0449 31.4436
      vertex -64.3844 -26.4455 36.1713
      vertex -60.9395 -28.0539 31.5502
    endloop
  endfacet
  facet normal 0.423151 0.906059 9.22863e-05
    outer loop
      vertex -60.9651 -28.0419 31.3351
      vertex -64.3844 -26.4455 36.1713
      vertex -60.9587 -28.0449 31.4436
    endloop
  endfacet
  facet normal 0.423584 0.905857 0.000465268
    outer loop
      vertex -60.9672 -28.0409 31.3
      vertex -64.3844 -26.4455 36.1713
      vertex -60.9651 -28.0419 31.3351
    endloop
  endfacet
  facet normal 0.424139 0.905597 -0.000424637
    outer loop
      vertex -62.0092 -27.5544 28.05
      vertex -60.9672 -28.0409 31.3
      vertex -60.9651 -28.0419 31.2649
    endloop
  endfacet
  facet normal 0.423276 0.906001 -8.32496e-05
    outer loop
      vertex -62.0092 -27.5544 28.05
      vertex -60.9651 -28.0419 31.2649
      vertex -60.9587 -28.0449 31.1564
    endloop
  endfacet
  facet normal 0.423547 0.905874 -0.000194765
    outer loop
      vertex -62.0092 -27.5544 28.05
      vertex -60.9587 -28.0449 31.1564
      vertex -60.9395 -28.0539 31.0498
    endloop
  endfacet
  facet normal 0.421425 0.906863 0.000726746
    outer loop
      vertex -62.0092 -27.5544 28.05
      vertex -60.9395 -28.0539 31.0498
      vertex -60.9332 -28.0568 31.0153
    endloop
  endfacet
  facet normal 0.42432 0.905512 -0.000552542
    outer loop
      vertex -62.0092 -27.5544 28.05
      vertex -60.9332 -28.0568 31.0153
      vertex -60.923 -28.0616 30.982
    endloop
  endfacet
  facet normal 0.422005 0.906593 0.000491754
    outer loop
      vertex -62.0092 -27.5544 28.05
      vertex -60.923 -28.0616 30.982
      vertex -60.8913 -28.0763 30.879
    endloop
  endfacet
  facet normal 0.423859 0.905728 -0.000400101
    outer loop
      vertex -62.0092 -27.5544 28.05
      vertex -60.8913 -28.0763 30.879
      vertex -60.8478 -28.0967 30.7815
    endloop
  endfacet
  facet normal 0.423524 0.905885 -0.000226899
    outer loop
      vertex -62.0092 -27.5544 28.05
      vertex -60.8478 -28.0967 30.7815
      vertex -60.8337 -28.1033 30.75
    endloop
  endfacet
  facet normal 0.421504 0.906826 0.000844049
    outer loop
      vertex -62.0092 -27.5544 28.05
      vertex -60.8337 -28.1033 30.75
      vertex -60.816 -28.1115 30.7208
    endloop
  endfacet
  facet normal 0.423166 0.906052 -6.00173e-05
    outer loop
      vertex -62.0092 -27.5544 28.05
      vertex -60.816 -28.1115 30.7208
      vertex -60.7612 -28.1371 30.6304
    endloop
  endfacet
  facet normal 0.42371 0.905798 -0.000711209
    outer loop
      vertex -62.0092 -27.5544 28.05
      vertex -60.1318 -28.4309 30.2163
      vertex -60.1006 -28.4455 30.2094
    endloop
  endfacet
  facet normal 0.423089 0.906088 -2.09872e-05
    outer loop
      vertex -59.8722 -28.5522 30.2071
      vertex -62.0092 -27.5544 28.05
      vertex -59.9705 -28.5063 30.2
    endloop
  endfacet
  facet normal 0.423361 0.905961 -0.000335766
    outer loop
      vertex -59.9705 -28.5063 30.2
      vertex -62.0092 -27.5544 28.05
      vertex -60.1006 -28.4455 30.2094
    endloop
  endfacet
  facet normal 0.422737 0.906252 0.000315593
    outer loop
      vertex -60.1318 -28.4309 30.2163
      vertex -62.0092 -27.5544 28.05
      vertex -60.2285 -28.3858 30.2375
    endloop
  endfacet
  facet normal 0.422966 0.906146 8.86657e-05
    outer loop
      vertex -60.2285 -28.3858 30.2375
      vertex -62.0092 -27.5544 28.05
      vertex -60.3217 -28.3423 30.2724
    endloop
  endfacet
  facet normal 0.423052 0.906105 8.72617e-06
    outer loop
      vertex -60.3217 -28.3423 30.2724
      vertex -62.0092 -27.5544 28.05
      vertex -60.3519 -28.3282 30.2837
    endloop
  endfacet
  facet normal 0.423148 0.906061 -7.74881e-05
    outer loop
      vertex -60.3519 -28.3282 30.2837
      vertex -62.0092 -27.5544 28.05
      vertex -60.4688 -28.2736 30.3474
    endloop
  endfacet
  facet normal 0.423567 0.905865 -0.000420058
    outer loop
      vertex -62.0092 -27.5544 28.05
      vertex -60.4953 -28.2612 30.3669
      vertex -60.4688 -28.2736 30.3474
    endloop
  endfacet
  facet normal 0.422527 0.90635 0.000407789
    outer loop
      vertex -62.0092 -27.5544 28.05
      vertex -60.5773 -28.223 30.4273
      vertex -60.4953 -28.2612 30.3669
    endloop
  endfacet
  facet normal 0.423381 0.905952 -0.000218986
    outer loop
      vertex -62.0092 -27.5544 28.05
      vertex -60.6513 -28.1884 30.499
      vertex -60.5773 -28.223 30.4273
    endloop
  endfacet
  facet normal 0.422945 0.906155 7.54801e-05
    outer loop
      vertex -62.0092 -27.5544 28.05
      vertex -60.6753 -28.1772 30.5222
      vertex -60.6513 -28.1884 30.499
    endloop
  endfacet
  facet normal 0.422956 0.90615 6.8431e-05
    outer loop
      vertex -62.0092 -27.5544 28.05
      vertex -60.6963 -28.1674 30.5486
      vertex -60.6753 -28.1772 30.5222
    endloop
  endfacet
  facet normal 0.423048 0.906107 9.51305e-06
    outer loop
      vertex -62.0092 -27.5544 28.05
      vertex -60.7612 -28.1371 30.6304
      vertex -60.6963 -28.1674 30.5486
    endloop
  endfacet
  facet normal 0.423043 0.906109 3.41573e-06
    outer loop
      vertex -60.9672 -28.0409 31.3
      vertex -62.0092 -27.5544 28.05
      vertex -64.3844 -26.4455 36.1713
    endloop
  endfacet
  facet normal 0.423034 0.906114 -0
    outer loop
      vertex -62.0092 -27.5544 7.05
      vertex -64.3844 -26.4455 36.1713
      vertex -62.0092 -27.5544 28.05
    endloop
  endfacet
  facet normal 0.423361 0.905961 0.000335743
    outer loop
      vertex -60.1006 -28.4455 4.89059
      vertex -62.0092 -27.5544 7.05
      vertex -59.9705 -28.5063 4.9
    endloop
  endfacet
  facet normal 0.42371 0.905798 0.000711881
    outer loop
      vertex -60.1318 -28.4309 4.88373
      vertex -62.0092 -27.5544 7.05
      vertex -60.1006 -28.4455 4.89059
    endloop
  endfacet
  facet normal 0.422737 0.906252 -0.000315573
    outer loop
      vertex -60.2285 -28.3858 4.86252
      vertex -62.0092 -27.5544 7.05
      vertex -60.1318 -28.4309 4.88373
    endloop
  endfacet
  facet normal 0.422966 0.906146 -8.86366e-05
    outer loop
      vertex -60.3217 -28.3423 4.82757
      vertex -62.0092 -27.5544 7.05
      vertex -60.2285 -28.3858 4.86252
    endloop
  endfacet
  facet normal 0.423052 0.906105 -8.72608e-06
    outer loop
      vertex -60.3519 -28.3282 4.81627
      vertex -62.0092 -27.5544 7.05
      vertex -60.3217 -28.3423 4.82757
    endloop
  endfacet
  facet normal 0.423148 0.906061 7.75083e-05
    outer loop
      vertex -60.4688 -28.2736 4.75263
      vertex -62.0092 -27.5544 7.05
      vertex -60.3519 -28.3282 4.81627
    endloop
  endfacet
  facet normal 0.423567 0.905865 0.000419778
    outer loop
      vertex -60.4953 -28.2612 4.73309
      vertex -62.0092 -27.5544 7.05
      vertex -60.4688 -28.2736 4.75263
    endloop
  endfacet
  facet normal 0.422527 0.90635 -0.000407787
    outer loop
      vertex -60.5773 -28.223 4.67269
      vertex -62.0092 -27.5544 7.05
      vertex -60.4953 -28.2612 4.73309
    endloop
  endfacet
  facet normal 0.423381 0.905952 0.000219008
    outer loop
      vertex -60.6513 -28.1884 4.60101
      vertex -62.0092 -27.5544 7.05
      vertex -60.5773 -28.223 4.67269
    endloop
  endfacet
  facet normal 0.422945 0.906155 -7.54916e-05
    outer loop
      vertex -60.6753 -28.1772 4.57782
      vertex -62.0092 -27.5544 7.05
      vertex -60.6513 -28.1884 4.60101
    endloop
  endfacet
  facet normal 0.422956 0.90615 -6.83789e-05
    outer loop
      vertex -60.6963 -28.1674 4.55137
      vertex -62.0092 -27.5544 7.05
      vertex -60.6753 -28.1772 4.57782
    endloop
  endfacet
  facet normal 0.423048 0.906107 -9.51622e-06
    outer loop
      vertex -60.7612 -28.1371 4.46964
      vertex -62.0092 -27.5544 7.05
      vertex -60.6963 -28.1674 4.55137
    endloop
  endfacet
  facet normal 0.423166 0.906052 6.00179e-05
    outer loop
      vertex -60.816 -28.1115 4.37924
      vertex -62.0092 -27.5544 7.05
      vertex -60.7612 -28.1371 4.46964
    endloop
  endfacet
  facet normal 0.421505 0.906826 -0.000843565
    outer loop
      vertex -60.8337 -28.1033 4.35
      vertex -62.0092 -27.5544 7.05
      vertex -60.816 -28.1115 4.37924
    endloop
  endfacet
  facet normal 0.423524 0.905885 0.000226721
    outer loop
      vertex -60.8478 -28.0967 4.31845
      vertex -62.0092 -27.5544 7.05
      vertex -60.8337 -28.1033 4.35
    endloop
  endfacet
  facet normal 0.423859 0.905728 0.000400098
    outer loop
      vertex -60.8913 -28.0763 4.22095
      vertex -62.0092 -27.5544 7.05
      vertex -60.8478 -28.0967 4.31845
    endloop
  endfacet
  facet normal 0.422005 0.906593 -0.000491911
    outer loop
      vertex -60.923 -28.0616 4.11801
      vertex -62.0092 -27.5544 7.05
      vertex -60.8913 -28.0763 4.22095
    endloop
  endfacet
  facet normal 0.424319 0.905512 0.000552452
    outer loop
      vertex -60.9332 -28.0568 4.0847
      vertex -62.0092 -27.5544 7.05
      vertex -60.923 -28.0616 4.11801
    endloop
  endfacet
  facet normal 0.421425 0.906863 -0.000726746
    outer loop
      vertex -60.9395 -28.0539 4.0502
      vertex -62.0092 -27.5544 7.05
      vertex -60.9332 -28.0568 4.0847
    endloop
  endfacet
  facet normal 0.423547 0.905874 0.000194741
    outer loop
      vertex -60.9587 -28.0449 3.94358
      vertex -62.0092 -27.5544 7.05
      vertex -60.9395 -28.0539 4.0502
    endloop
  endfacet
  facet normal 0.423276 0.906001 8.32626e-05
    outer loop
      vertex -60.9651 -28.0419 3.8351
      vertex -62.0092 -27.5544 7.05
      vertex -60.9587 -28.0449 3.94358
    endloop
  endfacet
  facet normal 0.424139 0.905597 0.000424637
    outer loop
      vertex -60.9672 -28.0409 3.8
      vertex -62.0092 -27.5544 7.05
      vertex -60.9651 -28.0419 3.8351
    endloop
  endfacet
  facet normal 0.423584 0.905857 -0.000465268
    outer loop
      vertex -64.3844 -26.4455 -1.07132
      vertex -60.9672 -28.0409 3.8
      vertex -60.9651 -28.0419 3.7649
    endloop
  endfacet
  facet normal 0.423151 0.906059 -9.23019e-05
    outer loop
      vertex -64.3844 -26.4455 -1.07132
      vertex -60.9651 -28.0419 3.7649
      vertex -60.9587 -28.0449 3.65642
    endloop
  endfacet
  facet normal 0.423323 0.905979 -0.000244007
    outer loop
      vertex -64.3844 -26.4455 -1.07132
      vertex -60.9587 -28.0449 3.65642
      vertex -60.9395 -28.0539 3.5498
    endloop
  endfacet
  facet normal 0.422091 0.906553 0.000874374
    outer loop
      vertex -64.3844 -26.4455 -1.07132
      vertex -60.9395 -28.0539 3.5498
      vertex -60.9332 -28.0568 3.5153
    endloop
  endfacet
  facet normal 0.423367 0.905958 -0.000312465
    outer loop
      vertex -64.3844 -26.4455 -1.07132
      vertex -60.8478 -28.0967 3.28154
      vertex -60.8337 -28.1033 3.25
    endloop
  endfacet
  facet normal 0.422969 0.906144 9.83803e-05
    outer loop
      vertex -64.3844 -26.4455 -1.07132
      vertex -60.3217 -28.3423 2.77243
      vertex -60.2285 -28.3858 2.73748
    endloop
  endfacet
  facet normal 0.42368 0.905812 -0.000882048
    outer loop
      vertex -64.3844 -26.4455 -1.07132
      vertex -60.1318 -28.4309 2.71627
      vertex -60.1006 -28.4455 2.70941
    endloop
  endfacet
  facet normal 0.423044 0.906109 1.00124e-05
    outer loop
      vertex -64.3844 -26.4455 -1.07132
      vertex -59.9705 -28.5063 2.7
      vertex -57.0256 -29.8812 1.55
    endloop
  endfacet
  facet normal 0.423355 0.905964 -0.000434168
    outer loop
      vertex -59.9705 -28.5063 2.7
      vertex -64.3844 -26.4455 -1.07132
      vertex -60.1006 -28.4455 2.70941
    endloop
  endfacet
  facet normal 0.423034 0.906114 0
    outer loop
      vertex -62.0092 -27.5544 7.05
      vertex -64.3844 -26.4455 -1.07132
      vertex -64.3844 -26.4455 36.1713
    endloop
  endfacet
  facet normal 0.423043 0.906109 -3.41573e-06
    outer loop
      vertex -60.9672 -28.0409 3.8
      vertex -64.3844 -26.4455 -1.07132
      vertex -62.0092 -27.5544 7.05
    endloop
  endfacet
  facet normal 0.423842 0.905736 -0.00073078
    outer loop
      vertex -60.923 -28.0616 3.48199
      vertex -64.3844 -26.4455 -1.07132
      vertex -60.9332 -28.0568 3.5153
    endloop
  endfacet
  facet normal 0.422373 0.906422 0.000629662
    outer loop
      vertex -60.8913 -28.0763 3.37905
      vertex -64.3844 -26.4455 -1.07132
      vertex -60.923 -28.0616 3.48199
    endloop
  endfacet
  facet normal 0.423598 0.90585 -0.000541675
    outer loop
      vertex -60.8478 -28.0967 3.28154
      vertex -64.3844 -26.4455 -1.07132
      vertex -60.8913 -28.0763 3.37905
    endloop
  endfacet
  facet normal 0.421912 0.906636 0.00114301
    outer loop
      vertex -60.816 -28.1115 3.22076
      vertex -64.3844 -26.4455 -1.07132
      vertex -60.8337 -28.1033 3.25
    endloop
  endfacet
  facet normal 0.423128 0.90607 -8.81071e-05
    outer loop
      vertex -60.7612 -28.1371 3.13036
      vertex -64.3844 -26.4455 -1.07132
      vertex -60.816 -28.1115 3.22076
    endloop
  endfacet
  facet normal 0.423041 0.90611 2.99481e-06
    outer loop
      vertex -60.6963 -28.1674 3.04863
      vertex -64.3844 -26.4455 -1.07132
      vertex -60.7612 -28.1371 3.13036
    endloop
  endfacet
  facet normal 0.42297 0.906144 8.13254e-05
    outer loop
      vertex -60.6753 -28.1772 3.02218
      vertex -64.3844 -26.4455 -1.07132
      vertex -60.6963 -28.1674 3.04863
    endloop
  endfacet
  facet normal 0.422959 0.906149 9.28485e-05
    outer loop
      vertex -60.6513 -28.1884 2.99899
      vertex -64.3844 -26.4455 -1.07132
      vertex -60.6753 -28.1772 3.02218
    endloop
  endfacet
  facet normal 0.423314 0.905983 -0.000303687
    outer loop
      vertex -60.5773 -28.223 2.92731
      vertex -64.3844 -26.4455 -1.07132
      vertex -60.6513 -28.1884 2.99899
    endloop
  endfacet
  facet normal 0.422598 0.906317 0.000526045
    outer loop
      vertex -60.4953 -28.2612 2.86691
      vertex -64.3844 -26.4455 -1.07132
      vertex -60.5773 -28.223 2.92731
    endloop
  endfacet
  facet normal 0.42349 0.905901 -0.000546435
    outer loop
      vertex -60.4688 -28.2736 2.84737
      vertex -64.3844 -26.4455 -1.07132
      vertex -60.4953 -28.2612 2.86691
    endloop
  endfacet
  facet normal 0.423133 0.906068 -0.000111285
    outer loop
      vertex -60.3519 -28.3282 2.78373
      vertex -64.3844 -26.4455 -1.07132
      vertex -60.4688 -28.2736 2.84737
    endloop
  endfacet
  facet normal 0.423048 0.906107 -3.97146e-06
    outer loop
      vertex -60.3217 -28.3423 2.77243
      vertex -64.3844 -26.4455 -1.07132
      vertex -60.3519 -28.3282 2.78373
    endloop
  endfacet
  facet normal 0.42275 0.906246 0.000388978
    outer loop
      vertex -60.1318 -28.4309 2.71627
      vertex -64.3844 -26.4455 -1.07132
      vertex -60.2285 -28.3858 2.73748
    endloop
  endfacet
  facet normal 0.42305 0.906106 -1.13369e-05
    outer loop
      vertex -33.0687 -41.0664 0
      vertex -64.3844 -26.4455 -1.07132
      vertex -57.0256 -29.8812 1.55
    endloop
  endfacet
  facet normal 0.423047 0.906108 8.66772e-05
    outer loop
      vertex -64.3844 -26.4455 -1.07132
      vertex -33.0687 -41.0664 0
      vertex -30.0493 -42.4761 -0.0980558
    endloop
  endfacet
  facet normal 0.423089 0.906088 -2.21743e-05
    outer loop
      vertex -35.1826 -40.0794 32.3906
      vertex -33.0687 -41.0664 35
      vertex -35.0843 -40.1253 32.3977
    endloop
  endfacet
  facet normal 0.423064 0.9061 1.99063e-06
    outer loop
      vertex -33.0687 -41.0664 35
      vertex -35.1826 -40.0794 32.3906
      vertex -37.9973 -38.7652 33.55
    endloop
  endfacet
  facet normal 0.423568 0.905863 0.00149221
    outer loop
      vertex -35.2138 -40.0648 32.3837
      vertex -37.9973 -38.7652 33.55
      vertex -35.1826 -40.0794 32.3906
    endloop
  endfacet
  facet normal 0.423045 0.906109 -2.90821e-05
    outer loop
      vertex -35.3104 -40.0197 32.3625
      vertex -37.9973 -38.7652 33.55
      vertex -35.2138 -40.0648 32.3837
    endloop
  endfacet
  facet normal 0.42279 0.906227 -0.000729619
    outer loop
      vertex -35.4037 -39.9762 32.3276
      vertex -37.9973 -38.7652 33.55
      vertex -35.3104 -40.0197 32.3625
    endloop
  endfacet
  facet normal 0.42306 0.906102 -3.33849e-05
    outer loop
      vertex -35.4339 -39.9621 32.3163
      vertex -37.9973 -38.7652 33.55
      vertex -35.4037 -39.9762 32.3276
    endloop
  endfacet
  facet normal 0.423124 0.906072 0.000129734
    outer loop
      vertex -35.5508 -39.9075 32.2526
      vertex -37.9973 -38.7652 33.55
      vertex -35.4339 -39.9621 32.3163
    endloop
  endfacet
  facet normal 0.423383 0.90595 0.000724536
    outer loop
      vertex -35.5773 -39.8951 32.2331
      vertex -37.9973 -38.7652 33.55
      vertex -35.5508 -39.9075 32.2526
    endloop
  endfacet
  facet normal 0.422909 0.906172 -0.000338215
    outer loop
      vertex -35.6592 -39.8569 32.1727
      vertex -37.9973 -38.7652 33.55
      vertex -35.5773 -39.8951 32.2331
    endloop
  endfacet
  facet normal 0.423077 0.906094 1.10532e-05
    outer loop
      vertex -35.7333 -39.8223 32.101
      vertex -37.9973 -38.7652 33.55
      vertex -35.6592 -39.8569 32.1727
    endloop
  endfacet
  facet normal 0.422998 0.906131 -0.00014116
    outer loop
      vertex -35.7573 -39.8111 32.0778
      vertex -37.9973 -38.7652 33.55
      vertex -35.7333 -39.8223 32.101
    endloop
  endfacet
  facet normal 0.423009 0.906125 -0.00011974
    outer loop
      vertex -35.7783 -39.8013 32.0514
      vertex -37.9973 -38.7652 33.55
      vertex -35.7573 -39.8111 32.0778
    endloop
  endfacet
  facet normal 0.423063 0.9061 -2.33697e-05
    outer loop
      vertex -35.8432 -39.771 31.9696
      vertex -37.9973 -38.7652 33.55
      vertex -35.7783 -39.8013 32.0514
    endloop
  endfacet
  facet normal 0.423324 0.905978 0.000411459
    outer loop
      vertex -35.8979 -39.7454 31.8792
      vertex -37.9973 -38.7652 33.55
      vertex -35.8432 -39.771 31.9696
    endloop
  endfacet
  facet normal 0.423547 0.905874 0.000752406
    outer loop
      vertex -35.9156 -39.7371 31.85
      vertex -37.9973 -38.7652 33.55
      vertex -35.8979 -39.7454 31.8792
    endloop
  endfacet
  facet normal 0.421869 0.906655 -0.00174904
    outer loop
      vertex -35.9297 -39.7306 31.8185
      vertex -37.9973 -38.7652 33.55
      vertex -35.9156 -39.7371 31.85
    endloop
  endfacet
  facet normal 0.423269 0.906004 0.000286432
    outer loop
      vertex -35.9733 -39.7102 31.721
      vertex -37.9973 -38.7652 33.55
      vertex -35.9297 -39.7306 31.8185
    endloop
  endfacet
  facet normal 0.422814 0.906217 -0.000327775
    outer loop
      vertex -36.0152 -39.6907 31.5847
      vertex -37.9973 -38.7652 33.55
      vertex -35.9733 -39.7102 31.721
    endloop
  endfacet
  facet normal 0.423172 0.906049 0.000112346
    outer loop
      vertex -36.0214 -39.6878 31.5502
      vertex -37.9973 -38.7652 33.55
      vertex -36.0152 -39.6907 31.5847
    endloop
  endfacet
  facet normal 0.423009 0.906125 -8.39129e-05
    outer loop
      vertex -36.0407 -39.6788 31.4436
      vertex -37.9973 -38.7652 33.55
      vertex -36.0214 -39.6878 31.5502
    endloop
  endfacet
  facet normal 0.423164 0.906053 9.13389e-05
    outer loop
      vertex -36.0471 -39.6758 31.3351
      vertex -37.9973 -38.7652 33.55
      vertex -36.0407 -39.6788 31.4436
    endloop
  endfacet
  facet normal 0.423517 0.905888 0.000470148
    outer loop
      vertex -36.0492 -39.6748 31.3
      vertex -37.9973 -38.7652 33.55
      vertex -36.0471 -39.6758 31.3351
    endloop
  endfacet
  facet normal 0.422559 0.906335 -0.000540213
    outer loop
      vertex -36.0471 -39.6758 31.2649
      vertex -37.9973 -38.7652 33.55
      vertex -36.0492 -39.6748 31.3
    endloop
  endfacet
  facet normal 0.422978 0.90614 -0.000104704
    outer loop
      vertex -36.0407 -39.6788 31.1564
      vertex -37.9973 -38.7652 33.55
      vertex -36.0471 -39.6758 31.2649
    endloop
  endfacet
  facet normal 0.422982 0.906138 7.78829e-05
    outer loop
      vertex -37.9973 -38.7652 28.05
      vertex -36.0407 -39.6788 31.1564
      vertex -36.0214 -39.6878 31.0498
    endloop
  endfacet
  facet normal 0.423209 0.906032 -0.000104316
    outer loop
      vertex -37.9973 -38.7652 28.05
      vertex -36.0214 -39.6878 31.0498
      vertex -36.0152 -39.6907 31.0153
    endloop
  endfacet
  facet normal 0.422721 0.90626 0.000292967
    outer loop
      vertex -37.9973 -38.7652 28.05
      vertex -36.0152 -39.6907 31.0153
      vertex -35.9733 -39.7102 30.879
    endloop
  endfacet
  facet normal 0.423341 0.90597 -0.00024748
    outer loop
      vertex -37.9973 -38.7652 28.05
      vertex -35.9733 -39.7102 30.879
      vertex -35.9297 -39.7306 30.7815
    endloop
  endfacet
  facet normal 0.421432 0.906859 0.00151144
    outer loop
      vertex -37.9973 -38.7652 28.05
      vertex -35.9297 -39.7306 30.7815
      vertex -35.9156 -39.7371 30.75
    endloop
  endfacet
  facet normal 0.423713 0.905796 -0.000629695
    outer loop
      vertex -37.9973 -38.7652 28.05
      vertex -35.9156 -39.7371 30.75
      vertex -35.8979 -39.7454 30.7208
    endloop
  endfacet
  facet normal 0.423415 0.905936 -0.000344434
    outer loop
      vertex -37.9973 -38.7652 28.05
      vertex -35.8979 -39.7454 30.7208
      vertex -35.8432 -39.771 30.6304
    endloop
  endfacet
  facet normal 0.42349 0.905901 -0.000547689
    outer loop
      vertex -37.9973 -38.7652 28.05
      vertex -35.5773 -39.8951 30.3669
      vertex -35.5508 -39.9075 30.3474
    endloop
  endfacet
  facet normal 0.423665 0.905818 -0.000955759
    outer loop
      vertex -37.9973 -38.7652 28.05
      vertex -35.2138 -40.0648 30.2163
      vertex -35.1826 -40.0794 30.2094
    endloop
  endfacet
  facet normal 0.424376 0.905485 0.00149658
    outer loop
      vertex -33.0687 -41.0664 28.05
      vertex -35.0843 -40.1253 30.2023
      vertex -35.0525 -40.1402 30.2
    endloop
  endfacet
  facet normal 0.423089 0.906088 2.71468e-05
    outer loop
      vertex -33.0687 -41.0664 28.05
      vertex -35.1826 -40.0794 30.2094
      vertex -35.0843 -40.1253 30.2023
    endloop
  endfacet
  facet normal 0.423065 0.9061 -1.83215e-06
    outer loop
      vertex -37.9973 -38.7652 28.05
      vertex -35.1826 -40.0794 30.2094
      vertex -33.0687 -41.0664 28.05
    endloop
  endfacet
  facet normal 0.423043 0.90611 1.86103e-05
    outer loop
      vertex -35.2138 -40.0648 30.2163
      vertex -37.9973 -38.7652 28.05
      vertex -35.3104 -40.0197 30.2375
    endloop
  endfacet
  facet normal 0.42272 0.90626 0.0005011
    outer loop
      vertex -35.3104 -40.0197 30.2375
      vertex -37.9973 -38.7652 28.05
      vertex -35.4037 -39.9762 30.2724
    endloop
  endfacet
  facet normal 0.423057 0.906103 2.29288e-05
    outer loop
      vertex -35.4037 -39.9762 30.2724
      vertex -37.9973 -38.7652 28.05
      vertex -35.4339 -39.9621 30.2837
    endloop
  endfacet
  facet normal 0.42314 0.906064 -9.39992e-05
    outer loop
      vertex -35.4339 -39.9621 30.2837
      vertex -37.9973 -38.7652 28.05
      vertex -35.5508 -39.9075 30.3474
    endloop
  endfacet
  facet normal 0.423083 0.906091 0
    outer loop
      vertex -36.0407 -39.6788 31.1564
      vertex -37.9973 -38.7652 28.05
      vertex -37.9973 -38.7652 33.55
    endloop
  endfacet
  facet normal 0.423058 0.906103 1.89566e-05
    outer loop
      vertex -35.7783 -39.8013 30.5486
      vertex -37.9973 -38.7652 28.05
      vertex -35.8432 -39.771 30.6304
    endloop
  endfacet
  facet normal 0.422986 0.906136 9.70987e-05
    outer loop
      vertex -35.7573 -39.8111 30.5222
      vertex -37.9973 -38.7652 28.05
      vertex -35.7783 -39.8013 30.5486
    endloop
  endfacet
  facet normal 0.422973 0.906142 0.000110723
    outer loop
      vertex -35.7333 -39.8223 30.499
      vertex -37.9973 -38.7652 28.05
      vertex -35.7573 -39.8111 30.5222
    endloop
  endfacet
  facet normal 0.423079 0.906093 -8.67088e-06
    outer loop
      vertex -35.6592 -39.8569 30.4273
      vertex -37.9973 -38.7652 28.05
      vertex -35.7333 -39.8223 30.499
    endloop
  endfacet
  facet normal 0.422859 0.906196 0.000255763
    outer loop
      vertex -35.5773 -39.8951 30.3669
      vertex -37.9973 -38.7652 28.05
      vertex -35.6592 -39.8569 30.4273
    endloop
  endfacet
  facet normal -0.88873 0.414918 0.19494
    outer loop
      vertex -65.1574 -26.0846 34.4416
      vertex -66.9426 -29.9084 34.4416
      vertex -66.8733 -29.9408 34.8265
    endloop
  endfacet
  facet normal 0.904084 -0.422146 -0.0665285
    outer loop
      vertex -31.3812 -45.8688 1.05
      vertex -31.6276 -46.3965 1.05
      vertex -31.3876 -45.8741 0.996658
    endloop
  endfacet
  facet normal 0.42312 0.906074 -0.000191108
    outer loop
      vertex -62.4623 -27.3429 37.05
      vertex -64.3844 -26.4455 36.1713
      vertex -63.1658 -27.0144 36.9478
    endloop
  endfacet
  facet normal 0.423049 0.906107 7.98225e-05
    outer loop
      vertex -30.9059 -42.0761 36.4301
      vertex -62.4623 -27.3429 37.05
      vertex -32.2059 -41.4692 37.0243
    endloop
  endfacet
  facet normal 0.423047 0.906106 -0.00173828
    outer loop
      vertex -32.2059 -41.4692 37.0243
      vertex -62.4623 -27.3429 37.05
      vertex -32.5607 -41.3035 37.05
    endloop
  endfacet
  facet normal -0.422885 -0.906183 0.000205367
    outer loop
      vertex -32.4238 -46.0247 36.1713
      vertex -33.3057 -45.613 36.8216
      vertex -32.1893 -46.1342 35.8763
    endloop
  endfacet
  facet normal -0.858035 0.40061 0.321383
    outer loop
      vertex -65.088 -26.117 34.8265
      vertex -66.8733 -29.9408 34.8265
      vertex -66.759 -29.9941 35.1981
    endloop
  endfacet
  facet normal -0.422714 -0.906263 -0.000145197
    outer loop
      vertex -66.6017 -30.0676 35.55
      vertex -66.8733 -29.9408 34.8265
      vertex -66.1697 -30.2692 36.1713
    endloop
  endfacet
  facet normal -0.753469 0.351788 0.555455
    outer loop
      vertex -64.8164 -26.2438 35.55
      vertex -66.4042 -30.1598 35.8763
      vertex -64.6189 -26.336 35.8763
    endloop
  endfacet
  facet normal -0.681131 0.318022 0.659487
    outer loop
      vertex -64.6189 -26.336 35.8763
      vertex -66.1697 -30.2692 36.1713
      vertex -64.3844 -26.4455 36.1713
    endloop
  endfacet
  facet normal -0.0592715 0.0276734 -0.997858
    outer loop
      vertex -64.2476 -31.1667 -1.95
      vertex -62.8171 -27.1772 -1.92433
      vertex -62.4623 -27.3429 -1.95
    endloop
  endfacet
  facet normal -0.0592715 0.0276734 -0.997858
    outer loop
      vertex -62.8171 -27.1772 -1.92433
      vertex -64.2476 -31.1667 -1.95
      vertex -64.6024 -31.001 -1.92433
    endloop
  endfacet
  facet normal -0.423049 -0.906107 3.07615e-05
    outer loop
      vertex -32.1893 -46.1342 -0.776278
      vertex -64.6024 -31.001 -1.92433
      vertex -33.3057 -45.613 -1.72164
    endloop
  endfacet
  facet normal -0.423551 -0.905872 -0.00107152
    outer loop
      vertex -65.2878 -30.681 -1.72164
      vertex -65.9024 -30.3941 -1.33007
      vertex -65.6067 -30.5321 -1.54808
    endloop
  endfacet
  facet normal 0.422915 0.906169 -0.000173149
    outer loop
      vertex -64.1171 -26.5703 -1.33007
      vertex -64.3844 -26.4455 -1.07132
      vertex -63.8215 -26.7083 -1.54808
    endloop
  endfacet
  facet normal 0.42312 0.906074 0.000191132
    outer loop
      vertex -63.1658 -27.0144 -1.84778
      vertex -64.3844 -26.4455 -1.07132
      vertex -62.4623 -27.3429 -1.95
    endloop
  endfacet
  facet normal -0.422885 -0.906183 -0.000205305
    outer loop
      vertex -32.1893 -46.1342 -0.776278
      vertex -33.3057 -45.613 -1.72164
      vertex -32.4238 -46.0247 -1.07132
    endloop
  endfacet
  facet normal -0.423047 -0.906108 -6.71501e-05
    outer loop
      vertex -66.1697 -30.2692 -1.07132
      vertex -63.5277 -31.5028 0.172276
      vertex -66.8733 -29.9408 0.27354
    endloop
  endfacet
  facet normal -0.423032 -0.906115 -0.000123983
    outer loop
      vertex -66.1697 -30.2692 -1.07132
      vertex -62.0037 -32.2143 0
      vertex -63.5277 -31.5028 0
    endloop
  endfacet
  facet normal -0.423049 -0.906107 -4.34327e-05
    outer loop
      vertex -62.0037 -32.2143 0
      vertex -66.1697 -30.2692 -1.07132
      vertex -32.1893 -46.1342 -0.776278
    endloop
  endfacet
  facet normal -0.423073 -0.906096 -0
    outer loop
      vertex -63.5277 -31.5028 0.172276
      vertex -66.1697 -30.2692 -1.07132
      vertex -63.5277 -31.5028 0
    endloop
  endfacet
  facet normal -0.423047 -0.906108 4.75718e-05
    outer loop
      vertex -62.0039 -32.2142 0.126154
      vertex -62.0037 -32.2143 0
      vertex -32.1893 -46.1342 -0.776278
    endloop
  endfacet
  facet normal -0.422681 -0.906279 0.000186122
    outer loop
      vertex -31.7202 -46.3532 34.8265
      vertex -32.1893 -46.1342 35.8763
      vertex -31.6509 -46.3856 34.4416
    endloop
  endfacet
  facet normal 0.753465 -0.351796 0.555455
    outer loop
      vertex -30.2065 -42.4027 35.55
      vertex -32.1893 -46.1342 35.8763
      vertex -31.9918 -46.2264 35.55
    endloop
  endfacet
  facet normal 0.423048 0.906107 -4.86853e-05
    outer loop
      vertex -30.0493 -42.4761 35.1981
      vertex -64.3844 -26.4455 36.1713
      vertex -30.9059 -42.0761 36.4301
    endloop
  endfacet
  facet normal 0.812609 -0.379379 -0.442422
    outer loop
      vertex -31.8345 -46.2999 -0.0980558
      vertex -31.9918 -46.2264 -0.45
      vertex -30.0493 -42.4761 -0.0980558
    endloop
  endfacet
  facet normal 0.681335 -0.318092 -0.659242
    outer loop
      vertex -30.4041 -42.3104 -0.776278
      vertex -32.1893 -46.1342 -0.776278
      vertex -30.6385 -42.201 -1.07132
    endloop
  endfacet
  facet normal -0.888682 0.414918 0.195162
    outer loop
      vertex -65.1574 -26.0846 34.4416
      vertex -66.8733 -29.9408 34.8265
      vertex -65.088 -26.117 34.8265
    endloop
  endfacet
  facet normal 0.421947 0.906621 0.000237494
    outer loop
      vertex -65.088 -26.117 34.8265
      vertex -65.1806 -26.0737 34.05
      vertex -65.1574 -26.0846 34.4416
    endloop
  endfacet
  facet normal -0.423737 -0.905785 0
    outer loop
      vertex -31.6509 -46.3856 34.4416
      vertex -31.6276 -46.3965 1.05
      vertex -31.6276 -46.3965 34.05
    endloop
  endfacet
  facet normal -0.423737 -0.905785 0
    outer loop
      vertex -31.6276 -46.3965 1.05
      vertex -31.6509 -46.3856 34.4416
      vertex -31.6509 -46.3856 0.658428
    endloop
  endfacet
  facet normal -0.422681 -0.906279 -0.000186134
    outer loop
      vertex -31.6509 -46.3856 0.658428
      vertex -32.1893 -46.1342 -0.776278
      vertex -31.7202 -46.3532 0.27354
    endloop
  endfacet
  facet normal -0.423901 -0.905708 0.000478019
    outer loop
      vertex -31.7202 -46.3532 0.27354
      vertex -32.1893 -46.1342 -0.776278
      vertex -31.8345 -46.2999 -0.0980558
    endloop
  endfacet
  facet normal 0.429932 0.902857 -0.00258689
    outer loop
      vertex -30.0191 -42.4902 0
      vertex -30.0493 -42.4761 -0.0980558
      vertex -30.0254 -42.4872 0
    endloop
  endfacet
  facet normal 0.422915 0.906169 0.000172984
    outer loop
      vertex -63.8215 -26.7083 36.6481
      vertex -64.3844 -26.4455 36.1713
      vertex -64.1171 -26.5703 36.4301
    endloop
  endfacet
  facet normal -0.597509 0.278972 0.751769
    outer loop
      vertex -64.1171 -26.5703 36.4301
      vertex -66.1697 -30.2692 36.1713
      vertex -65.9024 -30.3941 36.4301
    endloop
  endfacet
  facet normal -0.423034 -0.906114 -4.36959e-05
    outer loop
      vertex -64.9511 -30.8382 36.9478
      vertex -65.2878 -30.681 36.8216
      vertex -64.6024 -31.001 37.0243
    endloop
  endfacet
  facet normal -0.423186 -0.906043 -0.000580301
    outer loop
      vertex -33.9911 -45.293 37.0243
      vertex -34.3459 -45.1273 37.05
      vertex -33.3057 -45.613 36.8216
    endloop
  endfacet
  facet normal -0.423046 -0.906107 -0.00175781
    outer loop
      vertex -64.2476 -31.1667 37.05
      vertex -64.6024 -31.001 37.0243
      vertex -34.3459 -45.1273 37.05
    endloop
  endfacet
  facet normal 0.597403 -0.27893 0.75187
    outer loop
      vertex -30.9059 -42.0761 36.4301
      vertex -32.4238 -46.0247 36.1713
      vertex -30.6385 -42.201 36.1713
    endloop
  endfacet
  facet normal 0.597564 -0.278982 0.751722
    outer loop
      vertex -32.4238 -46.0247 36.1713
      vertex -30.9059 -42.0761 36.4301
      vertex -32.6911 -45.8999 36.4301
    endloop
  endfacet
  facet normal -0.42355 -0.905872 -0.00107066
    outer loop
      vertex -32.9868 -45.7619 36.6481
      vertex -33.3057 -45.613 36.8216
      vertex -32.6911 -45.8999 36.4301
    endloop
  endfacet
  facet normal 0.50335 -0.234997 0.831514
    outer loop
      vertex -30.9059 -42.0761 36.4301
      vertex -32.9868 -45.7619 36.6481
      vertex -32.6911 -45.8999 36.4301
    endloop
  endfacet
  facet normal 0.291387 -0.136046 0.946882
    outer loop
      vertex -31.8571 -41.632 36.9478
      vertex -33.3057 -45.613 36.8216
      vertex -31.5204 -41.7892 36.8216
    endloop
  endfacet
  facet normal 0.291387 -0.136046 0.946882
    outer loop
      vertex -33.3057 -45.613 36.8216
      vertex -31.8571 -41.632 36.9478
      vertex -33.6424 -45.4558 36.9478
    endloop
  endfacet
  facet normal -0.753469 0.351788 0.555455
    outer loop
      vertex -64.8164 -26.2438 35.55
      vertex -66.6017 -30.0676 35.55
      vertex -66.4042 -30.1598 35.8763
    endloop
  endfacet
  facet normal -0.812581 0.379387 0.442467
    outer loop
      vertex -64.8164 -26.2438 35.55
      vertex -66.759 -29.9941 35.1981
      vertex -66.6017 -30.0676 35.55
    endloop
  endfacet
  facet normal -0.812601 0.379397 -0.442422
    outer loop
      vertex -66.6017 -30.0676 -0.45
      vertex -66.759 -29.9941 -0.0980558
      vertex -64.8164 -26.2438 -0.45
    endloop
  endfacet
  facet normal -0.753453 0.351781 -0.555481
    outer loop
      vertex -66.4042 -30.1598 -0.776278
      vertex -66.6017 -30.0676 -0.45
      vertex -64.8164 -26.2438 -0.45
    endloop
  endfacet
  facet normal 0.423371 0.905956 0.000265707
    outer loop
      vertex -64.6189 -26.336 -0.776278
      vertex -64.8164 -26.2438 -0.45
      vertex -64.3844 -26.4455 -1.07132
    endloop
  endfacet
  facet normal -0.59749 0.27897 -0.751786
    outer loop
      vertex -64.1171 -26.5703 -1.33007
      vertex -66.1697 -30.2692 -1.07132
      vertex -64.3844 -26.4455 -1.07132
    endloop
  endfacet
  facet normal -0.422714 -0.906263 0.000145185
    outer loop
      vertex -66.1697 -30.2692 -1.07132
      vertex -66.8733 -29.9408 0.27354
      vertex -66.6017 -30.0676 -0.45
    endloop
  endfacet
  facet normal -0.42204 -0.906577 0.000715664
    outer loop
      vertex -66.1697 -30.2692 -1.07132
      vertex -66.6017 -30.0676 -0.45
      vertex -66.4042 -30.1598 -0.776278
    endloop
  endfacet
  facet normal -0.503462 0.235049 -0.831431
    outer loop
      vertex -65.6067 -30.5321 -1.54808
      vertex -64.1171 -26.5703 -1.33007
      vertex -63.8215 -26.7083 -1.54808
    endloop
  endfacet
  facet normal -0.503361 0.235015 -0.831502
    outer loop
      vertex -64.1171 -26.5703 -1.33007
      vertex -65.6067 -30.5321 -1.54808
      vertex -65.9024 -30.3941 -1.33007
    endloop
  endfacet
  facet normal -0.422334 -0.906439 0.00125342
    outer loop
      vertex -65.2878 -30.681 -1.72164
      vertex -66.1697 -30.2692 -1.07132
      vertex -65.9024 -30.3941 -1.33007
    endloop
  endfacet
  facet normal -0.176777 0.0825358 -0.980784
    outer loop
      vertex -62.8171 -27.1772 -1.92433
      vertex -64.9511 -30.8382 -1.84778
      vertex -63.1658 -27.0144 -1.84778
    endloop
  endfacet
  facet normal 0.423205 0.906034 0.000903107
    outer loop
      vertex -62.8171 -27.1772 -1.92433
      vertex -63.1658 -27.0144 -1.84778
      vertex -62.4623 -27.3429 -1.95
    endloop
  endfacet
  facet normal -0.423185 -0.906043 0.000580119
    outer loop
      vertex -33.3057 -45.613 -1.72164
      vertex -34.3459 -45.1273 -1.95
      vertex -33.9911 -45.293 -1.92433
    endloop
  endfacet
  facet normal 0.422872 0.90619 0.000392873
    outer loop
      vertex -31.8571 -41.632 -1.84778
      vertex -32.2059 -41.4692 -1.92433
      vertex -30.9059 -42.0761 -1.33007
    endloop
  endfacet
  facet normal -0.423551 -0.905872 0.00107152
    outer loop
      vertex -32.6911 -45.8999 -1.33007
      vertex -33.3057 -45.613 -1.72164
      vertex -32.9868 -45.7619 -1.54808
    endloop
  endfacet
  facet normal 0.503366 -0.235004 -0.831502
    outer loop
      vertex -32.6911 -45.8999 -1.33007
      vertex -32.9868 -45.7619 -1.54808
      vertex -30.9059 -42.0761 -1.33007
    endloop
  endfacet
  facet normal 0.904126 -0.422254 0.0652489
    outer loop
      vertex -31.6509 -46.3856 34.4416
      vertex -31.3876 -45.8741 34.1033
      vertex -31.4278 -45.9079 34.4416
    endloop
  endfacet
  facet normal 0.904183 -0.422086 0.065547
    outer loop
      vertex -31.3876 -45.8741 34.1033
      vertex -31.6509 -46.3856 34.4416
      vertex -31.6276 -46.3965 34.05
    endloop
  endfacet
  facet normal -0.423901 -0.905708 -0.000477984
    outer loop
      vertex -31.8345 -46.2999 35.1981
      vertex -32.1893 -46.1342 35.8763
      vertex -31.7202 -46.3532 34.8265
    endloop
  endfacet
  facet normal 0.424107 0.905611 -0.00114174
    outer loop
      vertex -30.6385 -42.201 -1.07132
      vertex -30.9059 -42.0761 -1.33007
      vertex -30.4041 -42.3104 -0.776278
    endloop
  endfacet
  facet normal 0.422967 0.906145 0.000117295
    outer loop
      vertex -30.4041 -42.3104 -0.776278
      vertex -30.9059 -42.0761 -1.33007
      vertex -30.0493 -42.4761 -0.0980558
    endloop
  endfacet
  facet normal 0.423597 0.905851 0.000284055
    outer loop
      vertex -30.0493 -42.4761 35.1981
      vertex -30.4041 -42.3104 35.8763
      vertex -30.2065 -42.4027 35.55
    endloop
  endfacet
  facet normal 0.422967 0.906145 -0.000117306
    outer loop
      vertex -30.0493 -42.4761 35.1981
      vertex -30.9059 -42.0761 36.4301
      vertex -30.4041 -42.3104 35.8763
    endloop
  endfacet
  facet normal 0.812719 -0.379462 -0.44215
    outer loop
      vertex -30.0493 -42.4761 -0.0980558
      vertex -31.9918 -46.2264 -0.45
      vertex -30.2065 -42.4027 -0.45
    endloop
  endfacet
  facet normal 0.753449 -0.351788 -0.555481
    outer loop
      vertex -31.9918 -46.2264 -0.45
      vertex -32.1893 -46.1342 -0.776278
      vertex -30.2065 -42.4027 -0.45
    endloop
  endfacet
  facet normal -0.597555 0.279001 0.751722
    outer loop
      vertex -64.3844 -26.4455 36.1713
      vertex -66.1697 -30.2692 36.1713
      vertex -64.1171 -26.5703 36.4301
    endloop
  endfacet
  facet normal -0.503446 0.235042 0.831443
    outer loop
      vertex -64.1171 -26.5703 36.4301
      vertex -65.6067 -30.5321 36.6481
      vertex -63.8215 -26.7083 36.6481
    endloop
  endfacet
  facet normal -0.503345 0.235007 0.831514
    outer loop
      vertex -65.6067 -30.5321 36.6481
      vertex -64.1171 -26.5703 36.4301
      vertex -65.9024 -30.3941 36.4301
    endloop
  endfacet
  facet normal -0.0593405 0.0277056 0.997853
    outer loop
      vertex -62.8171 -27.1772 37.0243
      vertex -64.2476 -31.1667 37.05
      vertex -62.4623 -27.3429 37.05
    endloop
  endfacet
  facet normal -0.0593405 0.0277056 0.997853
    outer loop
      vertex -64.2476 -31.1667 37.05
      vertex -62.8171 -27.1772 37.0243
      vertex -64.6024 -31.001 37.0243
    endloop
  endfacet
  facet normal -0.291323 0.136016 0.946906
    outer loop
      vertex -63.5026 -26.8572 36.8216
      vertex -64.9511 -30.8382 36.9478
      vertex -63.1658 -27.0144 36.9478
    endloop
  endfacet
  facet normal -0.29139 0.13604 0.946882
    outer loop
      vertex -64.9511 -30.8382 36.9478
      vertex -63.5026 -26.8572 36.8216
      vertex -65.2878 -30.681 36.8216
    endloop
  endfacet
  facet normal 0.422973 0.906142 8.98357e-05
    outer loop
      vertex -63.1658 -27.0144 36.9478
      vertex -64.3844 -26.4455 36.1713
      vertex -63.8215 -26.7083 36.6481
    endloop
  endfacet
  facet normal 0.422662 0.906287 0.000918762
    outer loop
      vertex -63.1658 -27.0144 36.9478
      vertex -63.8215 -26.7083 36.6481
      vertex -63.5026 -26.8572 36.8216
    endloop
  endfacet
  facet normal -0.423034 -0.906114 4.36959e-05
    outer loop
      vertex -33.6424 -45.4558 36.9478
      vertex -33.9911 -45.293 37.0243
      vertex -33.3057 -45.613 36.8216
    endloop
  endfacet
  facet normal 0.176626 -0.0824652 0.980817
    outer loop
      vertex -32.2059 -41.4692 37.0243
      vertex -33.6424 -45.4558 36.9478
      vertex -31.8571 -41.632 36.9478
    endloop
  endfacet
  facet normal 0.176668 -0.0824801 0.980809
    outer loop
      vertex -33.6424 -45.4558 36.9478
      vertex -32.2059 -41.4692 37.0243
      vertex -33.9911 -45.293 37.0243
    endloop
  endfacet
  facet normal -0.42305 -0.906107 -5.05313e-05
    outer loop
      vertex -64.6024 -31.001 37.0243
      vertex -66.1697 -30.2692 36.1713
      vertex -32.1893 -46.1342 35.8763
    endloop
  endfacet
  facet normal -0.423049 -0.906107 -3.07636e-05
    outer loop
      vertex -33.3057 -45.613 36.8216
      vertex -64.6024 -31.001 37.0243
      vertex -32.1893 -46.1342 35.8763
    endloop
  endfacet
  facet normal -0.422871 -0.90619 0.000228336
    outer loop
      vertex -32.6911 -45.8999 36.4301
      vertex -33.3057 -45.613 36.8216
      vertex -32.4238 -46.0247 36.1713
    endloop
  endfacet
  facet normal 0.400644 -0.187057 0.896936
    outer loop
      vertex -31.5204 -41.7892 36.8216
      vertex -32.9868 -45.7619 36.6481
      vertex -31.2015 -41.9381 36.6481
    endloop
  endfacet
  facet normal 0.400644 -0.187057 0.896936
    outer loop
      vertex -32.9868 -45.7619 36.6481
      vertex -31.5204 -41.7892 36.8216
      vertex -33.3057 -45.613 36.8216
    endloop
  endfacet
  facet normal 0.503441 -0.235053 0.831443
    outer loop
      vertex -31.2015 -41.9381 36.6481
      vertex -32.9868 -45.7619 36.6481
      vertex -30.9059 -42.0761 36.4301
    endloop
  endfacet
  facet normal 0.422872 0.90619 -0.000392713
    outer loop
      vertex -30.9059 -42.0761 36.4301
      vertex -32.2059 -41.4692 37.0243
      vertex -31.8571 -41.632 36.9478
    endloop
  endfacet
  facet normal -0.422041 -0.906577 -0.000715136
    outer loop
      vertex -66.4042 -30.1598 35.8763
      vertex -66.6017 -30.0676 35.55
      vertex -66.1697 -30.2692 36.1713
    endloop
  endfacet
  facet normal -0.681182 0.318038 0.659426
    outer loop
      vertex -64.6189 -26.336 35.8763
      vertex -66.4042 -30.1598 35.8763
      vertex -66.1697 -30.2692 36.1713
    endloop
  endfacet
  facet normal -0.423034 -0.906114 4.37865e-05
    outer loop
      vertex -64.6024 -31.001 -1.92433
      vertex -65.2878 -30.681 -1.72164
      vertex -64.9511 -30.8382 -1.84778
    endloop
  endfacet
  facet normal -0.423012 -0.906124 0.00013481
    outer loop
      vertex -64.6024 -31.001 -1.92433
      vertex -66.1697 -30.2692 -1.07132
      vertex -65.2878 -30.681 -1.72164
    endloop
  endfacet
  facet normal -0.176777 0.0825358 -0.980784
    outer loop
      vertex -64.6024 -31.001 -1.92433
      vertex -64.9511 -30.8382 -1.84778
      vertex -62.8171 -27.1772 -1.92433
    endloop
  endfacet
  facet normal 0.291263 -0.135988 -0.946928
    outer loop
      vertex -33.3057 -45.613 -1.72164
      vertex -31.8571 -41.632 -1.84778
      vertex -31.5204 -41.7892 -1.72164
    endloop
  endfacet
  facet normal 0.291263 -0.135988 -0.946928
    outer loop
      vertex -31.8571 -41.632 -1.84778
      vertex -33.3057 -45.613 -1.72164
      vertex -33.6424 -45.4558 -1.84778
    endloop
  endfacet
  facet normal 0.503457 -0.23506 -0.831431
    outer loop
      vertex -30.9059 -42.0761 -1.33007
      vertex -32.9868 -45.7619 -1.54808
      vertex -31.2015 -41.9381 -1.54808
    endloop
  endfacet
  facet normal 0.597338 -0.278899 -0.751933
    outer loop
      vertex -32.4238 -46.0247 -1.07132
      vertex -30.9059 -42.0761 -1.33007
      vertex -30.6385 -42.201 -1.07132
    endloop
  endfacet
  facet normal 0.597499 -0.278951 -0.751786
    outer loop
      vertex -30.9059 -42.0761 -1.33007
      vertex -32.4238 -46.0247 -1.07132
      vertex -32.6911 -45.8999 -1.33007
    endloop
  endfacet
  facet normal -0.422871 -0.90619 -0.000228543
    outer loop
      vertex -32.4238 -46.0247 -1.07132
      vertex -33.3057 -45.613 -1.72164
      vertex -32.6911 -45.8999 -1.33007
    endloop
  endfacet
  facet normal 0.88875 -0.414876 0.19494
    outer loop
      vertex -31.6509 -46.3856 34.4416
      vertex -31.5451 -45.9781 34.8265
      vertex -31.7202 -46.3532 34.8265
    endloop
  endfacet
  facet normal 0.888667 -0.414987 0.19508
    outer loop
      vertex -31.5451 -45.9781 34.8265
      vertex -31.6509 -46.3856 34.4416
      vertex -31.4374 -45.9159 34.4682
    endloop
  endfacet
  facet normal 0.888508 -0.414959 0.195865
    outer loop
      vertex -31.4374 -45.9159 34.4682
      vertex -31.6509 -46.3856 34.4416
      vertex -31.4278 -45.9079 34.4416
    endloop
  endfacet
  facet normal 0.681293 -0.318072 0.659295
    outer loop
      vertex -30.6385 -42.201 36.1713
      vertex -32.1893 -46.1342 35.8763
      vertex -30.4041 -42.3104 35.8763
    endloop
  endfacet
  facet normal 0.753334 -0.351706 0.555689
    outer loop
      vertex -30.4041 -42.3104 35.8763
      vertex -32.1893 -46.1342 35.8763
      vertex -30.2065 -42.4027 35.55
    endloop
  endfacet
  facet normal 0.753319 -0.351698 -0.555715
    outer loop
      vertex -30.2065 -42.4027 -0.45
      vertex -32.1893 -46.1342 -0.776278
      vertex -30.4041 -42.3104 -0.776278
    endloop
  endfacet
  facet normal 0.423596 0.905851 -0.000283865
    outer loop
      vertex -30.2065 -42.4027 -0.45
      vertex -30.4041 -42.3104 -0.776278
      vertex -30.0493 -42.4761 -0.0980558
    endloop
  endfacet
  facet normal -0.422335 -0.906439 -0.00125228
    outer loop
      vertex -65.9024 -30.3941 36.4301
      vertex -66.1697 -30.2692 36.1713
      vertex -65.2878 -30.681 36.8216
    endloop
  endfacet
  facet normal 0.423205 0.906034 -0.000904508
    outer loop
      vertex -62.4623 -27.3429 37.05
      vertex -63.1658 -27.0144 36.9478
      vertex -62.8171 -27.1772 37.0243
    endloop
  endfacet
  facet normal -0.176666 0.0824839 0.980809
    outer loop
      vertex -63.1658 -27.0144 36.9478
      vertex -64.9511 -30.8382 36.9478
      vertex -62.8171 -27.1772 37.0243
    endloop
  endfacet
  facet normal 0.423124 0.906072 0.000172777
    outer loop
      vertex -30.9059 -42.0761 36.4301
      vertex -31.8571 -41.632 36.9478
      vertex -31.2015 -41.9381 36.6481
    endloop
  endfacet
  facet normal 0.422993 0.906133 -0.000177015
    outer loop
      vertex -31.2015 -41.9381 36.6481
      vertex -31.8571 -41.632 36.9478
      vertex -31.5204 -41.7892 36.8216
    endloop
  endfacet
  facet normal -0.40076 0.187101 -0.896875
    outer loop
      vertex -65.2878 -30.681 -1.72164
      vertex -63.8215 -26.7083 -1.54808
      vertex -63.5026 -26.8572 -1.72164
    endloop
  endfacet
  facet normal -0.40076 0.187101 -0.896875
    outer loop
      vertex -63.8215 -26.7083 -1.54808
      vertex -65.2878 -30.681 -1.72164
      vertex -65.6067 -30.5321 -1.54808
    endloop
  endfacet
  facet normal -0.291199 0.135958 -0.946952
    outer loop
      vertex -64.9511 -30.8382 -1.84778
      vertex -63.5026 -26.8572 -1.72164
      vertex -63.1658 -27.0144 -1.84778
    endloop
  endfacet
  facet normal -0.291266 0.135982 -0.946928
    outer loop
      vertex -63.5026 -26.8572 -1.72164
      vertex -64.9511 -30.8382 -1.84778
      vertex -65.2878 -30.681 -1.72164
    endloop
  endfacet
  facet normal 0.176737 -0.0825171 -0.980793
    outer loop
      vertex -33.6424 -45.4558 -1.84778
      vertex -32.2059 -41.4692 -1.92433
      vertex -31.8571 -41.632 -1.84778
    endloop
  endfacet
  facet normal 0.176779 -0.082532 -0.980784
    outer loop
      vertex -32.2059 -41.4692 -1.92433
      vertex -33.6424 -45.4558 -1.84778
      vertex -33.9911 -45.293 -1.92433
    endloop
  endfacet
  facet normal -0.423034 -0.906114 -4.37865e-05
    outer loop
      vertex -33.3057 -45.613 -1.72164
      vertex -33.9911 -45.293 -1.92433
      vertex -33.6424 -45.4558 -1.84778
    endloop
  endfacet
  facet normal 0.423124 0.906072 -0.000172756
    outer loop
      vertex -31.2015 -41.9381 -1.54808
      vertex -31.8571 -41.632 -1.84778
      vertex -30.9059 -42.0761 -1.33007
    endloop
  endfacet
  facet normal 0.422993 0.906133 0.000176633
    outer loop
      vertex -31.5204 -41.7892 -1.72164
      vertex -31.8571 -41.632 -1.84778
      vertex -31.2015 -41.9381 -1.54808
    endloop
  endfacet
  facet normal -0.42355 -0.905872 0.00107066
    outer loop
      vertex -65.6067 -30.5321 36.6481
      vertex -65.9024 -30.3941 36.4301
      vertex -65.2878 -30.681 36.8216
    endloop
  endfacet
  facet normal -0.400648 0.187049 0.896936
    outer loop
      vertex -63.8215 -26.7083 36.6481
      vertex -65.2878 -30.681 36.8216
      vertex -63.5026 -26.8572 36.8216
    endloop
  endfacet
  facet normal -0.400648 0.187049 0.896936
    outer loop
      vertex -65.2878 -30.681 36.8216
      vertex -63.8215 -26.7083 36.6481
      vertex -65.6067 -30.5321 36.6481
    endloop
  endfacet
  facet normal 0 0 -1
    outer loop
      vertex -39.7826 -42.589 33.55
      vertex -57.0256 -29.8812 33.55
      vertex -37.9973 -38.7652 33.55
    endloop
  endfacet
  facet normal 0 -0 -1
    outer loop
      vertex -57.0256 -29.8812 33.55
      vertex -39.7826 -42.589 33.55
      vertex -58.8109 -33.705 33.55
    endloop
  endfacet
  facet normal 0 0 1
    outer loop
      vertex -57.0256 -29.8812 1.55
      vertex -39.7826 -42.589 1.55
      vertex -37.9973 -38.7652 1.55
    endloop
  endfacet
  facet normal 0 0 1
    outer loop
      vertex -39.7826 -42.589 1.55
      vertex -57.0256 -29.8812 1.55
      vertex -58.8109 -33.705 1.55
    endloop
  endfacet
  facet normal -0.906105 0.423053 0
    outer loop
      vertex -39.7826 -42.589 1.55
      vertex -37.9973 -38.7652 7.05
      vertex -37.9973 -38.7652 1.55
    endloop
  endfacet
  facet normal -0.906105 0.423053 0
    outer loop
      vertex -37.9973 -38.7652 7.05
      vertex -39.7826 -42.589 1.55
      vertex -39.7826 -42.589 7.05
    endloop
  endfacet
  facet normal -0.906105 0.423053 0
    outer loop
      vertex -39.7826 -42.589 28.05
      vertex -37.9973 -38.7652 33.55
      vertex -37.9973 -38.7652 28.05
    endloop
  endfacet
  facet normal -0.906105 0.423053 0
    outer loop
      vertex -37.9973 -38.7652 33.55
      vertex -39.7826 -42.589 28.05
      vertex -39.7826 -42.589 33.55
    endloop
  endfacet
  facet normal 0.906105 -0.423053 0
    outer loop
      vertex -58.8109 -33.705 7.05
      vertex -57.0256 -29.8812 1.55
      vertex -57.0256 -29.8812 7.05
    endloop
  endfacet
  facet normal 0.906105 -0.423053 0
    outer loop
      vertex -57.0256 -29.8812 1.55
      vertex -58.8109 -33.705 7.05
      vertex -58.8109 -33.705 1.55
    endloop
  endfacet
  facet normal 0.906105 -0.423053 0
    outer loop
      vertex -58.8109 -33.705 33.55
      vertex -57.0256 -29.8812 28.05
      vertex -57.0256 -29.8812 33.55
    endloop
  endfacet
  facet normal 0.906105 -0.423053 0
    outer loop
      vertex -57.0256 -29.8812 28.05
      vertex -58.8109 -33.705 33.55
      vertex -58.8109 -33.705 28.05
    endloop
  endfacet
  facet normal 0 0 -1
    outer loop
      vertex -62.0063 -32.2131 28.05
      vertex -57.0256 -29.8812 28.05
      vertex -58.8109 -33.705 28.05
    endloop
  endfacet
  facet normal 0 0 -1
    outer loop
      vertex -62.0063 -32.2131 28.05
      vertex -62.0092 -27.5544 28.05
      vertex -57.0256 -29.8812 28.05
    endloop
  endfacet
  facet normal 0 0 -1
    outer loop
      vertex -62.0371 -32.1987 28.05
      vertex -62.0092 -27.5544 28.05
      vertex -62.0063 -32.2131 28.05
    endloop
  endfacet
  facet normal 0 0 -1
    outer loop
      vertex -62.1665 -32.1384 28.05
      vertex -62.0092 -27.5544 28.05
      vertex -62.0371 -32.1987 28.05
    endloop
  endfacet
  facet normal 0 0 -1
    outer loop
      vertex -62.2782 -32.0863 28.05
      vertex -62.0092 -27.5544 28.05
      vertex -62.1665 -32.1384 28.05
    endloop
  endfacet
  facet normal 0 0 -1
    outer loop
      vertex -62.3688 -32.0441 28.05
      vertex -62.0092 -27.5544 28.05
      vertex -62.2782 -32.0863 28.05
    endloop
  endfacet
  facet normal 0 0 -1
    outer loop
      vertex -62.4356 -32.0129 28.05
      vertex -62.0092 -27.5544 28.05
      vertex -62.3688 -32.0441 28.05
    endloop
  endfacet
  facet normal 0 0 -1
    outer loop
      vertex -62.4764 -31.9939 28.05
      vertex -62.0092 -27.5544 28.05
      vertex -62.4356 -32.0129 28.05
    endloop
  endfacet
  facet normal 0 0 -1
    outer loop
      vertex -63.5198 -31.5074 28.05
      vertex -62.0092 -27.5544 28.05
      vertex -62.4764 -31.9939 28.05
    endloop
  endfacet
  facet normal 0 0 -1
    outer loop
      vertex -63.5277 -31.5028 28.05
      vertex -62.0092 -27.5544 28.05
      vertex -63.5198 -31.5074 28.05
    endloop
  endfacet
  facet normal 0 0 -1
    outer loop
      vertex -62.0092 -27.5544 28.05
      vertex -63.5277 -31.5028 28.05
      vertex -63.7945 -31.3782 28.05
    endloop
  endfacet
  facet normal 0 0 -1
    outer loop
      vertex -34.799 -44.9158 28.05
      vertex -33.0687 -41.0664 28.05
      vertex -33.0115 -41.0872 28.05
    endloop
  endfacet
  facet normal 0 0 -1
    outer loop
      vertex -39.7826 -42.589 28.05
      vertex -33.0687 -41.0664 28.05
      vertex -34.799 -44.9158 28.05
    endloop
  endfacet
  facet normal -0 0 -1
    outer loop
      vertex -33.0687 -41.0664 28.05
      vertex -39.7826 -42.589 28.05
      vertex -37.9973 -38.7652 28.05
    endloop
  endfacet
  facet normal 0.906105 -0.423053 0
    outer loop
      vertex -63.7945 -31.3782 28.05
      vertex -62.0092 -27.5544 7.05
      vertex -62.0092 -27.5544 28.05
    endloop
  endfacet
  facet normal 0.906105 -0.423053 0
    outer loop
      vertex -62.0092 -27.5544 7.05
      vertex -63.7945 -31.3782 28.05
      vertex -63.7945 -31.3782 7.05
    endloop
  endfacet
  facet normal 0 0 1
    outer loop
      vertex -57.0256 -29.8812 7.05
      vertex -62.0063 -32.2131 7.05
      vertex -58.8109 -33.705 7.05
    endloop
  endfacet
  facet normal 0 0 1
    outer loop
      vertex -62.0092 -27.5544 7.05
      vertex -62.0063 -32.2131 7.05
      vertex -57.0256 -29.8812 7.05
    endloop
  endfacet
  facet normal 0 0 1
    outer loop
      vertex -62.0092 -27.5544 7.05
      vertex -62.0371 -32.1987 7.05
      vertex -62.0063 -32.2131 7.05
    endloop
  endfacet
  facet normal 0 0 1
    outer loop
      vertex -62.0092 -27.5544 7.05
      vertex -62.1665 -32.1384 7.05
      vertex -62.0371 -32.1987 7.05
    endloop
  endfacet
  facet normal 0 0 1
    outer loop
      vertex -62.0092 -27.5544 7.05
      vertex -62.2782 -32.0863 7.05
      vertex -62.1665 -32.1384 7.05
    endloop
  endfacet
  facet normal 0 0 1
    outer loop
      vertex -62.0092 -27.5544 7.05
      vertex -62.3688 -32.0441 7.05
      vertex -62.2782 -32.0863 7.05
    endloop
  endfacet
  facet normal 0 0 1
    outer loop
      vertex -62.0092 -27.5544 7.05
      vertex -62.4356 -32.0129 7.05
      vertex -62.3688 -32.0441 7.05
    endloop
  endfacet
  facet normal 0 0 1
    outer loop
      vertex -62.0092 -27.5544 7.05
      vertex -62.4764 -31.9939 7.05
      vertex -62.4356 -32.0129 7.05
    endloop
  endfacet
  facet normal 0 0 1
    outer loop
      vertex -62.0092 -27.5544 7.05
      vertex -63.5198 -31.5074 7.05
      vertex -62.4764 -31.9939 7.05
    endloop
  endfacet
  facet normal 0 0 1
    outer loop
      vertex -62.0092 -27.5544 7.05
      vertex -63.5277 -31.5028 7.05
      vertex -63.5198 -31.5074 7.05
    endloop
  endfacet
  facet normal 0 -0 1
    outer loop
      vertex -63.5277 -31.5028 7.05
      vertex -62.0092 -27.5544 7.05
      vertex -63.7945 -31.3782 7.05
    endloop
  endfacet
  facet normal 0 0 1
    outer loop
      vertex -33.0687 -41.0664 7.05
      vertex -34.799 -44.9158 7.05
      vertex -33.0115 -41.0872 7.05
    endloop
  endfacet
  facet normal 0 0 1
    outer loop
      vertex -39.7826 -42.589 7.05
      vertex -33.0687 -41.0664 7.05
      vertex -37.9973 -38.7652 7.05
    endloop
  endfacet
  facet normal 0 0 1
    outer loop
      vertex -33.0687 -41.0664 7.05
      vertex -39.7826 -42.589 7.05
      vertex -34.799 -44.9158 7.05
    endloop
  endfacet
  facet normal -0.906109 0.423045 0
    outer loop
      vertex -34.799 -44.9158 7.05
      vertex -33.0115 -41.0872 28.05
      vertex -33.0115 -41.0872 7.05
    endloop
  endfacet
  facet normal -0.906109 0.423045 0
    outer loop
      vertex -33.0115 -41.0872 28.05
      vertex -34.799 -44.9158 7.05
      vertex -34.799 -44.9158 28.05
    endloop
  endfacet
  facet normal -0.0592561 0.0276668 0.997859
    outer loop
      vertex -59.9705 -28.5063 2.7
      vertex -61.7185 -32.3475 2.7027
      vertex -59.8722 -28.5522 2.70711
    endloop
  endfacet
  facet normal -0.0593126 0.0276925 0.997855
    outer loop
      vertex -61.7185 -32.3475 2.7027
      vertex -59.9705 -28.5063 2.7
      vertex -61.7558 -32.3301 2.7
    endloop
  endfacet
  facet normal 0.753084 -0.351612 0.556087
    outer loop
      vertex -62.5674 -31.9514 3.16465
      vertex -60.7612 -28.1371 3.13036
      vertex -60.816 -28.1115 3.22076
    endloop
  endfacet
  facet normal 0.753005 -0.351573 0.556219
    outer loop
      vertex -60.7612 -28.1371 3.13036
      vertex -62.5674 -31.9514 3.16465
      vertex -62.5466 -31.9611 3.13036
    endloop
  endfacet
  facet normal 0.90413 -0.42211 0.0661192
    outer loop
      vertex -62.7526 -31.8651 3.8
      vertex -60.9651 -28.0419 3.7649
      vertex -60.9672 -28.0409 3.8
    endloop
  endfacet
  facet normal 0.90422 -0.422167 0.0645064
    outer loop
      vertex -60.9651 -28.0419 3.7649
      vertex -62.7526 -31.8651 3.8
      vertex -62.7466 -31.8679 3.69757
    endloop
  endfacet
  facet normal 0.858282 -0.400738 -0.320565
    outer loop
      vertex -60.923 -28.0616 4.11801
      vertex -62.7187 -31.8809 4.0847
      vertex -60.9332 -28.0568 4.0847
    endloop
  endfacet
  facet normal 0.858075 -0.400635 -0.321247
    outer loop
      vertex -62.7187 -31.8809 4.0847
      vertex -60.923 -28.0616 4.11801
      vertex -62.6888 -31.8948 4.1819
    endloop
  endfacet
  facet normal 0.681523 -0.318205 0.658994
    outer loop
      vertex -62.522 -31.9726 3.09935
      vertex -60.6753 -28.1772 3.02218
      vertex -60.6963 -28.1674 3.04863
    endloop
  endfacet
  facet normal 0.680487 -0.317674 0.660319
    outer loop
      vertex -62.5068 -31.9797 3.08027
      vertex -60.6753 -28.1772 3.02218
      vertex -62.522 -31.9726 3.09935
    endloop
  endfacet
  facet normal 0.68169 -0.318277 0.658786
    outer loop
      vertex -60.6753 -28.1772 3.02218
      vertex -62.5068 -31.9797 3.08027
      vertex -62.4607 -32.0012 3.02218
    endloop
  endfacet
  facet normal 0.59882 -0.279577 -0.750501
    outer loop
      vertex -62.3688 -32.0441 4.6667
      vertex -60.5773 -28.223 4.67269
      vertex -62.3626 -32.0469 4.67269
    endloop
  endfacet
  facet normal 0.597631 -0.279017 -0.751656
    outer loop
      vertex -60.5773 -28.223 4.67269
      vertex -62.3688 -32.0441 4.6667
      vertex -60.6513 -28.1884 4.60101
    endloop
  endfacet
  facet normal 0.597215 -0.278839 -0.752053
    outer loop
      vertex -60.6513 -28.1884 4.60101
      vertex -62.3688 -32.0441 4.6667
      vertex -62.3907 -32.0338 4.64549
    endloop
  endfacet
  facet normal 0.596904 -0.278694 0.752353
    outer loop
      vertex -62.4175 -32.0213 2.98044
      vertex -60.6513 -28.1884 2.99899
      vertex -60.6753 -28.1772 3.02218
    endloop
  endfacet
  facet normal 0.597388 -0.278915 0.751887
    outer loop
      vertex -60.6513 -28.1884 2.99899
      vertex -62.4175 -32.0213 2.98044
      vertex -62.3907 -32.0338 2.95451
    endloop
  endfacet
  facet normal 0.597069 -0.278768 0.752195
    outer loop
      vertex -62.4175 -32.0213 2.98044
      vertex -60.6753 -28.1772 3.02218
      vertex -62.4607 -32.0012 3.02218
    endloop
  endfacet
  facet normal 0.888352 -0.414716 -0.197081
    outer loop
      vertex -60.9332 -28.0568 4.0847
      vertex -62.7368 -31.8724 3.98403
      vertex -60.9395 -28.0539 4.0502
    endloop
  endfacet
  facet normal 0.888737 -0.414958 -0.194827
    outer loop
      vertex -62.7368 -31.8724 3.98403
      vertex -60.9332 -28.0568 4.0847
      vertex -62.7187 -31.8809 4.0847
    endloop
  endfacet
  facet normal 0.597629 -0.279022 0.751656
    outer loop
      vertex -62.3907 -32.0338 2.95451
      vertex -60.5773 -28.223 2.92731
      vertex -60.6513 -28.1884 2.99899
    endloop
  endfacet
  facet normal 0.597571 -0.278994 0.751712
    outer loop
      vertex -60.5773 -28.223 2.92731
      vertex -62.3907 -32.0338 2.95451
      vertex -62.3626 -32.0469 2.92731
    endloop
  endfacet
  facet normal -0.29117 0.135945 0.946963
    outer loop
      vertex -61.4978 -32.4505 2.73748
      vertex -59.6823 -28.6408 2.74879
      vertex -59.7125 -28.6267 2.73748
    endloop
  endfacet
  facet normal -0.291178 0.135948 0.94696
    outer loop
      vertex -59.6823 -28.6408 2.74879
      vertex -61.4978 -32.4505 2.73748
      vertex -61.4097 -32.4916 2.77047
    endloop
  endfacet
  facet normal -0.0592561 0.0276668 -0.997859
    outer loop
      vertex -61.7185 -32.3475 4.8973
      vertex -59.9705 -28.5063 4.9
      vertex -59.8722 -28.5522 4.89289
    endloop
  endfacet
  facet normal -0.0593126 0.0276925 -0.997855
    outer loop
      vertex -59.9705 -28.5063 4.9
      vertex -61.7185 -32.3475 4.8973
      vertex -61.7558 -32.3301 4.9
    endloop
  endfacet
  facet normal -0.503435 0.23505 0.831447
    outer loop
      vertex -59.4721 -28.739 2.84737
      vertex -61.149 -32.6134 2.92731
      vertex -59.3637 -28.7896 2.92731
    endloop
  endfacet
  facet normal -0.50331 0.234997 0.831538
    outer loop
      vertex -61.149 -32.6134 2.92731
      vertex -59.4721 -28.739 2.84737
      vertex -61.2574 -32.5627 2.84737
    endloop
  endfacet
  facet normal 0.753761 -0.351926 -0.554971
    outer loop
      vertex -60.816 -28.1115 4.37924
      vertex -62.6191 -31.9273 4.35
      vertex -60.8337 -28.1033 4.35
    endloop
  endfacet
  facet normal 0.753325 -0.351714 -0.555697
    outer loop
      vertex -62.6191 -31.9273 4.35
      vertex -60.816 -28.1115 4.37924
      vertex -62.5674 -31.9514 4.43534
    endloop
  endfacet
  facet normal -0.291178 0.135948 -0.94696
    outer loop
      vertex -61.4978 -32.4505 4.86252
      vertex -59.6823 -28.6408 4.85121
      vertex -61.4097 -32.4916 4.82953
    endloop
  endfacet
  facet normal -0.29117 0.135945 -0.946963
    outer loop
      vertex -59.6823 -28.6408 4.85121
      vertex -61.4978 -32.4505 4.86252
      vertex -59.7125 -28.6267 4.86252
    endloop
  endfacet
  facet normal 0.176661 -0.0824795 -0.98081
    outer loop
      vertex -61.9771 -32.2267 4.87056
      vertex -60.2285 -28.3858 4.86252
      vertex -60.1318 -28.4309 4.88373
    endloop
  endfacet
  facet normal 0.176867 -0.0825733 -0.980765
    outer loop
      vertex -60.2285 -28.3858 4.86252
      vertex -61.9771 -32.2267 4.87056
      vertex -62.0137 -32.2096 4.86252
    endloop
  endfacet
  facet normal 0.17666 -0.0824817 0.98081
    outer loop
      vertex -60.2285 -28.3858 2.73748
      vertex -61.9771 -32.2267 2.72943
      vertex -60.1318 -28.4309 2.71627
    endloop
  endfacet
  facet normal 0.17726 -0.0827545 0.980679
    outer loop
      vertex -60.2285 -28.3858 2.73748
      vertex -62.005 -32.2137 2.73557
      vertex -61.9771 -32.2267 2.72943
    endloop
  endfacet
  facet normal 0.176502 -0.0824025 0.980845
    outer loop
      vertex -62.005 -32.2137 2.73557
      vertex -60.2285 -28.3858 2.73748
      vertex -62.0137 -32.2096 2.73748
    endloop
  endfacet
  facet normal 0.904186 -0.42216 0.0650191
    outer loop
      vertex -62.7466 -31.8679 3.69757
      vertex -60.9587 -28.0449 3.65642
      vertex -60.9651 -28.0419 3.7649
    endloop
  endfacet
  facet normal 0.90412 -0.422117 0.0662121
    outer loop
      vertex -60.9587 -28.0449 3.65642
      vertex -62.7466 -31.8679 3.69757
      vertex -62.7441 -31.869 3.65642
    endloop
  endfacet
  facet normal 0.753761 -0.351926 0.554971
    outer loop
      vertex -62.6191 -31.9273 3.25
      vertex -60.816 -28.1115 3.22076
      vertex -60.8337 -28.1033 3.25
    endloop
  endfacet
  facet normal 0.753099 -0.351605 0.556072
    outer loop
      vertex -62.577 -31.9469 3.18059
      vertex -60.816 -28.1115 3.22076
      vertex -62.6191 -31.9273 3.25
    endloop
  endfacet
  facet normal 0.754473 -0.352212 0.55382
    outer loop
      vertex -60.816 -28.1115 3.22076
      vertex -62.577 -31.9469 3.18059
      vertex -62.5674 -31.9514 3.16465
    endloop
  endfacet
  facet normal 0.290939 -0.135837 0.94705
    outer loop
      vertex -62.1372 -32.152 2.78373
      vertex -60.3217 -28.3423 2.77243
      vertex -60.3519 -28.3282 2.78373
    endloop
  endfacet
  facet normal 0.290768 -0.135768 0.947112
    outer loop
      vertex -60.3217 -28.3423 2.77243
      vertex -62.0568 -32.1895 2.75362
      vertex -62.0491 -32.1931 2.75074
    endloop
  endfacet
  facet normal 0.291215 -0.135969 0.946946
    outer loop
      vertex -60.3217 -28.3423 2.77243
      vertex -62.1372 -32.152 2.78373
      vertex -62.0568 -32.1895 2.75362
    endloop
  endfacet
  facet normal -0.0592888 0.0276815 0.997857
    outer loop
      vertex -59.8722 -28.5522 2.70711
      vertex -61.6257 -32.3908 2.70941
      vertex -59.8404 -28.567 2.70941
    endloop
  endfacet
  facet normal -0.0592447 0.0276613 0.99786
    outer loop
      vertex -61.6257 -32.3908 2.70941
      vertex -59.8722 -28.5522 2.70711
      vertex -61.7185 -32.3475 2.7027
    endloop
  endfacet
  facet normal -0.176526 0.0824183 0.980839
    outer loop
      vertex -61.6257 -32.3908 2.70941
      vertex -59.8091 -28.5816 2.71627
      vertex -59.8404 -28.567 2.70941
    endloop
  endfacet
  facet normal -0.1766 0.0824537 0.980823
    outer loop
      vertex -59.8091 -28.5816 2.71627
      vertex -61.6257 -32.3908 2.70941
      vertex -61.5344 -32.4334 2.72943
    endloop
  endfacet
  facet normal -0.400235 0.186871 0.897157
    outer loop
      vertex -59.5007 -28.7256 2.83182
      vertex -61.2574 -32.5627 2.84737
      vertex -59.4721 -28.739 2.84737
    endloop
  endfacet
  facet normal -0.400816 0.187136 0.896842
    outer loop
      vertex -61.2574 -32.5627 2.84737
      vertex -59.5007 -28.7256 2.83182
      vertex -61.3408 -32.5238 2.80198
    endloop
  endfacet
  facet normal -0.400235 0.186871 -0.897157
    outer loop
      vertex -61.2574 -32.5627 4.75263
      vertex -59.5007 -28.7256 4.76818
      vertex -59.4721 -28.739 4.75263
    endloop
  endfacet
  facet normal -0.400816 0.187136 -0.896842
    outer loop
      vertex -59.5007 -28.7256 4.76818
      vertex -61.2574 -32.5627 4.75263
      vertex -61.3408 -32.5238 4.79802
    endloop
  endfacet
  facet normal -0.812606 0.379399 0.442411
    outer loop
      vertex -60.8926 -32.7331 3.25
      vertex -59.0496 -28.9362 3.37905
      vertex -59.1073 -28.9093 3.25
    endloop
  endfacet
  facet normal -0.812606 0.379399 0.442411
    outer loop
      vertex -59.0496 -28.9362 3.37905
      vertex -60.8926 -32.7331 3.25
      vertex -60.8349 -32.76 3.37905
    endloop
  endfacet
  facet normal -0.176806 0.082546 0.980778
    outer loop
      vertex -61.5344 -32.4334 2.72943
      vertex -59.7125 -28.6267 2.73748
      vertex -59.8091 -28.5816 2.71627
    endloop
  endfacet
  facet normal -0.177077 0.0826758 0.980718
    outer loop
      vertex -59.7125 -28.6267 2.73748
      vertex -61.5344 -32.4334 2.72943
      vertex -61.4978 -32.4505 2.73748
    endloop
  endfacet
  facet normal -0.0592888 0.0276815 -0.997857
    outer loop
      vertex -61.6257 -32.3908 4.89059
      vertex -59.8722 -28.5522 4.89289
      vertex -59.8404 -28.567 4.89059
    endloop
  endfacet
  facet normal -0.0592447 0.0276613 -0.99786
    outer loop
      vertex -59.8722 -28.5522 4.89289
      vertex -61.6257 -32.3908 4.89059
      vertex -61.7185 -32.3475 4.8973
    endloop
  endfacet
  facet normal 0.753085 -0.351611 -0.556087
    outer loop
      vertex -60.7612 -28.1371 4.46964
      vertex -62.5674 -31.9514 4.43534
      vertex -60.816 -28.1115 4.37924
    endloop
  endfacet
  facet normal 0.753073 -0.351605 -0.556107
    outer loop
      vertex -62.5674 -31.9514 4.43534
      vertex -60.7612 -28.1371 4.46964
      vertex -62.5466 -31.9611 4.46964
    endloop
  endfacet
  facet normal 0.90413 -0.42211 -0.0661192
    outer loop
      vertex -60.9651 -28.0419 3.8351
      vertex -62.7526 -31.8651 3.8
      vertex -60.9672 -28.0409 3.8
    endloop
  endfacet
  facet normal 0.90422 -0.422167 -0.0645064
    outer loop
      vertex -62.7526 -31.8651 3.8
      vertex -60.9651 -28.0419 3.8351
      vertex -62.7466 -31.8679 3.90243
    endloop
  endfacet
  facet normal 0.291533 -0.13611 0.946828
    outer loop
      vertex -62.0491 -32.1931 2.75074
      vertex -60.2285 -28.3858 2.73748
      vertex -60.3217 -28.3423 2.77243
    endloop
  endfacet
  facet normal 0.291302 -0.135999 0.946915
    outer loop
      vertex -60.2285 -28.3858 2.73748
      vertex -62.0491 -32.1931 2.75074
      vertex -62.0137 -32.2096 2.73748
    endloop
  endfacet
  facet normal 0.0592469 -0.0276619 0.99786
    outer loop
      vertex -60.1006 -28.4455 2.70941
      vertex -61.7558 -32.3301 2.7
      vertex -59.9705 -28.5063 2.7
    endloop
  endfacet
  facet normal 0.0592469 -0.0276619 0.99786
    outer loop
      vertex -61.7558 -32.3301 2.7
      vertex -60.1006 -28.4455 2.70941
      vertex -61.8859 -32.2693 2.70941
    endloop
  endfacet
  facet normal 0.858282 -0.400738 0.320565
    outer loop
      vertex -62.7187 -31.8809 3.5153
      vertex -60.923 -28.0616 3.48199
      vertex -60.9332 -28.0568 3.5153
    endloop
  endfacet
  facet normal 0.858075 -0.400635 0.321247
    outer loop
      vertex -60.923 -28.0616 3.48199
      vertex -62.7187 -31.8809 3.5153
      vertex -62.6888 -31.8948 3.4181
    endloop
  endfacet
  facet normal -0.597427 0.278933 0.751849
    outer loop
      vertex -61.0791 -32.646 2.99499
      vertex -59.2657 -28.8353 3.02218
      vertex -59.3398 -28.8008 2.9505
    endloop
  endfacet
  facet normal -0.597444 0.278942 0.751832
    outer loop
      vertex -59.2657 -28.8353 3.02218
      vertex -61.0791 -32.646 2.99499
      vertex -61.051 -32.6591 3.02218
    endloop
  endfacet
  facet normal -0.888583 0.414846 -0.195761
    outer loop
      vertex -58.9823 -28.9677 3.94358
      vertex -60.7857 -32.783 4.04425
      vertex -58.9885 -28.9647 3.97808
    endloop
  endfacet
  facet normal -0.888809 0.414988 -0.194431
    outer loop
      vertex -60.7857 -32.783 4.04425
      vertex -58.9823 -28.9677 3.94358
      vertex -60.7676 -32.7914 3.94358
    endloop
  endfacet
  facet normal 0.888703 -0.414919 -0.195061
    outer loop
      vertex -60.9395 -28.0539 4.0502
      vertex -62.7441 -31.869 3.94358
      vertex -60.9587 -28.0449 3.94358
    endloop
  endfacet
  facet normal 0.888671 -0.414898 -0.195252
    outer loop
      vertex -62.7441 -31.869 3.94358
      vertex -60.9395 -28.0539 4.0502
      vertex -62.7368 -31.8724 3.98403
    endloop
  endfacet
  facet normal 0.888352 -0.414716 0.197081
    outer loop
      vertex -62.7368 -31.8724 3.61597
      vertex -60.9332 -28.0568 3.5153
      vertex -60.9395 -28.0539 3.5498
    endloop
  endfacet
  facet normal 0.888737 -0.414958 0.194827
    outer loop
      vertex -60.9332 -28.0568 3.5153
      vertex -62.7368 -31.8724 3.61597
      vertex -62.7187 -31.8809 3.5153
    endloop
  endfacet
  facet normal 0.0592469 -0.0276619 -0.99786
    outer loop
      vertex -61.7558 -32.3301 4.9
      vertex -60.1006 -28.4455 4.89059
      vertex -59.9705 -28.5063 4.9
    endloop
  endfacet
  facet normal 0.0592469 -0.0276619 -0.99786
    outer loop
      vertex -60.1006 -28.4455 4.89059
      vertex -61.7558 -32.3301 4.9
      vertex -61.8859 -32.2693 4.89059
    endloop
  endfacet
  facet normal -0.176684 0.082494 -0.980804
    outer loop
      vertex -61.6257 -32.3908 4.89059
      vertex -59.8091 -28.5816 4.88373
      vertex -61.5344 -32.4334 4.87056
    endloop
  endfacet
  facet normal -0.176526 0.0824183 -0.980839
    outer loop
      vertex -59.8091 -28.5816 4.88373
      vertex -61.6257 -32.3908 4.89059
      vertex -59.8404 -28.567 4.89059
    endloop
  endfacet
  facet normal -0.176866 0.0825771 -0.980765
    outer loop
      vertex -61.5344 -32.4334 4.87056
      vertex -59.7125 -28.6267 4.86252
      vertex -61.4978 -32.4505 4.86252
    endloop
  endfacet
  facet normal -0.176805 0.0825481 -0.980778
    outer loop
      vertex -59.7125 -28.6267 4.86252
      vertex -61.5344 -32.4334 4.87056
      vertex -59.8091 -28.5816 4.88373
    endloop
  endfacet
  facet normal 0.597099 -0.278788 -0.752164
    outer loop
      vertex -62.4356 -32.0129 4.6021
      vertex -60.6513 -28.1884 4.60101
      vertex -62.3907 -32.0338 4.64549
    endloop
  endfacet
  facet normal 0.596903 -0.278696 -0.752353
    outer loop
      vertex -60.6513 -28.1884 4.60101
      vertex -62.4356 -32.0129 4.6021
      vertex -60.6753 -28.1772 4.57782
    endloop
  endfacet
  facet normal 0.597352 -0.2789 -0.751921
    outer loop
      vertex -60.6753 -28.1772 4.57782
      vertex -62.4356 -32.0129 4.6021
      vertex -62.4607 -32.0012 4.57782
    endloop
  endfacet
  facet normal -0.753514 0.351809 -0.555379
    outer loop
      vertex -59.1073 -28.9093 4.35
      vertex -60.965 -32.6993 4.46964
      vertex -59.1797 -28.8755 4.46964
    endloop
  endfacet
  facet normal -0.753514 0.351809 -0.555379
    outer loop
      vertex -60.965 -32.6993 4.46964
      vertex -59.1073 -28.9093 4.35
      vertex -60.8926 -32.7331 4.35
    endloop
  endfacet
  facet normal 0.176972 -0.0826268 -0.980741
    outer loop
      vertex -61.8859 -32.2693 4.89059
      vertex -60.1318 -28.4309 4.88373
      vertex -60.1006 -28.4455 4.89059
    endloop
  endfacet
  facet normal 0.176837 -0.0825652 -0.980771
    outer loop
      vertex -60.1318 -28.4309 4.88373
      vertex -61.8859 -32.2693 4.89059
      vertex -61.9771 -32.2267 4.87056
    endloop
  endfacet
  facet normal 0.291302 -0.135999 -0.946915
    outer loop
      vertex -62.0491 -32.1931 4.84926
      vertex -60.2285 -28.3858 4.86252
      vertex -62.0137 -32.2096 4.86252
    endloop
  endfacet
  facet normal 0.291533 -0.13611 -0.946828
    outer loop
      vertex -60.2285 -28.3858 4.86252
      vertex -62.0491 -32.1931 4.84926
      vertex -60.3217 -28.3423 4.82757
    endloop
  endfacet
  facet normal 0.400827 -0.187142 0.896836
    outer loop
      vertex -62.1893 -32.1277 2.81209
      vertex -60.3519 -28.3282 2.78373
      vertex -60.4688 -28.2736 2.84737
    endloop
  endfacet
  facet normal 0.400873 -0.187164 0.896811
    outer loop
      vertex -60.3519 -28.3282 2.78373
      vertex -62.1893 -32.1277 2.81209
      vertex -62.1372 -32.152 2.78373
    endloop
  endfacet
  facet normal 0.40057 -0.187028 0.896975
    outer loop
      vertex -62.1893 -32.1277 2.81209
      vertex -60.4688 -28.2736 2.84737
      vertex -62.2542 -32.0975 2.84737
    endloop
  endfacet
  facet normal 0.888703 -0.414919 0.195061
    outer loop
      vertex -62.7441 -31.869 3.65642
      vertex -60.9395 -28.0539 3.5498
      vertex -60.9587 -28.0449 3.65642
    endloop
  endfacet
  facet normal 0.888671 -0.414898 0.195252
    outer loop
      vertex -60.9395 -28.0539 3.5498
      vertex -62.7441 -31.869 3.65642
      vertex -62.7368 -31.8724 3.61597
    endloop
  endfacet
  facet normal 0.858017 -0.400611 0.321431
    outer loop
      vertex -62.6888 -31.8948 3.4181
      vertex -60.8913 -28.0763 3.37905
      vertex -60.923 -28.0616 3.48199
    endloop
  endfacet
  facet normal 0.858102 -0.400654 0.32115
    outer loop
      vertex -60.8913 -28.0763 3.37905
      vertex -62.6888 -31.8948 3.4181
      vertex -62.6768 -31.9004 3.37905
    endloop
  endfacet
  facet normal 0.812524 -0.379334 0.442618
    outer loop
      vertex -62.6602 -31.9082 3.34206
      vertex -60.8337 -28.1033 3.25
      vertex -60.8478 -28.0967 3.28154
    endloop
  endfacet
  facet normal 0.819679 -0.383176 0.425797
    outer loop
      vertex -62.6598 -31.9084 3.34111
      vertex -60.8337 -28.1033 3.25
      vertex -62.6602 -31.9082 3.34206
    endloop
  endfacet
  facet normal 0.812848 -0.379513 0.441868
    outer loop
      vertex -62.6281 -31.9231 3.27017
      vertex -60.8337 -28.1033 3.25
      vertex -62.6598 -31.9084 3.34111
    endloop
  endfacet
  facet normal 0.8129 -0.379537 0.441753
    outer loop
      vertex -60.8337 -28.1033 3.25
      vertex -62.6281 -31.9231 3.27017
      vertex -62.6191 -31.9273 3.25
    endloop
  endfacet
  facet normal 0.681454 -0.318166 0.659083
    outer loop
      vertex -62.5466 -31.9611 3.13036
      vertex -60.6963 -28.1674 3.04863
      vertex -60.7612 -28.1371 3.13036
    endloop
  endfacet
  facet normal 0.681674 -0.31828 0.658801
    outer loop
      vertex -60.6963 -28.1674 3.04863
      vertex -62.5466 -31.9611 3.13036
      vertex -62.522 -31.9726 3.09935
    endloop
  endfacet
  facet normal -0.29135 0.136026 0.946896
    outer loop
      vertex -61.4097 -32.4916 2.77047
      vertex -59.5891 -28.6844 2.78373
      vertex -59.6823 -28.6408 2.74879
    endloop
  endfacet
  facet normal -0.291301 0.136002 0.946915
    outer loop
      vertex -59.5891 -28.6844 2.78373
      vertex -61.4097 -32.4916 2.77047
      vertex -61.3743 -32.5081 2.78373
    endloop
  endfacet
  facet normal -0.40072 0.187089 -0.896895
    outer loop
      vertex -61.3408 -32.5238 4.79802
      vertex -59.5891 -28.6844 4.81627
      vertex -59.5007 -28.7256 4.76818
    endloop
  endfacet
  facet normal -0.400857 0.187151 -0.896821
    outer loop
      vertex -59.5891 -28.6844 4.81627
      vertex -61.3408 -32.5238 4.79802
      vertex -61.3743 -32.5081 4.81627
    endloop
  endfacet
  facet normal 0.812774 -0.37949 -0.442024
    outer loop
      vertex -60.8478 -28.0967 4.31845
      vertex -62.6768 -31.9004 4.22095
      vertex -60.8913 -28.0763 4.22095
    endloop
  endfacet
  facet normal 0.811813 -0.378971 -0.44423
    outer loop
      vertex -62.6768 -31.9004 4.22095
      vertex -60.8478 -28.0967 4.31845
      vertex -62.6602 -31.9082 4.25794
    endloop
  endfacet
  facet normal 0.904186 -0.42216 -0.0650191
    outer loop
      vertex -60.9587 -28.0449 3.94358
      vertex -62.7466 -31.8679 3.90243
      vertex -60.9651 -28.0419 3.8351
    endloop
  endfacet
  facet normal 0.90412 -0.422117 -0.0662121
    outer loop
      vertex -62.7466 -31.8679 3.90243
      vertex -60.9587 -28.0449 3.94358
      vertex -62.7441 -31.869 3.94358
    endloop
  endfacet
  facet normal 0.400562 -0.187019 -0.89698
    outer loop
      vertex -62.1665 -32.1384 4.80035
      vertex -60.3519 -28.3282 4.81627
      vertex -62.1372 -32.152 4.81627
    endloop
  endfacet
  facet normal 0.400826 -0.187145 -0.896836
    outer loop
      vertex -60.3519 -28.3282 4.81627
      vertex -62.1665 -32.1384 4.80035
      vertex -60.4688 -28.2736 4.75263
    endloop
  endfacet
  facet normal 0.400752 -0.187113 -0.896876
    outer loop
      vertex -60.4688 -28.2736 4.75263
      vertex -62.1665 -32.1384 4.80035
      vertex -62.2542 -32.0975 4.75263
    endloop
  endfacet
  facet normal 0.503236 -0.234964 -0.831592
    outer loop
      vertex -62.2542 -32.0975 4.75263
      vertex -60.4953 -28.2612 4.73309
      vertex -60.4688 -28.2736 4.75263
    endloop
  endfacet
  facet normal 0.503472 -0.235071 -0.831419
    outer loop
      vertex -62.2782 -32.0863 4.73493
      vertex -60.4953 -28.2612 4.73309
      vertex -62.2542 -32.0975 4.75263
    endloop
  endfacet
  facet normal 0.503593 -0.235127 -0.83133
    outer loop
      vertex -60.4953 -28.2612 4.73309
      vertex -62.2782 -32.0863 4.73493
      vertex -62.3315 -32.0614 4.6956
    endloop
  endfacet
  facet normal -0.753514 0.351809 0.555379
    outer loop
      vertex -60.965 -32.6993 3.13036
      vertex -59.1073 -28.9093 3.25
      vertex -59.1797 -28.8755 3.13036
    endloop
  endfacet
  facet normal -0.753514 0.351809 0.555379
    outer loop
      vertex -59.1073 -28.9093 3.25
      vertex -60.965 -32.6993 3.13036
      vertex -60.8926 -32.7331 3.25
    endloop
  endfacet
  facet normal -0.597444 0.278942 -0.751832
    outer loop
      vertex -61.0791 -32.646 4.60501
      vertex -59.2657 -28.8353 4.57782
      vertex -61.051 -32.6591 4.57782
    endloop
  endfacet
  facet normal -0.597427 0.278933 -0.751849
    outer loop
      vertex -59.2657 -28.8353 4.57782
      vertex -61.0791 -32.646 4.60501
      vertex -59.3398 -28.8008 4.6495
    endloop
  endfacet
  facet normal 0.812573 -0.37936 -0.442506
    outer loop
      vertex -60.8337 -28.1033 4.35
      vertex -62.6602 -31.9082 4.25794
      vertex -60.8478 -28.0967 4.31845
    endloop
  endfacet
  facet normal 0.812932 -0.379553 -0.441679
    outer loop
      vertex -62.6602 -31.9082 4.25794
      vertex -60.8337 -28.1033 4.35
      vertex -62.6191 -31.9273 4.35
    endloop
  endfacet
  facet normal 0.176972 -0.0826268 0.980741
    outer loop
      vertex -60.1318 -28.4309 2.71627
      vertex -61.8859 -32.2693 2.70941
      vertex -60.1006 -28.4455 2.70941
    endloop
  endfacet
  facet normal 0.176752 -0.0825263 0.98079
    outer loop
      vertex -61.8859 -32.2693 2.70941
      vertex -60.1318 -28.4309 2.71627
      vertex -61.9771 -32.2267 2.72943
    endloop
  endfacet
  facet normal 0.503236 -0.234964 0.831592
    outer loop
      vertex -60.4953 -28.2612 2.86691
      vertex -62.2542 -32.0975 2.84737
      vertex -60.4688 -28.2736 2.84737
    endloop
  endfacet
  facet normal 0.503399 -0.235038 0.831473
    outer loop
      vertex -60.4953 -28.2612 2.86691
      vertex -62.3108 -32.0711 2.8891
      vertex -62.2542 -32.0975 2.84737
    endloop
  endfacet
  facet normal 0.503979 -0.235317 0.831042
    outer loop
      vertex -62.3108 -32.0711 2.8891
      vertex -60.4953 -28.2612 2.86691
      vertex -62.3315 -32.0614 2.9044
    endloop
  endfacet
  facet normal 0.503153 -0.234911 0.831658
    outer loop
      vertex -60.5773 -28.223 2.92731
      vertex -62.3315 -32.0614 2.9044
      vertex -60.4953 -28.2612 2.86691
    endloop
  endfacet
  facet normal 0.503134 -0.234903 0.831671
    outer loop
      vertex -62.3315 -32.0614 2.9044
      vertex -60.5773 -28.223 2.92731
      vertex -62.3626 -32.0469 2.92731
    endloop
  endfacet
  facet normal -0.40072 0.187089 0.896895
    outer loop
      vertex -59.5891 -28.6844 2.78373
      vertex -61.3408 -32.5238 2.80198
      vertex -59.5007 -28.7256 2.83182
    endloop
  endfacet
  facet normal -0.400857 0.187151 0.896821
    outer loop
      vertex -61.3408 -32.5238 2.80198
      vertex -59.5891 -28.6844 2.78373
      vertex -61.3743 -32.5081 2.78373
    endloop
  endfacet
  facet normal -0.904192 0.422149 -0.0650191
    outer loop
      vertex -58.9738 -28.9716 3.8
      vertex -60.7615 -32.7943 3.84116
      vertex -58.9802 -28.9686 3.90848
    endloop
  endfacet
  facet normal -0.904127 0.422105 -0.0661961
    outer loop
      vertex -60.7615 -32.7943 3.84116
      vertex -58.9738 -28.9716 3.8
      vertex -60.759 -32.7954 3.8
    endloop
  endfacet
  facet normal -0.904189 0.422169 -0.0649216
    outer loop
      vertex -58.9802 -28.9686 3.90848
      vertex -60.7676 -32.7914 3.94358
      vertex -58.9823 -28.9677 3.94358
    endloop
  endfacet
  facet normal -0.90414 0.422138 -0.0658021
    outer loop
      vertex -60.7676 -32.7914 3.94358
      vertex -58.9802 -28.9686 3.90848
      vertex -60.7615 -32.7943 3.84116
    endloop
  endfacet
  facet normal -0.904192 0.422149 0.0650191
    outer loop
      vertex -60.7615 -32.7943 3.75884
      vertex -58.9738 -28.9716 3.8
      vertex -58.9802 -28.9686 3.69152
    endloop
  endfacet
  facet normal -0.904127 0.422105 0.0661961
    outer loop
      vertex -58.9738 -28.9716 3.8
      vertex -60.7615 -32.7943 3.75884
      vertex -60.759 -32.7954 3.8
    endloop
  endfacet
  facet normal -0.904189 0.422169 0.0649216
    outer loop
      vertex -60.7676 -32.7914 3.65642
      vertex -58.9802 -28.9686 3.69152
      vertex -58.9823 -28.9677 3.65642
    endloop
  endfacet
  facet normal -0.90414 0.422138 0.0658021
    outer loop
      vertex -58.9802 -28.9686 3.69152
      vertex -60.7676 -32.7914 3.65642
      vertex -60.7615 -32.7943 3.75884
    endloop
  endfacet
  facet normal -0.291301 0.136002 -0.946915
    outer loop
      vertex -61.4097 -32.4916 4.82953
      vertex -59.5891 -28.6844 4.81627
      vertex -61.3743 -32.5081 4.81627
    endloop
  endfacet
  facet normal -0.29135 0.136026 -0.946896
    outer loop
      vertex -59.5891 -28.6844 4.81627
      vertex -61.4097 -32.4916 4.82953
      vertex -59.6823 -28.6408 4.85121
    endloop
  endfacet
  facet normal 0.858017 -0.400611 -0.321431
    outer loop
      vertex -60.8913 -28.0763 4.22095
      vertex -62.6888 -31.8948 4.1819
      vertex -60.923 -28.0616 4.11801
    endloop
  endfacet
  facet normal 0.858102 -0.400654 -0.32115
    outer loop
      vertex -62.6888 -31.8948 4.1819
      vertex -60.8913 -28.0763 4.22095
      vertex -62.6768 -31.9004 4.22095
    endloop
  endfacet
  facet normal 0.503153 -0.234911 -0.831658
    outer loop
      vertex -62.3315 -32.0614 4.6956
      vertex -60.5773 -28.223 4.67269
      vertex -60.4953 -28.2612 4.73309
    endloop
  endfacet
  facet normal 0.503134 -0.234903 -0.831671
    outer loop
      vertex -60.5773 -28.223 4.67269
      vertex -62.3315 -32.0614 4.6956
      vertex -62.3626 -32.0469 4.67269
    endloop
  endfacet
  facet normal -0.858005 0.400595 0.321483
    outer loop
      vertex -60.8349 -32.76 3.37905
      vertex -59.0077 -28.9558 3.5153
      vertex -59.0496 -28.9362 3.37905
    endloop
  endfacet
  facet normal -0.858005 0.400595 0.321483
    outer loop
      vertex -59.0077 -28.9558 3.5153
      vertex -60.8349 -32.76 3.37905
      vertex -60.793 -32.7796 3.5153
    endloop
  endfacet
  facet normal -0.681316 0.318101 0.659257
    outer loop
      vertex -61.051 -32.6591 3.02218
      vertex -59.2008 -28.8657 3.10392
      vertex -59.2657 -28.8353 3.02218
    endloop
  endfacet
  facet normal -0.680703 0.317785 0.660042
    outer loop
      vertex -59.2008 -28.8657 3.10392
      vertex -61.051 -32.6591 3.02218
      vertex -61.0263 -32.6706 3.05319
    endloop
  endfacet
  facet normal -0.680273 0.317571 0.660588
    outer loop
      vertex -61.0263 -32.6706 3.05319
      vertex -59.1797 -28.8755 3.13036
      vertex -59.2008 -28.8657 3.10392
    endloop
  endfacet
  facet normal -0.681204 0.318048 0.659399
    outer loop
      vertex -59.1797 -28.8755 3.13036
      vertex -61.0263 -32.6706 3.05319
      vertex -60.965 -32.6993 3.13036
    endloop
  endfacet
  facet normal -0.680273 0.317571 -0.660588
    outer loop
      vertex -59.1797 -28.8755 4.46964
      vertex -61.0263 -32.6706 4.54681
      vertex -59.2008 -28.8657 4.49608
    endloop
  endfacet
  facet normal -0.681204 0.318048 -0.659399
    outer loop
      vertex -61.0263 -32.6706 4.54681
      vertex -59.1797 -28.8755 4.46964
      vertex -60.965 -32.6993 4.46964
    endloop
  endfacet
  facet normal -0.681316 0.318101 -0.659257
    outer loop
      vertex -59.2008 -28.8657 4.49608
      vertex -61.051 -32.6591 4.57782
      vertex -59.2657 -28.8353 4.57782
    endloop
  endfacet
  facet normal -0.680703 0.317785 -0.660042
    outer loop
      vertex -61.051 -32.6591 4.57782
      vertex -59.2008 -28.8657 4.49608
      vertex -61.0263 -32.6706 4.54681
    endloop
  endfacet
  facet normal -0.59764 0.279027 -0.751645
    outer loop
      vertex -61.149 -32.6134 4.67269
      vertex -59.3398 -28.8008 4.6495
      vertex -61.0791 -32.646 4.60501
    endloop
  endfacet
  facet normal -0.598063 0.279231 -0.751233
    outer loop
      vertex -59.3398 -28.8008 4.6495
      vertex -61.149 -32.6134 4.67269
      vertex -59.3637 -28.7896 4.67269
    endloop
  endfacet
  facet normal -0.503435 0.23505 -0.831447
    outer loop
      vertex -61.149 -32.6134 4.67269
      vertex -59.4721 -28.739 4.75263
      vertex -59.3637 -28.7896 4.67269
    endloop
  endfacet
  facet normal -0.50331 0.234997 -0.831538
    outer loop
      vertex -59.4721 -28.739 4.75263
      vertex -61.149 -32.6134 4.67269
      vertex -61.2574 -32.5627 4.75263
    endloop
  endfacet
  facet normal 0.681523 -0.318205 -0.658994
    outer loop
      vertex -60.6753 -28.1772 4.57782
      vertex -62.522 -31.9726 4.50065
      vertex -60.6963 -28.1674 4.55137
    endloop
  endfacet
  facet normal 0.680792 -0.31783 -0.659929
    outer loop
      vertex -60.6753 -28.1772 4.57782
      vertex -62.4764 -31.9939 4.55795
      vertex -62.522 -31.9726 4.50065
    endloop
  endfacet
  facet normal 0.68314 -0.318954 -0.656953
    outer loop
      vertex -62.4764 -31.9939 4.55795
      vertex -60.6753 -28.1772 4.57782
      vertex -62.4607 -32.0012 4.57782
    endloop
  endfacet
  facet normal 0.681454 -0.318166 -0.659083
    outer loop
      vertex -60.6963 -28.1674 4.55137
      vertex -62.5466 -31.9611 4.46964
      vertex -60.7612 -28.1371 4.46964
    endloop
  endfacet
  facet normal 0.681674 -0.31828 -0.658801
    outer loop
      vertex -62.5466 -31.9611 4.46964
      vertex -60.6963 -28.1674 4.55137
      vertex -62.522 -31.9726 4.50065
    endloop
  endfacet
  facet normal 0.812791 -0.379498 0.441987
    outer loop
      vertex -62.6768 -31.9004 3.37905
      vertex -60.8478 -28.0967 3.28154
      vertex -60.8913 -28.0763 3.37905
    endloop
  endfacet
  facet normal 0.805187 -0.375404 0.45907
    outer loop
      vertex -62.6757 -31.901 3.37663
      vertex -60.8478 -28.0967 3.28154
      vertex -62.6768 -31.9004 3.37905
    endloop
  endfacet
  facet normal 0.812278 -0.379208 0.443176
    outer loop
      vertex -60.8478 -28.0967 3.28154
      vertex -62.6757 -31.901 3.37663
      vertex -62.6602 -31.9082 3.34206
    endloop
  endfacet
  facet normal -0.888767 0.414958 0.194686
    outer loop
      vertex -60.793 -32.7796 3.5153
      vertex -58.9885 -28.9647 3.62192
      vertex -59.0077 -28.9558 3.5153
    endloop
  endfacet
  facet normal -0.888672 0.414897 0.195252
    outer loop
      vertex -58.9885 -28.9647 3.62192
      vertex -60.793 -32.7796 3.5153
      vertex -60.7857 -32.783 3.55575
    endloop
  endfacet
  facet normal -0.858005 0.400595 -0.321483
    outer loop
      vertex -59.0077 -28.9558 4.0847
      vertex -60.8349 -32.76 4.22095
      vertex -59.0496 -28.9362 4.22095
    endloop
  endfacet
  facet normal -0.858005 0.400595 -0.321483
    outer loop
      vertex -60.8349 -32.76 4.22095
      vertex -59.0077 -28.9558 4.0847
      vertex -60.793 -32.7796 4.0847
    endloop
  endfacet
  facet normal -0.812606 0.379399 -0.442411
    outer loop
      vertex -59.0496 -28.9362 4.22095
      vertex -60.8926 -32.7331 4.35
      vertex -59.1073 -28.9093 4.35
    endloop
  endfacet
  facet normal -0.812606 0.379399 -0.442411
    outer loop
      vertex -60.8926 -32.7331 4.35
      vertex -59.0496 -28.9362 4.22095
      vertex -60.8349 -32.76 4.22095
    endloop
  endfacet
  facet normal -0.888767 0.414958 -0.194686
    outer loop
      vertex -58.9885 -28.9647 3.97808
      vertex -60.793 -32.7796 4.0847
      vertex -59.0077 -28.9558 4.0847
    endloop
  endfacet
  facet normal -0.888672 0.414897 -0.195252
    outer loop
      vertex -60.793 -32.7796 4.0847
      vertex -58.9885 -28.9647 3.97808
      vertex -60.7857 -32.783 4.04425
    endloop
  endfacet
  facet normal 0.291214 -0.135967 -0.946946
    outer loop
      vertex -62.0678 -32.1844 4.84226
      vertex -60.3217 -28.3423 4.82757
      vertex -62.0491 -32.1931 4.84926
    endloop
  endfacet
  facet normal 0.290937 -0.135842 -0.94705
    outer loop
      vertex -60.3217 -28.3423 4.82757
      vertex -62.0678 -32.1844 4.84226
      vertex -60.3519 -28.3282 4.81627
    endloop
  endfacet
  facet normal 0.291167 -0.135944 -0.946964
    outer loop
      vertex -62.0678 -32.1844 4.84226
      vertex -62.1372 -32.152 4.81627
      vertex -60.3519 -28.3282 4.81627
    endloop
  endfacet
  facet normal -0.888583 0.414846 0.195761
    outer loop
      vertex -60.7857 -32.783 3.55575
      vertex -58.9823 -28.9677 3.65642
      vertex -58.9885 -28.9647 3.62192
    endloop
  endfacet
  facet normal -0.888809 0.414988 0.194431
    outer loop
      vertex -58.9823 -28.9677 3.65642
      vertex -60.7857 -32.783 3.55575
      vertex -60.7676 -32.7914 3.65642
    endloop
  endfacet
  facet normal -0.598063 0.279231 0.751233
    outer loop
      vertex -61.149 -32.6134 2.92731
      vertex -59.3398 -28.8008 2.9505
      vertex -59.3637 -28.7896 2.92731
    endloop
  endfacet
  facet normal -0.59764 0.279027 0.751645
    outer loop
      vertex -59.3398 -28.8008 2.9505
      vertex -61.149 -32.6134 2.92731
      vertex -61.0791 -32.646 2.99499
    endloop
  endfacet
  facet normal -0.0591727 0.0276289 0.997865
    outer loop
      vertex -59.9705 -28.5063 30.2
      vertex -61.7185 -32.3475 30.2027
      vertex -59.8722 -28.5522 30.2071
    endloop
  endfacet
  facet normal -0.0593126 0.0276925 0.997855
    outer loop
      vertex -61.7185 -32.3475 30.2027
      vertex -59.9705 -28.5063 30.2
      vertex -61.7558 -32.3301 30.2
    endloop
  endfacet
  facet normal 0.753085 -0.351611 0.556087
    outer loop
      vertex -62.5674 -31.9514 30.6647
      vertex -60.7612 -28.1371 30.6304
      vertex -60.816 -28.1115 30.7208
    endloop
  endfacet
  facet normal 0.753073 -0.351605 0.556107
    outer loop
      vertex -60.7612 -28.1371 30.6304
      vertex -62.5674 -31.9514 30.6647
      vertex -62.5466 -31.9611 30.6304
    endloop
  endfacet
  facet normal 0.90413 -0.42211 0.0661192
    outer loop
      vertex -62.7526 -31.8651 31.3
      vertex -60.9651 -28.0419 31.2649
      vertex -60.9672 -28.0409 31.3
    endloop
  endfacet
  facet normal 0.904219 -0.422166 0.0645252
    outer loop
      vertex -60.9651 -28.0419 31.2649
      vertex -62.7526 -31.8651 31.3
      vertex -62.7466 -31.8679 31.1976
    endloop
  endfacet
  facet normal 0.858255 -0.400726 -0.320651
    outer loop
      vertex -60.923 -28.0616 31.618
      vertex -62.7187 -31.8809 31.5847
      vertex -60.9332 -28.0568 31.5847
    endloop
  endfacet
  facet normal 0.857806 -0.400502 -0.322129
    outer loop
      vertex -60.923 -28.0616 31.618
      vertex -62.6896 -31.8945 31.6791
      vertex -62.7187 -31.8809 31.5847
    endloop
  endfacet
  facet normal 0.867088 -0.404284 -0.291055
    outer loop
      vertex -62.6896 -31.8945 31.6791
      vertex -60.923 -28.0616 31.618
      vertex -62.6888 -31.8948 31.6819
    endloop
  endfacet
  facet normal 0.680974 -0.317918 0.659699
    outer loop
      vertex -62.522 -31.9726 30.5994
      vertex -60.6753 -28.1772 30.5222
      vertex -60.6963 -28.1674 30.5486
    endloop
  endfacet
  facet normal 0.680794 -0.317826 0.659929
    outer loop
      vertex -62.4764 -31.9939 30.5421
      vertex -60.6753 -28.1772 30.5222
      vertex -62.522 -31.9726 30.5994
    endloop
  endfacet
  facet normal 0.683585 -0.319161 0.65639
    outer loop
      vertex -60.6753 -28.1772 30.5222
      vertex -62.4764 -31.9939 30.5421
      vertex -62.4607 -32.0012 30.5222
    endloop
  endfacet
  facet normal 0.597571 -0.278994 -0.751712
    outer loop
      vertex -62.3907 -32.0338 32.1455
      vertex -60.5773 -28.223 32.1727
      vertex -62.3626 -32.0469 32.1727
    endloop
  endfacet
  facet normal 0.597723 -0.279067 -0.751565
    outer loop
      vertex -60.5773 -28.223 32.1727
      vertex -62.3907 -32.0338 32.1455
      vertex -60.6513 -28.1884 32.101
    endloop
  endfacet
  facet normal 0.597048 -0.278766 0.752212
    outer loop
      vertex -62.4356 -32.0129 30.4979
      vertex -60.6513 -28.1884 30.499
      vertex -60.6753 -28.1772 30.5222
    endloop
  endfacet
  facet normal 0.597176 -0.278826 0.752089
    outer loop
      vertex -60.6513 -28.1884 30.499
      vertex -62.4356 -32.0129 30.4979
      vertex -62.3907 -32.0338 30.4545
    endloop
  endfacet
  facet normal 0.59763 -0.279029 0.751652
    outer loop
      vertex -62.4356 -32.0129 30.4979
      vertex -60.6753 -28.1772 30.5222
      vertex -62.4607 -32.0012 30.5222
    endloop
  endfacet
  facet normal 0.888353 -0.414715 -0.197081
    outer loop
      vertex -60.9332 -28.0568 31.5847
      vertex -62.7368 -31.8724 31.484
      vertex -60.9395 -28.0539 31.5502
    endloop
  endfacet
  facet normal 0.888747 -0.414962 -0.194772
    outer loop
      vertex -62.7368 -31.8724 31.484
      vertex -60.9332 -28.0568 31.5847
      vertex -62.7187 -31.8809 31.5847
    endloop
  endfacet
  facet normal 0.597726 -0.27906 0.751565
    outer loop
      vertex -62.3688 -32.0441 30.4333
      vertex -60.5773 -28.223 30.4273
      vertex -60.6513 -28.1884 30.499
    endloop
  endfacet
  facet normal 0.599383 -0.279839 0.749954
    outer loop
      vertex -60.5773 -28.223 30.4273
      vertex -62.3688 -32.0441 30.4333
      vertex -62.3626 -32.0469 30.4273
    endloop
  endfacet
  facet normal 0.597052 -0.278771 0.752207
    outer loop
      vertex -62.3688 -32.0441 30.4333
      vertex -60.6513 -28.1884 30.499
      vertex -62.3907 -32.0338 30.4545
    endloop
  endfacet
  facet normal -0.290939 0.135837 0.94705
    outer loop
      vertex -61.4978 -32.4505 30.2375
      vertex -59.6823 -28.6408 30.2488
      vertex -59.7125 -28.6267 30.2375
    endloop
  endfacet
  facet normal -0.291255 0.135988 0.946931
    outer loop
      vertex -59.6823 -28.6408 30.2488
      vertex -61.4978 -32.4505 30.2375
      vertex -61.4097 -32.4916 30.2705
    endloop
  endfacet
  facet normal -0.0591727 0.0276289 -0.997865
    outer loop
      vertex -61.7185 -32.3475 32.3973
      vertex -59.9705 -28.5063 32.4
      vertex -59.8722 -28.5522 32.3929
    endloop
  endfacet
  facet normal -0.0593126 0.0276925 -0.997855
    outer loop
      vertex -59.9705 -28.5063 32.4
      vertex -61.7185 -32.3475 32.3973
      vertex -61.7558 -32.3301 32.4
    endloop
  endfacet
  facet normal -0.503261 0.234968 0.831576
    outer loop
      vertex -59.4721 -28.739 30.3474
      vertex -61.149 -32.6134 30.4273
      vertex -59.3637 -28.7896 30.4273
    endloop
  endfacet
  facet normal -0.503136 0.234916 0.831666
    outer loop
      vertex -61.149 -32.6134 30.4273
      vertex -59.4721 -28.739 30.3474
      vertex -61.2574 -32.5627 30.3474
    endloop
  endfacet
  facet normal 0.753443 -0.351777 -0.555497
    outer loop
      vertex -60.816 -28.1115 31.8792
      vertex -62.6191 -31.9273 31.85
      vertex -60.8337 -28.1033 31.85
    endloop
  endfacet
  facet normal 0.753056 -0.35159 -0.556139
    outer loop
      vertex -60.816 -28.1115 31.8792
      vertex -62.597 -31.9377 31.8865
      vertex -62.6191 -31.9273 31.85
    endloop
  endfacet
  facet normal 0.753334 -0.351718 -0.555681
    outer loop
      vertex -62.597 -31.9377 31.8865
      vertex -60.816 -28.1115 31.8792
      vertex -62.5674 -31.9514 31.9353
    endloop
  endfacet
  facet normal -0.291255 0.135988 -0.946931
    outer loop
      vertex -61.4978 -32.4505 32.3625
      vertex -59.6823 -28.6408 32.3512
      vertex -61.4097 -32.4916 32.3295
    endloop
  endfacet
  facet normal -0.290939 0.135837 -0.94705
    outer loop
      vertex -59.6823 -28.6408 32.3512
      vertex -61.4978 -32.4505 32.3625
      vertex -59.7125 -28.6267 32.3625
    endloop
  endfacet
  facet normal 0.176575 -0.0824556 -0.980827
    outer loop
      vertex -61.9771 -32.2267 32.3706
      vertex -60.2285 -28.3858 32.3625
      vertex -60.1318 -28.4309 32.3837
    endloop
  endfacet
  facet normal 0.177078 -0.0826842 -0.980718
    outer loop
      vertex -62.0044 -32.214 32.3646
      vertex -60.2285 -28.3858 32.3625
      vertex -61.9771 -32.2267 32.3706
    endloop
  endfacet
  facet normal 0.181217 -0.0846039 -0.979797
    outer loop
      vertex -60.2285 -28.3858 32.3625
      vertex -62.0044 -32.214 32.3646
      vertex -62.0137 -32.2096 32.3625
    endloop
  endfacet
  facet normal 0.176575 -0.0824556 0.980827
    outer loop
      vertex -60.2285 -28.3858 30.2375
      vertex -61.9771 -32.2267 30.2294
      vertex -60.1318 -28.4309 30.2163
    endloop
  endfacet
  facet normal 0.178136 -0.0831658 0.980485
    outer loop
      vertex -61.9771 -32.2267 30.2294
      vertex -60.2285 -28.3858 30.2375
      vertex -62.0137 -32.2096 30.2375
    endloop
  endfacet
  facet normal 0.904187 -0.42216 0.0650072
    outer loop
      vertex -62.7466 -31.8679 31.1976
      vertex -60.9587 -28.0449 31.1564
      vertex -60.9651 -28.0419 31.2649
    endloop
  endfacet
  facet normal 0.904125 -0.422119 0.0661321
    outer loop
      vertex -60.9587 -28.0449 31.1564
      vertex -62.7466 -31.8679 31.1976
      vertex -62.7441 -31.869 31.1564
    endloop
  endfacet
  facet normal 0.753443 -0.351777 0.555497
    outer loop
      vertex -62.6191 -31.9273 30.75
      vertex -60.816 -28.1115 30.7208
      vertex -60.8337 -28.1033 30.75
    endloop
  endfacet
  facet normal 0.753214 -0.351666 0.555877
    outer loop
      vertex -60.816 -28.1115 30.7208
      vertex -62.6191 -31.9273 30.75
      vertex -62.5674 -31.9514 30.6647
    endloop
  endfacet
  facet normal 0.290939 -0.135837 0.94705
    outer loop
      vertex -62.1372 -32.152 30.2837
      vertex -60.3217 -28.3423 30.2724
      vertex -60.3519 -28.3282 30.2837
    endloop
  endfacet
  facet normal 0.291255 -0.135988 0.946931
    outer loop
      vertex -60.3217 -28.3423 30.2724
      vertex -62.1372 -32.152 30.2837
      vertex -62.0491 -32.1931 30.2507
    endloop
  endfacet
  facet normal -0.0592888 0.0276815 0.997857
    outer loop
      vertex -59.8722 -28.5522 30.2071
      vertex -61.6257 -32.3908 30.2094
      vertex -59.8404 -28.567 30.2094
    endloop
  endfacet
  facet normal -0.0591564 0.027621 0.997867
    outer loop
      vertex -61.6257 -32.3908 30.2094
      vertex -59.8722 -28.5522 30.2071
      vertex -61.7185 -32.3475 30.2027
    endloop
  endfacet
  facet normal -0.177515 0.0828805 0.980622
    outer loop
      vertex -61.6257 -32.3908 30.2094
      vertex -59.8091 -28.5816 30.2163
      vertex -59.8404 -28.567 30.2094
    endloop
  endfacet
  facet normal -0.176435 0.0823646 0.98086
    outer loop
      vertex -59.8091 -28.5816 30.2163
      vertex -61.6257 -32.3908 30.2094
      vertex -61.5344 -32.4334 30.2294
    endloop
  endfacet
  facet normal -0.40127 0.187354 0.896594
    outer loop
      vertex -59.5007 -28.7256 30.3318
      vertex -61.2574 -32.5627 30.3474
      vertex -59.4721 -28.739 30.3474
    endloop
  endfacet
  facet normal -0.400883 0.187178 0.896804
    outer loop
      vertex -61.2574 -32.5627 30.3474
      vertex -59.5007 -28.7256 30.3318
      vertex -61.3408 -32.5238 30.302
    endloop
  endfacet
  facet normal -0.40127 0.187354 -0.896594
    outer loop
      vertex -61.2574 -32.5627 32.2526
      vertex -59.5007 -28.7256 32.2682
      vertex -59.4721 -28.739 32.2526
    endloop
  endfacet
  facet normal -0.400883 0.187178 -0.896804
    outer loop
      vertex -59.5007 -28.7256 32.2682
      vertex -61.2574 -32.5627 32.2526
      vertex -61.3408 -32.5238 32.298
    endloop
  endfacet
  facet normal -0.812544 0.37937 0.442549
    outer loop
      vertex -60.8926 -32.7331 30.75
      vertex -59.0496 -28.9362 30.879
      vertex -59.1073 -28.9093 30.75
    endloop
  endfacet
  facet normal -0.812544 0.37937 0.442549
    outer loop
      vertex -59.0496 -28.9362 30.879
      vertex -60.8926 -32.7331 30.75
      vertex -60.8349 -32.76 30.879
    endloop
  endfacet
  facet normal -0.176731 0.0824973 0.980796
    outer loop
      vertex -61.5344 -32.4334 30.2294
      vertex -59.7125 -28.6267 30.2375
      vertex -59.8091 -28.5816 30.2163
    endloop
  endfacet
  facet normal -0.178135 0.0831696 0.980485
    outer loop
      vertex -59.7125 -28.6267 30.2375
      vertex -61.5344 -32.4334 30.2294
      vertex -61.4978 -32.4505 30.2375
    endloop
  endfacet
  facet normal -0.0592888 0.0276815 -0.997857
    outer loop
      vertex -61.6257 -32.3908 32.3906
      vertex -59.8722 -28.5522 32.3929
      vertex -59.8404 -28.567 32.3906
    endloop
  endfacet
  facet normal -0.0591564 0.027621 -0.997867
    outer loop
      vertex -59.8722 -28.5522 32.3929
      vertex -61.6257 -32.3908 32.3906
      vertex -61.7185 -32.3475 32.3973
    endloop
  endfacet
  facet normal 0.753085 -0.351611 -0.556087
    outer loop
      vertex -60.7612 -28.1371 31.9696
      vertex -62.5674 -31.9514 31.9353
      vertex -60.816 -28.1115 31.8792
    endloop
  endfacet
  facet normal 0.753073 -0.351605 -0.556107
    outer loop
      vertex -62.5674 -31.9514 31.9353
      vertex -60.7612 -28.1371 31.9696
      vertex -62.5466 -31.9611 31.9696
    endloop
  endfacet
  facet normal 0.90413 -0.42211 -0.0661192
    outer loop
      vertex -60.9651 -28.0419 31.3351
      vertex -62.7526 -31.8651 31.3
      vertex -60.9672 -28.0409 31.3
    endloop
  endfacet
  facet normal 0.904219 -0.422166 -0.0645252
    outer loop
      vertex -62.7526 -31.8651 31.3
      vertex -60.9651 -28.0419 31.3351
      vertex -62.7466 -31.8679 31.4024
    endloop
  endfacet
  facet normal 0.291155 -0.135943 0.946968
    outer loop
      vertex -62.0491 -32.1931 30.2507
      vertex -60.2285 -28.3858 30.2375
      vertex -60.3217 -28.3423 30.2724
    endloop
  endfacet
  facet normal 0.29012 -0.135447 0.947357
    outer loop
      vertex -60.2285 -28.3858 30.2375
      vertex -62.0491 -32.1931 30.2507
      vertex -62.0137 -32.2096 30.2375
    endloop
  endfacet
  facet normal 0.0591842 -0.0276326 0.997865
    outer loop
      vertex -60.1006 -28.4455 30.2094
      vertex -61.7558 -32.3301 30.2
      vertex -59.9705 -28.5063 30.2
    endloop
  endfacet
  facet normal 0.0591842 -0.0276326 0.997865
    outer loop
      vertex -61.7558 -32.3301 30.2
      vertex -60.1006 -28.4455 30.2094
      vertex -61.8859 -32.2693 30.2094
    endloop
  endfacet
  facet normal 0.858255 -0.400726 0.320651
    outer loop
      vertex -62.7187 -31.8809 31.0153
      vertex -60.923 -28.0616 30.982
      vertex -60.9332 -28.0568 31.0153
    endloop
  endfacet
  facet normal 0.858074 -0.400635 0.321247
    outer loop
      vertex -60.923 -28.0616 30.982
      vertex -62.7187 -31.8809 31.0153
      vertex -62.6888 -31.8948 30.9181
    endloop
  endfacet
  facet normal -0.597521 0.278977 0.751758
    outer loop
      vertex -61.0791 -32.646 30.495
      vertex -59.2657 -28.8353 30.5222
      vertex -59.3398 -28.8008 30.4505
    endloop
  endfacet
  facet normal -0.597568 0.279 0.751712
    outer loop
      vertex -59.2657 -28.8353 30.5222
      vertex -61.0791 -32.646 30.495
      vertex -61.051 -32.6591 30.5222
    endloop
  endfacet
  facet normal -0.888582 0.414849 -0.195761
    outer loop
      vertex -58.9823 -28.9677 31.4436
      vertex -60.7857 -32.783 31.5442
      vertex -58.9885 -28.9647 31.4781
    endloop
  endfacet
  facet normal -0.888786 0.414977 -0.194561
    outer loop
      vertex -60.7857 -32.783 31.5442
      vertex -58.9823 -28.9677 31.4436
      vertex -60.7676 -32.7914 31.4436
    endloop
  endfacet
  facet normal 0.888697 -0.414916 -0.195096
    outer loop
      vertex -60.9395 -28.0539 31.5502
      vertex -62.7441 -31.869 31.4436
      vertex -60.9587 -28.0449 31.4436
    endloop
  endfacet
  facet normal 0.888631 -0.414874 -0.195485
    outer loop
      vertex -62.7441 -31.869 31.4436
      vertex -60.9395 -28.0539 31.5502
      vertex -62.7368 -31.8724 31.484
    endloop
  endfacet
  facet normal 0.888353 -0.414715 0.197081
    outer loop
      vertex -62.7368 -31.8724 31.116
      vertex -60.9332 -28.0568 31.0153
      vertex -60.9395 -28.0539 31.0498
    endloop
  endfacet
  facet normal 0.888747 -0.414962 0.194772
    outer loop
      vertex -60.9332 -28.0568 31.0153
      vertex -62.7368 -31.8724 31.116
      vertex -62.7187 -31.8809 31.0153
    endloop
  endfacet
  facet normal 0.0591842 -0.0276326 -0.997865
    outer loop
      vertex -61.7558 -32.3301 32.4
      vertex -60.1006 -28.4455 32.3906
      vertex -59.9705 -28.5063 32.4
    endloop
  endfacet
  facet normal 0.0591842 -0.0276326 -0.997865
    outer loop
      vertex -60.1006 -28.4455 32.3906
      vertex -61.7558 -32.3301 32.4
      vertex -61.8859 -32.2693 32.3906
    endloop
  endfacet
  facet normal -0.176435 0.0823646 -0.98086
    outer loop
      vertex -61.6257 -32.3908 32.3906
      vertex -59.8091 -28.5816 32.3837
      vertex -61.5344 -32.4334 32.3706
    endloop
  endfacet
  facet normal -0.177515 0.0828805 -0.980622
    outer loop
      vertex -59.8091 -28.5816 32.3837
      vertex -61.6257 -32.3908 32.3906
      vertex -59.8404 -28.567 32.3906
    endloop
  endfacet
  facet normal -0.178135 0.0831696 -0.980485
    outer loop
      vertex -61.5344 -32.4334 32.3706
      vertex -59.7125 -28.6267 32.3625
      vertex -61.4978 -32.4505 32.3625
    endloop
  endfacet
  facet normal -0.176731 0.0824973 -0.980796
    outer loop
      vertex -59.7125 -28.6267 32.3625
      vertex -61.5344 -32.4334 32.3706
      vertex -59.8091 -28.5816 32.3837
    endloop
  endfacet
  facet normal 0.597181 -0.278828 -0.752084
    outer loop
      vertex -62.4448 -32.0086 32.0932
      vertex -60.6513 -28.1884 32.101
      vertex -62.3907 -32.0338 32.1455
    endloop
  endfacet
  facet normal 0.597048 -0.278765 -0.752212
    outer loop
      vertex -60.6513 -28.1884 32.101
      vertex -62.4448 -32.0086 32.0932
      vertex -60.6753 -28.1772 32.0778
    endloop
  endfacet
  facet normal 0.597872 -0.279143 -0.751417
    outer loop
      vertex -60.6753 -28.1772 32.0778
      vertex -62.4448 -32.0086 32.0932
      vertex -62.4607 -32.0012 32.0778
    endloop
  endfacet
  facet normal -0.753437 0.351773 -0.555508
    outer loop
      vertex -59.1073 -28.9093 31.85
      vertex -60.965 -32.6993 31.9696
      vertex -59.1797 -28.8755 31.9696
    endloop
  endfacet
  facet normal -0.753437 0.351773 -0.555508
    outer loop
      vertex -60.965 -32.6993 31.9696
      vertex -59.1073 -28.9093 31.85
      vertex -60.8926 -32.7331 31.85
    endloop
  endfacet
  facet normal 0.177964 -0.0830901 -0.980523
    outer loop
      vertex -61.8859 -32.2693 32.3906
      vertex -60.1318 -28.4309 32.3837
      vertex -60.1006 -28.4455 32.3906
    endloop
  endfacet
  facet normal 0.176578 -0.0824569 -0.980827
    outer loop
      vertex -60.1318 -28.4309 32.3837
      vertex -61.8859 -32.2693 32.3906
      vertex -61.9771 -32.2267 32.3706
    endloop
  endfacet
  facet normal 0.29012 -0.135447 -0.947357
    outer loop
      vertex -62.0491 -32.1931 32.3493
      vertex -60.2285 -28.3858 32.3625
      vertex -62.0137 -32.2096 32.3625
    endloop
  endfacet
  facet normal 0.291155 -0.135943 -0.946968
    outer loop
      vertex -60.2285 -28.3858 32.3625
      vertex -62.0491 -32.1931 32.3493
      vertex -60.3217 -28.3423 32.3276
    endloop
  endfacet
  facet normal 0.401131 -0.187285 0.896671
    outer loop
      vertex -60.4688 -28.2736 30.3474
      vertex -62.1372 -32.152 30.2837
      vertex -60.3519 -28.3282 30.2837
    endloop
  endfacet
  facet normal 0.401131 -0.187285 0.896671
    outer loop
      vertex -62.1372 -32.152 30.2837
      vertex -60.4688 -28.2736 30.3474
      vertex -62.2541 -32.0974 30.3474
    endloop
  endfacet
  facet normal 0.888697 -0.414916 0.195096
    outer loop
      vertex -62.7441 -31.869 31.1564
      vertex -60.9395 -28.0539 31.0498
      vertex -60.9587 -28.0449 31.1564
    endloop
  endfacet
  facet normal 0.888631 -0.414874 0.195485
    outer loop
      vertex -60.9395 -28.0539 31.0498
      vertex -62.7441 -31.869 31.1564
      vertex -62.7368 -31.8724 31.116
    endloop
  endfacet
  facet normal 0.858069 -0.400633 0.321263
    outer loop
      vertex -62.6888 -31.8948 30.9181
      vertex -60.8913 -28.0763 30.879
      vertex -60.923 -28.0616 30.982
    endloop
  endfacet
  facet normal 0.858215 -0.400707 0.320781
    outer loop
      vertex -60.8913 -28.0763 30.879
      vertex -62.6888 -31.8948 30.9181
      vertex -62.6768 -31.9004 30.879
    endloop
  endfacet
  facet normal 0.812328 -0.379224 0.44307
    outer loop
      vertex -62.6602 -31.9082 30.8421
      vertex -60.8337 -28.1033 30.75
      vertex -60.8478 -28.0967 30.7815
    endloop
  endfacet
  facet normal 0.813001 -0.379585 0.441525
    outer loop
      vertex -60.8337 -28.1033 30.75
      vertex -62.6602 -31.9082 30.8421
      vertex -62.6191 -31.9273 30.75
    endloop
  endfacet
  facet normal 0.681708 -0.318285 0.658764
    outer loop
      vertex -62.5466 -31.9611 30.6304
      vertex -60.6963 -28.1674 30.5486
      vertex -60.7612 -28.1371 30.6304
    endloop
  endfacet
  facet normal 0.681585 -0.318222 0.658921
    outer loop
      vertex -60.6963 -28.1674 30.5486
      vertex -62.5466 -31.9611 30.6304
      vertex -62.522 -31.9726 30.5994
    endloop
  endfacet
  facet normal -0.291047 0.135895 0.947008
    outer loop
      vertex -61.4097 -32.4916 30.2705
      vertex -59.5891 -28.6844 30.2837
      vertex -59.6823 -28.6408 30.2488
    endloop
  endfacet
  facet normal -0.290118 0.13545 0.947357
    outer loop
      vertex -59.5891 -28.6844 30.2837
      vertex -61.4097 -32.4916 30.2705
      vertex -61.3743 -32.5081 30.2837
    endloop
  endfacet
  facet normal -0.400783 0.187129 -0.896859
    outer loop
      vertex -61.3408 -32.5238 32.298
      vertex -59.5891 -28.6844 32.3163
      vertex -59.5007 -28.7256 32.2682
    endloop
  endfacet
  facet normal -0.40174 0.187563 -0.89634
    outer loop
      vertex -59.5891 -28.6844 32.3163
      vertex -61.3408 -32.5238 32.298
      vertex -61.3743 -32.5081 32.3163
    endloop
  endfacet
  facet normal 0.812774 -0.37949 -0.442024
    outer loop
      vertex -60.8478 -28.0967 31.8185
      vertex -62.6768 -31.9004 31.721
      vertex -60.8913 -28.0763 31.721
    endloop
  endfacet
  facet normal 0.782689 -0.363401 -0.50531
    outer loop
      vertex -60.8478 -28.0967 31.8185
      vertex -62.6761 -31.9007 31.7223
      vertex -62.6768 -31.9004 31.721
    endloop
  endfacet
  facet normal 0.812459 -0.379291 -0.442775
    outer loop
      vertex -62.6761 -31.9007 31.7223
      vertex -60.8478 -28.0967 31.8185
      vertex -62.6602 -31.9082 31.7579
    endloop
  endfacet
  facet normal 0.904187 -0.42216 -0.0650072
    outer loop
      vertex -60.9587 -28.0449 31.4436
      vertex -62.7466 -31.8679 31.4024
      vertex -60.9651 -28.0419 31.3351
    endloop
  endfacet
  facet normal 0.904125 -0.422119 -0.0661321
    outer loop
      vertex -62.7466 -31.8679 31.4024
      vertex -60.9587 -28.0449 31.4436
      vertex -62.7441 -31.869 31.4436
    endloop
  endfacet
  facet normal 0.401131 -0.187285 -0.896671
    outer loop
      vertex -62.1372 -32.152 32.3163
      vertex -60.4688 -28.2736 32.2526
      vertex -60.3519 -28.3282 32.3163
    endloop
  endfacet
  facet normal 0.40111 -0.187276 -0.896682
    outer loop
      vertex -62.227 -32.1102 32.2674
      vertex -60.4688 -28.2736 32.2526
      vertex -62.1372 -32.152 32.3163
    endloop
  endfacet
  facet normal 0.400678 -0.187079 -0.896916
    outer loop
      vertex -60.4688 -28.2736 32.2526
      vertex -62.227 -32.1102 32.2674
      vertex -62.2542 -32.0975 32.2526
    endloop
  endfacet
  facet normal 0.502523 -0.234631 -0.832117
    outer loop
      vertex -62.2542 -32.0975 32.2526
      vertex -60.4953 -28.2612 32.2331
      vertex -60.4688 -28.2736 32.2526
    endloop
  endfacet
  facet normal 0.503375 -0.235018 -0.831492
    outer loop
      vertex -60.4953 -28.2612 32.2331
      vertex -62.2542 -32.0975 32.2526
      vertex -62.3315 -32.0614 32.1956
    endloop
  endfacet
  facet normal -0.753437 0.351773 0.555508
    outer loop
      vertex -60.965 -32.6993 30.6304
      vertex -59.1073 -28.9093 30.75
      vertex -59.1797 -28.8755 30.6304
    endloop
  endfacet
  facet normal -0.753437 0.351773 0.555508
    outer loop
      vertex -59.1073 -28.9093 30.75
      vertex -60.965 -32.6993 30.6304
      vertex -60.8926 -32.7331 30.75
    endloop
  endfacet
  facet normal -0.597568 0.279 -0.751712
    outer loop
      vertex -61.0791 -32.646 32.105
      vertex -59.2657 -28.8353 32.0778
      vertex -61.051 -32.6591 32.0778
    endloop
  endfacet
  facet normal -0.597521 0.278977 -0.751758
    outer loop
      vertex -59.2657 -28.8353 32.0778
      vertex -61.0791 -32.646 32.105
      vertex -59.3398 -28.8008 32.1495
    endloop
  endfacet
  facet normal 0.812328 -0.379224 -0.44307
    outer loop
      vertex -60.8337 -28.1033 31.85
      vertex -62.6602 -31.9082 31.7579
      vertex -60.8478 -28.0967 31.8185
    endloop
  endfacet
  facet normal 0.812972 -0.379569 -0.441593
    outer loop
      vertex -60.8337 -28.1033 31.85
      vertex -62.645 -31.9152 31.7919
      vertex -62.6602 -31.9082 31.7579
    endloop
  endfacet
  facet normal 0.813019 -0.379593 -0.441485
    outer loop
      vertex -62.645 -31.9152 31.7919
      vertex -60.8337 -28.1033 31.85
      vertex -62.6191 -31.9273 31.85
    endloop
  endfacet
  facet normal 0.177964 -0.0830901 0.980523
    outer loop
      vertex -60.1318 -28.4309 30.2163
      vertex -61.8859 -32.2693 30.2094
      vertex -60.1006 -28.4455 30.2094
    endloop
  endfacet
  facet normal 0.176578 -0.0824569 0.980827
    outer loop
      vertex -61.8859 -32.2693 30.2094
      vertex -60.1318 -28.4309 30.2163
      vertex -61.9771 -32.2267 30.2294
    endloop
  endfacet
  facet normal 0.502526 -0.234625 0.832117
    outer loop
      vertex -60.4953 -28.2612 30.3669
      vertex -62.2541 -32.0974 30.3474
      vertex -60.4688 -28.2736 30.3474
    endloop
  endfacet
  facet normal 0.502963 -0.234824 0.831797
    outer loop
      vertex -60.4953 -28.2612 30.3669
      vertex -62.2875 -32.0818 30.372
      vertex -62.2541 -32.0974 30.3474
    endloop
  endfacet
  facet normal 0.503343 -0.235002 0.831517
    outer loop
      vertex -62.3315 -32.0614 30.4044
      vertex -62.2875 -32.0818 30.372
      vertex -60.4953 -28.2612 30.3669
    endloop
  endfacet
  facet normal 0.592949 0 0.80524
    outer loop
      vertex -62.2875 -32.0818 30.372
      vertex -62.3315 -32.0614 30.4044
      vertex -62.2875 -32.0819 30.372
    endloop
  endfacet
  facet normal 0.503153 -0.234909 0.831658
    outer loop
      vertex -60.5773 -28.223 30.4273
      vertex -62.3315 -32.0614 30.4044
      vertex -60.4953 -28.2612 30.3669
    endloop
  endfacet
  facet normal 0.502983 -0.234832 0.831783
    outer loop
      vertex -62.3315 -32.0614 30.4044
      vertex -60.5773 -28.223 30.4273
      vertex -62.3626 -32.0469 30.4273
    endloop
  endfacet
  facet normal -0.400783 0.187129 0.896859
    outer loop
      vertex -59.5891 -28.6844 30.2837
      vertex -61.3408 -32.5238 30.302
      vertex -59.5007 -28.7256 30.3318
    endloop
  endfacet
  facet normal -0.40174 0.187563 0.89634
    outer loop
      vertex -61.3408 -32.5238 30.302
      vertex -59.5891 -28.6844 30.2837
      vertex -61.3743 -32.5081 30.2837
    endloop
  endfacet
  facet normal -0.904193 0.422149 -0.0650072
    outer loop
      vertex -58.9738 -28.9716 31.3
      vertex -60.7615 -32.7943 31.3412
      vertex -58.9802 -28.9686 31.4085
    endloop
  endfacet
  facet normal -0.904131 0.422107 -0.0661321
    outer loop
      vertex -60.7615 -32.7943 31.3412
      vertex -58.9738 -28.9716 31.3
      vertex -60.759 -32.7954 31.3
    endloop
  endfacet
  facet normal -0.904189 0.422169 -0.0649216
    outer loop
      vertex -58.9802 -28.9686 31.4085
      vertex -60.7676 -32.7914 31.4436
      vertex -58.9823 -28.9677 31.4436
    endloop
  endfacet
  facet normal -0.904139 0.422138 -0.0658149
    outer loop
      vertex -60.7676 -32.7914 31.4436
      vertex -58.9802 -28.9686 31.4085
      vertex -60.7615 -32.7943 31.3412
    endloop
  endfacet
  facet normal -0.904193 0.422149 0.0650072
    outer loop
      vertex -60.7615 -32.7943 31.2588
      vertex -58.9738 -28.9716 31.3
      vertex -58.9802 -28.9686 31.1915
    endloop
  endfacet
  facet normal -0.904131 0.422107 0.0661321
    outer loop
      vertex -58.9738 -28.9716 31.3
      vertex -60.7615 -32.7943 31.2588
      vertex -60.759 -32.7954 31.3
    endloop
  endfacet
  facet normal -0.904189 0.422169 0.0649216
    outer loop
      vertex -60.7676 -32.7914 31.1564
      vertex -58.9802 -28.9686 31.1915
      vertex -58.9823 -28.9677 31.1564
    endloop
  endfacet
  facet normal -0.904139 0.422138 0.0658149
    outer loop
      vertex -58.9802 -28.9686 31.1915
      vertex -60.7676 -32.7914 31.1564
      vertex -60.7615 -32.7943 31.2588
    endloop
  endfacet
  facet normal -0.290118 0.13545 -0.947357
    outer loop
      vertex -61.4097 -32.4916 32.3295
      vertex -59.5891 -28.6844 32.3163
      vertex -61.3743 -32.5081 32.3163
    endloop
  endfacet
  facet normal -0.291047 0.135895 -0.947008
    outer loop
      vertex -59.5891 -28.6844 32.3163
      vertex -61.4097 -32.4916 32.3295
      vertex -59.6823 -28.6408 32.3512
    endloop
  endfacet
  facet normal 0.858069 -0.400633 -0.321263
    outer loop
      vertex -60.8913 -28.0763 31.721
      vertex -62.6888 -31.8948 31.6819
      vertex -60.923 -28.0616 31.618
    endloop
  endfacet
  facet normal 0.858215 -0.400707 -0.320781
    outer loop
      vertex -62.6888 -31.8948 31.6819
      vertex -60.8913 -28.0763 31.721
      vertex -62.6768 -31.9004 31.721
    endloop
  endfacet
  facet normal 0.503153 -0.234909 -0.831658
    outer loop
      vertex -62.3315 -32.0614 32.1956
      vertex -60.5773 -28.223 32.1727
      vertex -60.4953 -28.2612 32.2331
    endloop
  endfacet
  facet normal 0.50293 -0.234808 -0.831821
    outer loop
      vertex -62.3428 -32.0562 32.1873
      vertex -60.5773 -28.223 32.1727
      vertex -62.3315 -32.0614 32.1956
    endloop
  endfacet
  facet normal 0.503012 -0.234846 -0.831761
    outer loop
      vertex -60.5773 -28.223 32.1727
      vertex -62.3428 -32.0562 32.1873
      vertex -62.3626 -32.0469 32.1727
    endloop
  endfacet
  facet normal -0.858037 0.40061 0.321377
    outer loop
      vertex -60.8349 -32.76 30.879
      vertex -59.0077 -28.9558 31.0153
      vertex -59.0496 -28.9362 30.879
    endloop
  endfacet
  facet normal -0.858037 0.40061 0.321377
    outer loop
      vertex -59.0077 -28.9558 31.0153
      vertex -60.8349 -32.76 30.879
      vertex -60.793 -32.7796 31.0153
    endloop
  endfacet
  facet normal -0.681171 0.318033 0.65944
    outer loop
      vertex -61.051 -32.6591 30.5222
      vertex -59.2008 -28.8657 30.6039
      vertex -59.2657 -28.8353 30.5222
    endloop
  endfacet
  facet normal -0.680607 0.317742 0.660162
    outer loop
      vertex -59.2008 -28.8657 30.6039
      vertex -61.051 -32.6591 30.5222
      vertex -61.0263 -32.6706 30.5532
    endloop
  endfacet
  facet normal -0.680936 0.317906 0.659744
    outer loop
      vertex -61.0263 -32.6706 30.5532
      vertex -59.1797 -28.8755 30.6304
      vertex -59.2008 -28.8657 30.6039
    endloop
  endfacet
  facet normal -0.681319 0.318102 0.659254
    outer loop
      vertex -59.1797 -28.8755 30.6304
      vertex -61.0263 -32.6706 30.5532
      vertex -60.965 -32.6993 30.6304
    endloop
  endfacet
  facet normal -0.680936 0.317906 -0.659744
    outer loop
      vertex -59.1797 -28.8755 31.9696
      vertex -61.0263 -32.6706 32.0468
      vertex -59.2008 -28.8657 31.9961
    endloop
  endfacet
  facet normal -0.681319 0.318102 -0.659254
    outer loop
      vertex -61.0263 -32.6706 32.0468
      vertex -59.1797 -28.8755 31.9696
      vertex -60.965 -32.6993 31.9696
    endloop
  endfacet
  facet normal -0.681171 0.318033 -0.65944
    outer loop
      vertex -59.2008 -28.8657 31.9961
      vertex -61.051 -32.6591 32.0778
      vertex -59.2657 -28.8353 32.0778
    endloop
  endfacet
  facet normal -0.680607 0.317742 -0.660162
    outer loop
      vertex -61.051 -32.6591 32.0778
      vertex -59.2008 -28.8657 31.9961
      vertex -61.0263 -32.6706 32.0468
    endloop
  endfacet
  facet normal -0.59774 0.279073 -0.751548
    outer loop
      vertex -61.149 -32.6134 32.1727
      vertex -59.3398 -28.8008 32.1495
      vertex -61.0791 -32.646 32.105
    endloop
  endfacet
  facet normal -0.598209 0.279299 -0.751092
    outer loop
      vertex -59.3398 -28.8008 32.1495
      vertex -61.149 -32.6134 32.1727
      vertex -59.3637 -28.7896 32.1727
    endloop
  endfacet
  facet normal -0.503261 0.234968 -0.831576
    outer loop
      vertex -61.149 -32.6134 32.1727
      vertex -59.4721 -28.739 32.2526
      vertex -59.3637 -28.7896 32.1727
    endloop
  endfacet
  facet normal -0.503136 0.234916 -0.831666
    outer loop
      vertex -59.4721 -28.739 32.2526
      vertex -61.149 -32.6134 32.1727
      vertex -61.2574 -32.5627 32.2526
    endloop
  endfacet
  facet normal 0.680974 -0.317918 -0.659699
    outer loop
      vertex -60.6753 -28.1772 32.0778
      vertex -62.522 -31.9726 32.0006
      vertex -60.6963 -28.1674 32.0514
    endloop
  endfacet
  facet normal 0.681504 -0.318189 -0.659021
    outer loop
      vertex -62.522 -31.9726 32.0006
      vertex -60.6753 -28.1772 32.0778
      vertex -62.4607 -32.0012 32.0778
    endloop
  endfacet
  facet normal 0.681708 -0.318285 -0.658764
    outer loop
      vertex -60.6963 -28.1674 32.0514
      vertex -62.5466 -31.9611 31.9696
      vertex -60.7612 -28.1371 31.9696
    endloop
  endfacet
  facet normal 0.683168 -0.319038 -0.656884
    outer loop
      vertex -60.6963 -28.1674 32.0514
      vertex -62.5301 -31.9688 31.9905
      vertex -62.5466 -31.9611 31.9696
    endloop
  endfacet
  facet normal 0.678294 -0.316587 -0.663091
    outer loop
      vertex -62.5301 -31.9688 31.9905
      vertex -60.6963 -28.1674 32.0514
      vertex -62.522 -31.9726 32.0006
    endloop
  endfacet
  facet normal 0.812774 -0.37949 0.442024
    outer loop
      vertex -62.6768 -31.9004 30.879
      vertex -60.8478 -28.0967 30.7815
      vertex -60.8913 -28.0763 30.879
    endloop
  endfacet
  facet normal 0.811433 -0.378766 0.445099
    outer loop
      vertex -60.8478 -28.0967 30.7815
      vertex -62.6768 -31.9004 30.879
      vertex -62.6602 -31.9082 30.8421
    endloop
  endfacet
  facet normal -0.888761 0.414955 0.194721
    outer loop
      vertex -60.793 -32.7796 31.0153
      vertex -58.9885 -28.9647 31.1219
      vertex -59.0077 -28.9558 31.0153
    endloop
  endfacet
  facet normal -0.88871 0.414923 0.19502
    outer loop
      vertex -58.9885 -28.9647 31.1219
      vertex -60.793 -32.7796 31.0153
      vertex -60.7857 -32.783 31.0558
    endloop
  endfacet
  facet normal -0.858037 0.40061 -0.321377
    outer loop
      vertex -59.0077 -28.9558 31.5847
      vertex -60.8349 -32.76 31.721
      vertex -59.0496 -28.9362 31.721
    endloop
  endfacet
  facet normal -0.858037 0.40061 -0.321377
    outer loop
      vertex -60.8349 -32.76 31.721
      vertex -59.0077 -28.9558 31.5847
      vertex -60.793 -32.7796 31.5847
    endloop
  endfacet
  facet normal -0.812544 0.37937 -0.442549
    outer loop
      vertex -59.0496 -28.9362 31.721
      vertex -60.8926 -32.7331 31.85
      vertex -59.1073 -28.9093 31.85
    endloop
  endfacet
  facet normal -0.812544 0.37937 -0.442549
    outer loop
      vertex -60.8926 -32.7331 31.85
      vertex -59.0496 -28.9362 31.721
      vertex -60.8349 -32.76 31.721
    endloop
  endfacet
  facet normal -0.888761 0.414955 -0.194721
    outer loop
      vertex -58.9885 -28.9647 31.4781
      vertex -60.793 -32.7796 31.5847
      vertex -59.0077 -28.9558 31.5847
    endloop
  endfacet
  facet normal -0.88871 0.414923 -0.19502
    outer loop
      vertex -60.793 -32.7796 31.5847
      vertex -58.9885 -28.9647 31.4781
      vertex -60.7857 -32.783 31.5442
    endloop
  endfacet
  facet normal 0.291669 -0.136173 -0.946777
    outer loop
      vertex -62.1011 -32.1689 32.3298
      vertex -60.3217 -28.3423 32.3276
      vertex -62.0491 -32.1931 32.3493
    endloop
  endfacet
  facet normal 0.29094 -0.135834 -0.94705
    outer loop
      vertex -60.3217 -28.3423 32.3276
      vertex -62.1011 -32.1689 32.3298
      vertex -60.3519 -28.3282 32.3163
    endloop
  endfacet
  facet normal 0.290666 -0.13571 -0.947152
    outer loop
      vertex -60.3519 -28.3282 32.3163
      vertex -62.1011 -32.1689 32.3298
      vertex -62.1372 -32.152 32.3163
    endloop
  endfacet
  facet normal -0.888582 0.414849 0.195761
    outer loop
      vertex -60.7857 -32.783 31.0558
      vertex -58.9823 -28.9677 31.1564
      vertex -58.9885 -28.9647 31.1219
    endloop
  endfacet
  facet normal -0.888786 0.414977 0.194561
    outer loop
      vertex -58.9823 -28.9677 31.1564
      vertex -60.7857 -32.783 31.0558
      vertex -60.7676 -32.7914 31.1564
    endloop
  endfacet
  facet normal -0.598209 0.279299 0.751092
    outer loop
      vertex -61.149 -32.6134 30.4273
      vertex -59.3398 -28.8008 30.4505
      vertex -59.3637 -28.7896 30.4273
    endloop
  endfacet
  facet normal -0.59774 0.279073 0.751548
    outer loop
      vertex -59.3398 -28.8008 30.4505
      vertex -61.149 -32.6134 30.4273
      vertex -61.0791 -32.646 30.495
    endloop
  endfacet
  facet normal -0.0592795 0.0276767 0.997858
    outer loop
      vertex -35.0525 -40.1402 2.7
      vertex -36.8004 -43.9813 2.7027
      vertex -34.9542 -40.186 2.70711
    endloop
  endfacet
  facet normal -0.0593129 0.0276919 0.997855
    outer loop
      vertex -36.8004 -43.9813 2.7027
      vertex -35.0525 -40.1402 2.7
      vertex -36.8377 -43.9639 2.7
    endloop
  endfacet
  facet normal -0.176806 0.082546 0.980778
    outer loop
      vertex -36.6164 -44.0673 2.72943
      vertex -34.7945 -40.2606 2.73748
      vertex -34.8911 -40.2155 2.71627
    endloop
  endfacet
  facet normal -0.177077 0.0826758 0.980718
    outer loop
      vertex -34.7945 -40.2606 2.73748
      vertex -36.6164 -44.0673 2.72943
      vertex -36.5798 -44.0844 2.73748
    endloop
  endfacet
  facet normal 0.904188 -0.422158 -0.0650191
    outer loop
      vertex -36.0407 -39.6788 3.94358
      vertex -37.8284 -43.5014 3.90242
      vertex -36.0471 -39.6758 3.8351
    endloop
  endfacet
  facet normal 0.904065 -0.422077 -0.0672171
    outer loop
      vertex -37.8284 -43.5014 3.90242
      vertex -36.0407 -39.6788 3.94358
      vertex -37.8259 -43.5026 3.94358
    endloop
  endfacet
  facet normal -0.597631 0.279016 0.751656
    outer loop
      vertex -36.161 -44.2799 2.99499
      vertex -34.3477 -40.4692 3.02218
      vertex -34.4217 -40.4346 2.9505
    endloop
  endfacet
  facet normal -0.59745 0.278929 0.751832
    outer loop
      vertex -34.3477 -40.4692 3.02218
      vertex -36.161 -44.2799 2.99499
      vertex -36.1329 -44.293 3.02218
    endloop
  endfacet
  facet normal -0.0592795 0.0276767 -0.997858
    outer loop
      vertex -36.8004 -43.9813 4.8973
      vertex -35.0525 -40.1402 4.9
      vertex -34.9542 -40.186 4.89289
    endloop
  endfacet
  facet normal -0.0593129 0.0276919 -0.997855
    outer loop
      vertex -35.0525 -40.1402 4.9
      vertex -36.8004 -43.9813 4.8973
      vertex -36.8377 -43.9639 4.9
    endloop
  endfacet
  facet normal 0.68153 -0.318189 -0.658994
    outer loop
      vertex -35.7573 -39.8111 4.57782
      vertex -37.6038 -43.6063 4.50065
      vertex -35.7783 -39.8013 4.55137
    endloop
  endfacet
  facet normal 0.681396 -0.31812 -0.659166
    outer loop
      vertex -37.6038 -43.6063 4.50065
      vertex -35.7573 -39.8111 4.57782
      vertex -37.5425 -43.6349 4.57782
    endloop
  endfacet
  facet normal 0.904188 -0.422158 0.0650191
    outer loop
      vertex -37.8284 -43.5014 3.69758
      vertex -36.0407 -39.6788 3.65642
      vertex -36.0471 -39.6758 3.7649
    endloop
  endfacet
  facet normal 0.904065 -0.422077 0.0672171
    outer loop
      vertex -36.0407 -39.6788 3.65642
      vertex -37.8284 -43.5014 3.69758
      vertex -37.8259 -43.5026 3.65642
    endloop
  endfacet
  facet normal 0.596912 -0.278677 0.752353
    outer loop
      vertex -37.5425 -43.6349 3.02218
      vertex -35.7333 -39.8223 2.99899
      vertex -35.7573 -39.8111 3.02218
    endloop
  endfacet
  facet normal 0.59759 -0.279004 0.751693
    outer loop
      vertex -35.7333 -39.8223 2.99899
      vertex -37.5425 -43.6349 3.02218
      vertex -37.4726 -43.6675 2.95451
    endloop
  endfacet
  facet normal -0.503435 0.23505 0.831447
    outer loop
      vertex -34.5541 -40.3728 2.84737
      vertex -36.231 -44.2472 2.92731
      vertex -34.4457 -40.4234 2.92731
    endloop
  endfacet
  facet normal -0.503435 0.23505 0.831447
    outer loop
      vertex -36.231 -44.2472 2.92731
      vertex -34.5541 -40.3728 2.84737
      vertex -36.3394 -44.1966 2.84737
    endloop
  endfacet
  facet normal -0.812602 0.379407 0.442411
    outer loop
      vertex -35.9746 -44.3669 3.25
      vertex -34.1316 -40.5701 3.37905
      vertex -34.1893 -40.5432 3.25
    endloop
  endfacet
  facet normal -0.8125 0.37935 0.442648
    outer loop
      vertex -34.1316 -40.5701 3.37905
      vertex -35.9746 -44.3669 3.25
      vertex -35.9169 -44.3939 3.37905
    endloop
  endfacet
  facet normal -0.291212 0.135965 -0.946947
    outer loop
      vertex -36.4563 -44.142 4.81627
      vertex -34.7945 -40.2606 4.86252
      vertex -34.671 -40.3182 4.81627
    endloop
  endfacet
  facet normal -0.291212 0.135965 -0.946947
    outer loop
      vertex -34.7945 -40.2606 4.86252
      vertex -36.4563 -44.142 4.81627
      vertex -36.5798 -44.0844 4.86252
    endloop
  endfacet
  facet normal 0.176805 -0.0825493 -0.980778
    outer loop
      vertex -37.0591 -43.8606 4.87056
      vertex -35.3104 -40.0197 4.86252
      vertex -35.2138 -40.0648 4.88373
    endloop
  endfacet
  facet normal 0.176866 -0.0825771 -0.980765
    outer loop
      vertex -35.3104 -40.0197 4.86252
      vertex -37.0591 -43.8606 4.87056
      vertex -37.0957 -43.8435 4.86252
    endloop
  endfacet
  facet normal 0.176974 -0.082623 0.980741
    outer loop
      vertex -35.2138 -40.0648 2.71627
      vertex -36.9678 -43.9032 2.70941
      vertex -35.1826 -40.0794 2.70941
    endloop
  endfacet
  facet normal 0.1766 -0.0824524 0.980823
    outer loop
      vertex -36.9678 -43.9032 2.70941
      vertex -35.2138 -40.0648 2.71627
      vertex -37.0591 -43.8606 2.72943
    endloop
  endfacet
  facet normal 0.059218 -0.0276476 0.997862
    outer loop
      vertex -35.0843 -40.1253 2.7023
      vertex -36.8377 -43.9639 2.7
      vertex -35.0525 -40.1402 2.7
    endloop
  endfacet
  facet normal 0.0592453 -0.02766 0.99786
    outer loop
      vertex -36.8377 -43.9639 2.7
      vertex -35.0843 -40.1253 2.7023
      vertex -36.9305 -43.9206 2.70671
    endloop
  endfacet
  facet normal 0.597251 -0.278854 0.752018
    outer loop
      vertex -37.4726 -43.6675 2.95451
      vertex -35.6592 -39.8569 2.92731
      vertex -35.7333 -39.8223 2.99899
    endloop
  endfacet
  facet normal 0.597566 -0.279006 0.751712
    outer loop
      vertex -35.6592 -39.8569 2.92731
      vertex -37.4726 -43.6675 2.95451
      vertex -37.4445 -43.6806 2.92731
    endloop
  endfacet
  facet normal 0.904122 -0.422127 0.0661192
    outer loop
      vertex -37.8345 -43.4986 3.8
      vertex -36.0471 -39.6758 3.7649
      vertex -36.0492 -39.6748 3.8
    endloop
  endfacet
  facet normal 0.904163 -0.422153 0.0653917
    outer loop
      vertex -36.0471 -39.6758 3.7649
      vertex -37.8345 -43.4986 3.8
      vertex -37.8284 -43.5014 3.69758
    endloop
  endfacet
  facet normal -0.0592183 0.027647 0.997862
    outer loop
      vertex -34.9542 -40.186 2.70711
      vertex -36.7076 -44.0247 2.70941
      vertex -34.9224 -40.2009 2.70941
    endloop
  endfacet
  facet normal -0.0592211 0.0276483 0.997862
    outer loop
      vertex -36.7076 -44.0247 2.70941
      vertex -34.9542 -40.186 2.70711
      vertex -36.8004 -43.9813 2.7027
    endloop
  endfacet
  facet normal -0.176527 0.0824145 0.980839
    outer loop
      vertex -36.7076 -44.0247 2.70941
      vertex -34.8911 -40.2155 2.71627
      vertex -34.9224 -40.2009 2.70941
    endloop
  endfacet
  facet normal -0.176754 0.0825226 0.98079
    outer loop
      vertex -34.8911 -40.2155 2.71627
      vertex -36.7076 -44.0247 2.70941
      vertex -36.6164 -44.0673 2.72943
    endloop
  endfacet
  facet normal -0.291212 0.135965 0.946947
    outer loop
      vertex -34.7945 -40.2606 2.73748
      vertex -36.4563 -44.142 2.78373
      vertex -34.671 -40.3182 2.78373
    endloop
  endfacet
  facet normal -0.291212 0.135965 0.946947
    outer loop
      vertex -36.4563 -44.142 2.78373
      vertex -34.7945 -40.2606 2.73748
      vertex -36.5798 -44.0844 2.73748
    endloop
  endfacet
  facet normal 0.753431 -0.351779 -0.555511
    outer loop
      vertex -35.8432 -39.771 4.46964
      vertex -37.6493 -43.5851 4.43534
      vertex -35.8979 -39.7454 4.37924
    endloop
  endfacet
  facet normal 0.753499 -0.351812 -0.555399
    outer loop
      vertex -37.6493 -43.5851 4.43534
      vertex -35.8432 -39.771 4.46964
      vertex -37.6285 -43.5947 4.46964
    endloop
  endfacet
  facet normal -0.681123 0.317993 0.659508
    outer loop
      vertex -36.1329 -44.293 3.02218
      vertex -34.2827 -40.4995 3.10392
      vertex -34.3477 -40.4692 3.02218
    endloop
  endfacet
  facet normal -0.681675 0.318277 0.658801
    outer loop
      vertex -34.2827 -40.4995 3.10392
      vertex -36.1329 -44.293 3.02218
      vertex -36.1083 -44.3045 3.05319
    endloop
  endfacet
  facet normal -0.681413 0.318147 -0.659135
    outer loop
      vertex -34.2617 -40.5093 4.46964
      vertex -36.1083 -44.3045 4.54681
      vertex -34.2827 -40.4995 4.49608
    endloop
  endfacet
  facet normal -0.681389 0.318135 -0.659166
    outer loop
      vertex -36.1083 -44.3045 4.54681
      vertex -34.2617 -40.5093 4.46964
      vertex -36.047 -44.3331 4.46964
    endloop
  endfacet
  facet normal 0.176974 -0.082623 -0.980741
    outer loop
      vertex -36.9678 -43.9032 4.89059
      vertex -35.2138 -40.0648 4.88373
      vertex -35.1826 -40.0794 4.89059
    endloop
  endfacet
  facet normal 0.176685 -0.0824913 -0.980804
    outer loop
      vertex -35.2138 -40.0648 4.88373
      vertex -36.9678 -43.9032 4.89059
      vertex -37.0591 -43.8606 4.87056
    endloop
  endfacet
  facet normal 0.400827 -0.187143 -0.896836
    outer loop
      vertex -37.2192 -43.7859 4.81627
      vertex -35.5508 -39.9075 4.75263
      vertex -35.4339 -39.9621 4.81627
    endloop
  endfacet
  facet normal 0.400827 -0.187143 -0.896836
    outer loop
      vertex -35.5508 -39.9075 4.75263
      vertex -37.2192 -43.7859 4.81627
      vertex -37.3361 -43.7313 4.75263
    endloop
  endfacet
  facet normal 0.681452 -0.318172 0.659083
    outer loop
      vertex -37.6285 -43.5947 3.13036
      vertex -35.7783 -39.8013 3.04863
      vertex -35.8432 -39.771 3.13036
    endloop
  endfacet
  facet normal 0.680251 -0.317554 0.66062
    outer loop
      vertex -35.7783 -39.8013 3.04863
      vertex -37.6285 -43.5947 3.13036
      vertex -37.6038 -43.6063 3.09935
    endloop
  endfacet
  facet normal 0.88878 -0.41497 0.194604
    outer loop
      vertex -37.8186 -43.506 3.61597
      vertex -36.0152 -39.6907 3.5153
      vertex -36.0214 -39.6878 3.5498
    endloop
  endfacet
  facet normal 0.888809 -0.414988 0.194431
    outer loop
      vertex -36.0152 -39.6907 3.5153
      vertex -37.8186 -43.506 3.61597
      vertex -37.8005 -43.5144 3.5153
    endloop
  endfacet
  facet normal 0.888564 -0.41484 0.195862
    outer loop
      vertex -37.8259 -43.5026 3.65642
      vertex -36.0214 -39.6878 3.5498
      vertex -36.0407 -39.6788 3.65642
    endloop
  endfacet
  facet normal 0.888667 -0.414906 0.195252
    outer loop
      vertex -36.0214 -39.6878 3.5498
      vertex -37.8259 -43.5026 3.65642
      vertex -37.8186 -43.506 3.61597
    endloop
  endfacet
  facet normal -0.400827 0.187143 0.896836
    outer loop
      vertex -34.671 -40.3182 2.78373
      vertex -36.3394 -44.1966 2.84737
      vertex -34.5541 -40.3728 2.84737
    endloop
  endfacet
  facet normal -0.400827 0.187143 0.896836
    outer loop
      vertex -36.3394 -44.1966 2.84737
      vertex -34.671 -40.3182 2.78373
      vertex -36.4563 -44.142 2.78373
    endloop
  endfacet
  facet normal -0.753391 0.351752 0.555583
    outer loop
      vertex -36.047 -44.3331 3.13036
      vertex -34.1893 -40.5432 3.25
      vertex -34.2617 -40.5093 3.13036
    endloop
  endfacet
  facet normal -0.753511 0.351817 0.555379
    outer loop
      vertex -34.1893 -40.5432 3.25
      vertex -36.047 -44.3331 3.13036
      vertex -35.9746 -44.3669 3.25
    endloop
  endfacet
  facet normal -0.596906 0.27869 0.752353
    outer loop
      vertex -36.231 -44.2472 2.92731
      vertex -34.4217 -40.4346 2.9505
      vertex -34.4457 -40.4234 2.92731
    endloop
  endfacet
  facet normal -0.597056 0.278762 0.752208
    outer loop
      vertex -34.4217 -40.4346 2.9505
      vertex -36.231 -44.2472 2.92731
      vertex -36.161 -44.2799 2.99499
    endloop
  endfacet
  facet normal 0.904122 -0.422127 -0.0661192
    outer loop
      vertex -36.0471 -39.6758 3.8351
      vertex -37.8345 -43.4986 3.8
      vertex -36.0492 -39.6748 3.8
    endloop
  endfacet
  facet normal 0.904163 -0.422153 -0.0653917
    outer loop
      vertex -37.8345 -43.4986 3.8
      vertex -36.0471 -39.6758 3.8351
      vertex -37.8284 -43.5014 3.90242
    endloop
  endfacet
  facet normal 0.858082 -0.400642 -0.321219
    outer loop
      vertex -35.9733 -39.7102 4.22095
      vertex -37.8005 -43.5144 4.0847
      vertex -36.0152 -39.6907 4.0847
    endloop
  endfacet
  facet normal 0.858005 -0.400595 -0.321483
    outer loop
      vertex -37.8005 -43.5144 4.0847
      vertex -35.9733 -39.7102 4.22095
      vertex -37.7586 -43.534 4.22095
    endloop
  endfacet
  facet normal -0.0592183 0.027647 -0.997862
    outer loop
      vertex -36.7076 -44.0247 4.89059
      vertex -34.9542 -40.186 4.89289
      vertex -34.9224 -40.2009 4.89059
    endloop
  endfacet
  facet normal -0.0592211 0.0276483 -0.997862
    outer loop
      vertex -34.9542 -40.186 4.89289
      vertex -36.7076 -44.0247 4.89059
      vertex -36.8004 -43.9813 4.8973
    endloop
  endfacet
  facet normal 0.059218 -0.0276476 -0.997862
    outer loop
      vertex -36.8377 -43.9639 4.9
      vertex -35.0843 -40.1253 4.8977
      vertex -35.0525 -40.1402 4.9
    endloop
  endfacet
  facet normal 0.0592453 -0.02766 -0.99786
    outer loop
      vertex -35.0843 -40.1253 4.8977
      vertex -36.8377 -43.9639 4.9
      vertex -36.9305 -43.9206 4.89329
    endloop
  endfacet
  facet normal -0.176838 0.082563 -0.980771
    outer loop
      vertex -36.7076 -44.0247 4.89059
      vertex -34.8911 -40.2155 4.88373
      vertex -36.6164 -44.0673 4.87056
    endloop
  endfacet
  facet normal -0.176527 0.0824145 -0.980839
    outer loop
      vertex -34.8911 -40.2155 4.88373
      vertex -36.7076 -44.0247 4.89059
      vertex -34.9224 -40.2009 4.89059
    endloop
  endfacet
  facet normal -0.176866 0.0825771 -0.980765
    outer loop
      vertex -36.6164 -44.0673 4.87056
      vertex -34.7945 -40.2606 4.86252
      vertex -36.5798 -44.0844 4.86252
    endloop
  endfacet
  facet normal -0.176805 0.0825481 -0.980778
    outer loop
      vertex -34.7945 -40.2606 4.86252
      vertex -36.6164 -44.0673 4.87056
      vertex -34.8911 -40.2155 4.88373
    endloop
  endfacet
  facet normal 0.0592567 -0.0276656 -0.997859
    outer loop
      vertex -36.9305 -43.9206 4.89329
      vertex -35.1826 -40.0794 4.89059
      vertex -35.0843 -40.1253 4.8977
    endloop
  endfacet
  facet normal 0.0593132 -0.0276913 -0.997855
    outer loop
      vertex -35.1826 -40.0794 4.89059
      vertex -36.9305 -43.9206 4.89329
      vertex -36.9678 -43.9032 4.89059
    endloop
  endfacet
  facet normal 0.291299 -0.136005 -0.946915
    outer loop
      vertex -37.1311 -43.827 4.84926
      vertex -35.3104 -40.0197 4.86252
      vertex -37.0957 -43.8435 4.86252
    endloop
  endfacet
  facet normal 0.291301 -0.136006 -0.946914
    outer loop
      vertex -35.3104 -40.0197 4.86252
      vertex -37.1311 -43.827 4.84926
      vertex -35.4037 -39.9762 4.82757
    endloop
  endfacet
  facet normal -0.753391 0.351752 -0.555583
    outer loop
      vertex -34.1893 -40.5432 4.35
      vertex -36.047 -44.3331 4.46964
      vertex -34.2617 -40.5093 4.46964
    endloop
  endfacet
  facet normal -0.753511 0.351817 -0.555379
    outer loop
      vertex -36.047 -44.3331 4.46964
      vertex -34.1893 -40.5432 4.35
      vertex -35.9746 -44.3669 4.35
    endloop
  endfacet
  facet normal 0.88878 -0.41497 -0.194604
    outer loop
      vertex -36.0152 -39.6907 4.0847
      vertex -37.8186 -43.506 3.98403
      vertex -36.0214 -39.6878 4.0502
    endloop
  endfacet
  facet normal 0.888809 -0.414988 -0.194431
    outer loop
      vertex -37.8186 -43.506 3.98403
      vertex -36.0152 -39.6907 4.0847
      vertex -37.8005 -43.5144 4.0847
    endloop
  endfacet
  facet normal 0.888564 -0.41484 -0.195862
    outer loop
      vertex -36.0214 -39.6878 4.0502
      vertex -37.8259 -43.5026 3.94358
      vertex -36.0407 -39.6788 3.94358
    endloop
  endfacet
  facet normal 0.888667 -0.414906 -0.195252
    outer loop
      vertex -37.8259 -43.5026 3.94358
      vertex -36.0214 -39.6878 4.0502
      vertex -37.8186 -43.506 3.98403
    endloop
  endfacet
  facet normal 0.812933 -0.379585 0.441651
    outer loop
      vertex -37.7421 -43.5417 3.34205
      vertex -35.9156 -39.7371 3.25
      vertex -35.9297 -39.7306 3.28154
    endloop
  endfacet
  facet normal 0.81245 -0.379326 0.44276
    outer loop
      vertex -35.9156 -39.7371 3.25
      vertex -37.7421 -43.5417 3.34205
      vertex -37.7009 -43.5609 3.25
    endloop
  endfacet
  facet normal 0.812496 -0.379348 0.442657
    outer loop
      vertex -37.7586 -43.534 3.37905
      vertex -35.9297 -39.7306 3.28154
      vertex -35.9733 -39.7102 3.37905
    endloop
  endfacet
  facet normal 0.81298 -0.379609 0.441545
    outer loop
      vertex -35.9297 -39.7306 3.28154
      vertex -37.7586 -43.534 3.37905
      vertex -37.7421 -43.5417 3.34205
    endloop
  endfacet
  facet normal 0.681452 -0.318172 -0.659083
    outer loop
      vertex -35.7783 -39.8013 4.55137
      vertex -37.6285 -43.5947 4.46964
      vertex -35.8432 -39.771 4.46964
    endloop
  endfacet
  facet normal 0.680251 -0.317554 -0.66062
    outer loop
      vertex -37.6285 -43.5947 4.46964
      vertex -35.7783 -39.8013 4.55137
      vertex -37.6038 -43.6063 4.50065
    endloop
  endfacet
  facet normal 0.291301 -0.136006 0.946914
    outer loop
      vertex -37.1311 -43.827 2.75074
      vertex -35.3104 -40.0197 2.73748
      vertex -35.4037 -39.9762 2.77243
    endloop
  endfacet
  facet normal 0.291299 -0.136005 0.946915
    outer loop
      vertex -35.3104 -40.0197 2.73748
      vertex -37.1311 -43.827 2.75074
      vertex -37.0957 -43.8435 2.73748
    endloop
  endfacet
  facet normal 0.503239 -0.234958 0.831592
    outer loop
      vertex -35.5773 -39.8951 2.86691
      vertex -37.3361 -43.7313 2.84737
      vertex -35.5508 -39.9075 2.84737
    endloop
  endfacet
  facet normal 0.503559 -0.235103 0.831357
    outer loop
      vertex -37.3361 -43.7313 2.84737
      vertex -35.5773 -39.8951 2.86691
      vertex -37.4134 -43.6952 2.9044
    endloop
  endfacet
  facet normal 0.68153 -0.318189 0.658994
    outer loop
      vertex -37.6038 -43.6063 3.09935
      vertex -35.7573 -39.8111 3.02218
      vertex -35.7783 -39.8013 3.04863
    endloop
  endfacet
  facet normal 0.681396 -0.31812 0.659166
    outer loop
      vertex -35.7573 -39.8111 3.02218
      vertex -37.6038 -43.6063 3.09935
      vertex -37.5425 -43.6349 3.02218
    endloop
  endfacet
  facet normal -0.681413 0.318147 0.659135
    outer loop
      vertex -36.1083 -44.3045 3.05319
      vertex -34.2617 -40.5093 3.13036
      vertex -34.2827 -40.4995 3.10392
    endloop
  endfacet
  facet normal -0.681389 0.318135 0.659166
    outer loop
      vertex -34.2617 -40.5093 3.13036
      vertex -36.1083 -44.3045 3.05319
      vertex -36.047 -44.3331 3.13036
    endloop
  endfacet
  facet normal -0.858086 0.400633 0.321219
    outer loop
      vertex -35.9169 -44.3939 3.37905
      vertex -34.0897 -40.5896 3.5153
      vertex -34.1316 -40.5701 3.37905
    endloop
  endfacet
  facet normal -0.858086 0.400633 0.321219
    outer loop
      vertex -34.0897 -40.5896 3.5153
      vertex -35.9169 -44.3939 3.37905
      vertex -35.875 -44.4134 3.5153
    endloop
  endfacet
  facet normal -0.88878 0.41497 0.194604
    outer loop
      vertex -35.8677 -44.4168 3.55575
      vertex -34.0643 -40.6015 3.65642
      vertex -34.0705 -40.5986 3.62192
    endloop
  endfacet
  facet normal -0.888598 0.414855 0.195676
    outer loop
      vertex -34.0643 -40.6015 3.65642
      vertex -35.8677 -44.4168 3.55575
      vertex -35.8495 -44.4253 3.65642
    endloop
  endfacet
  facet normal -0.8887 0.414926 0.195061
    outer loop
      vertex -35.875 -44.4134 3.5153
      vertex -34.0705 -40.5986 3.62192
      vertex -34.0897 -40.5896 3.5153
    endloop
  endfacet
  facet normal -0.888667 0.414906 0.195252
    outer loop
      vertex -34.0705 -40.5986 3.62192
      vertex -35.875 -44.4134 3.5153
      vertex -35.8677 -44.4168 3.55575
    endloop
  endfacet
  facet normal 0.503501 -0.235075 -0.8314
    outer loop
      vertex -37.4134 -43.6952 4.6956
      vertex -35.6592 -39.8569 4.67269
      vertex -35.5773 -39.8951 4.73309
    endloop
  endfacet
  facet normal 0.502701 -0.234713 -0.831986
    outer loop
      vertex -35.6592 -39.8569 4.67269
      vertex -37.4134 -43.6952 4.6956
      vertex -37.4445 -43.6806 4.67269
    endloop
  endfacet
  facet normal 0.503239 -0.234958 -0.831592
    outer loop
      vertex -37.3361 -43.7313 4.75263
      vertex -35.5773 -39.8951 4.73309
      vertex -35.5508 -39.9075 4.75263
    endloop
  endfacet
  facet normal 0.503559 -0.235103 -0.831357
    outer loop
      vertex -35.5773 -39.8951 4.73309
      vertex -37.3361 -43.7313 4.75263
      vertex -37.4134 -43.6952 4.6956
    endloop
  endfacet
  facet normal -0.503435 0.23505 -0.831447
    outer loop
      vertex -36.231 -44.2472 4.67269
      vertex -34.5541 -40.3728 4.75263
      vertex -34.4457 -40.4234 4.67269
    endloop
  endfacet
  facet normal -0.503435 0.23505 -0.831447
    outer loop
      vertex -34.5541 -40.3728 4.75263
      vertex -36.231 -44.2472 4.67269
      vertex -36.3394 -44.1966 4.75263
    endloop
  endfacet
  facet normal -0.400827 0.187143 -0.896836
    outer loop
      vertex -36.3394 -44.1966 4.75263
      vertex -34.671 -40.3182 4.81627
      vertex -34.5541 -40.3728 4.75263
    endloop
  endfacet
  facet normal -0.400827 0.187143 -0.896836
    outer loop
      vertex -34.671 -40.3182 4.81627
      vertex -36.3394 -44.1966 4.75263
      vertex -36.4563 -44.142 4.81627
    endloop
  endfacet
  facet normal -0.904131 0.422108 0.0661192
    outer loop
      vertex -35.8495 -44.4253 3.65642
      vertex -34.0622 -40.6025 3.69152
      vertex -34.0643 -40.6015 3.65642
    endloop
  endfacet
  facet normal -0.904198 0.42215 0.0649231
    outer loop
      vertex -34.0622 -40.6025 3.69152
      vertex -35.8495 -44.4253 3.65642
      vertex -35.8435 -44.4282 3.75884
    endloop
  endfacet
  facet normal -0.904137 0.422138 0.065849
    outer loop
      vertex -35.8435 -44.4282 3.75884
      vertex -34.0557 -40.6055 3.8
      vertex -34.0622 -40.6025 3.69152
    endloop
  endfacet
  facet normal -0.904118 0.422125 0.0661961
    outer loop
      vertex -34.0557 -40.6055 3.8
      vertex -35.8435 -44.4282 3.75884
      vertex -35.841 -44.4293 3.8
    endloop
  endfacet
  facet normal -0.812602 0.379407 -0.442411
    outer loop
      vertex -34.1316 -40.5701 4.22095
      vertex -35.9746 -44.3669 4.35
      vertex -34.1893 -40.5432 4.35
    endloop
  endfacet
  facet normal -0.8125 0.37935 -0.442648
    outer loop
      vertex -35.9746 -44.3669 4.35
      vertex -34.1316 -40.5701 4.22095
      vertex -35.9169 -44.3939 4.22095
    endloop
  endfacet
  facet normal -0.681123 0.317993 -0.659508
    outer loop
      vertex -34.2827 -40.4995 4.49608
      vertex -36.1329 -44.293 4.57782
      vertex -34.3477 -40.4692 4.57782
    endloop
  endfacet
  facet normal -0.681675 0.318277 -0.658801
    outer loop
      vertex -36.1329 -44.293 4.57782
      vertex -34.2827 -40.4995 4.49608
      vertex -36.1083 -44.3045 4.54681
    endloop
  endfacet
  facet normal -0.59745 0.278929 -0.751832
    outer loop
      vertex -36.161 -44.2799 4.60501
      vertex -34.3477 -40.4692 4.57782
      vertex -36.1329 -44.293 4.57782
    endloop
  endfacet
  facet normal -0.597631 0.279016 -0.751656
    outer loop
      vertex -34.3477 -40.4692 4.57782
      vertex -36.161 -44.2799 4.60501
      vertex -34.4217 -40.4346 4.6495
    endloop
  endfacet
  facet normal 0.753258 -0.35169 -0.555803
    outer loop
      vertex -35.8979 -39.7454 4.37924
      vertex -37.7009 -43.5609 4.35
      vertex -35.9156 -39.7371 4.35
    endloop
  endfacet
  facet normal 0.753517 -0.351816 -0.555372
    outer loop
      vertex -37.7009 -43.5609 4.35
      vertex -35.8979 -39.7454 4.37924
      vertex -37.6493 -43.5851 4.43534
    endloop
  endfacet
  facet normal 0.81248 -0.37934 -0.442694
    outer loop
      vertex -35.9297 -39.7306 4.31845
      vertex -37.7586 -43.534 4.22095
      vertex -35.9733 -39.7102 4.22095
    endloop
  endfacet
  facet normal 0.812979 -0.37961 -0.441545
    outer loop
      vertex -37.7586 -43.534 4.22095
      vertex -35.9297 -39.7306 4.31845
      vertex -37.7421 -43.5417 4.25795
    endloop
  endfacet
  facet normal 0.858082 -0.400642 0.321219
    outer loop
      vertex -37.8005 -43.5144 3.5153
      vertex -35.9733 -39.7102 3.37905
      vertex -36.0152 -39.6907 3.5153
    endloop
  endfacet
  facet normal 0.858005 -0.400595 0.321483
    outer loop
      vertex -35.9733 -39.7102 3.37905
      vertex -37.8005 -43.5144 3.5153
      vertex -37.7586 -43.534 3.37905
    endloop
  endfacet
  facet normal 0.176804 -0.0825514 0.980778
    outer loop
      vertex -35.3104 -40.0197 2.73748
      vertex -37.0591 -43.8606 2.72943
      vertex -35.2138 -40.0648 2.71627
    endloop
  endfacet
  facet normal 0.177077 -0.0826758 0.980718
    outer loop
      vertex -37.0591 -43.8606 2.72943
      vertex -35.3104 -40.0197 2.73748
      vertex -37.0957 -43.8435 2.73748
    endloop
  endfacet
  facet normal 0.0592567 -0.0276656 0.997859
    outer loop
      vertex -35.1826 -40.0794 2.70941
      vertex -36.9305 -43.9206 2.70671
      vertex -35.0843 -40.1253 2.7023
    endloop
  endfacet
  facet normal 0.0593132 -0.0276913 0.997855
    outer loop
      vertex -36.9305 -43.9206 2.70671
      vertex -35.1826 -40.0794 2.70941
      vertex -36.9678 -43.9032 2.70941
    endloop
  endfacet
  facet normal 0.290939 -0.135837 0.94705
    outer loop
      vertex -37.2192 -43.7859 2.78373
      vertex -35.4037 -39.9762 2.77243
      vertex -35.4339 -39.9621 2.78373
    endloop
  endfacet
  facet normal 0.291177 -0.13595 0.94696
    outer loop
      vertex -35.4037 -39.9762 2.77243
      vertex -37.2192 -43.7859 2.78373
      vertex -37.1311 -43.827 2.75074
    endloop
  endfacet
  facet normal 0.753431 -0.351779 0.555511
    outer loop
      vertex -37.6493 -43.5851 3.16466
      vertex -35.8432 -39.771 3.13036
      vertex -35.8979 -39.7454 3.22076
    endloop
  endfacet
  facet normal 0.753499 -0.351812 0.555399
    outer loop
      vertex -35.8432 -39.771 3.13036
      vertex -37.6493 -43.5851 3.16466
      vertex -37.6285 -43.5947 3.13036
    endloop
  endfacet
  facet normal 0.753258 -0.35169 0.555803
    outer loop
      vertex -37.7009 -43.5609 3.25
      vertex -35.8979 -39.7454 3.22076
      vertex -35.9156 -39.7371 3.25
    endloop
  endfacet
  facet normal 0.753517 -0.351816 0.555372
    outer loop
      vertex -35.8979 -39.7454 3.22076
      vertex -37.7009 -43.5609 3.25
      vertex -37.6493 -43.5851 3.16466
    endloop
  endfacet
  facet normal -0.8887 0.414926 -0.195061
    outer loop
      vertex -34.0705 -40.5986 3.97808
      vertex -35.875 -44.4134 4.0847
      vertex -34.0897 -40.5896 4.0847
    endloop
  endfacet
  facet normal -0.888667 0.414906 -0.195252
    outer loop
      vertex -35.875 -44.4134 4.0847
      vertex -34.0705 -40.5986 3.97808
      vertex -35.8677 -44.4168 4.04425
    endloop
  endfacet
  facet normal -0.858086 0.400633 -0.321219
    outer loop
      vertex -34.0897 -40.5896 4.0847
      vertex -35.9169 -44.3939 4.22095
      vertex -34.1316 -40.5701 4.22095
    endloop
  endfacet
  facet normal -0.858086 0.400633 -0.321219
    outer loop
      vertex -35.9169 -44.3939 4.22095
      vertex -34.0897 -40.5896 4.0847
      vertex -35.875 -44.4134 4.0847
    endloop
  endfacet
  facet normal 0.291177 -0.13595 -0.94696
    outer loop
      vertex -37.2192 -43.7859 4.81627
      vertex -35.4037 -39.9762 4.82757
      vertex -37.1311 -43.827 4.84926
    endloop
  endfacet
  facet normal 0.290939 -0.135837 -0.94705
    outer loop
      vertex -35.4037 -39.9762 4.82757
      vertex -37.2192 -43.7859 4.81627
      vertex -35.4339 -39.9621 4.81627
    endloop
  endfacet
  facet normal -0.904131 0.422108 -0.0661192
    outer loop
      vertex -34.0622 -40.6025 3.90848
      vertex -35.8495 -44.4253 3.94358
      vertex -34.0643 -40.6015 3.94358
    endloop
  endfacet
  facet normal -0.904198 0.42215 -0.0649231
    outer loop
      vertex -35.8495 -44.4253 3.94358
      vertex -34.0622 -40.6025 3.90848
      vertex -35.8435 -44.4282 3.84116
    endloop
  endfacet
  facet normal -0.904137 0.422138 -0.065849
    outer loop
      vertex -34.0557 -40.6055 3.8
      vertex -35.8435 -44.4282 3.84116
      vertex -34.0622 -40.6025 3.90848
    endloop
  endfacet
  facet normal -0.904118 0.422125 -0.0661961
    outer loop
      vertex -35.8435 -44.4282 3.84116
      vertex -34.0557 -40.6055 3.8
      vertex -35.841 -44.4293 3.8
    endloop
  endfacet
  facet normal -0.597056 0.278762 -0.752208
    outer loop
      vertex -36.231 -44.2472 4.67269
      vertex -34.4217 -40.4346 4.6495
      vertex -36.161 -44.2799 4.60501
    endloop
  endfacet
  facet normal -0.596906 0.27869 -0.752353
    outer loop
      vertex -34.4217 -40.4346 4.6495
      vertex -36.231 -44.2472 4.67269
      vertex -34.4457 -40.4234 4.67269
    endloop
  endfacet
  facet normal 0.597566 -0.279006 -0.751712
    outer loop
      vertex -37.4726 -43.6675 4.64549
      vertex -35.6592 -39.8569 4.67269
      vertex -37.4445 -43.6806 4.67269
    endloop
  endfacet
  facet normal 0.597251 -0.278854 -0.752018
    outer loop
      vertex -35.6592 -39.8569 4.67269
      vertex -37.4726 -43.6675 4.64549
      vertex -35.7333 -39.8223 4.60101
    endloop
  endfacet
  facet normal 0.59759 -0.279004 -0.751693
    outer loop
      vertex -37.5425 -43.6349 4.57782
      vertex -35.7333 -39.8223 4.60101
      vertex -37.4726 -43.6675 4.64549
    endloop
  endfacet
  facet normal 0.596912 -0.278677 -0.752353
    outer loop
      vertex -35.7333 -39.8223 4.60101
      vertex -37.5425 -43.6349 4.57782
      vertex -35.7573 -39.8111 4.57782
    endloop
  endfacet
  facet normal 0.812982 -0.379611 -0.441538
    outer loop
      vertex -35.9156 -39.7371 4.35
      vertex -37.7421 -43.5417 4.25795
      vertex -35.9297 -39.7306 4.31845
    endloop
  endfacet
  facet normal 0.81245 -0.379326 -0.44276
    outer loop
      vertex -37.7421 -43.5417 4.25795
      vertex -35.9156 -39.7371 4.35
      vertex -37.7009 -43.5609 4.35
    endloop
  endfacet
  facet normal 0.503501 -0.235075 0.8314
    outer loop
      vertex -35.6592 -39.8569 2.92731
      vertex -37.4134 -43.6952 2.9044
      vertex -35.5773 -39.8951 2.86691
    endloop
  endfacet
  facet normal 0.502701 -0.234713 0.831986
    outer loop
      vertex -37.4134 -43.6952 2.9044
      vertex -35.6592 -39.8569 2.92731
      vertex -37.4445 -43.6806 2.92731
    endloop
  endfacet
  facet normal 0.400827 -0.187143 0.896836
    outer loop
      vertex -35.5508 -39.9075 2.84737
      vertex -37.2192 -43.7859 2.78373
      vertex -35.4339 -39.9621 2.78373
    endloop
  endfacet
  facet normal 0.400827 -0.187143 0.896836
    outer loop
      vertex -37.2192 -43.7859 2.78373
      vertex -35.5508 -39.9075 2.84737
      vertex -37.3361 -43.7313 2.84737
    endloop
  endfacet
  facet normal -0.88878 0.41497 -0.194604
    outer loop
      vertex -34.0643 -40.6015 3.94358
      vertex -35.8677 -44.4168 4.04425
      vertex -34.0705 -40.5986 3.97808
    endloop
  endfacet
  facet normal -0.888598 0.414855 -0.195676
    outer loop
      vertex -35.8677 -44.4168 4.04425
      vertex -34.0643 -40.6015 3.94358
      vertex -35.8495 -44.4253 3.94358
    endloop
  endfacet
  facet normal -0.0591961 0.0276387 0.997864
    outer loop
      vertex -35.0525 -40.1402 30.2
      vertex -36.8004 -43.9813 30.2027
      vertex -34.9542 -40.186 30.2071
    endloop
  endfacet
  facet normal -0.0593129 0.0276919 0.997855
    outer loop
      vertex -36.8004 -43.9813 30.2027
      vertex -35.0525 -40.1402 30.2
      vertex -36.8377 -43.9639 30.2
    endloop
  endfacet
  facet normal -0.176731 0.0824973 0.980796
    outer loop
      vertex -36.6164 -44.0673 30.2294
      vertex -34.7945 -40.2606 30.2375
      vertex -34.8911 -40.2155 30.2163
    endloop
  endfacet
  facet normal -0.178135 0.0831696 0.980485
    outer loop
      vertex -34.7945 -40.2606 30.2375
      vertex -36.6164 -44.0673 30.2294
      vertex -36.5798 -44.0844 30.2375
    endloop
  endfacet
  facet normal 0.904189 -0.422158 -0.0650072
    outer loop
      vertex -36.0407 -39.6788 31.4436
      vertex -37.8284 -43.5014 31.4024
      vertex -36.0471 -39.6758 31.3351
    endloop
  endfacet
  facet normal 0.904069 -0.422078 -0.0671521
    outer loop
      vertex -37.8284 -43.5014 31.4024
      vertex -36.0407 -39.6788 31.4436
      vertex -37.8259 -43.5026 31.4436
    endloop
  endfacet
  facet normal -0.597726 0.27906 0.751565
    outer loop
      vertex -36.161 -44.2799 30.495
      vertex -34.3477 -40.4692 30.5222
      vertex -34.4217 -40.4346 30.4505
    endloop
  endfacet
  facet normal -0.597574 0.278987 0.751712
    outer loop
      vertex -34.3477 -40.4692 30.5222
      vertex -36.161 -44.2799 30.495
      vertex -36.1329 -44.293 30.5222
    endloop
  endfacet
  facet normal -0.0591961 0.0276387 -0.997864
    outer loop
      vertex -36.8004 -43.9813 32.3973
      vertex -35.0525 -40.1402 32.4
      vertex -34.9542 -40.186 32.3929
    endloop
  endfacet
  facet normal -0.0593129 0.0276919 -0.997855
    outer loop
      vertex -35.0525 -40.1402 32.4
      vertex -36.8004 -43.9813 32.3973
      vertex -36.8377 -43.9639 32.4
    endloop
  endfacet
  facet normal 0.680981 -0.317902 -0.659699
    outer loop
      vertex -35.7573 -39.8111 32.0778
      vertex -37.6038 -43.6063 32.0006
      vertex -35.7783 -39.8013 32.0514
    endloop
  endfacet
  facet normal 0.681511 -0.318174 -0.659021
    outer loop
      vertex -37.6038 -43.6063 32.0006
      vertex -35.7573 -39.8111 32.0778
      vertex -37.5425 -43.6349 32.0778
    endloop
  endfacet
  facet normal 0.904189 -0.422158 0.0650072
    outer loop
      vertex -37.8284 -43.5014 31.1976
      vertex -36.0407 -39.6788 31.1564
      vertex -36.0471 -39.6758 31.2649
    endloop
  endfacet
  facet normal 0.904069 -0.422078 0.0671521
    outer loop
      vertex -36.0407 -39.6788 31.1564
      vertex -37.8284 -43.5014 31.1976
      vertex -37.8259 -43.5026 31.1564
    endloop
  endfacet
  facet normal 0.597057 -0.278745 0.752212
    outer loop
      vertex -37.5425 -43.6349 30.5222
      vertex -35.7333 -39.8223 30.499
      vertex -35.7573 -39.8111 30.5222
    endloop
  endfacet
  facet normal 0.59774 -0.279073 0.751548
    outer loop
      vertex -35.7333 -39.8223 30.499
      vertex -37.5425 -43.6349 30.5222
      vertex -37.4726 -43.6675 30.4545
    endloop
  endfacet
  facet normal -0.503261 0.234968 0.831576
    outer loop
      vertex -34.5541 -40.3728 30.3474
      vertex -36.231 -44.2472 30.4273
      vertex -34.4457 -40.4234 30.4273
    endloop
  endfacet
  facet normal -0.503261 0.234968 0.831576
    outer loop
      vertex -36.231 -44.2472 30.4273
      vertex -34.5541 -40.3728 30.3474
      vertex -36.3394 -44.1966 30.3474
    endloop
  endfacet
  facet normal -0.812541 0.379378 0.442549
    outer loop
      vertex -35.9746 -44.3669 30.75
      vertex -34.1316 -40.5701 30.879
      vertex -34.1893 -40.5432 30.75
    endloop
  endfacet
  facet normal -0.812439 0.379321 0.442786
    outer loop
      vertex -34.1316 -40.5701 30.879
      vertex -35.9746 -44.3669 30.75
      vertex -35.9169 -44.3939 30.879
    endloop
  endfacet
  facet normal -0.29093 0.135833 -0.947053
    outer loop
      vertex -36.4563 -44.142 32.3163
      vertex -34.7945 -40.2606 32.3625
      vertex -34.671 -40.3182 32.3163
    endloop
  endfacet
  facet normal -0.29093 0.135833 -0.947053
    outer loop
      vertex -34.7945 -40.2606 32.3625
      vertex -36.4563 -44.142 32.3163
      vertex -36.5798 -44.0844 32.3625
    endloop
  endfacet
  facet normal 0.176718 -0.0825253 -0.980796
    outer loop
      vertex -37.0591 -43.8606 32.3706
      vertex -35.3104 -40.0197 32.3625
      vertex -35.2138 -40.0648 32.3837
    endloop
  endfacet
  facet normal 0.178135 -0.0831696 -0.980485
    outer loop
      vertex -35.3104 -40.0197 32.3625
      vertex -37.0591 -43.8606 32.3706
      vertex -37.0957 -43.8435 32.3625
    endloop
  endfacet
  facet normal 0.177966 -0.0830863 0.980523
    outer loop
      vertex -35.2138 -40.0648 30.2163
      vertex -36.9678 -43.9032 30.2094
      vertex -35.1826 -40.0794 30.2094
    endloop
  endfacet
  facet normal 0.176426 -0.082383 0.98086
    outer loop
      vertex -36.9678 -43.9032 30.2094
      vertex -35.2138 -40.0648 30.2163
      vertex -37.0591 -43.8606 30.2294
    endloop
  endfacet
  facet normal 0.059218 -0.0276476 0.997862
    outer loop
      vertex -35.0843 -40.1253 30.2023
      vertex -36.8377 -43.9639 30.2
      vertex -35.0525 -40.1402 30.2
    endloop
  endfacet
  facet normal 0.059157 -0.0276197 0.997867
    outer loop
      vertex -36.8377 -43.9639 30.2
      vertex -35.0843 -40.1253 30.2023
      vertex -36.9305 -43.9206 30.2067
    endloop
  endfacet
  facet normal 0.597345 -0.278899 0.751927
    outer loop
      vertex -37.4726 -43.6675 30.4545
      vertex -35.6592 -39.8569 30.4273
      vertex -35.7333 -39.8223 30.499
    endloop
  endfacet
  facet normal 0.597566 -0.279006 0.751712
    outer loop
      vertex -35.6592 -39.8569 30.4273
      vertex -37.4726 -43.6675 30.4545
      vertex -37.4445 -43.6806 30.4273
    endloop
  endfacet
  facet normal 0.904122 -0.422127 0.0661192
    outer loop
      vertex -37.8345 -43.4986 31.3
      vertex -36.0471 -39.6758 31.2649
      vertex -36.0492 -39.6748 31.3
    endloop
  endfacet
  facet normal 0.904162 -0.422152 0.0654045
    outer loop
      vertex -36.0471 -39.6758 31.2649
      vertex -37.8345 -43.4986 31.3
      vertex -37.8284 -43.5014 31.1976
    endloop
  endfacet
  facet normal -0.0592183 0.027647 0.997862
    outer loop
      vertex -34.9542 -40.186 30.2071
      vertex -36.7076 -44.0247 30.2094
      vertex -34.9224 -40.2009 30.2094
    endloop
  endfacet
  facet normal -0.0591329 0.027608 0.997868
    outer loop
      vertex -36.7076 -44.0247 30.2094
      vertex -34.9542 -40.186 30.2071
      vertex -36.8004 -43.9813 30.2027
    endloop
  endfacet
  facet normal -0.177517 0.0828767 0.980622
    outer loop
      vertex -36.7076 -44.0247 30.2094
      vertex -34.8911 -40.2155 30.2163
      vertex -34.9224 -40.2009 30.2094
    endloop
  endfacet
  facet normal -0.176589 0.0824334 0.980827
    outer loop
      vertex -34.8911 -40.2155 30.2163
      vertex -36.7076 -44.0247 30.2094
      vertex -36.6164 -44.0673 30.2294
    endloop
  endfacet
  facet normal -0.29093 0.135833 0.947053
    outer loop
      vertex -34.7945 -40.2606 30.2375
      vertex -36.4563 -44.142 30.2837
      vertex -34.671 -40.3182 30.2837
    endloop
  endfacet
  facet normal -0.29093 0.135833 0.947053
    outer loop
      vertex -36.4563 -44.142 30.2837
      vertex -34.7945 -40.2606 30.2375
      vertex -36.5798 -44.0844 30.2375
    endloop
  endfacet
  facet normal 0.753431 -0.351779 -0.555511
    outer loop
      vertex -35.8432 -39.771 31.9696
      vertex -37.6493 -43.5851 31.9353
      vertex -35.8979 -39.7454 31.8792
    endloop
  endfacet
  facet normal 0.753499 -0.351812 -0.555399
    outer loop
      vertex -37.6493 -43.5851 31.9353
      vertex -35.8432 -39.771 31.9696
      vertex -37.6285 -43.5947 31.9696
    endloop
  endfacet
  facet normal -0.680978 0.317925 0.659691
    outer loop
      vertex -36.1329 -44.293 30.5222
      vertex -34.2827 -40.4995 30.6039
      vertex -34.3477 -40.4692 30.5222
    endloop
  endfacet
  facet normal -0.681579 0.318235 0.658921
    outer loop
      vertex -34.2827 -40.4995 30.6039
      vertex -36.1329 -44.293 30.5222
      vertex -36.1083 -44.3045 30.5532
    endloop
  endfacet
  facet normal -0.682074 0.318481 -0.658289
    outer loop
      vertex -34.2617 -40.5093 31.9696
      vertex -36.1083 -44.3045 32.0468
      vertex -34.2827 -40.4995 31.9961
    endloop
  endfacet
  facet normal -0.681504 0.318189 -0.659021
    outer loop
      vertex -36.1083 -44.3045 32.0468
      vertex -34.2617 -40.5093 31.9696
      vertex -36.047 -44.3331 31.9696
    endloop
  endfacet
  facet normal 0.177966 -0.0830863 -0.980523
    outer loop
      vertex -36.9678 -43.9032 32.3906
      vertex -35.2138 -40.0648 32.3837
      vertex -35.1826 -40.0794 32.3906
    endloop
  endfacet
  facet normal 0.176426 -0.082383 -0.98086
    outer loop
      vertex -35.2138 -40.0648 32.3837
      vertex -36.9678 -43.9032 32.3906
      vertex -37.0591 -43.8606 32.3706
    endloop
  endfacet
  facet normal 0.401131 -0.187285 -0.896671
    outer loop
      vertex -37.2192 -43.7859 32.3163
      vertex -35.5508 -39.9075 32.2526
      vertex -35.4339 -39.9621 32.3163
    endloop
  endfacet
  facet normal 0.401131 -0.187285 -0.896671
    outer loop
      vertex -35.5508 -39.9075 32.2526
      vertex -37.2192 -43.7859 32.3163
      vertex -37.3361 -43.7313 32.2526
    endloop
  endfacet
  facet normal 0.681705 -0.318291 0.658764
    outer loop
      vertex -37.6285 -43.5947 30.6304
      vertex -35.7783 -39.8013 30.5486
      vertex -35.8432 -39.771 30.6304
    endloop
  endfacet
  facet normal 0.681099 -0.317978 0.65954
    outer loop
      vertex -35.7783 -39.8013 30.5486
      vertex -37.6285 -43.5947 30.6304
      vertex -37.6038 -43.6063 30.5993
    endloop
  endfacet
  facet normal 0.88878 -0.414969 0.194604
    outer loop
      vertex -37.8186 -43.506 31.116
      vertex -36.0152 -39.6907 31.0153
      vertex -36.0214 -39.6878 31.0498
    endloop
  endfacet
  facet normal 0.888819 -0.414993 0.194375
    outer loop
      vertex -36.0152 -39.6907 31.0153
      vertex -37.8186 -43.506 31.116
      vertex -37.8005 -43.5144 31.0153
    endloop
  endfacet
  facet normal 0.888558 -0.414837 0.195898
    outer loop
      vertex -37.8259 -43.5026 31.1564
      vertex -36.0214 -39.6878 31.0498
      vertex -36.0407 -39.6788 31.1564
    endloop
  endfacet
  facet normal 0.888628 -0.414881 0.195485
    outer loop
      vertex -36.0214 -39.6878 31.0498
      vertex -37.8259 -43.5026 31.1564
      vertex -37.8186 -43.506 31.116
    endloop
  endfacet
  facet normal -0.401131 0.187285 0.896671
    outer loop
      vertex -34.671 -40.3182 30.2837
      vertex -36.3394 -44.1966 30.3474
      vertex -34.5541 -40.3728 30.3474
    endloop
  endfacet
  facet normal -0.401131 0.187285 0.896671
    outer loop
      vertex -36.3394 -44.1966 30.3474
      vertex -34.671 -40.3182 30.2837
      vertex -36.4563 -44.142 30.2837
    endloop
  endfacet
  facet normal -0.753313 0.351716 0.555711
    outer loop
      vertex -36.047 -44.3331 30.6304
      vertex -34.1893 -40.5432 30.75
      vertex -34.2617 -40.5093 30.6304
    endloop
  endfacet
  facet normal -0.753433 0.351781 0.555508
    outer loop
      vertex -34.1893 -40.5432 30.75
      vertex -36.047 -44.3331 30.6304
      vertex -35.9746 -44.3669 30.75
    endloop
  endfacet
  facet normal -0.597051 0.278758 0.752212
    outer loop
      vertex -36.231 -44.2472 30.4273
      vertex -34.4217 -40.4346 30.4505
      vertex -34.4457 -40.4234 30.4273
    endloop
  endfacet
  facet normal -0.597156 0.278808 0.752111
    outer loop
      vertex -34.4217 -40.4346 30.4505
      vertex -36.231 -44.2472 30.4273
      vertex -36.161 -44.2799 30.495
    endloop
  endfacet
  facet normal 0.904122 -0.422127 -0.0661192
    outer loop
      vertex -36.0471 -39.6758 31.3351
      vertex -37.8345 -43.4986 31.3
      vertex -36.0492 -39.6748 31.3
    endloop
  endfacet
  facet normal 0.904162 -0.422152 -0.0654045
    outer loop
      vertex -37.8345 -43.4986 31.3
      vertex -36.0471 -39.6758 31.3351
      vertex -37.8284 -43.5014 31.4024
    endloop
  endfacet
  facet normal 0.858114 -0.400657 -0.321114
    outer loop
      vertex -35.9733 -39.7102 31.721
      vertex -37.8005 -43.5144 31.5847
      vertex -36.0152 -39.6907 31.5847
    endloop
  endfacet
  facet normal 0.858037 -0.40061 -0.321377
    outer loop
      vertex -37.8005 -43.5144 31.5847
      vertex -35.9733 -39.7102 31.721
      vertex -37.7586 -43.534 31.721
    endloop
  endfacet
  facet normal -0.0592183 0.027647 -0.997862
    outer loop
      vertex -36.7076 -44.0247 32.3906
      vertex -34.9542 -40.186 32.3929
      vertex -34.9224 -40.2009 32.3906
    endloop
  endfacet
  facet normal -0.0591329 0.027608 -0.997868
    outer loop
      vertex -34.9542 -40.186 32.3929
      vertex -36.7076 -44.0247 32.3906
      vertex -36.8004 -43.9813 32.3973
    endloop
  endfacet
  facet normal 0.059218 -0.0276476 -0.997862
    outer loop
      vertex -36.8377 -43.9639 32.4
      vertex -35.0843 -40.1253 32.3977
      vertex -35.0525 -40.1402 32.4
    endloop
  endfacet
  facet normal 0.059157 -0.0276197 -0.997867
    outer loop
      vertex -35.0843 -40.1253 32.3977
      vertex -36.8377 -43.9639 32.4
      vertex -36.9305 -43.9206 32.3933
    endloop
  endfacet
  facet normal -0.176589 0.0824334 -0.980827
    outer loop
      vertex -36.7076 -44.0247 32.3906
      vertex -34.8911 -40.2155 32.3837
      vertex -36.6164 -44.0673 32.3706
    endloop
  endfacet
  facet normal -0.177517 0.0828767 -0.980622
    outer loop
      vertex -34.8911 -40.2155 32.3837
      vertex -36.7076 -44.0247 32.3906
      vertex -34.9224 -40.2009 32.3906
    endloop
  endfacet
  facet normal -0.178135 0.0831696 -0.980485
    outer loop
      vertex -36.6164 -44.0673 32.3706
      vertex -34.7945 -40.2606 32.3625
      vertex -36.5798 -44.0844 32.3625
    endloop
  endfacet
  facet normal -0.176731 0.0824973 -0.980796
    outer loop
      vertex -34.7945 -40.2606 32.3625
      vertex -36.6164 -44.0673 32.3706
      vertex -34.8911 -40.2155 32.3837
    endloop
  endfacet
  facet normal 0.0591733 -0.0276276 -0.997865
    outer loop
      vertex -36.9305 -43.9206 32.3933
      vertex -35.1826 -40.0794 32.3906
      vertex -35.0843 -40.1253 32.3977
    endloop
  endfacet
  facet normal 0.0593132 -0.0276913 -0.997855
    outer loop
      vertex -35.1826 -40.0794 32.3906
      vertex -36.9305 -43.9206 32.3933
      vertex -36.9678 -43.9032 32.3906
    endloop
  endfacet
  facet normal 0.290117 -0.135453 -0.947357
    outer loop
      vertex -37.1311 -43.827 32.3493
      vertex -35.3104 -40.0197 32.3625
      vertex -37.0957 -43.8435 32.3625
    endloop
  endfacet
  facet normal 0.290923 -0.13584 -0.947054
    outer loop
      vertex -35.3104 -40.0197 32.3625
      vertex -37.1311 -43.827 32.3493
      vertex -35.4037 -39.9762 32.3276
    endloop
  endfacet
  facet normal -0.753313 0.351716 -0.555711
    outer loop
      vertex -34.1893 -40.5432 31.85
      vertex -36.047 -44.3331 31.9696
      vertex -34.2617 -40.5093 31.9696
    endloop
  endfacet
  facet normal -0.753433 0.351781 -0.555508
    outer loop
      vertex -36.047 -44.3331 31.9696
      vertex -34.1893 -40.5432 31.85
      vertex -35.9746 -44.3669 31.85
    endloop
  endfacet
  facet normal 0.88878 -0.414969 -0.194604
    outer loop
      vertex -36.0152 -39.6907 31.5847
      vertex -37.8186 -43.506 31.484
      vertex -36.0214 -39.6878 31.5502
    endloop
  endfacet
  facet normal 0.888819 -0.414993 -0.194375
    outer loop
      vertex -37.8186 -43.506 31.484
      vertex -36.0152 -39.6907 31.5847
      vertex -37.8005 -43.5144 31.5847
    endloop
  endfacet
  facet normal 0.888558 -0.414837 -0.195898
    outer loop
      vertex -36.0214 -39.6878 31.5502
      vertex -37.8259 -43.5026 31.4436
      vertex -36.0407 -39.6788 31.4436
    endloop
  endfacet
  facet normal 0.888628 -0.414881 -0.195485
    outer loop
      vertex -37.8259 -43.5026 31.4436
      vertex -36.0214 -39.6878 31.5502
      vertex -37.8186 -43.506 31.484
    endloop
  endfacet
  facet normal 0.812739 -0.379475 0.442102
    outer loop
      vertex -37.7421 -43.5417 30.8421
      vertex -35.9156 -39.7371 30.75
      vertex -35.9297 -39.7306 30.7815
    endloop
  endfacet
  facet normal 0.812537 -0.379367 0.442566
    outer loop
      vertex -35.9156 -39.7371 30.75
      vertex -37.7421 -43.5417 30.8421
      vertex -37.7009 -43.5609 30.75
    endloop
  endfacet
  facet normal 0.81248 -0.37934 0.442694
    outer loop
      vertex -37.7586 -43.534 30.879
      vertex -35.9297 -39.7306 30.7815
      vertex -35.9733 -39.7102 30.879
    endloop
  endfacet
  facet normal 0.812561 -0.379384 0.442507
    outer loop
      vertex -35.9297 -39.7306 30.7815
      vertex -37.7586 -43.534 30.879
      vertex -37.7421 -43.5417 30.8421
    endloop
  endfacet
  facet normal 0.681705 -0.318291 -0.658764
    outer loop
      vertex -35.7783 -39.8013 32.0514
      vertex -37.6285 -43.5947 31.9696
      vertex -35.8432 -39.771 31.9696
    endloop
  endfacet
  facet normal 0.680162 -0.317495 -0.66074
    outer loop
      vertex -37.6285 -43.5947 31.9696
      vertex -35.7783 -39.8013 32.0514
      vertex -37.6038 -43.6063 32.0006
    endloop
  endfacet
  facet normal 0.290923 -0.13584 0.947054
    outer loop
      vertex -37.1311 -43.827 30.2507
      vertex -35.3104 -40.0197 30.2375
      vertex -35.4037 -39.9762 30.2724
    endloop
  endfacet
  facet normal 0.290117 -0.135453 0.947357
    outer loop
      vertex -35.3104 -40.0197 30.2375
      vertex -37.1311 -43.827 30.2507
      vertex -37.0957 -43.8435 30.2375
    endloop
  endfacet
  facet normal 0.502526 -0.234625 0.832117
    outer loop
      vertex -35.5773 -39.8951 30.3669
      vertex -37.3361 -43.7313 30.3474
      vertex -35.5508 -39.9075 30.3474
    endloop
  endfacet
  facet normal 0.503378 -0.235013 0.831492
    outer loop
      vertex -37.3361 -43.7313 30.3474
      vertex -35.5773 -39.8951 30.3669
      vertex -37.4134 -43.6952 30.4044
    endloop
  endfacet
  facet normal 0.680975 -0.317917 0.659699
    outer loop
      vertex -37.6038 -43.6063 30.5993
      vertex -35.7573 -39.8111 30.5222
      vertex -35.7783 -39.8013 30.5486
    endloop
  endfacet
  facet normal 0.681127 -0.317995 0.659504
    outer loop
      vertex -35.7573 -39.8111 30.5222
      vertex -37.6038 -43.6063 30.5993
      vertex -37.5425 -43.6349 30.5222
    endloop
  endfacet
  facet normal -0.682074 0.318481 0.658289
    outer loop
      vertex -36.1083 -44.3045 30.5532
      vertex -34.2617 -40.5093 30.6304
      vertex -34.2827 -40.4995 30.6039
    endloop
  endfacet
  facet normal -0.681504 0.318189 0.659021
    outer loop
      vertex -34.2617 -40.5093 30.6304
      vertex -36.1083 -44.3045 30.5532
      vertex -36.047 -44.3331 30.6304
    endloop
  endfacet
  facet normal -0.858118 0.400648 0.321114
    outer loop
      vertex -35.9169 -44.3939 30.879
      vertex -34.0897 -40.5896 31.0153
      vertex -34.1316 -40.5701 30.879
    endloop
  endfacet
  facet normal -0.858118 0.400648 0.321114
    outer loop
      vertex -34.0897 -40.5896 31.0153
      vertex -35.9169 -44.3939 30.879
      vertex -35.875 -44.4134 31.0153
    endloop
  endfacet
  facet normal -0.888778 0.414973 0.194604
    outer loop
      vertex -35.8677 -44.4168 31.0558
      vertex -34.0643 -40.6015 31.1564
      vertex -34.0705 -40.5986 31.1219
    endloop
  endfacet
  facet normal -0.888574 0.414844 0.195807
    outer loop
      vertex -34.0643 -40.6015 31.1564
      vertex -35.8677 -44.4168 31.0558
      vertex -35.8495 -44.4253 31.1564
    endloop
  endfacet
  facet normal -0.888693 0.414923 0.195096
    outer loop
      vertex -35.875 -44.4134 31.0153
      vertex -34.0705 -40.5986 31.1219
      vertex -34.0897 -40.5896 31.0153
    endloop
  endfacet
  facet normal -0.888706 0.414932 0.19502
    outer loop
      vertex -34.0705 -40.5986 31.1219
      vertex -35.875 -44.4134 31.0153
      vertex -35.8677 -44.4168 31.0558
    endloop
  endfacet
  facet normal 0.503502 -0.235073 -0.8314
    outer loop
      vertex -37.4134 -43.6952 32.1956
      vertex -35.6592 -39.8569 32.1727
      vertex -35.5773 -39.8951 32.2331
    endloop
  endfacet
  facet normal 0.502549 -0.234642 -0.832098
    outer loop
      vertex -35.6592 -39.8569 32.1727
      vertex -37.4134 -43.6952 32.1956
      vertex -37.4445 -43.6806 32.1727
    endloop
  endfacet
  facet normal 0.502526 -0.234625 -0.832117
    outer loop
      vertex -37.3361 -43.7313 32.2526
      vertex -35.5773 -39.8951 32.2331
      vertex -35.5508 -39.9075 32.2526
    endloop
  endfacet
  facet normal 0.503378 -0.235013 -0.831492
    outer loop
      vertex -35.5773 -39.8951 32.2331
      vertex -37.3361 -43.7313 32.2526
      vertex -37.4134 -43.6952 32.1956
    endloop
  endfacet
  facet normal -0.503261 0.234968 -0.831576
    outer loop
      vertex -36.231 -44.2472 32.1727
      vertex -34.5541 -40.3728 32.2526
      vertex -34.4457 -40.4234 32.1727
    endloop
  endfacet
  facet normal -0.503261 0.234968 -0.831576
    outer loop
      vertex -34.5541 -40.3728 32.2526
      vertex -36.231 -44.2472 32.1727
      vertex -36.3394 -44.1966 32.2526
    endloop
  endfacet
  facet normal -0.401131 0.187285 -0.896671
    outer loop
      vertex -36.3394 -44.1966 32.2526
      vertex -34.671 -40.3182 32.3163
      vertex -34.5541 -40.3728 32.2526
    endloop
  endfacet
  facet normal -0.401131 0.187285 -0.896671
    outer loop
      vertex -34.671 -40.3182 32.3163
      vertex -36.3394 -44.1966 32.2526
      vertex -36.4563 -44.142 32.3163
    endloop
  endfacet
  facet normal -0.904131 0.422108 0.0661192
    outer loop
      vertex -35.8495 -44.4253 31.1564
      vertex -34.0622 -40.6025 31.1915
      vertex -34.0643 -40.6015 31.1564
    endloop
  endfacet
  facet normal -0.904198 0.422149 0.0649357
    outer loop
      vertex -34.0622 -40.6025 31.1915
      vertex -35.8495 -44.4253 31.1564
      vertex -35.8435 -44.4282 31.2588
    endloop
  endfacet
  facet normal -0.904138 0.422138 0.065837
    outer loop
      vertex -35.8435 -44.4282 31.2588
      vertex -34.0557 -40.6055 31.3
      vertex -34.0622 -40.6025 31.1915
    endloop
  endfacet
  facet normal -0.904121 0.422127 0.0661321
    outer loop
      vertex -34.0557 -40.6055 31.3
      vertex -35.8435 -44.4282 31.2588
      vertex -35.841 -44.4293 31.3
    endloop
  endfacet
  facet normal -0.812541 0.379378 -0.442549
    outer loop
      vertex -34.1316 -40.5701 31.721
      vertex -35.9746 -44.3669 31.85
      vertex -34.1893 -40.5432 31.85
    endloop
  endfacet
  facet normal -0.812439 0.379321 -0.442786
    outer loop
      vertex -35.9746 -44.3669 31.85
      vertex -34.1316 -40.5701 31.721
      vertex -35.9169 -44.3939 31.721
    endloop
  endfacet
  facet normal -0.680978 0.317925 -0.659691
    outer loop
      vertex -34.2827 -40.4995 31.9961
      vertex -36.1329 -44.293 32.0778
      vertex -34.3477 -40.4692 32.0778
    endloop
  endfacet
  facet normal -0.681579 0.318235 -0.658921
    outer loop
      vertex -36.1329 -44.293 32.0778
      vertex -34.2827 -40.4995 31.9961
      vertex -36.1083 -44.3045 32.0468
    endloop
  endfacet
  facet normal -0.597574 0.278987 -0.751712
    outer loop
      vertex -36.161 -44.2799 32.105
      vertex -34.3477 -40.4692 32.0778
      vertex -36.1329 -44.293 32.0778
    endloop
  endfacet
  facet normal -0.597726 0.27906 -0.751565
    outer loop
      vertex -34.3477 -40.4692 32.0778
      vertex -36.161 -44.2799 32.105
      vertex -34.4217 -40.4346 32.1495
    endloop
  endfacet
  facet normal 0.752939 -0.351541 -0.556329
    outer loop
      vertex -35.8979 -39.7454 31.8792
      vertex -37.7009 -43.5609 31.85
      vertex -35.9156 -39.7371 31.85
    endloop
  endfacet
  facet normal 0.753407 -0.351768 -0.555552
    outer loop
      vertex -37.7009 -43.5609 31.85
      vertex -35.8979 -39.7454 31.8792
      vertex -37.6493 -43.5851 31.9353
    endloop
  endfacet
  facet normal 0.81248 -0.37934 -0.442694
    outer loop
      vertex -35.9297 -39.7306 31.8185
      vertex -37.7586 -43.534 31.721
      vertex -35.9733 -39.7102 31.721
    endloop
  endfacet
  facet normal 0.812561 -0.379384 -0.442507
    outer loop
      vertex -37.7586 -43.534 31.721
      vertex -35.9297 -39.7306 31.8185
      vertex -37.7421 -43.5417 31.7579
    endloop
  endfacet
  facet normal 0.858114 -0.400657 0.321114
    outer loop
      vertex -37.8005 -43.5144 31.0153
      vertex -35.9733 -39.7102 30.879
      vertex -36.0152 -39.6907 31.0153
    endloop
  endfacet
  facet normal 0.858037 -0.40061 0.321377
    outer loop
      vertex -35.9733 -39.7102 30.879
      vertex -37.8005 -43.5144 31.0153
      vertex -37.7586 -43.534 30.879
    endloop
  endfacet
  facet normal 0.176718 -0.0825253 0.980796
    outer loop
      vertex -35.3104 -40.0197 30.2375
      vertex -37.0591 -43.8606 30.2294
      vertex -35.2138 -40.0648 30.2163
    endloop
  endfacet
  facet normal 0.178135 -0.0831696 0.980485
    outer loop
      vertex -37.0591 -43.8606 30.2294
      vertex -35.3104 -40.0197 30.2375
      vertex -37.0957 -43.8435 30.2375
    endloop
  endfacet
  facet normal 0.0591733 -0.0276276 0.997865
    outer loop
      vertex -35.1826 -40.0794 30.2094
      vertex -36.9305 -43.9206 30.2067
      vertex -35.0843 -40.1253 30.2023
    endloop
  endfacet
  facet normal 0.0593132 -0.0276913 0.997855
    outer loop
      vertex -36.9305 -43.9206 30.2067
      vertex -35.1826 -40.0794 30.2094
      vertex -36.9678 -43.9032 30.2094
    endloop
  endfacet
  facet normal 0.290939 -0.135837 0.94705
    outer loop
      vertex -37.2192 -43.7859 30.2837
      vertex -35.4037 -39.9762 30.2724
      vertex -35.4339 -39.9621 30.2837
    endloop
  endfacet
  facet normal 0.291255 -0.135988 0.946931
    outer loop
      vertex -35.4037 -39.9762 30.2724
      vertex -37.2192 -43.7859 30.2837
      vertex -37.1311 -43.827 30.2507
    endloop
  endfacet
  facet normal 0.753431 -0.351779 0.555511
    outer loop
      vertex -37.6493 -43.5851 30.6647
      vertex -35.8432 -39.771 30.6304
      vertex -35.8979 -39.7454 30.7208
    endloop
  endfacet
  facet normal 0.753499 -0.351812 0.555399
    outer loop
      vertex -35.8432 -39.771 30.6304
      vertex -37.6493 -43.5851 30.6647
      vertex -37.6285 -43.5947 30.6304
    endloop
  endfacet
  facet normal 0.752939 -0.351541 0.556329
    outer loop
      vertex -37.7009 -43.5609 30.75
      vertex -35.8979 -39.7454 30.7208
      vertex -35.9156 -39.7371 30.75
    endloop
  endfacet
  facet normal 0.753407 -0.351768 0.555552
    outer loop
      vertex -35.8979 -39.7454 30.7208
      vertex -37.7009 -43.5609 30.75
      vertex -37.6493 -43.5851 30.6647
    endloop
  endfacet
  facet normal -0.888693 0.414923 -0.195096
    outer loop
      vertex -34.0705 -40.5986 31.4781
      vertex -35.875 -44.4134 31.5847
      vertex -34.0897 -40.5896 31.5847
    endloop
  endfacet
  facet normal -0.888706 0.414932 -0.19502
    outer loop
      vertex -35.875 -44.4134 31.5847
      vertex -34.0705 -40.5986 31.4781
      vertex -35.8677 -44.4168 31.5442
    endloop
  endfacet
  facet normal -0.858118 0.400648 -0.321114
    outer loop
      vertex -34.0897 -40.5896 31.5847
      vertex -35.9169 -44.3939 31.721
      vertex -34.1316 -40.5701 31.721
    endloop
  endfacet
  facet normal -0.858118 0.400648 -0.321114
    outer loop
      vertex -35.9169 -44.3939 31.721
      vertex -34.0897 -40.5896 31.5847
      vertex -35.875 -44.4134 31.5847
    endloop
  endfacet
  facet normal 0.291255 -0.135988 -0.946931
    outer loop
      vertex -37.2192 -43.7859 32.3163
      vertex -35.4037 -39.9762 32.3276
      vertex -37.1311 -43.827 32.3493
    endloop
  endfacet
  facet normal 0.290939 -0.135837 -0.94705
    outer loop
      vertex -35.4037 -39.9762 32.3276
      vertex -37.2192 -43.7859 32.3163
      vertex -35.4339 -39.9621 32.3163
    endloop
  endfacet
  facet normal -0.904131 0.422108 -0.0661192
    outer loop
      vertex -34.0622 -40.6025 31.4085
      vertex -35.8495 -44.4253 31.4436
      vertex -34.0643 -40.6015 31.4436
    endloop
  endfacet
  facet normal -0.904198 0.422149 -0.0649357
    outer loop
      vertex -35.8495 -44.4253 31.4436
      vertex -34.0622 -40.6025 31.4085
      vertex -35.8435 -44.4282 31.3412
    endloop
  endfacet
  facet normal -0.904138 0.422138 -0.065837
    outer loop
      vertex -34.0557 -40.6055 31.3
      vertex -35.8435 -44.4282 31.3412
      vertex -34.0622 -40.6025 31.4085
    endloop
  endfacet
  facet normal -0.904121 0.422127 -0.0661321
    outer loop
      vertex -35.8435 -44.4282 31.3412
      vertex -34.0557 -40.6055 31.3
      vertex -35.841 -44.4293 31.3
    endloop
  endfacet
  facet normal -0.597156 0.278808 -0.752111
    outer loop
      vertex -36.231 -44.2472 32.1727
      vertex -34.4217 -40.4346 32.1495
      vertex -36.161 -44.2799 32.105
    endloop
  endfacet
  facet normal -0.597051 0.278758 -0.752212
    outer loop
      vertex -34.4217 -40.4346 32.1495
      vertex -36.231 -44.2472 32.1727
      vertex -34.4457 -40.4234 32.1727
    endloop
  endfacet
  facet normal 0.597566 -0.279006 -0.751712
    outer loop
      vertex -37.4726 -43.6675 32.1455
      vertex -35.6592 -39.8569 32.1727
      vertex -37.4445 -43.6806 32.1727
    endloop
  endfacet
  facet normal 0.597345 -0.278899 -0.751927
    outer loop
      vertex -35.6592 -39.8569 32.1727
      vertex -37.4726 -43.6675 32.1455
      vertex -35.7333 -39.8223 32.101
    endloop
  endfacet
  facet normal 0.59774 -0.279073 -0.751548
    outer loop
      vertex -37.5425 -43.6349 32.0778
      vertex -35.7333 -39.8223 32.101
      vertex -37.4726 -43.6675 32.1455
    endloop
  endfacet
  facet normal 0.597057 -0.278745 -0.752212
    outer loop
      vertex -35.7333 -39.8223 32.101
      vertex -37.5425 -43.6349 32.0778
      vertex -35.7573 -39.8111 32.0778
    endloop
  endfacet
  facet normal 0.812739 -0.379475 -0.442102
    outer loop
      vertex -35.9156 -39.7371 31.85
      vertex -37.7421 -43.5417 31.7579
      vertex -35.9297 -39.7306 31.8185
    endloop
  endfacet
  facet normal 0.812537 -0.379367 -0.442566
    outer loop
      vertex -37.7421 -43.5417 31.7579
      vertex -35.9156 -39.7371 31.85
      vertex -37.7009 -43.5609 31.85
    endloop
  endfacet
  facet normal 0.503502 -0.235073 0.8314
    outer loop
      vertex -35.6592 -39.8569 30.4273
      vertex -37.4134 -43.6952 30.4044
      vertex -35.5773 -39.8951 30.3669
    endloop
  endfacet
  facet normal 0.502549 -0.234642 0.832098
    outer loop
      vertex -37.4134 -43.6952 30.4044
      vertex -35.6592 -39.8569 30.4273
      vertex -37.4445 -43.6806 30.4273
    endloop
  endfacet
  facet normal 0.401131 -0.187285 0.896671
    outer loop
      vertex -35.5508 -39.9075 30.3474
      vertex -37.2192 -43.7859 30.2837
      vertex -35.4339 -39.9621 30.2837
    endloop
  endfacet
  facet normal 0.401131 -0.187285 0.896671
    outer loop
      vertex -37.2192 -43.7859 30.2837
      vertex -35.5508 -39.9075 30.3474
      vertex -37.3361 -43.7313 30.3474
    endloop
  endfacet
  facet normal -0.888778 0.414973 -0.194604
    outer loop
      vertex -34.0643 -40.6015 31.4436
      vertex -35.8677 -44.4168 31.5442
      vertex -34.0705 -40.5986 31.4781
    endloop
  endfacet
  facet normal -0.888574 0.414844 -0.195807
    outer loop
      vertex -35.8677 -44.4168 31.5442
      vertex -34.0643 -40.6015 31.4436
      vertex -35.8495 -44.4253 31.4436
    endloop
  endfacet
endsolid OpenSCAD_Model
