solid OpenSCAD_Model
  facet normal 0 0 -1
    outer loop
      vertex -40.4574 -42.2615 32.05
      vertex -40.0481 -37.8182 32.05
      vertex -38.6806 -38.4559 32.05
    endloop
  endfacet
  facet normal 0 0 -1
    outer loop
      vertex -53.5547 -36.1541 32.05
      vertex -40.0481 -37.8182 32.05
      vertex -40.4574 -42.2615 32.05
    endloop
  endfacet
  facet normal 0 0 -1
    outer loop
      vertex -40.0481 -37.8182 32.05
      vertex -53.5547 -36.1541 32.05
      vertex -51.7797 -32.3476 32.05
    endloop
  endfacet
  facet normal 0 0 -1
    outer loop
      vertex -53.5547 -36.1541 32.05
      vertex -54.988 -30.8516 32.05
      vertex -51.7797 -32.3476 32.05
    endloop
  endfacet
  facet normal 0 0 -1
    outer loop
      vertex -56.763 -34.6581 32.05
      vertex -54.988 -30.8516 32.05
      vertex -53.5547 -36.1541 32.05
    endloop
  endfacet
  facet normal -0 0 -1
    outer loop
      vertex -54.988 -30.8516 32.05
      vertex -56.763 -34.6581 32.05
      vertex -56.3537 -30.2148 32.05
    endloop
  endfacet
  facet normal 0 0 -1
    outer loop
      vertex -56.3537 -30.2148 32.05
      vertex -56.763 -34.6581 32.05
      vertex -58.1305 -34.0204 32.05
    endloop
  endfacet
  facet normal 0.906105 -0.423052 0
    outer loop
      vertex -58.1305 -34.0204 7.76646
      vertex -56.3537 -30.2148 7.76851
      vertex -56.3537 -30.2148 7.8
    endloop
  endfacet
  facet normal 0.906105 -0.423052 0
    outer loop
      vertex -56.3537 -30.2148 7.50928
      vertex -58.1305 -34.0204 7.50692
      vertex -56.3537 -30.2148 7.43743
    endloop
  endfacet
  facet normal 0.906105 -0.423052 0
    outer loop
      vertex -58.1305 -34.0204 4.41904
      vertex -56.3537 -30.2148 7.43743
      vertex -58.1305 -34.0204 7.50692
    endloop
  endfacet
  facet normal 0.906105 -0.423052 0
    outer loop
      vertex -58.1305 -34.0204 4.29584
      vertex -56.3537 -30.2148 4.29605
      vertex -58.1305 -34.0204 4.41904
    endloop
  endfacet
  facet normal 0.906105 -0.423052 0
    outer loop
      vertex -56.3537 -30.2148 7.76851
      vertex -58.1305 -34.0204 7.76646
      vertex -56.3537 -30.2148 7.67915
    endloop
  endfacet
  facet normal 0.906105 -0.423052 0
    outer loop
      vertex -58.1305 -34.0204 7.76646
      vertex -56.3537 -30.2148 7.8
      vertex -58.1305 -34.0204 7.8
    endloop
  endfacet
  facet normal 0.906105 -0.423052 0
    outer loop
      vertex -58.1305 -34.0204 7.50692
      vertex -56.3537 -30.2148 7.59128
      vertex -56.3537 -30.2148 7.67915
    endloop
  endfacet
  facet normal 0.906105 -0.423052 0
    outer loop
      vertex -56.3537 -30.2148 7.59128
      vertex -58.1305 -34.0204 7.50692
      vertex -56.3537 -30.2148 7.50928
    endloop
  endfacet
  facet normal 0 0 0
    outer loop
      vertex -56.3537 -30.2148 4.29605
      vertex -56.3537 -30.2148 4.06124
      vertex -56.3537 -30.2148 4.17513
    endloop
  endfacet
  facet normal -0 0 0
    outer loop
      vertex -56.3537 -30.2148 4.06124
      vertex -56.3537 -30.2148 4.29605
      vertex -56.3537 -30.2148 3.95876
    endloop
  endfacet
  facet normal -0 0 0
    outer loop
      vertex -56.3537 -30.2148 3.87135
      vertex -56.3537 -30.2148 3.95876
      vertex -56.3537 -30.2148 3.80184
    endloop
  endfacet
  facet normal 0.906105 -0.423052 0
    outer loop
      vertex -58.1305 -34.0204 7.677
      vertex -56.3537 -30.2148 7.67915
      vertex -58.1305 -34.0204 7.76646
    endloop
  endfacet
  facet normal 0.906105 -0.423052 0
    outer loop
      vertex -58.1305 -34.0204 7.58902
      vertex -56.3537 -30.2148 7.67915
      vertex -58.1305 -34.0204 7.677
    endloop
  endfacet
  facet normal 0.906105 -0.423052 0
    outer loop
      vertex -58.1305 -34.0204 7.50692
      vertex -56.3537 -30.2148 7.67915
      vertex -58.1305 -34.0204 7.58902
    endloop
  endfacet
  facet normal 0.906105 -0.423052 0
    outer loop
      vertex -56.3537 -30.2148 7.43743
      vertex -58.1305 -34.0204 4.41904
      vertex -56.3537 -30.2148 4.29605
    endloop
  endfacet
  facet normal 0.906105 -0.423052 0
    outer loop
      vertex -58.1305 -34.0204 4.17488
      vertex -56.3537 -30.2148 4.29605
      vertex -58.1305 -34.0204 4.29584
    endloop
  endfacet
  facet normal 0.906105 -0.423052 0
    outer loop
      vertex -56.3537 -30.2148 4.29605
      vertex -58.1305 -34.0204 4.17488
      vertex -56.3537 -30.2148 3.95876
    endloop
  endfacet
  facet normal 0.906105 -0.423052 0
    outer loop
      vertex -58.1305 -34.0204 4.06096
      vertex -56.3537 -30.2148 3.95876
      vertex -58.1305 -34.0204 4.17488
    endloop
  endfacet
  facet normal 0.906105 -0.423052 0
    outer loop
      vertex -58.1305 -34.0204 3.95844
      vertex -56.3537 -30.2148 3.95876
      vertex -58.1305 -34.0204 4.06096
    endloop
  endfacet
  facet normal 0.906105 -0.423052 0
    outer loop
      vertex -58.1305 -34.0204 3.87101
      vertex -56.3537 -30.2148 3.95876
      vertex -58.1305 -34.0204 3.95844
    endloop
  endfacet
  facet normal 0.906105 -0.423052 0
    outer loop
      vertex -56.3537 -30.2148 3.95876
      vertex -58.1305 -34.0204 3.87101
      vertex -56.3537 -30.2148 3.80184
    endloop
  endfacet
  facet normal 0.906105 -0.423052 0
    outer loop
      vertex -58.1305 -34.0204 3.80148
      vertex -56.3537 -30.2148 3.80184
      vertex -58.1305 -34.0204 3.87101
    endloop
  endfacet
  facet normal 0.906105 -0.423052 0
    outer loop
      vertex -56.3537 -30.2148 3.80184
      vertex -58.1305 -34.0204 3.80148
      vertex -56.3537 -30.2148 3.05
    endloop
  endfacet
  facet normal 0.906105 -0.423052 0
    outer loop
      vertex -56.3537 -30.2148 3.05
      vertex -58.1305 -34.0204 3.80148
      vertex -58.1305 -34.0204 3.05
    endloop
  endfacet
  facet normal 0.906105 -0.423052 0
    outer loop
      vertex -56.3537 -30.2148 31.1287
      vertex -58.1305 -34.0204 31.129
      vertex -56.3537 -30.2148 31.0412
    endloop
  endfacet
  facet normal 0.906105 -0.423052 0
    outer loop
      vertex -56.3537 -30.2148 31.0412
      vertex -58.1305 -34.0204 30.939
      vertex -56.3537 -30.2148 30.704
    endloop
  endfacet
  facet normal 0.906105 -0.423052 0
    outer loop
      vertex -56.3537 -30.2148 30.704
      vertex -58.1305 -34.0204 30.581
      vertex -56.3537 -30.2148 27.5626
    endloop
  endfacet
  facet normal 0.906105 -0.423052 0
    outer loop
      vertex -58.1305 -34.0204 27.4931
      vertex -56.3537 -30.2148 27.5626
      vertex -58.1305 -34.0204 30.581
    endloop
  endfacet
  facet normal 0.906105 -0.423052 0
    outer loop
      vertex -58.1305 -34.0204 32.05
      vertex -56.3537 -30.2148 31.1982
      vertex -56.3537 -30.2148 32.05
    endloop
  endfacet
  facet normal 0.906105 -0.423052 0
    outer loop
      vertex -58.1305 -34.0204 31.1985
      vertex -56.3537 -30.2148 31.1982
      vertex -58.1305 -34.0204 32.05
    endloop
  endfacet
  facet normal 0.906105 -0.423052 0
    outer loop
      vertex -58.1305 -34.0204 31.129
      vertex -56.3537 -30.2148 31.1982
      vertex -58.1305 -34.0204 31.1985
    endloop
  endfacet
  facet normal 0.906105 -0.423052 0
    outer loop
      vertex -56.3537 -30.2148 31.0412
      vertex -58.1305 -34.0204 31.129
      vertex -58.1305 -34.0204 31.0416
    endloop
  endfacet
  facet normal 0.906105 -0.423052 0
    outer loop
      vertex -56.3537 -30.2148 31.0412
      vertex -58.1305 -34.0204 31.0416
      vertex -58.1305 -34.0204 30.939
    endloop
  endfacet
  facet normal 0.906105 -0.423052 0
    outer loop
      vertex -56.3537 -30.2148 30.704
      vertex -58.1305 -34.0204 30.939
      vertex -58.1305 -34.0204 30.8251
    endloop
  endfacet
  facet normal 0.906105 -0.423052 0
    outer loop
      vertex -56.3537 -30.2148 30.704
      vertex -58.1305 -34.0204 30.8251
      vertex -58.1305 -34.0204 30.7042
    endloop
  endfacet
  facet normal 0.906105 -0.423052 0
    outer loop
      vertex -56.3537 -30.2148 30.704
      vertex -58.1305 -34.0204 30.7042
      vertex -58.1305 -34.0204 30.581
    endloop
  endfacet
  facet normal 0.906105 -0.423052 0
    outer loop
      vertex -56.3537 -30.2148 27.5626
      vertex -58.1305 -34.0204 27.4931
      vertex -56.3537 -30.2148 27.3208
    endloop
  endfacet
  facet normal 0.906105 -0.423052 0
    outer loop
      vertex -58.1305 -34.0204 27.411
      vertex -56.3537 -30.2148 27.3208
      vertex -58.1305 -34.0204 27.4931
    endloop
  endfacet
  facet normal 0.906105 -0.423052 0
    outer loop
      vertex -58.1305 -34.0204 27.323
      vertex -56.3537 -30.2148 27.3208
      vertex -58.1305 -34.0204 27.411
    endloop
  endfacet
  facet normal 0.906105 -0.423052 0
    outer loop
      vertex -56.3537 -30.2148 27.3208
      vertex -58.1305 -34.0204 27.323
      vertex -56.3537 -30.2148 27.3
    endloop
  endfacet
  facet normal 0.906105 -0.423052 0
    outer loop
      vertex -56.3537 -30.2148 27.3
      vertex -58.1305 -34.0204 27.323
      vertex -58.1305 -34.0204 27.3
    endloop
  endfacet
  facet normal 0.906105 -0.423052 0
    outer loop
      vertex -58.1305 -34.0204 31.129
      vertex -56.3537 -30.2148 31.1287
      vertex -56.3537 -30.2148 31.1982
    endloop
  endfacet
  facet normal 0 0 0
    outer loop
      vertex -56.3537 -30.2148 31.0412
      vertex -56.3537 -30.2148 30.8249
      vertex -56.3537 -30.2148 30.9388
    endloop
  endfacet
  facet normal -0 0 0
    outer loop
      vertex -56.3537 -30.2148 30.8249
      vertex -56.3537 -30.2148 31.0412
      vertex -56.3537 -30.2148 30.704
    endloop
  endfacet
  facet normal 0 0 0
    outer loop
      vertex -56.3537 -30.2148 27.5626
      vertex -56.3537 -30.2148 27.4087
      vertex -56.3537 -30.2148 27.4907
    endloop
  endfacet
  facet normal -0 0 0
    outer loop
      vertex -56.3537 -30.2148 27.4087
      vertex -56.3537 -30.2148 27.5626
      vertex -56.3537 -30.2148 27.3208
    endloop
  endfacet
  facet normal 0 0 1
    outer loop
      vertex -40.2826 -37.7089 3.05
      vertex -40.4574 -42.2615 3.05
      vertex -38.6806 -38.4559 3.05
    endloop
  endfacet
  facet normal -0 0 1
    outer loop
      vertex -53.2169 -36.3117 3.05
      vertex -40.2826 -37.7089 3.05
      vertex -51.4419 -32.5052 3.05
    endloop
  endfacet
  facet normal 0 0 1
    outer loop
      vertex -40.2826 -37.7089 3.05
      vertex -53.2169 -36.3117 3.05
      vertex -40.4574 -42.2615 3.05
    endloop
  endfacet
  facet normal 0 0 1
    outer loop
      vertex -54.759 -30.9584 3.05
      vertex -53.2169 -36.3117 3.05
      vertex -51.4419 -32.5052 3.05
    endloop
  endfacet
  facet normal 0 0 1
    outer loop
      vertex -56.534 -34.7649 3.05
      vertex -54.759 -30.9584 3.05
      vertex -56.3537 -30.2148 3.05
    endloop
  endfacet
  facet normal 0 0 1
    outer loop
      vertex -54.759 -30.9584 3.05
      vertex -56.534 -34.7649 3.05
      vertex -53.2169 -36.3117 3.05
    endloop
  endfacet
  facet normal 0 -0 1
    outer loop
      vertex -56.534 -34.7649 3.05
      vertex -56.3537 -30.2148 3.05
      vertex -58.1305 -34.0204 3.05
    endloop
  endfacet
  facet normal -0.906105 0.423052 0
    outer loop
      vertex -38.6806 -38.4559 3.77945
      vertex -40.4574 -42.2615 3.77981
      vertex -38.6806 -38.4559 3.85026
    endloop
  endfacet
  facet normal -0.906105 0.423052 0
    outer loop
      vertex -40.4574 -42.2615 3.8506
      vertex -38.6806 -38.4559 3.85026
      vertex -40.4574 -42.2615 3.77981
    endloop
  endfacet
  facet normal -0.906105 0.423052 0
    outer loop
      vertex -38.6806 -38.4559 3.85026
      vertex -40.4574 -42.2615 3.8506
      vertex -40.4574 -42.2615 3.93961
    endloop
  endfacet
  facet normal -0.906105 0.423052 0
    outer loop
      vertex -40.4574 -42.2615 3.69951
      vertex -38.6806 -38.4559 3.77945
      vertex -38.6806 -38.4559 3.05
    endloop
  endfacet
  facet normal -0.906105 0.423052 0
    outer loop
      vertex -40.4574 -42.2615 3.72914
      vertex -38.6806 -38.4559 3.77945
      vertex -40.4574 -42.2615 3.69951
    endloop
  endfacet
  facet normal -0.906105 0.423052 0
    outer loop
      vertex -40.4574 -42.2615 3.77981
      vertex -38.6806 -38.4559 3.77945
      vertex -40.4574 -42.2615 3.72914
    endloop
  endfacet
  facet normal -0.906105 0.423052 0
    outer loop
      vertex -38.6806 -38.4559 3.85026
      vertex -40.4574 -42.2615 3.93961
      vertex -38.6806 -38.4559 3.9393
    endloop
  endfacet
  facet normal -0.906105 0.423052 0
    outer loop
      vertex -38.6806 -38.4559 3.9393
      vertex -40.4574 -42.2615 3.93961
      vertex -38.6806 -38.4559 4.0437
    endloop
  endfacet
  facet normal -0.906105 0.423052 0
    outer loop
      vertex -40.4574 -42.2615 4.04398
      vertex -38.6806 -38.4559 4.0437
      vertex -40.4574 -42.2615 3.93961
    endloop
  endfacet
  facet normal -0.906105 0.423052 0
    outer loop
      vertex -38.6806 -38.4559 4.28289
      vertex -40.4574 -42.2615 4.40854
      vertex -38.6806 -38.4559 7.28471
    endloop
  endfacet
  facet normal -0.906105 0.423052 0
    outer loop
      vertex -40.4574 -42.2615 7.36422
      vertex -38.6806 -38.4559 7.28471
      vertex -40.4574 -42.2615 4.40854
    endloop
  endfacet
  facet normal -0.906105 0.423052 0
    outer loop
      vertex -40.4574 -42.2615 7.54647
      vertex -38.6806 -38.4559 7.54432
      vertex -38.6806 -38.4559 7.44994
    endloop
  endfacet
  facet normal -0.906105 0.423052 0
    outer loop
      vertex -38.6806 -38.4559 7.54432
      vertex -40.4574 -42.2615 7.64234
      vertex -38.6806 -38.4559 7.73348
    endloop
  endfacet
  facet normal -0.906105 0.423052 0
    outer loop
      vertex -40.4574 -42.2615 3.69951
      vertex -38.6806 -38.4559 3.05
      vertex -40.4574 -42.2615 3.05
    endloop
  endfacet
  facet normal -0.906105 0.423052 0
    outer loop
      vertex -38.6806 -38.4559 4.0437
      vertex -40.4574 -42.2615 4.04398
      vertex -38.6806 -38.4559 4.15971
    endloop
  endfacet
  facet normal -0.906105 0.423052 0
    outer loop
      vertex -40.4574 -42.2615 4.15996
      vertex -38.6806 -38.4559 4.15971
      vertex -40.4574 -42.2615 4.04398
    endloop
  endfacet
  facet normal -0.906105 0.423052 0
    outer loop
      vertex -38.6806 -38.4559 4.15971
      vertex -40.4574 -42.2615 4.15996
      vertex -38.6806 -38.4559 4.28289
    endloop
  endfacet
  facet normal -0.906105 0.423052 0
    outer loop
      vertex -38.6806 -38.4559 4.28289
      vertex -40.4574 -42.2615 4.15996
      vertex -40.4574 -42.2615 4.2831
    endloop
  endfacet
  facet normal -0.906105 0.423052 0
    outer loop
      vertex -38.6806 -38.4559 4.28289
      vertex -40.4574 -42.2615 4.2831
      vertex -40.4574 -42.2615 4.40854
    endloop
  endfacet
  facet normal -0.906105 0.423052 0
    outer loop
      vertex -38.6806 -38.4559 7.28471
      vertex -40.4574 -42.2615 7.36422
      vertex -38.6806 -38.4559 7.36187
    endloop
  endfacet
  facet normal -0.906105 0.423052 0
    outer loop
      vertex -38.6806 -38.4559 7.36187
      vertex -40.4574 -42.2615 7.36422
      vertex -38.6806 -38.4559 7.44994
    endloop
  endfacet
  facet normal -0.906105 0.423052 0
    outer loop
      vertex -40.4574 -42.2615 7.45219
      vertex -38.6806 -38.4559 7.44994
      vertex -40.4574 -42.2615 7.36422
    endloop
  endfacet
  facet normal -0.906105 0.423052 0
    outer loop
      vertex -40.4574 -42.2615 7.54647
      vertex -38.6806 -38.4559 7.44994
      vertex -40.4574 -42.2615 7.45219
    endloop
  endfacet
  facet normal -0.906105 0.423052 0
    outer loop
      vertex -38.6806 -38.4559 7.54432
      vertex -40.4574 -42.2615 7.54647
      vertex -40.4574 -42.2615 7.64234
    endloop
  endfacet
  facet normal -0.906105 0.423052 0
    outer loop
      vertex -40.4574 -42.2615 7.73542
      vertex -38.6806 -38.4559 7.73348
      vertex -40.4574 -42.2615 7.64234
    endloop
  endfacet
  facet normal -0.906105 0.423052 0
    outer loop
      vertex -38.6806 -38.4559 7.73348
      vertex -40.4574 -42.2615 7.73542
      vertex -38.6806 -38.4559 7.8
    endloop
  endfacet
  facet normal -0.906105 0.423052 0
    outer loop
      vertex -38.6806 -38.4559 7.8
      vertex -40.4574 -42.2615 7.73542
      vertex -40.4574 -42.2615 7.8
    endloop
  endfacet
  facet normal 0 -0 0
    outer loop
      vertex -38.6806 -38.4559 7.64029
      vertex -38.6806 -38.4559 7.54432
      vertex -38.6806 -38.4559 7.73348
    endloop
  endfacet
  facet normal -0.906105 0.423052 0
    outer loop
      vertex -40.4574 -42.2615 31.2202
      vertex -38.6806 -38.4559 31.2205
      vertex -40.4574 -42.2615 31.1494
    endloop
  endfacet
  facet normal -0.906105 0.423052 0
    outer loop
      vertex -40.4574 -42.2615 31.2709
      vertex -38.6806 -38.4559 31.2205
      vertex -40.4574 -42.2615 31.2202
    endloop
  endfacet
  facet normal -0.906105 0.423052 0
    outer loop
      vertex -38.6806 -38.4559 31.2205
      vertex -40.4574 -42.2615 31.2709
      vertex -40.4574 -42.2615 31.3005
    endloop
  endfacet
  facet normal -0.906105 0.423052 0
    outer loop
      vertex -40.4574 -42.2615 27.3577
      vertex -38.6806 -38.4559 27.3597
      vertex -38.6806 -38.4559 27.3
    endloop
  endfacet
  facet normal -0.906105 0.423052 0
    outer loop
      vertex -40.4574 -42.2615 27.5478
      vertex -38.6806 -38.4559 27.5501
      vertex -38.6806 -38.4559 27.4557
    endloop
  endfacet
  facet normal -0.906105 0.423052 0
    outer loop
      vertex -38.6806 -38.4559 27.3597
      vertex -40.4574 -42.2615 27.3577
      vertex -38.6806 -38.4559 27.4557
    endloop
  endfacet
  facet normal -0.906105 0.423052 0
    outer loop
      vertex -40.4574 -42.2615 27.3577
      vertex -38.6806 -38.4559 27.3
      vertex -40.4574 -42.2615 27.3
    endloop
  endfacet
  facet normal -0.906105 0.423052 0
    outer loop
      vertex -38.6806 -38.4559 27.4557
      vertex -40.4574 -42.2615 27.3577
      vertex -40.4574 -42.2615 27.4535
    endloop
  endfacet
  facet normal -0.906105 0.423052 0
    outer loop
      vertex -38.6806 -38.4559 27.4557
      vertex -40.4574 -42.2615 27.4535
      vertex -40.4574 -42.2615 27.5478
    endloop
  endfacet
  facet normal -0.906105 0.423052 0
    outer loop
      vertex -38.6806 -38.4559 27.5501
      vertex -40.4574 -42.2615 27.5478
      vertex -40.4574 -42.2615 27.6358
    endloop
  endfacet
  facet normal -0.906105 0.423052 0
    outer loop
      vertex -38.6806 -38.4559 27.5501
      vertex -40.4574 -42.2615 27.6358
      vertex -40.4574 -42.2615 30.5915
    endloop
  endfacet
  facet normal -0.906105 0.423052 0
    outer loop
      vertex -38.6806 -38.4559 27.5501
      vertex -40.4574 -42.2615 30.5915
      vertex -40.4574 -42.2615 30.7169
    endloop
  endfacet
  facet normal -0.906105 0.423052 0
    outer loop
      vertex -38.6806 -38.4559 27.5501
      vertex -40.4574 -42.2615 30.7169
      vertex -40.4574 -42.2615 30.84
    endloop
  endfacet
  facet normal -0.906105 0.423052 0
    outer loop
      vertex -38.6806 -38.4559 27.5501
      vertex -40.4574 -42.2615 30.84
      vertex -40.4574 -42.2615 30.956
    endloop
  endfacet
  facet normal -0.906105 0.423052 0
    outer loop
      vertex -38.6806 -38.4559 27.5501
      vertex -40.4574 -42.2615 30.956
      vertex -40.4574 -42.2615 31.0604
    endloop
  endfacet
  facet normal -0.906105 0.423052 0
    outer loop
      vertex -40.4574 -42.2615 31.0604
      vertex -38.6806 -38.4559 27.7153
      vertex -38.6806 -38.4559 27.6381
    endloop
  endfacet
  facet normal -0.906105 0.423052 0
    outer loop
      vertex -38.6806 -38.4559 27.7153
      vertex -40.4574 -42.2615 31.0604
      vertex -38.6806 -38.4559 30.7171
    endloop
  endfacet
  facet normal -0.906105 0.423052 0
    outer loop
      vertex -38.6806 -38.4559 30.7171
      vertex -40.4574 -42.2615 31.0604
      vertex -38.6806 -38.4559 30.8403
    endloop
  endfacet
  facet normal -0.906105 0.423052 0
    outer loop
      vertex -38.6806 -38.4559 30.8403
      vertex -40.4574 -42.2615 31.0604
      vertex -38.6806 -38.4559 30.9563
    endloop
  endfacet
  facet normal -0.906105 0.423052 0
    outer loop
      vertex -38.6806 -38.4559 30.9563
      vertex -40.4574 -42.2615 31.0604
      vertex -38.6806 -38.4559 31.0607
    endloop
  endfacet
  facet normal -0.906105 0.423052 0
    outer loop
      vertex -38.6806 -38.4559 31.0607
      vertex -40.4574 -42.2615 31.0604
      vertex -38.6806 -38.4559 31.1497
    endloop
  endfacet
  facet normal -0.906105 0.423052 0
    outer loop
      vertex -40.4574 -42.2615 31.1494
      vertex -38.6806 -38.4559 31.1497
      vertex -40.4574 -42.2615 31.0604
    endloop
  endfacet
  facet normal -0.906105 0.423052 0
    outer loop
      vertex -40.4574 -42.2615 31.0604
      vertex -38.6806 -38.4559 27.6381
      vertex -38.6806 -38.4559 27.5501
    endloop
  endfacet
  facet normal -0.906105 0.423052 0
    outer loop
      vertex -38.6806 -38.4559 31.1497
      vertex -40.4574 -42.2615 31.1494
      vertex -38.6806 -38.4559 31.2205
    endloop
  endfacet
  facet normal -0.906105 0.423052 0
    outer loop
      vertex -38.6806 -38.4559 31.2205
      vertex -40.4574 -42.2615 31.3005
      vertex -38.6806 -38.4559 32.05
    endloop
  endfacet
  facet normal -0.906105 0.423052 0
    outer loop
      vertex -38.6806 -38.4559 32.05
      vertex -40.4574 -42.2615 31.3005
      vertex -40.4574 -42.2615 32.05
    endloop
  endfacet
  facet normal 0 0 -1
    outer loop
      vertex -58.1892 -33.993 27.3
      vertex -56.4142 -30.1866 27.3
      vertex -56.3537 -30.2148 27.3
    endloop
  endfacet
  facet normal -0 0 -1
    outer loop
      vertex -56.4142 -30.1866 27.3
      vertex -58.1892 -33.993 27.3
      vertex -56.498 -30.1474 27.3
    endloop
  endfacet
  facet normal 0 0 -1
    outer loop
      vertex -58.4444 -33.874 27.3
      vertex -56.6694 -30.0676 27.3
      vertex -56.5844 -30.1072 27.3
    endloop
  endfacet
  facet normal -0 0 -1
    outer loop
      vertex -56.6694 -30.0676 27.3
      vertex -58.4444 -33.874 27.3
      vertex -56.7486 -30.0306 27.3
    endloop
  endfacet
  facet normal -0 0 -1
    outer loop
      vertex -56.7486 -30.0306 27.3
      vertex -58.5236 -33.8371 27.3
      vertex -56.8181 -29.9982 27.3
    endloop
  endfacet
  facet normal 0 0 -1
    outer loop
      vertex -58.1892 -33.993 27.3
      vertex -56.3537 -30.2148 27.3
      vertex -58.1305 -34.0204 27.3
    endloop
  endfacet
  facet normal 0 0 -1
    outer loop
      vertex -58.273 -33.9539 27.3
      vertex -56.498 -30.1474 27.3
      vertex -58.1892 -33.993 27.3
    endloop
  endfacet
  facet normal -0 0 -1
    outer loop
      vertex -56.498 -30.1474 27.3
      vertex -58.273 -33.9539 27.3
      vertex -56.5844 -30.1072 27.3
    endloop
  endfacet
  facet normal 0 0 -1
    outer loop
      vertex -58.3594 -33.9137 27.3
      vertex -56.5844 -30.1072 27.3
      vertex -58.273 -33.9539 27.3
    endloop
  endfacet
  facet normal 0 0 -1
    outer loop
      vertex -58.4444 -33.874 27.3
      vertex -56.5844 -30.1072 27.3
      vertex -58.3594 -33.9137 27.3
    endloop
  endfacet
  facet normal 0 0 -1
    outer loop
      vertex -56.7486 -30.0306 27.3
      vertex -58.4444 -33.874 27.3
      vertex -58.5236 -33.8371 27.3
    endloop
  endfacet
  facet normal 0 0 -1
    outer loop
      vertex -58.5931 -33.8047 27.3
      vertex -56.8181 -29.9982 27.3
      vertex -58.5236 -33.8371 27.3
    endloop
  endfacet
  facet normal -0 0 -1
    outer loop
      vertex -56.8181 -29.9982 27.3
      vertex -58.5931 -33.8047 27.3
      vertex -56.8741 -29.9721 27.3
    endloop
  endfacet
  facet normal 0 0 -1
    outer loop
      vertex -58.6491 -33.7786 27.3
      vertex -56.8741 -29.9721 27.3
      vertex -58.5931 -33.8047 27.3
    endloop
  endfacet
  facet normal -0 0 -1
    outer loop
      vertex -56.8741 -29.9721 27.3
      vertex -58.6491 -33.7786 27.3
      vertex -56.9141 -29.9534 27.3
    endloop
  endfacet
  facet normal 0 0 -1
    outer loop
      vertex -58.6891 -33.7599 27.3
      vertex -56.9141 -29.9534 27.3
      vertex -58.6491 -33.7786 27.3
    endloop
  endfacet
  facet normal 0 0 -1
    outer loop
      vertex -58.6891 -33.7599 27.3
      vertex -60.1189 -28.459 27.3
      vertex -56.9141 -29.9534 27.3
    endloop
  endfacet
  facet normal 0 0 -1
    outer loop
      vertex -61.8939 -32.2655 27.3
      vertex -60.1189 -28.459 27.3
      vertex -58.6891 -33.7599 27.3
    endloop
  endfacet
  facet normal -0 0 -1
    outer loop
      vertex -60.1189 -28.459 27.3
      vertex -61.8939 -32.2655 27.3
      vertex -60.2055 -28.4186 27.3
    endloop
  endfacet
  facet normal 0 0 -1
    outer loop
      vertex -60.2055 -28.4186 27.3
      vertex -61.8939 -32.2655 27.3
      vertex -61.9823 -32.2243 27.3
    endloop
  endfacet
  facet normal 0 0 -1
    outer loop
      vertex -36.6056 -44.0576 27.3
      vertex -34.8854 -40.2256 27.3
      vertex -34.8288 -40.252 27.3
    endloop
  endfacet
  facet normal 0 0 -1
    outer loop
      vertex -36.6604 -44.0321 27.3
      vertex -34.8854 -40.2256 27.3
      vertex -36.6056 -44.0576 27.3
    endloop
  endfacet
  facet normal -0 0 -1
    outer loop
      vertex -34.8854 -40.2256 27.3
      vertex -36.6604 -44.0321 27.3
      vertex -35.0286 -40.1588 27.3
    endloop
  endfacet
  facet normal 0 0 -1
    outer loop
      vertex -36.8036 -43.9653 27.3
      vertex -35.0286 -40.1588 27.3
      vertex -36.6604 -44.0321 27.3
    endloop
  endfacet
  facet normal 0 0 -1
    outer loop
      vertex -36.8036 -43.9653 27.3
      vertex -38.2334 -38.6644 27.3
      vertex -35.0286 -40.1588 27.3
    endloop
  endfacet
  facet normal 0 0 -1
    outer loop
      vertex -40.0084 -42.4709 27.3
      vertex -38.2334 -38.6644 27.3
      vertex -36.8036 -43.9653 27.3
    endloop
  endfacet
  facet normal -0 0 -1
    outer loop
      vertex -38.2334 -38.6644 27.3
      vertex -40.0084 -42.4709 27.3
      vertex -38.2734 -38.6457 27.3
    endloop
  endfacet
  facet normal 0 0 -1
    outer loop
      vertex -40.0484 -42.4522 27.3
      vertex -38.2734 -38.6457 27.3
      vertex -40.0084 -42.4709 27.3
    endloop
  endfacet
  facet normal -0 0 -1
    outer loop
      vertex -38.2734 -38.6457 27.3
      vertex -40.0484 -42.4522 27.3
      vertex -38.3294 -38.6196 27.3
    endloop
  endfacet
  facet normal 0 0 -1
    outer loop
      vertex -40.1044 -42.4261 27.3
      vertex -38.3294 -38.6196 27.3
      vertex -40.0484 -42.4522 27.3
    endloop
  endfacet
  facet normal -0 0 -1
    outer loop
      vertex -38.3294 -38.6196 27.3
      vertex -40.1044 -42.4261 27.3
      vertex -38.3989 -38.5872 27.3
    endloop
  endfacet
  facet normal 0 0 -1
    outer loop
      vertex -40.1739 -42.3937 27.3
      vertex -38.3989 -38.5872 27.3
      vertex -40.1044 -42.4261 27.3
    endloop
  endfacet
  facet normal -0 0 -1
    outer loop
      vertex -38.3989 -38.5872 27.3
      vertex -40.1739 -42.3937 27.3
      vertex -38.4781 -38.5503 27.3
    endloop
  endfacet
  facet normal 0 0 -1
    outer loop
      vertex -40.2531 -42.3568 27.3
      vertex -38.4781 -38.5503 27.3
      vertex -40.1739 -42.3937 27.3
    endloop
  endfacet
  facet normal -0 0 -1
    outer loop
      vertex -38.4781 -38.5503 27.3
      vertex -40.2531 -42.3568 27.3
      vertex -38.5631 -38.5107 27.3
    endloop
  endfacet
  facet normal 0 0 -1
    outer loop
      vertex -40.3381 -42.3172 27.3
      vertex -38.5631 -38.5107 27.3
      vertex -40.2531 -42.3568 27.3
    endloop
  endfacet
  facet normal -0 0 -1
    outer loop
      vertex -38.5631 -38.5107 27.3
      vertex -40.3381 -42.3172 27.3
      vertex -38.6495 -38.4704 27.3
    endloop
  endfacet
  facet normal 0 0 -1
    outer loop
      vertex -40.4245 -42.2769 27.3
      vertex -38.6495 -38.4704 27.3
      vertex -40.3381 -42.3172 27.3
    endloop
  endfacet
  facet normal -0 0 -1
    outer loop
      vertex -38.6495 -38.4704 27.3
      vertex -40.4245 -42.2769 27.3
      vertex -38.6806 -38.4559 27.3
    endloop
  endfacet
  facet normal 0 0 -1
    outer loop
      vertex -38.6806 -38.4559 27.3
      vertex -40.4245 -42.2769 27.3
      vertex -40.4574 -42.2615 27.3
    endloop
  endfacet
  facet normal 0.90611 -0.423043 0
    outer loop
      vertex -61.9823 -32.2243 27.3
      vertex -60.2055 -28.4186 7.8
      vertex -60.2055 -28.4186 27.3
    endloop
  endfacet
  facet normal 0.90611 -0.423043 0
    outer loop
      vertex -60.2055 -28.4186 7.8
      vertex -61.9823 -32.2243 27.3
      vertex -61.9823 -32.2243 7.8
    endloop
  endfacet
  facet normal 0 0 1
    outer loop
      vertex -58.3419 -33.9218 7.8
      vertex -56.5669 -30.1154 7.8
      vertex -56.6417 -30.0804 7.8
    endloop
  endfacet
  facet normal 0 0 1
    outer loop
      vertex -56.5669 -30.1154 7.8
      vertex -58.3419 -33.9218 7.8
      vertex -56.4866 -30.1528 7.8
    endloop
  endfacet
  facet normal 0 0 1
    outer loop
      vertex -58.4823 -33.8563 7.8
      vertex -56.7073 -30.0499 7.8
      vertex -56.7602 -30.0252 7.8
    endloop
  endfacet
  facet normal 0 0 1
    outer loop
      vertex -58.5352 -33.8317 7.8
      vertex -56.7602 -30.0252 7.8
      vertex -56.798 -30.0076 7.8
    endloop
  endfacet
  facet normal 0 0 1
    outer loop
      vertex -56.4051 -30.1908 7.8
      vertex -58.1305 -34.0204 7.8
      vertex -56.3537 -30.2148 7.8
    endloop
  endfacet
  facet normal 0 0 1
    outer loop
      vertex -56.4866 -30.1528 7.8
      vertex -58.2616 -33.9593 7.8
      vertex -56.4051 -30.1908 7.8
    endloop
  endfacet
  facet normal 0 0 1
    outer loop
      vertex -56.7073 -30.0499 7.8
      vertex -58.4823 -33.8563 7.8
      vertex -56.6417 -30.0804 7.8
    endloop
  endfacet
  facet normal 0 0 1
    outer loop
      vertex -56.4051 -30.1908 7.8
      vertex -58.1801 -33.9973 7.8
      vertex -58.1305 -34.0204 7.8
    endloop
  endfacet
  facet normal 0 0 1
    outer loop
      vertex -56.4051 -30.1908 7.8
      vertex -58.2616 -33.9593 7.8
      vertex -58.1801 -33.9973 7.8
    endloop
  endfacet
  facet normal 0 0 1
    outer loop
      vertex -56.4866 -30.1528 7.8
      vertex -58.3419 -33.9218 7.8
      vertex -58.2616 -33.9593 7.8
    endloop
  endfacet
  facet normal 0 0 1
    outer loop
      vertex -56.6417 -30.0804 7.8
      vertex -58.4167 -33.8869 7.8
      vertex -58.3419 -33.9218 7.8
    endloop
  endfacet
  facet normal 0 0 1
    outer loop
      vertex -56.6417 -30.0804 7.8
      vertex -58.4823 -33.8563 7.8
      vertex -58.4167 -33.8869 7.8
    endloop
  endfacet
  facet normal 0 0 1
    outer loop
      vertex -56.7602 -30.0252 7.8
      vertex -58.5352 -33.8317 7.8
      vertex -58.4823 -33.8563 7.8
    endloop
  endfacet
  facet normal 0 0 1
    outer loop
      vertex -56.798 -30.0076 7.8
      vertex -58.573 -33.8141 7.8
      vertex -58.5352 -33.8317 7.8
    endloop
  endfacet
  facet normal 0 0 1
    outer loop
      vertex -60.1189 -28.459 7.8
      vertex -58.573 -33.8141 7.8
      vertex -56.798 -30.0076 7.8
    endloop
  endfacet
  facet normal 0 0 1
    outer loop
      vertex -61.8939 -32.2655 7.8
      vertex -60.1189 -28.459 7.8
      vertex -60.2055 -28.4186 7.8
    endloop
  endfacet
  facet normal 0 0 1
    outer loop
      vertex -60.1189 -28.459 7.8
      vertex -61.8939 -32.2655 7.8
      vertex -58.573 -33.8141 7.8
    endloop
  endfacet
  facet normal 0 -0 1
    outer loop
      vertex -61.8939 -32.2655 7.8
      vertex -60.2055 -28.4186 7.8
      vertex -61.9823 -32.2243 7.8
    endloop
  endfacet
  facet normal 0 0 1
    outer loop
      vertex -34.8854 -40.2256 7.8
      vertex -36.6056 -44.0576 7.8
      vertex -34.8288 -40.252 7.8
    endloop
  endfacet
  facet normal 0 0 1
    outer loop
      vertex -36.6604 -44.0321 7.8
      vertex -34.8854 -40.2256 7.8
      vertex -35.0286 -40.1588 7.8
    endloop
  endfacet
  facet normal 0 0 1
    outer loop
      vertex -34.8854 -40.2256 7.8
      vertex -36.6604 -44.0321 7.8
      vertex -36.6056 -44.0576 7.8
    endloop
  endfacet
  facet normal 0 0 1
    outer loop
      vertex -35.0286 -40.1588 7.8
      vertex -36.8036 -43.9653 7.8
      vertex -36.6604 -44.0321 7.8
    endloop
  endfacet
  facet normal 0 0 1
    outer loop
      vertex -38.3495 -38.6102 7.8
      vertex -36.8036 -43.9653 7.8
      vertex -35.0286 -40.1588 7.8
    endloop
  endfacet
  facet normal 0 0 1
    outer loop
      vertex -40.1245 -42.4167 7.8
      vertex -38.3495 -38.6102 7.8
      vertex -38.3873 -38.5926 7.8
    endloop
  endfacet
  facet normal 0 0 1
    outer loop
      vertex -40.1623 -42.3991 7.8
      vertex -38.3873 -38.5926 7.8
      vertex -38.4402 -38.568 7.8
    endloop
  endfacet
  facet normal 0 0 1
    outer loop
      vertex -40.2152 -42.3745 7.8
      vertex -38.4402 -38.568 7.8
      vertex -38.5058 -38.5374 7.8
    endloop
  endfacet
  facet normal 0 0 1
    outer loop
      vertex -40.2808 -42.3439 7.8
      vertex -38.5058 -38.5374 7.8
      vertex -38.5806 -38.5025 7.8
    endloop
  endfacet
  facet normal 0 0 1
    outer loop
      vertex -40.3556 -42.309 7.8
      vertex -38.5806 -38.5025 7.8
      vertex -38.6609 -38.4651 7.8
    endloop
  endfacet
  facet normal 0 0 1
    outer loop
      vertex -40.4359 -42.2715 7.8
      vertex -38.6609 -38.4651 7.8
      vertex -38.6806 -38.4559 7.8
    endloop
  endfacet
  facet normal 0 0 1
    outer loop
      vertex -38.3495 -38.6102 7.8
      vertex -40.1245 -42.4167 7.8
      vertex -36.8036 -43.9653 7.8
    endloop
  endfacet
  facet normal 0 0 1
    outer loop
      vertex -38.3873 -38.5926 7.8
      vertex -40.1623 -42.3991 7.8
      vertex -40.1245 -42.4167 7.8
    endloop
  endfacet
  facet normal 0 0 1
    outer loop
      vertex -38.4402 -38.568 7.8
      vertex -40.2152 -42.3745 7.8
      vertex -40.1623 -42.3991 7.8
    endloop
  endfacet
  facet normal 0 0 1
    outer loop
      vertex -38.5058 -38.5374 7.8
      vertex -40.2808 -42.3439 7.8
      vertex -40.2152 -42.3745 7.8
    endloop
  endfacet
  facet normal 0 0 1
    outer loop
      vertex -38.5806 -38.5025 7.8
      vertex -40.3556 -42.309 7.8
      vertex -40.2808 -42.3439 7.8
    endloop
  endfacet
  facet normal 0 0 1
    outer loop
      vertex -38.6609 -38.4651 7.8
      vertex -40.4359 -42.2715 7.8
      vertex -40.3556 -42.309 7.8
    endloop
  endfacet
  facet normal 0 -0 1
    outer loop
      vertex -40.4359 -42.2715 7.8
      vertex -38.6806 -38.4559 7.8
      vertex -40.4574 -42.2615 7.8
    endloop
  endfacet
  facet normal -0.906105 0.423052 0
    outer loop
      vertex -36.6056 -44.0576 7.8
      vertex -34.8288 -40.252 27.3
      vertex -34.8288 -40.252 7.8
    endloop
  endfacet
  facet normal -0.906105 0.423052 0
    outer loop
      vertex -34.8288 -40.252 27.3
      vertex -36.6056 -44.0576 7.8
      vertex -36.6056 -44.0576 27.3
    endloop
  endfacet
  facet normal 0.996193 0.0871783 0
    outer loop
      vertex 0 -23.5 3.5
      vertex -0.015192 -23.3264 0
      vertex -0.015192 -23.3264 3.5
    endloop
  endfacet
  facet normal 0.996193 0.0871783 0
    outer loop
      vertex -0.015192 -23.3264 0
      vertex 0 -23.5 3.5
      vertex 0 -23.5 0
    endloop
  endfacet
  facet normal 0.965938 0.258775 0
    outer loop
      vertex -0.015192 -23.3264 3.5
      vertex -0.0603065 -23.158 0
      vertex -0.0603065 -23.158 3.5
    endloop
  endfacet
  facet normal 0.965938 0.258775 0
    outer loop
      vertex -0.0603065 -23.158 0
      vertex -0.015192 -23.3264 3.5
      vertex -0.015192 -23.3264 0
    endloop
  endfacet
  facet normal 0.906328 0.422575 0
    outer loop
      vertex -0.0603065 -23.158 3.5
      vertex -0.133974 -23 0
      vertex -0.133974 -23 3.5
    endloop
  endfacet
  facet normal 0.906328 0.422575 0
    outer loop
      vertex -0.133974 -23 0
      vertex -0.0603065 -23.158 3.5
      vertex -0.0603065 -23.158 0
    endloop
  endfacet
  facet normal 0.819175 0.573543 0
    outer loop
      vertex -0.133974 -23 3.5
      vertex -0.233955 -22.8572 0
      vertex -0.233955 -22.8572 3.5
    endloop
  endfacet
  facet normal 0.819175 0.573543 0
    outer loop
      vertex -0.233955 -22.8572 0
      vertex -0.133974 -23 3.5
      vertex -0.133974 -23 0
    endloop
  endfacet
  facet normal 0.706943 0.70727 0
    outer loop
      vertex -0.233955 -22.8572 3.5
      vertex -0.357212 -22.734 0
      vertex -0.357212 -22.734 3.5
    endloop
  endfacet
  facet normal 0.706943 0.70727 0
    outer loop
      vertex -0.357212 -22.734 0
      vertex -0.233955 -22.8572 3.5
      vertex -0.233955 -22.8572 0
    endloop
  endfacet
  facet normal 0.573649 0.819101 -0
    outer loop
      vertex -0.357212 -22.734 0
      vertex -0.5 -22.634 3.5
      vertex -0.357212 -22.734 3.5
    endloop
  endfacet
  facet normal 0.573649 0.819101 0
    outer loop
      vertex -0.5 -22.634 3.5
      vertex -0.357212 -22.734 0
      vertex -0.5 -22.634 0
    endloop
  endfacet
  facet normal 0.422775 0.906235 -0
    outer loop
      vertex -0.5 -22.634 0
      vertex -0.657979 -22.5603 3.5
      vertex -0.5 -22.634 3.5
    endloop
  endfacet
  facet normal 0.422775 0.906235 0
    outer loop
      vertex -0.657979 -22.5603 3.5
      vertex -0.5 -22.634 0
      vertex -0.657979 -22.5603 0
    endloop
  endfacet
  facet normal 0.258738 0.965948 -0
    outer loop
      vertex -0.657979 -22.5603 0
      vertex -0.826351 -22.5152 3.5
      vertex -0.657979 -22.5603 3.5
    endloop
  endfacet
  facet normal 0.258738 0.965948 0
    outer loop
      vertex -0.826351 -22.5152 3.5
      vertex -0.657979 -22.5603 0
      vertex -0.826351 -22.5152 0
    endloop
  endfacet
  facet normal 0.0871995 0.996191 -0
    outer loop
      vertex -0.826351 -22.5152 0
      vertex -1 -22.5 3.5
      vertex -0.826351 -22.5152 3.5
    endloop
  endfacet
  facet normal 0.0871995 0.996191 0
    outer loop
      vertex -1 -22.5 3.5
      vertex -0.826351 -22.5152 0
      vertex -1 -22.5 0
    endloop
  endfacet
  facet normal 1 -0 0
    outer loop
      vertex 0 -25.5 35
      vertex 0 -23.5 30.513
      vertex 0 -23.5 35
    endloop
  endfacet
  facet normal 1 0 0
    outer loop
      vertex 0 -25.5 0
      vertex 0 -23.5 30.513
      vertex 0 -25.5 35
    endloop
  endfacet
  facet normal 1 0 0
    outer loop
      vertex 0 -23.5 30.513
      vertex 0 -25.5 0
      vertex 0 -23.5 3.5
    endloop
  endfacet
  facet normal 1 0 0
    outer loop
      vertex 0 -23.5 3.5
      vertex 0 -25.5 0
      vertex 0 -23.5 0
    endloop
  endfacet
  facet normal 1 0 0
    outer loop
      vertex 0 -6.56684 17.6351
      vertex 0 -4.5 21.0957
      vertex 0 -6.51679 17.8652
    endloop
  endfacet
  facet normal 1 0 0
    outer loop
      vertex 0 -4.5 21.0957
      vertex 0 -6.51679 10.2348
      vertex 0 -6.5 10
    endloop
  endfacet
  facet normal 1 0 0
    outer loop
      vertex 0 -6.56684 10.4649
      vertex 0 -4.5 21.0957
      vertex 0 -6.56684 17.6351
    endloop
  endfacet
  facet normal 1 0 0
    outer loop
      vertex 0 -4.5 21.0957
      vertex 0 -6.56684 10.4649
      vertex 0 -6.51679 10.2348
    endloop
  endfacet
  facet normal 1 -0 0
    outer loop
      vertex 0 -6.64911 17.4146
      vertex 0 -6.56684 10.4649
      vertex 0 -6.56684 17.6351
    endloop
  endfacet
  facet normal 1 0 0
    outer loop
      vertex 0 -6.64911 17.4146
      vertex 0 -6.64911 10.6854
      vertex 0 -6.56684 10.4649
    endloop
  endfacet
  facet normal 1 -0 0
    outer loop
      vertex 0 -6.76193 17.2079
      vertex 0 -6.64911 10.6854
      vertex 0 -6.64911 17.4146
    endloop
  endfacet
  facet normal 1 0 0
    outer loop
      vertex 0 -6.76193 17.2079
      vertex 0 -6.76193 10.8921
      vertex 0 -6.64911 10.6854
    endloop
  endfacet
  facet normal 1 -0 0
    outer loop
      vertex 0 -6.90301 17.0195
      vertex 0 -6.76193 10.8921
      vertex 0 -6.76193 17.2079
    endloop
  endfacet
  facet normal 1 0 0
    outer loop
      vertex 0 -6.90301 17.0195
      vertex 0 -6.90301 11.0805
      vertex 0 -6.76193 10.8921
    endloop
  endfacet
  facet normal 1 -0 0
    outer loop
      vertex 0 -7.06948 16.853
      vertex 0 -6.90301 11.0805
      vertex 0 -6.90301 17.0195
    endloop
  endfacet
  facet normal 1 0 0
    outer loop
      vertex 0 -7.06948 16.853
      vertex 0 -7.06948 11.247
      vertex 0 -6.90301 11.0805
    endloop
  endfacet
  facet normal 1 -0 0
    outer loop
      vertex 0 -7.25794 16.7119
      vertex 0 -7.06948 11.247
      vertex 0 -7.06948 16.853
    endloop
  endfacet
  facet normal 1 0 0
    outer loop
      vertex 0 -7.25794 16.7119
      vertex 0 -7.25794 11.3881
      vertex 0 -7.06948 11.247
    endloop
  endfacet
  facet normal 1 -0 0
    outer loop
      vertex 0 -7.46457 16.5991
      vertex 0 -7.25794 11.3881
      vertex 0 -7.25794 16.7119
    endloop
  endfacet
  facet normal 1 0 0
    outer loop
      vertex 0 -7.46457 16.5991
      vertex 0 -7.46457 11.5009
      vertex 0 -7.25794 11.3881
    endloop
  endfacet
  facet normal 1 -0 0
    outer loop
      vertex 0 -7.68514 16.5168
      vertex 0 -7.46457 11.5009
      vertex 0 -7.46457 16.5991
    endloop
  endfacet
  facet normal 1 0 0
    outer loop
      vertex 0 -7.68514 16.5168
      vertex 0 -7.68514 11.5832
      vertex 0 -7.46457 11.5009
    endloop
  endfacet
  facet normal 1 -0 0
    outer loop
      vertex 0 -7.91518 16.4668
      vertex 0 -7.68514 11.5832
      vertex 0 -7.68514 16.5168
    endloop
  endfacet
  facet normal 1 0 0
    outer loop
      vertex 0 -7.91518 16.4668
      vertex 0 -7.91518 11.6332
      vertex 0 -7.68514 11.5832
    endloop
  endfacet
  facet normal 1 -0 0
    outer loop
      vertex 0 -8.15 16.45
      vertex 0 -7.91518 11.6332
      vertex 0 -7.91518 16.4668
    endloop
  endfacet
  facet normal 1 0 0
    outer loop
      vertex 0 -8.15 16.45
      vertex 0 -8.15 11.65
      vertex 0 -7.91518 11.6332
    endloop
  endfacet
  facet normal 1 0 0
    outer loop
      vertex 0 -8.38482 16.4668
      vertex 0 -8.15 11.65
      vertex 0 -8.15 16.45
    endloop
  endfacet
  facet normal 1 0 0
    outer loop
      vertex 0 -8.38482 16.4668
      vertex 0 -8.38482 11.6332
      vertex 0 -8.15 11.65
    endloop
  endfacet
  facet normal 1 0 0
    outer loop
      vertex 0 -8.61486 16.5168
      vertex 0 -8.38482 11.6332
      vertex 0 -8.38482 16.4668
    endloop
  endfacet
  facet normal 1 0 0
    outer loop
      vertex 0 -8.61486 16.5168
      vertex 0 -8.61486 11.5832
      vertex 0 -8.38482 11.6332
    endloop
  endfacet
  facet normal 1 0 0
    outer loop
      vertex 0 -8.83543 16.5991
      vertex 0 -8.61486 11.5832
      vertex 0 -8.61486 16.5168
    endloop
  endfacet
  facet normal 1 0 0
    outer loop
      vertex 0 -8.83543 16.5991
      vertex 0 -8.83543 11.5009
      vertex 0 -8.61486 11.5832
    endloop
  endfacet
  facet normal 1 0 0
    outer loop
      vertex 0 -9.04206 16.7119
      vertex 0 -8.83543 11.5009
      vertex 0 -8.83543 16.5991
    endloop
  endfacet
  facet normal 1 0 0
    outer loop
      vertex 0 -9.04206 16.7119
      vertex 0 -9.04206 11.3881
      vertex 0 -8.83543 11.5009
    endloop
  endfacet
  facet normal 1 0 0
    outer loop
      vertex 0 -9.23052 16.853
      vertex 0 -9.04206 11.3881
      vertex 0 -9.04206 16.7119
    endloop
  endfacet
  facet normal 1 0 0
    outer loop
      vertex 0 -9.23052 16.853
      vertex 0 -9.23052 11.247
      vertex 0 -9.04206 11.3881
    endloop
  endfacet
  facet normal 1 0 0
    outer loop
      vertex 0 -9.39699 17.0195
      vertex 0 -9.23052 11.247
      vertex 0 -9.23052 16.853
    endloop
  endfacet
  facet normal 1 0 0
    outer loop
      vertex 0 -9.39699 17.0195
      vertex 0 -9.39699 11.0805
      vertex 0 -9.23052 11.247
    endloop
  endfacet
  facet normal 1 0 0
    outer loop
      vertex 0 -9.53807 17.2079
      vertex 0 -9.39699 11.0805
      vertex 0 -9.39699 17.0195
    endloop
  endfacet
  facet normal 1 0 0
    outer loop
      vertex 0 -9.53807 17.2079
      vertex 0 -9.53807 10.8921
      vertex 0 -9.39699 11.0805
    endloop
  endfacet
  facet normal 1 0 0
    outer loop
      vertex 0 -17.8747 7.9168
      vertex 0 -9.53807 17.2079
      vertex 0 -9.65089 17.4146
    endloop
  endfacet
  facet normal 1 0 0
    outer loop
      vertex 0 -9.53807 17.2079
      vertex 0 -17.8747 7.9168
      vertex 0 -9.53807 10.8921
    endloop
  endfacet
  facet normal 1 0 0
    outer loop
      vertex 0 -18.1048 7.97417
      vertex 0 -9.65089 17.4146
      vertex 0 -9.73316 17.6351
    endloop
  endfacet
  facet normal 1 0 0
    outer loop
      vertex 0 -9.53807 10.8921
      vertex 0 -17.8747 7.9168
      vertex 0 -9.65089 10.6854
    endloop
  endfacet
  facet normal 1 0 0
    outer loop
      vertex 0 -18.3407 7.99896
      vertex 0 -9.73316 17.6351
      vertex 0 -9.78321 17.8652
    endloop
  endfacet
  facet normal 1 0 -0
    outer loop
      vertex 0 -17.6548 7.82795
      vertex 0 -9.65089 10.6854
      vertex 0 -17.8747 7.9168
    endloop
  endfacet
  facet normal 1 0 0
    outer loop
      vertex 0 -18.5777 7.99069
      vertex 0 -9.78321 17.8652
      vertex 0 -9.8 18.1
    endloop
  endfacet
  facet normal 1 0 -0
    outer loop
      vertex 0 -17.4494 7.70936
      vertex 0 -9.73316 10.4649
      vertex 0 -17.6548 7.82795
    endloop
  endfacet
  facet normal 1 0 0
    outer loop
      vertex 0 -6.51679 17.8652
      vertex 0 -4.5 21.0957
      vertex 0 -6.5 18.1
    endloop
  endfacet
  facet normal 1 0 0
    outer loop
      vertex 0 -4.5 21.0957
      vertex 0 -6.51679 18.3348
      vertex 0 -6.5 18.1
    endloop
  endfacet
  facet normal 1 0 0
    outer loop
      vertex 0 -4.5 21.0957
      vertex 0 -6.56684 18.5649
      vertex 0 -6.51679 18.3348
    endloop
  endfacet
  facet normal 1 0 0
    outer loop
      vertex 0 -4.5 21.0957
      vertex 0 -6.64911 18.7854
      vertex 0 -6.56684 18.5649
    endloop
  endfacet
  facet normal 1 0 0
    outer loop
      vertex 0 -4.5 21.0957
      vertex 0 -6.76193 18.9921
      vertex 0 -6.64911 18.7854
    endloop
  endfacet
  facet normal 1 0 0
    outer loop
      vertex 0 -4.5 21.0957
      vertex 0 -6.90301 19.1805
      vertex 0 -6.76193 18.9921
    endloop
  endfacet
  facet normal 1 0 0
    outer loop
      vertex 0 -4.5 21.0957
      vertex 0 -7.06948 19.347
      vertex 0 -6.90301 19.1805
    endloop
  endfacet
  facet normal 1 0 0
    outer loop
      vertex 0 -4.5 21.0957
      vertex 0 -7.25794 19.4881
      vertex 0 -7.06948 19.347
    endloop
  endfacet
  facet normal 1 0 0
    outer loop
      vertex 0 -4.5 21.0957
      vertex 0 -7.46457 19.6009
      vertex 0 -7.25794 19.4881
    endloop
  endfacet
  facet normal 1 0 0
    outer loop
      vertex 0 -4.5 21.0957
      vertex 0 -7.68514 19.6832
      vertex 0 -7.46457 19.6009
    endloop
  endfacet
  facet normal 1 0 0
    outer loop
      vertex 0 -4.5 21.0957
      vertex 0 -7.91518 19.7332
      vertex 0 -7.68514 19.6832
    endloop
  endfacet
  facet normal 1 0 0
    outer loop
      vertex 0 -4.5 21.0957
      vertex 0 -8.15 19.75
      vertex 0 -7.91518 19.7332
    endloop
  endfacet
  facet normal 1 0 0
    outer loop
      vertex 0 -4.5 21.0957
      vertex 0 -8.38482 19.7332
      vertex 0 -8.15 19.75
    endloop
  endfacet
  facet normal 1 0 0
    outer loop
      vertex 0 -23.5 30.513
      vertex 0 -8.38482 19.7332
      vertex 0 -4.5 21.0957
    endloop
  endfacet
  facet normal 1 0 0
    outer loop
      vertex 0 -9.73316 10.4649
      vertex 0 -17.4494 7.70936
      vertex 0 -9.78321 10.2348
    endloop
  endfacet
  facet normal 1 0 0
    outer loop
      vertex 0 -18.8113 7.9495
      vertex 0 -9.8 18.1
      vertex 0 -9.78321 18.3348
    endloop
  endfacet
  facet normal 1 0 0
    outer loop
      vertex 0 -23.5 30.513
      vertex 0 -9.78321 18.3348
      vertex 0 -9.73316 18.5649
    endloop
  endfacet
  facet normal 1 0 0
    outer loop
      vertex 0 -23.5 30.513
      vertex 0 -9.73316 18.5649
      vertex 0 -9.65089 18.7854
    endloop
  endfacet
  facet normal 1 0 0
    outer loop
      vertex 0 -23.5 30.513
      vertex 0 -9.65089 18.7854
      vertex 0 -9.53807 18.9921
    endloop
  endfacet
  facet normal 1 0 0
    outer loop
      vertex 0 -9.8 10
      vertex 0 -16.7165 6.53659
      vertex 0 -16.7 6.3
    endloop
  endfacet
  facet normal 1 0 0
    outer loop
      vertex 0 -9.8 10
      vertex 0 -16.7659 6.76858
      vertex 0 -16.7165 6.53659
    endloop
  endfacet
  facet normal 1 0 0
    outer loop
      vertex 0 -9.8 10
      vertex 0 -16.847 6.99145
      vertex 0 -16.7659 6.76858
    endloop
  endfacet
  facet normal 1 0 0
    outer loop
      vertex 0 -9.8 10
      vertex 0 -16.9583 7.20086
      vertex 0 -16.847 6.99145
    endloop
  endfacet
  facet normal 1 0 0
    outer loop
      vertex 0 -9.8 10
      vertex 0 -17.0977 7.39274
      vertex 0 -16.9583 7.20086
    endloop
  endfacet
  facet normal 1 0 0
    outer loop
      vertex 0 -9.78321 10.2348
      vertex 0 -17.0977 7.39274
      vertex 0 -9.8 10
    endloop
  endfacet
  facet normal 1 0 -0
    outer loop
      vertex 0 -17.0977 7.39274
      vertex 0 -9.78321 10.2348
      vertex 0 -17.2625 7.56335
    endloop
  endfacet
  facet normal 1 0 -0
    outer loop
      vertex 0 -17.2625 7.56335
      vertex 0 -9.78321 10.2348
      vertex 0 -17.4494 7.70936
    endloop
  endfacet
  facet normal 1 0 0
    outer loop
      vertex 0 -9.65089 10.6854
      vertex 0 -17.6548 7.82795
      vertex 0 -9.73316 10.4649
    endloop
  endfacet
  facet normal 1 0 0
    outer loop
      vertex 0 -23.5 30.513
      vertex 0 -9.53807 18.9921
      vertex 0 -9.39699 19.1805
    endloop
  endfacet
  facet normal 1 0 0
    outer loop
      vertex 0 -9.65089 17.4146
      vertex 0 -18.1048 7.97417
      vertex 0 -17.8747 7.9168
    endloop
  endfacet
  facet normal 1 0 0
    outer loop
      vertex 0 -9.73316 17.6351
      vertex 0 -18.3407 7.99896
      vertex 0 -18.1048 7.97417
    endloop
  endfacet
  facet normal 1 0 0
    outer loop
      vertex 0 -9.78321 17.8652
      vertex 0 -18.5777 7.99069
      vertex 0 -18.3407 7.99896
    endloop
  endfacet
  facet normal 1 0 0
    outer loop
      vertex 0 -9.8 18.1
      vertex 0 -18.8113 7.9495
      vertex 0 -18.5777 7.99069
    endloop
  endfacet
  facet normal 1 0 0
    outer loop
      vertex 0 -9.78321 18.3348
      vertex 0 -23.5 30.513
      vertex 0 -18.8113 7.9495
    endloop
  endfacet
  facet normal 1 0 0
    outer loop
      vertex 0 -18.8113 7.9495
      vertex 0 -23.5 30.513
      vertex 0 -19.0368 7.87621
    endloop
  endfacet
  facet normal 1 0 0
    outer loop
      vertex 0 -19.0368 7.87621
      vertex 0 -23.5 30.513
      vertex 0 -19.25 7.77224
    endloop
  endfacet
  facet normal 1 0 0
    outer loop
      vertex 0 -19.25 7.77224
      vertex 0 -23.5 30.513
      vertex 0 -19.4466 7.63962
    endloop
  endfacet
  facet normal 1 0 0
    outer loop
      vertex 0 -20.0629 6.65345
      vertex 0 -23.5 3.5
      vertex 0 -20.0959 6.41859
    endloop
  endfacet
  facet normal 1 0 0
    outer loop
      vertex 0 -19.9975 6.88143
      vertex 0 -23.5 3.5
      vertex 0 -20.0629 6.65345
    endloop
  endfacet
  facet normal 1 0 0
    outer loop
      vertex 0 -19.901 7.0981
      vertex 0 -23.5 3.5
      vertex 0 -19.9975 6.88143
    endloop
  endfacet
  facet normal 1 0 0
    outer loop
      vertex 0 -19.7753 7.29923
      vertex 0 -23.5 3.5
      vertex 0 -19.901 7.0981
    endloop
  endfacet
  facet normal 1 0 0
    outer loop
      vertex 0 -23.5 3.5
      vertex 0 -19.7753 7.29923
      vertex 0 -23.5 30.513
    endloop
  endfacet
  facet normal 1 0 0
    outer loop
      vertex 0 -19.6229 7.48092
      vertex 0 -23.5 30.513
      vertex 0 -19.7753 7.29923
    endloop
  endfacet
  facet normal 1 0 0
    outer loop
      vertex 0 -19.4466 7.63962
      vertex 0 -23.5 30.513
      vertex 0 -19.6229 7.48092
    endloop
  endfacet
  facet normal 1 0 0
    outer loop
      vertex 0 -9.23052 19.347
      vertex 0 -23.5 30.513
      vertex 0 -9.39699 19.1805
    endloop
  endfacet
  facet normal 1 0 0
    outer loop
      vertex 0 -9.04206 19.4881
      vertex 0 -23.5 30.513
      vertex 0 -9.23052 19.347
    endloop
  endfacet
  facet normal 1 0 0
    outer loop
      vertex 0 -8.83543 19.6009
      vertex 0 -23.5 30.513
      vertex 0 -9.04206 19.4881
    endloop
  endfacet
  facet normal 1 0 0
    outer loop
      vertex 0 -8.61486 19.6832
      vertex 0 -23.5 30.513
      vertex 0 -8.83543 19.6009
    endloop
  endfacet
  facet normal 1 0 0
    outer loop
      vertex 0 -8.38482 19.7332
      vertex 0 -23.5 30.513
      vertex 0 -8.61486 19.6832
    endloop
  endfacet
  facet normal 1 0 0
    outer loop
      vertex 0 -4.5 21.0957
      vertex 0 -6.5 10
      vertex 0 -4.5 3.5
    endloop
  endfacet
  facet normal 1 -0 0
    outer loop
      vertex 0 -6.51679 9.76518
      vertex 0 -4.5 3.5
      vertex 0 -6.5 10
    endloop
  endfacet
  facet normal 1 -0 0
    outer loop
      vertex 0 -6.56684 9.53514
      vertex 0 -4.5 3.5
      vertex 0 -6.51679 9.76518
    endloop
  endfacet
  facet normal 1 -0 0
    outer loop
      vertex 0 -6.64911 9.31457
      vertex 0 -4.5 3.5
      vertex 0 -6.56684 9.53514
    endloop
  endfacet
  facet normal 1 -0 0
    outer loop
      vertex 0 -6.76193 9.10794
      vertex 0 -4.5 3.5
      vertex 0 -6.64911 9.31457
    endloop
  endfacet
  facet normal 1 -0 0
    outer loop
      vertex 0 -6.90301 8.91948
      vertex 0 -4.5 3.5
      vertex 0 -6.76193 9.10794
    endloop
  endfacet
  facet normal 1 -0 0
    outer loop
      vertex 0 -7.06948 8.75301
      vertex 0 -4.5 3.5
      vertex 0 -6.90301 8.91948
    endloop
  endfacet
  facet normal 1 -0 0
    outer loop
      vertex 0 -7.25794 8.61193
      vertex 0 -4.5 3.5
      vertex 0 -7.06948 8.75301
    endloop
  endfacet
  facet normal 1 -0 0
    outer loop
      vertex 0 -7.46457 8.49911
      vertex 0 -4.5 3.5
      vertex 0 -7.25794 8.61193
    endloop
  endfacet
  facet normal 1 -0 0
    outer loop
      vertex 0 -7.68514 8.41684
      vertex 0 -4.5 3.5
      vertex 0 -7.46457 8.49911
    endloop
  endfacet
  facet normal 1 -0 0
    outer loop
      vertex 0 -7.91518 8.36679
      vertex 0 -4.5 3.5
      vertex 0 -7.68514 8.41684
    endloop
  endfacet
  facet normal 1 -0 0
    outer loop
      vertex 0 -8.15 8.35
      vertex 0 -4.5 3.5
      vertex 0 -7.91518 8.36679
    endloop
  endfacet
  facet normal 1 0 0
    outer loop
      vertex 0 -8.38482 8.36679
      vertex 0 -4.5 3.5
      vertex 0 -8.15 8.35
    endloop
  endfacet
  facet normal 1 0 0
    outer loop
      vertex 0 -8.61486 8.41684
      vertex 0 -4.5 3.5
      vertex 0 -8.38482 8.36679
    endloop
  endfacet
  facet normal 1 0 0
    outer loop
      vertex 0 -8.83543 8.49911
      vertex 0 -4.5 3.5
      vertex 0 -8.61486 8.41684
    endloop
  endfacet
  facet normal 1 0 0
    outer loop
      vertex 0 -16.847 5.60855
      vertex 0 -8.83543 8.49911
      vertex 0 -9.04206 8.61193
    endloop
  endfacet
  facet normal 1 0 0
    outer loop
      vertex 0 -16.7659 5.83142
      vertex 0 -9.04206 8.61193
      vertex 0 -9.23052 8.75301
    endloop
  endfacet
  facet normal 1 0 0
    outer loop
      vertex 0 -16.7165 6.06341
      vertex 0 -9.23052 8.75301
      vertex 0 -9.39699 8.91948
    endloop
  endfacet
  facet normal 1 0 0
    outer loop
      vertex 0 -16.7 6.3
      vertex 0 -9.78321 9.76518
      vertex 0 -9.8 10
    endloop
  endfacet
  facet normal 1 0 0
    outer loop
      vertex 0 -16.7 6.3
      vertex 0 -9.73316 9.53514
      vertex 0 -9.78321 9.76518
    endloop
  endfacet
  facet normal 1 0 0
    outer loop
      vertex 0 -16.7 6.3
      vertex 0 -9.65089 9.31457
      vertex 0 -9.73316 9.53514
    endloop
  endfacet
  facet normal 1 0 0
    outer loop
      vertex 0 -16.7 6.3
      vertex 0 -9.53807 9.10794
      vertex 0 -9.65089 9.31457
    endloop
  endfacet
  facet normal 1 0 0
    outer loop
      vertex 0 -16.7 6.3
      vertex 0 -9.39699 8.91948
      vertex 0 -9.53807 9.10794
    endloop
  endfacet
  facet normal 1 0 0
    outer loop
      vertex 0 -16.7165 6.06341
      vertex 0 -9.39699 8.91948
      vertex 0 -16.7 6.3
    endloop
  endfacet
  facet normal 1 0 0
    outer loop
      vertex 0 -9.23052 8.75301
      vertex 0 -16.7165 6.06341
      vertex 0 -16.7659 5.83142
    endloop
  endfacet
  facet normal 1 0 0
    outer loop
      vertex 0 -9.04206 8.61193
      vertex 0 -16.7659 5.83142
      vertex 0 -16.847 5.60855
    endloop
  endfacet
  facet normal 1 0 0
    outer loop
      vertex 0 -8.83543 8.49911
      vertex 0 -16.847 5.60855
      vertex 0 -16.9583 5.39914
    endloop
  endfacet
  facet normal 1 0 0
    outer loop
      vertex 0 -8.83543 8.49911
      vertex 0 -16.9583 5.39914
      vertex 0 -4.5 3.5
    endloop
  endfacet
  facet normal 1 -0 0
    outer loop
      vertex 0 -17.0977 5.20726
      vertex 0 -4.5 3.5
      vertex 0 -16.9583 5.39914
    endloop
  endfacet
  facet normal 1 -0 0
    outer loop
      vertex 0 -17.2625 5.03665
      vertex 0 -4.5 3.5
      vertex 0 -17.0977 5.20726
    endloop
  endfacet
  facet normal 1 -0 0
    outer loop
      vertex 0 -17.4494 4.89064
      vertex 0 -4.5 3.5
      vertex 0 -17.2625 5.03665
    endloop
  endfacet
  facet normal 1 -0 0
    outer loop
      vertex 0 -17.6548 4.77205
      vertex 0 -4.5 3.5
      vertex 0 -17.4494 4.89064
    endloop
  endfacet
  facet normal 1 -0 0
    outer loop
      vertex 0 -17.8747 4.6832
      vertex 0 -4.5 3.5
      vertex 0 -17.6548 4.77205
    endloop
  endfacet
  facet normal 1 -0 0
    outer loop
      vertex 0 -18.1048 4.62583
      vertex 0 -4.5 3.5
      vertex 0 -17.8747 4.6832
    endloop
  endfacet
  facet normal 1 0 0
    outer loop
      vertex 0 -23.5 3.5
      vertex 0 -18.1048 4.62583
      vertex 0 -18.3407 4.60104
    endloop
  endfacet
  facet normal 1 0 0
    outer loop
      vertex 0 -23.5 3.5
      vertex 0 -18.3407 4.60104
      vertex 0 -18.5777 4.60931
    endloop
  endfacet
  facet normal 1 0 0
    outer loop
      vertex 0 -18.1048 4.62583
      vertex 0 -23.5 3.5
      vertex 0 -4.5 3.5
    endloop
  endfacet
  facet normal 1 0 0
    outer loop
      vertex 0 -18.8113 4.6505
      vertex 0 -23.5 3.5
      vertex 0 -18.5777 4.60931
    endloop
  endfacet
  facet normal 1 0 0
    outer loop
      vertex 0 -19.0368 4.72379
      vertex 0 -23.5 3.5
      vertex 0 -18.8113 4.6505
    endloop
  endfacet
  facet normal 1 0 0
    outer loop
      vertex 0 -19.25 4.82776
      vertex 0 -23.5 3.5
      vertex 0 -19.0368 4.72379
    endloop
  endfacet
  facet normal 1 0 0
    outer loop
      vertex 0 -19.4466 4.96038
      vertex 0 -23.5 3.5
      vertex 0 -19.25 4.82776
    endloop
  endfacet
  facet normal 1 0 0
    outer loop
      vertex 0 -19.6229 5.11908
      vertex 0 -23.5 3.5
      vertex 0 -19.4466 4.96038
    endloop
  endfacet
  facet normal 1 0 0
    outer loop
      vertex 0 -19.7753 5.30077
      vertex 0 -23.5 3.5
      vertex 0 -19.6229 5.11908
    endloop
  endfacet
  facet normal 1 0 0
    outer loop
      vertex 0 -19.901 5.5019
      vertex 0 -23.5 3.5
      vertex 0 -19.7753 5.30077
    endloop
  endfacet
  facet normal 1 0 0
    outer loop
      vertex 0 -19.9975 5.71857
      vertex 0 -23.5 3.5
      vertex 0 -19.901 5.5019
    endloop
  endfacet
  facet normal 1 0 0
    outer loop
      vertex 0 -20.0629 5.94655
      vertex 0 -23.5 3.5
      vertex 0 -19.9975 5.71857
    endloop
  endfacet
  facet normal 1 0 0
    outer loop
      vertex 0 -20.0959 6.18141
      vertex 0 -23.5 3.5
      vertex 0 -20.0629 5.94655
    endloop
  endfacet
  facet normal 1 0 0
    outer loop
      vertex 0 -20.0959 6.41859
      vertex 0 -23.5 3.5
      vertex 0 -20.0959 6.18141
    endloop
  endfacet
  facet normal 0.0871995 0.996191 0
    outer loop
      vertex -0.826351 -22.5152 35
      vertex -0.826351 -22.5152 32.5087
      vertex -1 -22.5 35
    endloop
  endfacet
  facet normal 0.102168 0.994767 0.00105206
    outer loop
      vertex -0.826351 -22.5152 32.5087
      vertex -0.901982 -22.5048 30.0198
      vertex -1 -22.5 35
    endloop
  endfacet
  facet normal 0.048912 0.998803 0
    outer loop
      vertex -1 -22.5 35
      vertex -0.901982 -22.5048 30.0198
      vertex -1 -22.5 30.0174
    endloop
  endfacet
  facet normal 0.258738 0.965948 -0
    outer loop
      vertex -0.657979 -22.5603 32.5087
      vertex -0.826351 -22.5152 35
      vertex -0.657979 -22.5603 35
    endloop
  endfacet
  facet normal 0.258738 0.965948 0
    outer loop
      vertex -0.826351 -22.5152 35
      vertex -0.657979 -22.5603 32.5087
      vertex -0.826351 -22.5152 32.5087
    endloop
  endfacet
  facet normal 0.422775 0.906235 -0
    outer loop
      vertex -0.5 -22.634 32.5087
      vertex -0.657979 -22.5603 35
      vertex -0.5 -22.634 35
    endloop
  endfacet
  facet normal 0.422775 0.906235 0
    outer loop
      vertex -0.657979 -22.5603 35
      vertex -0.5 -22.634 32.5087
      vertex -0.657979 -22.5603 32.5087
    endloop
  endfacet
  facet normal 0.573649 0.819101 -0
    outer loop
      vertex -0.357212 -22.734 32.5087
      vertex -0.5 -22.634 35
      vertex -0.357212 -22.734 35
    endloop
  endfacet
  facet normal 0.573649 0.819101 0
    outer loop
      vertex -0.5 -22.634 35
      vertex -0.357212 -22.734 32.5087
      vertex -0.5 -22.634 32.5087
    endloop
  endfacet
  facet normal 0.706943 0.70727 0
    outer loop
      vertex -0.233955 -22.8572 35
      vertex -0.357212 -22.734 32.5087
      vertex -0.357212 -22.734 35
    endloop
  endfacet
  facet normal 0.706943 0.70727 0
    outer loop
      vertex -0.357212 -22.734 32.5087
      vertex -0.233955 -22.8572 35
      vertex -0.233955 -22.8572 32.5087
    endloop
  endfacet
  facet normal 0.819175 0.573543 0
    outer loop
      vertex -0.133974 -23 35
      vertex -0.233955 -22.8572 32.5087
      vertex -0.233955 -22.8572 35
    endloop
  endfacet
  facet normal 0.819175 0.573543 0
    outer loop
      vertex -0.233955 -22.8572 32.5087
      vertex -0.133974 -23 35
      vertex -0.133974 -23 32.5087
    endloop
  endfacet
  facet normal 0.906328 0.422575 0
    outer loop
      vertex -0.0603065 -23.158 35
      vertex -0.133974 -23 32.5087
      vertex -0.133974 -23 35
    endloop
  endfacet
  facet normal 0.906328 0.422575 0
    outer loop
      vertex -0.133974 -23 32.5087
      vertex -0.0603065 -23.158 35
      vertex -0.0603065 -23.158 32.5087
    endloop
  endfacet
  facet normal 0.965938 0.258775 0
    outer loop
      vertex -0.015192 -23.3264 35
      vertex -0.0603065 -23.158 32.5087
      vertex -0.0603065 -23.158 35
    endloop
  endfacet
  facet normal 0.965938 0.258775 0
    outer loop
      vertex -0.0603065 -23.158 32.5087
      vertex -0.015192 -23.3264 35
      vertex -0.015192 -23.3264 32.5087
    endloop
  endfacet
  facet normal 0.996193 0.0871783 0
    outer loop
      vertex 0 -23.5 35
      vertex -0.015192 -23.3264 32.5087
      vertex -0.015192 -23.3264 35
    endloop
  endfacet
  facet normal 0.996193 0.0871783 0
    outer loop
      vertex -0.015192 -23.3264 32.5087
      vertex 0 -23.5 35
      vertex 0 -23.5 30.513
    endloop
  endfacet
  facet normal 0.998711 0.0506523 0.00319647
    outer loop
      vertex 0 -23.5 30.513
      vertex -0.0048151 -23.402 30.4645
      vertex -0.015192 -23.3264 32.5087
    endloop
  endfacet
  facet normal 0.989211 0.146499 -0.000396423
    outer loop
      vertex -0.015192 -23.3264 32.5087
      vertex -0.0048151 -23.402 30.4645
      vertex -0.0192146 -23.3049 30.4163
    endloop
  endfacet
  facet normal 0.969961 0.24326 0.000634831
    outer loop
      vertex -0.015192 -23.3264 32.5087
      vertex -0.0192146 -23.3049 30.4163
      vertex -0.0430593 -23.2097 30.3692
    endloop
  endfacet
  facet normal 0.965936 0.258775 0.00153355
    outer loop
      vertex -0.015192 -23.3264 32.5087
      vertex -0.0430593 -23.2097 30.3692
      vertex -0.0603065 -23.158 32.5087
    endloop
  endfacet
  facet normal 0.94163 0.336649 -0.000544188
    outer loop
      vertex -0.0603065 -23.158 32.5087
      vertex -0.0430593 -23.2097 30.3692
      vertex -0.0761204 -23.1173 30.3234
    endloop
  endfacet
  facet normal 0.906327 0.422575 0.0013116
    outer loop
      vertex -0.0603065 -23.158 32.5087
      vertex -0.0761204 -23.1173 30.3234
      vertex -0.133974 -23 32.5087
    endloop
  endfacet
  facet normal 0.903784 0.427988 0.000953699
    outer loop
      vertex -0.0761204 -23.1173 30.3234
      vertex -0.118078 -23.0286 30.2794
      vertex -0.133974 -23 32.5087
    endloop
  endfacet
  facet normal 0.857902 0.513813 -0.000474522
    outer loop
      vertex -0.133974 -23 32.5087
      vertex -0.118078 -23.0286 30.2794
      vertex -0.16853 -22.9444 30.2377
    endloop
  endfacet
  facet normal 0.819174 0.573542 0.00157709
    outer loop
      vertex -0.133974 -23 32.5087
      vertex -0.16853 -22.9444 30.2377
      vertex -0.233955 -22.8572 32.5087
    endloop
  endfacet
  facet normal 0.803064 0.595892 0.000254817
    outer loop
      vertex -0.16853 -22.9444 30.2377
      vertex -0.226989 -22.8656 30.1986
      vertex -0.233955 -22.8572 32.5087
    endloop
  endfacet
  facet normal 0.740944 0.671567 -0.000207675
    outer loop
      vertex -0.233955 -22.8572 32.5087
      vertex -0.226989 -22.8656 30.1986
      vertex -0.292892 -22.7929 30.1626
    endloop
  endfacet
  facet normal 0.706942 0.707269 0.00162498
    outer loop
      vertex -0.233955 -22.8572 32.5087
      vertex -0.292892 -22.7929 30.1626
      vertex -0.357212 -22.734 32.5087
    endloop
  endfacet
  facet normal 0.671583 0.74093 -0.000189489
    outer loop
      vertex -0.357212 -22.734 32.5087
      vertex -0.292892 -22.7929 30.1626
      vertex -0.365606 -22.727 30.1299
    endloop
  endfacet
  facet normal 0.595906 0.803054 0.000260359
    outer loop
      vertex -0.357212 -22.734 32.5087
      vertex -0.365606 -22.727 30.1299
      vertex -0.444429 -22.6685 30.1009
    endloop
  endfacet
  facet normal 0.573648 0.819101 0.00150313
    outer loop
      vertex -0.357212 -22.734 32.5087
      vertex -0.444429 -22.6685 30.1009
      vertex -0.5 -22.634 32.5087
    endloop
  endfacet
  facet normal 0.513808 0.857905 -0.000433968
    outer loop
      vertex -0.5 -22.634 32.5087
      vertex -0.444429 -22.6685 30.1009
      vertex -0.528603 -22.6181 30.0759
    endloop
  endfacet
  facet normal 0.427735 0.903904 0.00087864
    outer loop
      vertex -0.5 -22.634 32.5087
      vertex -0.528603 -22.6181 30.0759
      vertex -0.617316 -22.5761 30.0551
    endloop
  endfacet
  facet normal 0.422774 0.906234 0.00117084
    outer loop
      vertex -0.5 -22.634 32.5087
      vertex -0.617316 -22.5761 30.0551
      vertex -0.657979 -22.5603 32.5087
    endloop
  endfacet
  facet normal 0.336417 0.941713 -0.000488817
    outer loop
      vertex -0.657979 -22.5603 32.5087
      vertex -0.617316 -22.5761 30.0551
      vertex -0.709715 -22.5431 30.0387
    endloop
  endfacet
  facet normal 0.258738 0.965947 0.00130697
    outer loop
      vertex -0.657979 -22.5603 32.5087
      vertex -0.709715 -22.5431 30.0387
      vertex -0.826351 -22.5152 32.5087
    endloop
  endfacet
  facet normal 0.243443 0.969915 0.000539935
    outer loop
      vertex -0.709715 -22.5431 30.0387
      vertex -0.80491 -22.5192 30.0269
      vertex -0.826351 -22.5152 32.5087
    endloop
  endfacet
  facet normal 0.146761 0.989172 -0.000326369
    outer loop
      vertex -0.826351 -22.5152 32.5087
      vertex -0.80491 -22.5192 30.0269
      vertex -0.901982 -22.5048 30.0198
    endloop
  endfacet
  facet normal 0 0 1
    outer loop
      vertex -1 -22.5 35
      vertex 0 -23.5 35
      vertex -0.015192 -23.3264 35
    endloop
  endfacet
  facet normal 0 0 1
    outer loop
      vertex 0 -23.5 35
      vertex -1 -22.5 35
      vertex 0 -25.5 35
    endloop
  endfacet
  facet normal 0 0 1
    outer loop
      vertex -1 -22.5 35
      vertex -0.015192 -23.3264 35
      vertex -0.0603065 -23.158 35
    endloop
  endfacet
  facet normal 0 0 1
    outer loop
      vertex -1 -26.5 35
      vertex 0 -25.5 35
      vertex -1 -22.5 35
    endloop
  endfacet
  facet normal 0 0 1
    outer loop
      vertex -1 -22.5 35
      vertex -0.0603065 -23.158 35
      vertex -0.133974 -23 35
    endloop
  endfacet
  facet normal 0 0 1
    outer loop
      vertex 0 -25.5 35
      vertex -1 -26.5 35
      vertex -0.015192 -25.6736 35
    endloop
  endfacet
  facet normal 0 0 1
    outer loop
      vertex -1 -22.5 35
      vertex -0.133974 -23 35
      vertex -0.233955 -22.8572 35
    endloop
  endfacet
  facet normal 0 0 1
    outer loop
      vertex -0.015192 -25.6736 35
      vertex -1 -26.5 35
      vertex -0.0603065 -25.842 35
    endloop
  endfacet
  facet normal 0 0 1
    outer loop
      vertex -1 -22.5 35
      vertex -0.233955 -22.8572 35
      vertex -0.357212 -22.734 35
    endloop
  endfacet
  facet normal 0 0 1
    outer loop
      vertex -0.0603065 -25.842 35
      vertex -1 -26.5 35
      vertex -0.133974 -26 35
    endloop
  endfacet
  facet normal 0 0 1
    outer loop
      vertex -1 -22.5 35
      vertex -0.357212 -22.734 35
      vertex -0.5 -22.634 35
    endloop
  endfacet
  facet normal 0 0 1
    outer loop
      vertex -0.133974 -26 35
      vertex -1 -26.5 35
      vertex -0.233955 -26.1428 35
    endloop
  endfacet
  facet normal 0 0 1
    outer loop
      vertex -1 -22.5 35
      vertex -0.5 -22.634 35
      vertex -0.657979 -22.5603 35
    endloop
  endfacet
  facet normal 0 0 1
    outer loop
      vertex -0.233955 -26.1428 35
      vertex -1 -26.5 35
      vertex -0.357212 -26.266 35
    endloop
  endfacet
  facet normal 0 0 1
    outer loop
      vertex -1 -22.5 35
      vertex -0.657979 -22.5603 35
      vertex -0.826351 -22.5152 35
    endloop
  endfacet
  facet normal 0 0 1
    outer loop
      vertex -0.357212 -26.266 35
      vertex -1 -26.5 35
      vertex -0.5 -26.366 35
    endloop
  endfacet
  facet normal 0 0 1
    outer loop
      vertex -0.5 -26.366 35
      vertex -1 -26.5 35
      vertex -0.657979 -26.4397 35
    endloop
  endfacet
  facet normal 0 0 1
    outer loop
      vertex -0.657979 -26.4397 35
      vertex -1 -26.5 35
      vertex -0.826351 -26.4848 35
    endloop
  endfacet
  facet normal 0 0 1
    outer loop
      vertex -1 -22.5 35
      vertex -11.5858 -26.5 35
      vertex -1 -26.5 35
    endloop
  endfacet
  facet normal -0 0 1
    outer loop
      vertex -11.8011 -22.5 35
      vertex -11.5858 -26.5 35
      vertex -1 -22.5 35
    endloop
  endfacet
  facet normal -0 0 1
    outer loop
      vertex -12.1838 -22.5761 35
      vertex -11.5858 -26.5 35
      vertex -11.8011 -22.5 35
    endloop
  endfacet
  facet normal 0 0 1
    outer loop
      vertex -11.5858 -26.5 35
      vertex -12.1838 -22.5761 35
      vertex -11.7422 -26.5123 35
    endloop
  endfacet
  facet normal 0 0 1
    outer loop
      vertex -12.1838 -22.5761 35
      vertex -11.8011 -22.5 35
      vertex -11.9316 -22.5086 35
    endloop
  endfacet
  facet normal 0 0 1
    outer loop
      vertex -11.7422 -26.5123 35
      vertex -12.1838 -22.5761 35
      vertex -11.8948 -26.5489 35
    endloop
  endfacet
  facet normal 0 0 1
    outer loop
      vertex -12.1838 -22.5761 35
      vertex -11.9316 -22.5086 35
      vertex -12.0599 -22.5341 35
    endloop
  endfacet
  facet normal 0 0 1
    outer loop
      vertex -11.8948 -26.5489 35
      vertex -12.1838 -22.5761 35
      vertex -12.0398 -26.609 35
    endloop
  endfacet
  facet normal -0 0 1
    outer loop
      vertex -14.6447 -23.5955 35
      vertex -12.0398 -26.609 35
      vertex -12.1838 -22.5761 35
    endloop
  endfacet
  facet normal 0 0 1
    outer loop
      vertex -12.0398 -26.609 35
      vertex -14.6447 -23.5955 35
      vertex -12.1736 -26.691 35
    endloop
  endfacet
  facet normal 0 0 1
    outer loop
      vertex -12.1736 -26.691 35
      vertex -14.6447 -23.5955 35
      vertex -12.2929 -26.7929 35
    endloop
  endfacet
  facet normal 0 0 1
    outer loop
      vertex -14.9691 -23.8122 35
      vertex -14.6447 -23.5955 35
      vertex -14.762 -23.6533 35
    endloop
  endfacet
  facet normal 0 0 1
    outer loop
      vertex -14.9691 -23.8122 35
      vertex -14.762 -23.6533 35
      vertex -14.8707 -23.726 35
    endloop
  endfacet
  facet normal 0 0 1
    outer loop
      vertex -14.6447 -23.5955 35
      vertex -14.9691 -23.8122 35
      vertex -12.2929 -26.7929 35
    endloop
  endfacet
  facet normal 0 0 1
    outer loop
      vertex -32.0013 -40.8445 35
      vertex -12.2929 -26.7929 35
      vertex -14.9691 -23.8122 35
    endloop
  endfacet
  facet normal 0 0 1
    outer loop
      vertex -12.2929 -26.7929 35
      vertex -32.0013 -40.8445 35
      vertex -31.3039 -45.8039 35
    endloop
  endfacet
  facet normal -0 0 1
    outer loop
      vertex -32.1348 -40.9565 35
      vertex -31.3039 -45.8039 35
      vertex -32.0013 -40.8445 35
    endloop
  endfacet
  facet normal -0 0 1
    outer loop
      vertex -32.2858 -41.0437 35
      vertex -31.3039 -45.8039 35
      vertex -32.1348 -40.9565 35
    endloop
  endfacet
  facet normal -0 0 1
    outer loop
      vertex -32.4496 -41.1033 35
      vertex -31.3039 -45.8039 35
      vertex -32.2858 -41.0437 35
    endloop
  endfacet
  facet normal -0 0 1
    outer loop
      vertex -32.6213 -41.1335 35
      vertex -31.3039 -45.8039 35
      vertex -32.4496 -41.1033 35
    endloop
  endfacet
  facet normal 0 -0 1
    outer loop
      vertex -32.4336 -46.0031 35
      vertex -31.3039 -45.8039 35
      vertex -32.6213 -41.1335 35
    endloop
  endfacet
  facet normal 0 0 1
    outer loop
      vertex -31.4374 -45.9159 35
      vertex -32.4336 -46.0031 35
      vertex -31.5884 -46.0031 35
    endloop
  endfacet
  facet normal 0 0 1
    outer loop
      vertex -31.5884 -46.0031 35
      vertex -32.4336 -46.0031 35
      vertex -31.7522 -46.0627 35
    endloop
  endfacet
  facet normal 0 0 1
    outer loop
      vertex -31.7522 -46.0627 35
      vertex -32.4336 -46.0031 35
      vertex -31.9238 -46.093 35
    endloop
  endfacet
  facet normal 0 0 1
    outer loop
      vertex -32.0981 -46.093 35
      vertex -32.4336 -46.0031 35
      vertex -32.2698 -46.0627 35
    endloop
  endfacet
  facet normal 0 0 1
    outer loop
      vertex -31.9238 -46.093 35
      vertex -32.4336 -46.0031 35
      vertex -32.0981 -46.093 35
    endloop
  endfacet
  facet normal 0 0 1
    outer loop
      vertex -31.3039 -45.8039 35
      vertex -32.4336 -46.0031 35
      vertex -31.4374 -45.9159 35
    endloop
  endfacet
  facet normal -0 0 1
    outer loop
      vertex -32.7956 -41.1335 35
      vertex -32.4336 -46.0031 35
      vertex -32.6213 -41.1335 35
    endloop
  endfacet
  facet normal 0 0 1
    outer loop
      vertex -32.9672 -41.1033 35
      vertex -32.4336 -46.0031 35
      vertex -32.7956 -41.1335 35
    endloop
  endfacet
  facet normal 0 0 1
    outer loop
      vertex -33.131 -41.0437 35
      vertex -32.4336 -46.0031 35
      vertex -32.9672 -41.1033 35
    endloop
  endfacet
  facet normal -0 0 1
    outer loop
      vertex -63.5198 -31.5074 35
      vertex -33.131 -41.0437 35
      vertex -61.7448 -27.7009 35
    endloop
  endfacet
  facet normal 0 0 1
    outer loop
      vertex -63.0737 -28.1845 35
      vertex -61.7448 -27.7009 35
      vertex -61.9086 -27.6412 35
    endloop
  endfacet
  facet normal 0 0 1
    outer loop
      vertex -63.0737 -28.1845 35
      vertex -61.9086 -27.6412 35
      vertex -62.0802 -27.611 35
    endloop
  endfacet
  facet normal 0 0 1
    outer loop
      vertex -63.0737 -28.1845 35
      vertex -62.0802 -27.611 35
      vertex -62.2545 -27.611 35
    endloop
  endfacet
  facet normal 0 0 1
    outer loop
      vertex -63.0737 -28.1845 35
      vertex -62.2545 -27.611 35
      vertex -62.4262 -27.6412 35
    endloop
  endfacet
  facet normal 0 0 1
    outer loop
      vertex -63.0737 -28.1845 35
      vertex -62.4262 -27.6412 35
      vertex -62.59 -27.7009 35
    endloop
  endfacet
  facet normal 0 0 1
    outer loop
      vertex -63.0737 -28.1845 35
      vertex -62.59 -27.7009 35
      vertex -62.741 -27.788 35
    endloop
  endfacet
  facet normal 0 0 1
    outer loop
      vertex -63.0737 -28.1845 35
      vertex -62.741 -27.788 35
      vertex -62.8745 -27.9001 35
    endloop
  endfacet
  facet normal 0 0 1
    outer loop
      vertex -63.0737 -28.1845 35
      vertex -62.8745 -27.9001 35
      vertex -62.9865 -28.0336 35
    endloop
  endfacet
  facet normal 0 0 1
    outer loop
      vertex -61.7448 -27.7009 35
      vertex -63.0737 -28.1845 35
      vertex -63.5198 -31.5074 35
    endloop
  endfacet
  facet normal 0 0 1
    outer loop
      vertex -33.131 -41.0437 35
      vertex -63.5198 -31.5074 35
      vertex -32.4336 -46.0031 35
    endloop
  endfacet
  facet normal -0 0 1
    outer loop
      vertex -64.0034 -30.1784 35
      vertex -63.5198 -31.5074 35
      vertex -63.0737 -28.1845 35
    endloop
  endfacet
  facet normal 0 0 1
    outer loop
      vertex -63.5198 -31.5074 35
      vertex -64.0034 -30.1784 35
      vertex -63.6707 -31.4202 35
    endloop
  endfacet
  facet normal 0 0 1
    outer loop
      vertex -63.6707 -31.4202 35
      vertex -64.0034 -30.1784 35
      vertex -63.8043 -31.3081 35
    endloop
  endfacet
  facet normal 0 0 1
    outer loop
      vertex -63.8043 -31.3081 35
      vertex -64.0034 -30.1784 35
      vertex -63.9163 -31.1746 35
    endloop
  endfacet
  facet normal 0 0 1
    outer loop
      vertex -64.0034 -30.1784 35
      vertex -64.0034 -31.0237 35
      vertex -63.9163 -31.1746 35
    endloop
  endfacet
  facet normal -0 0 1
    outer loop
      vertex -64.0631 -30.3422 35
      vertex -64.0034 -31.0237 35
      vertex -64.0034 -30.1784 35
    endloop
  endfacet
  facet normal 0 0 1
    outer loop
      vertex -64.0631 -30.3422 35
      vertex -64.0631 -30.8599 35
      vertex -64.0034 -31.0237 35
    endloop
  endfacet
  facet normal -0 0 1
    outer loop
      vertex -64.0933 -30.5139 35
      vertex -64.0631 -30.8599 35
      vertex -64.0631 -30.3422 35
    endloop
  endfacet
  facet normal 0 0 1
    outer loop
      vertex -64.0631 -30.8599 35
      vertex -64.0933 -30.5139 35
      vertex -64.0933 -30.6882 35
    endloop
  endfacet
  facet normal 0 1 0
    outer loop
      vertex -1 -22.5 3.5
      vertex -1 -22.5 0
      vertex -5 -22.5 3.5
    endloop
  endfacet
  facet normal 0 1 0
    outer loop
      vertex -5 -22.5 30.0174
      vertex -1 -22.5 35
      vertex -1 -22.5 30.0174
    endloop
  endfacet
  facet normal 0 1 0
    outer loop
      vertex -1 -22.5 35
      vertex -5 -22.5 30.0174
      vertex -11.8011 -22.5 35
    endloop
  endfacet
  facet normal 0 1 0
    outer loop
      vertex -11.8011 -22.5 0
      vertex -5 -22.5 30.0174
      vertex -5 -22.5 3.5
    endloop
  endfacet
  facet normal 0 1 0
    outer loop
      vertex -5 -22.5 30.0174
      vertex -11.8011 -22.5 0
      vertex -11.8011 -22.5 35
    endloop
  endfacet
  facet normal 0 1 0
    outer loop
      vertex -11.8011 -22.5 0
      vertex -5 -22.5 3.5
      vertex -1 -22.5 0
    endloop
  endfacet
  facet normal -0.996194 0.087167 0
    outer loop
      vertex -4.01519 -21.6736 18.6528
      vertex -4 -21.5 3.5
      vertex -4.01519 -21.6736 3.5
    endloop
  endfacet
  facet normal -0.706963 0.70725 0.00104717
    outer loop
      vertex -4.29289 -22.2071 29.8722
      vertex -4.23396 -22.1428 26.2292
      vertex -4.35721 -22.266 26.2292
    endloop
  endfacet
  facet normal -0.671536 0.740972 -0.000123541
    outer loop
      vertex -4.29289 -22.2071 29.8722
      vertex -4.35721 -22.266 26.2292
      vertex -4.36561 -22.273 29.9049
    endloop
  endfacet
  facet normal -0.595943 0.803027 0.000167388
    outer loop
      vertex -4.36561 -22.273 29.9049
      vertex -4.35721 -22.266 26.2292
      vertex -4.44443 -22.3315 29.9339
    endloop
  endfacet
  facet normal -0.573643 0.819105 0.000976658
    outer loop
      vertex -4.44443 -22.3315 29.9339
      vertex -4.35721 -22.266 26.2292
      vertex -4.5 -22.366 26.2292
    endloop
  endfacet
  facet normal -0.513793 0.857914 -0.000282499
    outer loop
      vertex -4.44443 -22.3315 29.9339
      vertex -4.5 -22.366 26.2292
      vertex -4.5286 -22.3819 29.9589
    endloop
  endfacet
  facet normal -0.427766 0.903889 0.000573162
    outer loop
      vertex -4.5286 -22.3819 29.9589
      vertex -4.5 -22.366 26.2292
      vertex -4.61732 -22.4239 29.9797
    endloop
  endfacet
  facet normal -0.422772 0.906236 0.000765604
    outer loop
      vertex -4.61732 -22.4239 29.9797
      vertex -4.5 -22.366 26.2292
      vertex -4.65798 -22.4397 26.2292
    endloop
  endfacet
  facet normal -0.336419 0.941712 -0.00032003
    outer loop
      vertex -4.61732 -22.4239 29.9797
      vertex -4.65798 -22.4397 26.2292
      vertex -4.70971 -22.4569 29.996
    endloop
  endfacet
  facet normal -0.258741 0.965946 0.00085739
    outer loop
      vertex -4.70971 -22.4569 29.996
      vertex -4.65798 -22.4397 26.2292
      vertex -4.82635 -22.4848 26.2292
    endloop
  endfacet
  facet normal -0.243453 0.969913 0.000354613
    outer loop
      vertex -4.80491 -22.4808 30.0079
      vertex -4.70971 -22.4569 29.996
      vertex -4.82635 -22.4848 26.2292
    endloop
  endfacet
  facet normal -0.146756 0.989173 -0.000214423
    outer loop
      vertex -4.80491 -22.4808 30.0079
      vertex -4.82635 -22.4848 26.2292
      vertex -4.90198 -22.4952 30.015
    endloop
  endfacet
  facet normal -0.0488677 0.998804 0.00176758
    outer loop
      vertex -4.90198 -22.4952 30.015
      vertex -4.82635 -22.4848 26.2292
      vertex -5 -22.5 30.0174
    endloop
  endfacet
  facet normal -0.819151 0.573578 0
    outer loop
      vertex -4.23396 -22.1428 3.5
      vertex -4.13397 -22 26.2292
      vertex -4.13397 -22 3.5
    endloop
  endfacet
  facet normal -0.819151 0.573578 0
    outer loop
      vertex -4.13397 -22 26.2292
      vertex -4.23396 -22.1428 3.5
      vertex -4.23396 -22.1428 26.2292
    endloop
  endfacet
  facet normal -0.906344 0.42254 0
    outer loop
      vertex -4.13397 -22 3.5
      vertex -4.06031 -21.842 26.2292
      vertex -4.06031 -21.842 3.5
    endloop
  endfacet
  facet normal -0.906344 0.42254 0
    outer loop
      vertex -4.06031 -21.842 26.2292
      vertex -4.13397 -22 3.5
      vertex -4.13397 -22 26.2292
    endloop
  endfacet
  facet normal -0.96593 0.258805 0
    outer loop
      vertex -4.06031 -21.842 3.5
      vertex -4.01519 -21.6736 18.6528
      vertex -4.01519 -21.6736 3.5
    endloop
  endfacet
  facet normal -0.96593 0.258805 0
    outer loop
      vertex -4.06031 -21.842 26.2292
      vertex -4.01519 -21.6736 18.6528
      vertex -4.06031 -21.842 3.5
    endloop
  endfacet
  facet normal -0.96593 0.258805 0
    outer loop
      vertex -4.01519 -21.6736 18.6528
      vertex -4.06031 -21.842 26.2292
      vertex -4.01519 -21.6736 26.2292
    endloop
  endfacet
  facet normal -0.706963 0.70725 0
    outer loop
      vertex -4.35721 -22.266 3.5
      vertex -4.23396 -22.1428 26.2292
      vertex -4.23396 -22.1428 3.5
    endloop
  endfacet
  facet normal -0.706963 0.70725 0
    outer loop
      vertex -4.23396 -22.1428 26.2292
      vertex -4.35721 -22.266 3.5
      vertex -4.35721 -22.266 26.2292
    endloop
  endfacet
  facet normal -0.573643 0.819105 0
    outer loop
      vertex -4.35721 -22.266 3.5
      vertex -4.5 -22.366 26.2292
      vertex -4.35721 -22.266 26.2292
    endloop
  endfacet
  facet normal -0.573643 0.819105 0
    outer loop
      vertex -4.5 -22.366 26.2292
      vertex -4.35721 -22.266 3.5
      vertex -4.5 -22.366 3.5
    endloop
  endfacet
  facet normal -0.087199 0.996191 0
    outer loop
      vertex -5 -22.5 3.5
      vertex -4.82635 -22.4848 26.2292
      vertex -4.82635 -22.4848 3.5
    endloop
  endfacet
  facet normal -0.087199 0.996191 0
    outer loop
      vertex -4.82635 -22.4848 26.2292
      vertex -5 -22.5 3.5
      vertex -5 -22.5 30.0174
    endloop
  endfacet
  facet normal -0.422772 0.906236 0
    outer loop
      vertex -4.5 -22.366 3.5
      vertex -4.65798 -22.4397 26.2292
      vertex -4.5 -22.366 26.2292
    endloop
  endfacet
  facet normal -0.422772 0.906236 0
    outer loop
      vertex -4.65798 -22.4397 26.2292
      vertex -4.5 -22.366 3.5
      vertex -4.65798 -22.4397 3.5
    endloop
  endfacet
  facet normal -0.258741 0.965947 0
    outer loop
      vertex -4.65798 -22.4397 3.5
      vertex -4.82635 -22.4848 26.2292
      vertex -4.65798 -22.4397 26.2292
    endloop
  endfacet
  facet normal -0.258741 0.965947 0
    outer loop
      vertex -4.82635 -22.4848 26.2292
      vertex -4.65798 -22.4397 3.5
      vertex -4.82635 -22.4848 3.5
    endloop
  endfacet
  facet normal -0.74094 0.671571 -0.000132199
    outer loop
      vertex -4.22699 -22.1344 29.8362
      vertex -4.23396 -22.1428 26.2292
      vertex -4.29289 -22.2071 29.8722
    endloop
  endfacet
  facet normal -0.803081 0.59587 0.000164172
    outer loop
      vertex -4.22699 -22.1344 29.8362
      vertex -4.16853 -22.0556 29.7971
      vertex -4.23396 -22.1428 26.2292
    endloop
  endfacet
  facet normal -0.819151 0.573578 0.00100369
    outer loop
      vertex -4.16853 -22.0556 29.7971
      vertex -4.13397 -22 26.2292
      vertex -4.23396 -22.1428 26.2292
    endloop
  endfacet
  facet normal -0.857873 0.513861 -0.000301975
    outer loop
      vertex -4.11808 -21.9714 29.7554
      vertex -4.13397 -22 26.2292
      vertex -4.16853 -22.0556 29.7971
    endloop
  endfacet
  facet normal -0.903842 0.427866 0.000602654
    outer loop
      vertex -4.11808 -21.9714 29.7554
      vertex -4.07612 -21.8827 29.7114
      vertex -4.13397 -22 26.2292
    endloop
  endfacet
  facet normal -0.906344 0.42254 0.000823638
    outer loop
      vertex -4.07612 -21.8827 29.7114
      vertex -4.06031 -21.842 26.2292
      vertex -4.13397 -22 26.2292
    endloop
  endfacet
  facet normal -0.941601 0.336729 -0.000339392
    outer loop
      vertex -4.04306 -21.7903 29.6656
      vertex -4.06031 -21.842 26.2292
      vertex -4.07612 -21.8827 29.7114
    endloop
  endfacet
  facet normal -0.965929 0.258805 0.00095509
    outer loop
      vertex -4.04306 -21.7903 29.6656
      vertex -4.01519 -21.6736 26.2292
      vertex -4.06031 -21.842 26.2292
    endloop
  endfacet
  facet normal -0.969977 0.243198 0.000392261
    outer loop
      vertex -4.01921 -21.6951 29.6184
      vertex -4.01519 -21.6736 26.2292
      vertex -4.04306 -21.7903 29.6656
    endloop
  endfacet
  facet normal -0.989214 0.146478 -0.000244115
    outer loop
      vertex -4.00482 -21.598 29.5703
      vertex -4.01519 -21.6736 26.2292
      vertex -4.01921 -21.6951 29.6184
    endloop
  endfacet
  facet normal -0.998793 0.0491243 0
    outer loop
      vertex -4 -21.5 29.5217
      vertex -4 -21.5 3.5
      vertex -4.00482 -21.598 29.5703
    endloop
  endfacet
  facet normal -0.994407 0.105618 0.000213173
    outer loop
      vertex -4.00482 -21.598 29.5703
      vertex -4 -21.5 3.5
      vertex -4.01519 -21.6736 18.6528
    endloop
  endfacet
  facet normal -0.990723 0.135897 0
    outer loop
      vertex -4.01519 -21.6736 26.2292
      vertex -4.00482 -21.598 29.5703
      vertex -4.01519 -21.6736 18.6528
    endloop
  endfacet
  facet normal -0.321039 0.947066 0
    outer loop
      vertex -12.0599 -22.5341 0
      vertex -12.1838 -22.5761 35
      vertex -12.0599 -22.5341 35
    endloop
  endfacet
  facet normal -0.321039 0.947066 0
    outer loop
      vertex -12.1838 -22.5761 35
      vertex -12.0599 -22.5341 0
      vertex -12.1838 -22.5761 0
    endloop
  endfacet
  facet normal -0.19494 0.980815 0
    outer loop
      vertex -11.9316 -22.5086 0
      vertex -12.0599 -22.5341 35
      vertex -11.9316 -22.5086 35
    endloop
  endfacet
  facet normal -0.19494 0.980815 0
    outer loop
      vertex -12.0599 -22.5341 35
      vertex -11.9316 -22.5086 0
      vertex -12.0599 -22.5341 0
    endloop
  endfacet
  facet normal -0.0657577 0.997836 0
    outer loop
      vertex -11.8011 -22.5 0
      vertex -11.9316 -22.5086 35
      vertex -11.8011 -22.5 35
    endloop
  endfacet
  facet normal -0.0657577 0.997836 0
    outer loop
      vertex -11.9316 -22.5086 35
      vertex -11.8011 -22.5 0
      vertex -11.9316 -22.5086 0
    endloop
  endfacet
  facet normal -0.658937 0.752198 0
    outer loop
      vertex -14.8707 -23.726 0
      vertex -14.9691 -23.8122 35
      vertex -14.8707 -23.726 35
    endloop
  endfacet
  facet normal -0.658937 0.752198 0
    outer loop
      vertex -14.9691 -23.8122 35
      vertex -14.8707 -23.726 0
      vertex -14.9691 -23.8122 0
    endloop
  endfacet
  facet normal -0.555935 0.831226 0
    outer loop
      vertex -14.762 -23.6533 0
      vertex -14.8707 -23.726 35
      vertex -14.762 -23.6533 35
    endloop
  endfacet
  facet normal -0.555935 0.831226 0
    outer loop
      vertex -14.8707 -23.726 35
      vertex -14.762 -23.6533 0
      vertex -14.8707 -23.726 0
    endloop
  endfacet
  facet normal -0.442006 0.897012 0
    outer loop
      vertex -14.6447 -23.5955 0
      vertex -14.762 -23.6533 35
      vertex -14.6447 -23.5955 35
    endloop
  endfacet
  facet normal -0.442006 0.897012 0
    outer loop
      vertex -14.762 -23.6533 35
      vertex -14.6447 -23.5955 0
      vertex -14.762 -23.6533 0
    endloop
  endfacet
  facet normal -0.707109 0.707105 0
    outer loop
      vertex -32.0013 -40.8445 0
      vertex -14.9691 -23.8122 35
      vertex -14.9691 -23.8122 0
    endloop
  endfacet
  facet normal -0.707109 0.707105 0
    outer loop
      vertex -14.9691 -23.8122 35
      vertex -32.0013 -40.8445 0
      vertex -32.0013 -40.8445 35
    endloop
  endfacet
  facet normal 0 0 -1
    outer loop
      vertex -1 -26.5 0
      vertex 0 -25.5 0
      vertex -0.015192 -25.6736 0
    endloop
  endfacet
  facet normal -0 0 -1
    outer loop
      vertex 0 -25.5 0
      vertex -1 -26.5 0
      vertex 0 -23.5 0
    endloop
  endfacet
  facet normal 0 0 -1
    outer loop
      vertex -1 -26.5 0
      vertex -0.015192 -25.6736 0
      vertex -0.0603065 -25.842 0
    endloop
  endfacet
  facet normal 0 0 -1
    outer loop
      vertex -1 -22.5 0
      vertex 0 -23.5 0
      vertex -1 -26.5 0
    endloop
  endfacet
  facet normal 0 0 -1
    outer loop
      vertex -1 -26.5 0
      vertex -0.0603065 -25.842 0
      vertex -0.133974 -26 0
    endloop
  endfacet
  facet normal 0 0 -1
    outer loop
      vertex 0 -23.5 0
      vertex -1 -22.5 0
      vertex -0.015192 -23.3264 0
    endloop
  endfacet
  facet normal 0 0 -1
    outer loop
      vertex -1 -26.5 0
      vertex -0.133974 -26 0
      vertex -0.233955 -26.1428 0
    endloop
  endfacet
  facet normal 0 0 -1
    outer loop
      vertex -0.015192 -23.3264 0
      vertex -1 -22.5 0
      vertex -0.0603065 -23.158 0
    endloop
  endfacet
  facet normal 0 0 -1
    outer loop
      vertex -1 -26.5 0
      vertex -0.233955 -26.1428 0
      vertex -0.357212 -26.266 0
    endloop
  endfacet
  facet normal 0 0 -1
    outer loop
      vertex -0.0603065 -23.158 0
      vertex -1 -22.5 0
      vertex -0.133974 -23 0
    endloop
  endfacet
  facet normal 0 0 -1
    outer loop
      vertex -1 -26.5 0
      vertex -0.357212 -26.266 0
      vertex -0.5 -26.366 0
    endloop
  endfacet
  facet normal 0 0 -1
    outer loop
      vertex -0.133974 -23 0
      vertex -1 -22.5 0
      vertex -0.233955 -22.8572 0
    endloop
  endfacet
  facet normal 0 0 -1
    outer loop
      vertex -1 -26.5 0
      vertex -0.5 -26.366 0
      vertex -0.657979 -26.4397 0
    endloop
  endfacet
  facet normal 0 0 -1
    outer loop
      vertex -0.233955 -22.8572 0
      vertex -1 -22.5 0
      vertex -0.357212 -22.734 0
    endloop
  endfacet
  facet normal 0 0 -1
    outer loop
      vertex -1 -26.5 0
      vertex -0.657979 -26.4397 0
      vertex -0.826351 -26.4848 0
    endloop
  endfacet
  facet normal 0 0 -1
    outer loop
      vertex -0.357212 -22.734 0
      vertex -1 -22.5 0
      vertex -0.5 -22.634 0
    endloop
  endfacet
  facet normal 0 0 -1
    outer loop
      vertex -0.5 -22.634 0
      vertex -1 -22.5 0
      vertex -0.657979 -22.5603 0
    endloop
  endfacet
  facet normal 0 0 -1
    outer loop
      vertex -0.657979 -22.5603 0
      vertex -1 -22.5 0
      vertex -0.826351 -22.5152 0
    endloop
  endfacet
  facet normal 0 0 -1
    outer loop
      vertex -11.5858 -26.5 0
      vertex -1 -22.5 0
      vertex -1 -26.5 0
    endloop
  endfacet
  facet normal 0 0 -1
    outer loop
      vertex -12.1838 -22.5761 0
      vertex -11.5858 -26.5 0
      vertex -11.7422 -26.5123 0
    endloop
  endfacet
  facet normal 0 0 -1
    outer loop
      vertex -11.5858 -26.5 0
      vertex -11.8011 -22.5 0
      vertex -1 -22.5 0
    endloop
  endfacet
  facet normal 0 0 -1
    outer loop
      vertex -12.1838 -22.5761 0
      vertex -11.7422 -26.5123 0
      vertex -11.8948 -26.5489 0
    endloop
  endfacet
  facet normal 0 0 -1
    outer loop
      vertex -11.5858 -26.5 0
      vertex -12.1838 -22.5761 0
      vertex -11.8011 -22.5 0
    endloop
  endfacet
  facet normal 0 0 -1
    outer loop
      vertex -12.1838 -22.5761 0
      vertex -11.8948 -26.5489 0
      vertex -12.0398 -26.609 0
    endloop
  endfacet
  facet normal 0 0 -1
    outer loop
      vertex -11.8011 -22.5 0
      vertex -12.1838 -22.5761 0
      vertex -11.9316 -22.5086 0
    endloop
  endfacet
  facet normal 0 0 -1
    outer loop
      vertex -14.6447 -23.5955 0
      vertex -12.0398 -26.609 0
      vertex -12.1736 -26.691 0
    endloop
  endfacet
  facet normal 0 0 -1
    outer loop
      vertex -11.9316 -22.5086 0
      vertex -12.1838 -22.5761 0
      vertex -12.0599 -22.5341 0
    endloop
  endfacet
  facet normal 0 0 -1
    outer loop
      vertex -14.6447 -23.5955 0
      vertex -12.1736 -26.691 0
      vertex -12.2929 -26.7929 0
    endloop
  endfacet
  facet normal 0 0 -1
    outer loop
      vertex -12.0398 -26.609 0
      vertex -14.6447 -23.5955 0
      vertex -12.1838 -22.5761 0
    endloop
  endfacet
  facet normal 0 0 -1
    outer loop
      vertex -14.9691 -23.8122 0
      vertex -14.6447 -23.5955 0
      vertex -12.2929 -26.7929 0
    endloop
  endfacet
  facet normal 0 0 -1
    outer loop
      vertex -14.6447 -23.5955 0
      vertex -14.9691 -23.8122 0
      vertex -14.762 -23.6533 0
    endloop
  endfacet
  facet normal 0 0 -1
    outer loop
      vertex -14.762 -23.6533 0
      vertex -14.9691 -23.8122 0
      vertex -14.8707 -23.726 0
    endloop
  endfacet
  facet normal 0 0 -1
    outer loop
      vertex -32.0013 -40.8445 0
      vertex -12.2929 -26.7929 0
      vertex -31.3039 -45.8039 0
    endloop
  endfacet
  facet normal 0 0 -1
    outer loop
      vertex -32.4336 -46.0031 0
      vertex -31.3039 -45.8039 0
      vertex -31.4374 -45.9159 0
    endloop
  endfacet
  facet normal 0 0 -1
    outer loop
      vertex -32.4336 -46.0031 0
      vertex -31.4374 -45.9159 0
      vertex -31.5884 -46.0031 0
    endloop
  endfacet
  facet normal 0 0 -1
    outer loop
      vertex -32.4336 -46.0031 0
      vertex -31.5884 -46.0031 0
      vertex -31.7522 -46.0627 0
    endloop
  endfacet
  facet normal 0 0 -1
    outer loop
      vertex -32.4336 -46.0031 0
      vertex -31.7522 -46.0627 0
      vertex -31.9238 -46.093 0
    endloop
  endfacet
  facet normal -0 0 -1
    outer loop
      vertex -12.2929 -26.7929 0
      vertex -32.0013 -40.8445 0
      vertex -14.9691 -23.8122 0
    endloop
  endfacet
  facet normal 0 0 -1
    outer loop
      vertex -32.4336 -46.0031 0
      vertex -31.9238 -46.093 0
      vertex -32.0981 -46.093 0
    endloop
  endfacet
  facet normal 0 0 -1
    outer loop
      vertex -31.3039 -45.8039 0
      vertex -32.1348 -40.9565 0
      vertex -32.0013 -40.8445 0
    endloop
  endfacet
  facet normal 0 0 -1
    outer loop
      vertex -32.4336 -46.0031 0
      vertex -32.0981 -46.093 0
      vertex -32.2698 -46.0627 0
    endloop
  endfacet
  facet normal 0 0 -1
    outer loop
      vertex -31.3039 -45.8039 0
      vertex -32.2858 -41.0437 0
      vertex -32.1348 -40.9565 0
    endloop
  endfacet
  facet normal -0 0 -1
    outer loop
      vertex -31.3039 -45.8039 0
      vertex -32.4336 -46.0031 0
      vertex -32.6213 -41.1335 0
    endloop
  endfacet
  facet normal 0 0 -1
    outer loop
      vertex -31.3039 -45.8039 0
      vertex -32.4496 -41.1033 0
      vertex -32.2858 -41.0437 0
    endloop
  endfacet
  facet normal 0 0 -1
    outer loop
      vertex -31.3039 -45.8039 0
      vertex -32.6213 -41.1335 0
      vertex -32.4496 -41.1033 0
    endloop
  endfacet
  facet normal 0 0 -1
    outer loop
      vertex -32.4336 -46.0031 0
      vertex -32.7956 -41.1335 0
      vertex -32.6213 -41.1335 0
    endloop
  endfacet
  facet normal 0 0 -1
    outer loop
      vertex -32.4336 -46.0031 0
      vertex -32.9672 -41.1033 0
      vertex -32.7956 -41.1335 0
    endloop
  endfacet
  facet normal 0 0 -1
    outer loop
      vertex -32.4336 -46.0031 0
      vertex -33.131 -41.0437 0
      vertex -32.9672 -41.1033 0
    endloop
  endfacet
  facet normal 0 0 -1
    outer loop
      vertex -63.5198 -31.5074 0
      vertex -33.131 -41.0437 0
      vertex -32.4336 -46.0031 0
    endloop
  endfacet
  facet normal 0 0 -1
    outer loop
      vertex -33.131 -41.0437 0
      vertex -63.5198 -31.5074 0
      vertex -61.7448 -27.7009 0
    endloop
  endfacet
  facet normal 0 -0 -1
    outer loop
      vertex -63.0737 -28.1845 0
      vertex -61.7448 -27.7009 0
      vertex -63.5198 -31.5074 0
    endloop
  endfacet
  facet normal -0 0 -1
    outer loop
      vertex -61.7448 -27.7009 0
      vertex -63.0737 -28.1845 0
      vertex -61.9086 -27.6412 0
    endloop
  endfacet
  facet normal -0 0 -1
    outer loop
      vertex -61.9086 -27.6412 0
      vertex -63.0737 -28.1845 0
      vertex -62.0802 -27.611 0
    endloop
  endfacet
  facet normal -0 0 -1
    outer loop
      vertex -62.0802 -27.611 0
      vertex -63.0737 -28.1845 0
      vertex -62.2545 -27.611 0
    endloop
  endfacet
  facet normal 0 0 -1
    outer loop
      vertex -62.2545 -27.611 0
      vertex -63.0737 -28.1845 0
      vertex -62.4262 -27.6412 0
    endloop
  endfacet
  facet normal 0 0 -1
    outer loop
      vertex -62.4262 -27.6412 0
      vertex -63.0737 -28.1845 0
      vertex -62.59 -27.7009 0
    endloop
  endfacet
  facet normal 0 0 -1
    outer loop
      vertex -62.59 -27.7009 0
      vertex -63.0737 -28.1845 0
      vertex -62.741 -27.788 0
    endloop
  endfacet
  facet normal 0 0 -1
    outer loop
      vertex -62.741 -27.788 0
      vertex -63.0737 -28.1845 0
      vertex -62.8745 -27.9001 0
    endloop
  endfacet
  facet normal 0 0 -1
    outer loop
      vertex -62.8745 -27.9001 0
      vertex -63.0737 -28.1845 0
      vertex -62.9865 -28.0336 0
    endloop
  endfacet
  facet normal 0 0 -1
    outer loop
      vertex -64.0034 -30.1784 0
      vertex -63.5198 -31.5074 0
      vertex -63.6707 -31.4202 0
    endloop
  endfacet
  facet normal 0 0 -1
    outer loop
      vertex -64.0034 -30.1784 0
      vertex -63.6707 -31.4202 0
      vertex -63.8043 -31.3081 0
    endloop
  endfacet
  facet normal 0 0 -1
    outer loop
      vertex -64.0034 -30.1784 0
      vertex -63.8043 -31.3081 0
      vertex -63.9163 -31.1746 0
    endloop
  endfacet
  facet normal 0 0 -1
    outer loop
      vertex -64.0034 -30.1784 0
      vertex -63.9163 -31.1746 0
      vertex -64.0034 -31.0237 0
    endloop
  endfacet
  facet normal 0 0 -1
    outer loop
      vertex -63.5198 -31.5074 0
      vertex -64.0034 -30.1784 0
      vertex -63.0737 -28.1845 0
    endloop
  endfacet
  facet normal 0 0 -1
    outer loop
      vertex -64.0631 -30.8599 0
      vertex -64.0034 -30.1784 0
      vertex -64.0034 -31.0237 0
    endloop
  endfacet
  facet normal 0 0 -1
    outer loop
      vertex -64.0631 -30.8599 0
      vertex -64.0631 -30.3422 0
      vertex -64.0034 -30.1784 0
    endloop
  endfacet
  facet normal 0 0 -1
    outer loop
      vertex -64.0933 -30.6882 0
      vertex -64.0631 -30.3422 0
      vertex -64.0631 -30.8599 0
    endloop
  endfacet
  facet normal 0 0 -1
    outer loop
      vertex -64.0631 -30.3422 0
      vertex -64.0933 -30.6882 0
      vertex -64.0933 -30.5139 0
    endloop
  endfacet
  facet normal -0.642721 0.7661 0
    outer loop
      vertex -32.0013 -40.8445 0
      vertex -32.1348 -40.9565 35
      vertex -32.0013 -40.8445 35
    endloop
  endfacet
  facet normal -0.642721 0.7661 0
    outer loop
      vertex -32.1348 -40.9565 35
      vertex -32.0013 -40.8445 0
      vertex -32.1348 -40.9565 0
    endloop
  endfacet
  facet normal -0.500086 0.865975 0
    outer loop
      vertex -32.1348 -40.9565 0
      vertex -32.2858 -41.0437 35
      vertex -32.1348 -40.9565 35
    endloop
  endfacet
  facet normal -0.500086 0.865975 0
    outer loop
      vertex -32.2858 -41.0437 35
      vertex -32.1348 -40.9565 0
      vertex -32.2858 -41.0437 0
    endloop
  endfacet
  facet normal -0.341927 0.939726 0
    outer loop
      vertex -32.2858 -41.0437 0
      vertex -32.4496 -41.1033 35
      vertex -32.2858 -41.0437 35
    endloop
  endfacet
  facet normal -0.341927 0.939726 0
    outer loop
      vertex -32.4496 -41.1033 35
      vertex -32.2858 -41.0437 0
      vertex -32.4496 -41.1033 0
    endloop
  endfacet
  facet normal -0.173229 0.984882 0
    outer loop
      vertex -32.4496 -41.1033 0
      vertex -32.6213 -41.1335 35
      vertex -32.4496 -41.1033 35
    endloop
  endfacet
  facet normal -0.173229 0.984882 0
    outer loop
      vertex -32.6213 -41.1335 35
      vertex -32.4496 -41.1033 0
      vertex -32.6213 -41.1335 0
    endloop
  endfacet
  facet normal 0 1 -0
    outer loop
      vertex -32.6213 -41.1335 0
      vertex -32.7956 -41.1335 35
      vertex -32.6213 -41.1335 35
    endloop
  endfacet
  facet normal 0 1 0
    outer loop
      vertex -32.7956 -41.1335 35
      vertex -32.6213 -41.1335 0
      vertex -32.7956 -41.1335 0
    endloop
  endfacet
  facet normal 0.173327 0.984864 -0
    outer loop
      vertex -32.7956 -41.1335 0
      vertex -32.9672 -41.1033 35
      vertex -32.7956 -41.1335 35
    endloop
  endfacet
  facet normal 0.173327 0.984864 0
    outer loop
      vertex -32.9672 -41.1033 35
      vertex -32.7956 -41.1335 0
      vertex -32.9672 -41.1033 0
    endloop
  endfacet
  facet normal 0.341927 0.939726 -0
    outer loop
      vertex -32.9672 -41.1033 0
      vertex -33.131 -41.0437 35
      vertex -32.9672 -41.1033 35
    endloop
  endfacet
  facet normal 0.341927 0.939726 0
    outer loop
      vertex -33.131 -41.0437 35
      vertex -32.9672 -41.1033 0
      vertex -33.131 -41.0437 0
    endloop
  endfacet
  facet normal 0.422627 0.906304 0
    outer loop
      vertex -56.3537 -30.2148 7.43743
      vertex -56.3537 -30.2148 4.29605
      vertex -58.9026 -29.0262 4
    endloop
  endfacet
  facet normal 0.422616 0.906309 -0
    outer loop
      vertex -56.3537 -30.2148 7.43743
      vertex -58.9164 -29.0198 4.17365
      vertex -56.3537 -30.2148 7.50928
    endloop
  endfacet
  facet normal 0.422443 0.90639 0.000165944
    outer loop
      vertex -58.9164 -29.0198 4.17365
      vertex -56.3537 -30.2148 7.43743
      vertex -58.9026 -29.0262 4
    endloop
  endfacet
  facet normal 0.422621 0.906307 -1.63208e-05
    outer loop
      vertex -54.759 -30.9584 3.05
      vertex -51.4419 -32.5052 3.05
      vertex -61.7448 -27.7009 0
    endloop
  endfacet
  facet normal 0.422609 0.906312 1.75846e-05
    outer loop
      vertex -54.759 -30.9584 3.05
      vertex -61.7448 -27.7009 0
      vertex -56.3537 -30.2148 3.05
    endloop
  endfacet
  facet normal 0.42264 0.906298 -0
    outer loop
      vertex -56.3537 -30.2148 3.05
      vertex -59.2263 -28.8752 3.23396
      vertex -56.3537 -30.2148 3.80184
    endloop
  endfacet
  facet normal 0.422638 0.906299 -4.53857e-05
    outer loop
      vertex -59.2263 -28.8752 3.23396
      vertex -56.3537 -30.2148 3.05
      vertex -61.7448 -27.7009 0
    endloop
  endfacet
  facet normal 0.422637 0.906299 -0
    outer loop
      vertex -56.3537 -30.2148 3.80184
      vertex -59.1146 -28.9273 3.35721
      vertex -56.3537 -30.2148 3.87135
    endloop
  endfacet
  facet normal 0.422625 0.906304 9.0875e-05
    outer loop
      vertex -59.1146 -28.9273 3.35721
      vertex -56.3537 -30.2148 3.80184
      vertex -59.2263 -28.8752 3.23396
    endloop
  endfacet
  facet normal 0.422592 0.90632 0
    outer loop
      vertex -36.2449 -39.5916 4
      vertex -38.6806 -38.4559 4.28289
      vertex -38.6806 -38.4559 7.28471
    endloop
  endfacet
  facet normal 0.422592 0.90632 0
    outer loop
      vertex -36.2449 -39.5916 4
      vertex -38.6806 -38.4559 4.15971
      vertex -38.6806 -38.4559 4.28289
    endloop
  endfacet
  facet normal 0.422574 0.906329 -0.000343334
    outer loop
      vertex -38.6806 -38.4559 4.15971
      vertex -36.2449 -39.5916 4
      vertex -36.2311 -39.5981 3.82635
    endloop
  endfacet
  facet normal 0.422627 0.906304 0
    outer loop
      vertex -35.0286 -40.1588 7.8
      vertex -35.0286 -40.1588 4.93969
      vertex -38.3495 -38.6102 7.8
    endloop
  endfacet
  facet normal 0.422613 0.90631 0
    outer loop
      vertex -35.0286 -40.1588 30.0603
      vertex -35.0286 -40.1588 27.3
      vertex -38.2334 -38.6644 27.3
    endloop
  endfacet
  facet normal 0.422097 0.90655 -0.000712535
    outer loop
      vertex -38.3495 -38.6102 7.8
      vertex -35.1812 -40.0876 4.98481
      vertex -38.3873 -38.5926 7.8
    endloop
  endfacet
  facet normal 0.422922 0.906166 0.000416405
    outer loop
      vertex -35.1812 -40.0876 4.98481
      vertex -38.3495 -38.6102 7.8
      vertex -35.0286 -40.1588 4.93969
    endloop
  endfacet
  facet normal 0.421665 0.906751 -0.00128501
    outer loop
      vertex -38.3873 -38.5926 7.8
      vertex -35.3386 -40.0143 5
      vertex -38.4402 -38.568 7.8
    endloop
  endfacet
  facet normal 0.422104 0.906547 -0.000703038
    outer loop
      vertex -35.3386 -40.0143 5
      vertex -38.3873 -38.5926 7.8
      vertex -35.1812 -40.0876 4.98481
    endloop
  endfacet
  facet normal 0.422592 0.90632 0
    outer loop
      vertex -38.6806 -38.4559 30.7171
      vertex -36.2449 -39.5916 31
      vertex -38.6806 -38.4559 27.7153
    endloop
  endfacet
  facet normal 0.422934 0.906161 -0.000308508
    outer loop
      vertex -36.2311 -39.5981 30.8264
      vertex -38.6806 -38.4559 27.7153
      vertex -36.2449 -39.5916 31
    endloop
  endfacet
  facet normal 0.422612 0.906311 0
    outer loop
      vertex -38.6806 -38.4559 27.7153
      vertex -36.2311 -39.5981 30.8264
      vertex -38.6806 -38.4559 27.6381
    endloop
  endfacet
  facet normal 0.422606 0.906314 -2.08765e-05
    outer loop
      vertex -51.7797 -32.3476 32.05
      vertex -54.988 -30.8516 32.05
      vertex -61.7448 -27.7009 35
    endloop
  endfacet
  facet normal 0.422622 0.906306 -1.07751e-05
    outer loop
      vertex -51.7797 -32.3476 32.05
      vertex -33.131 -41.0437 35
      vertex -40.0481 -37.8182 32.05
    endloop
  endfacet
  facet normal 0.422617 0.906308 2.78281e-05
    outer loop
      vertex -33.131 -41.0437 35
      vertex -51.7797 -32.3476 32.05
      vertex -61.7448 -27.7009 35
    endloop
  endfacet
  facet normal 0.422611 0.906311 9.79411e-06
    outer loop
      vertex -35.9212 -39.7426 31.766
      vertex -38.6806 -38.4559 32.05
      vertex -33.131 -41.0437 35
    endloop
  endfacet
  facet normal 0.42261 0.906311 0
    outer loop
      vertex -38.6806 -38.4559 32.05
      vertex -35.9212 -39.7426 31.766
      vertex -38.6806 -38.4559 31.2205
    endloop
  endfacet
  facet normal 0.422631 0.906302 -3.67137e-05
    outer loop
      vertex -33.131 -41.0437 35
      vertex -38.6806 -38.4559 32.05
      vertex -40.0481 -37.8182 32.05
    endloop
  endfacet
  facet normal 0.421919 0.906633 0.000736438
    outer loop
      vertex -33.131 -41.0437 35
      vertex -35.7918 -39.8029 31.866
      vertex -35.9212 -39.7426 31.766
    endloop
  endfacet
  facet normal 0.422836 0.906206 -0.000211159
    outer loop
      vertex -33.131 -41.0437 35
      vertex -35.6486 -39.8697 31.9397
      vertex -35.7918 -39.8029 31.866
    endloop
  endfacet
  facet normal 0.422883 0.906184 -0.000258223
    outer loop
      vertex -33.131 -41.0437 35
      vertex -35.496 -39.9409 31.9848
      vertex -35.6486 -39.8697 31.9397
    endloop
  endfacet
  facet normal 0.422635 0.9063 -2.12399e-05
    outer loop
      vertex -33.131 -41.0437 35
      vertex -35.3386 -40.0143 32
      vertex -35.496 -39.9409 31.9848
    endloop
  endfacet
  facet normal 0.42219 0.906507 0.000377261
    outer loop
      vertex -33.131 -41.0437 35
      vertex -35.1812 -40.0876 31.9848
      vertex -35.3386 -40.0143 32
    endloop
  endfacet
  facet normal 0.422791 0.906227 -0.000120342
    outer loop
      vertex -33.131 -41.0437 35
      vertex -35.0286 -40.1588 31.9397
      vertex -35.1812 -40.0876 31.9848
    endloop
  endfacet
  facet normal 0.422719 0.906261 -6.58428e-05
    outer loop
      vertex -33.131 -41.0437 35
      vertex -34.8854 -40.2256 31.866
      vertex -35.0286 -40.1588 31.9397
    endloop
  endfacet
  facet normal 0.422458 0.906382 0.000112046
    outer loop
      vertex -33.131 -41.0437 35
      vertex -34.756 -40.2859 31.766
      vertex -34.8854 -40.2256 31.866
    endloop
  endfacet
  facet normal 0.422684 0.906277 -2.62147e-05
    outer loop
      vertex -33.131 -41.0437 35
      vertex -34.6443 -40.338 31.6428
      vertex -34.756 -40.2859 31.766
    endloop
  endfacet
  facet normal 0.422878 0.906187 -0.000132672
    outer loop
      vertex -33.131 -41.0437 35
      vertex -34.5537 -40.3803 31.5
      vertex -34.6443 -40.338 31.6428
    endloop
  endfacet
  facet normal 0.422334 0.90644 0.000136682
    outer loop
      vertex -33.131 -41.0437 35
      vertex -34.4869 -40.4114 31.342
      vertex -34.5537 -40.3803 31.5
    endloop
  endfacet
  facet normal 0.423167 0.906051 -0.000239603
    outer loop
      vertex -33.131 -41.0437 35
      vertex -34.4461 -40.4305 31.1736
      vertex -34.4869 -40.4114 31.342
    endloop
  endfacet
  facet normal 0.422244 0.906482 0.000146788
    outer loop
      vertex -33.131 -41.0437 35
      vertex -34.4323 -40.4369 31
      vertex -34.4461 -40.4305 31.1736
    endloop
  endfacet
  facet normal 0.423225 0.906025 -0.000241599
    outer loop
      vertex -34.4323 -40.4369 31
      vertex -33.131 -41.0437 35
      vertex -34.4461 -40.4305 30.8264
    endloop
  endfacet
  facet normal 0.417969 0.90846 0.00177237
    outer loop
      vertex -34.4461 -40.4305 30.8264
      vertex -33.131 -41.0437 35
      vertex -34.4869 -40.4114 30.658
    endloop
  endfacet
  facet normal 0.422637 0.906299 0
    outer loop
      vertex -33.131 -41.0437 35
      vertex -34.4869 -40.4114 4.34202
      vertex -34.4869 -40.4114 30.658
    endloop
  endfacet
  facet normal 0.422637 0.906299 0
    outer loop
      vertex -34.4869 -40.4114 4.34202
      vertex -33.131 -41.0437 35
      vertex -33.131 -41.0437 0
    endloop
  endfacet
  facet normal 0.417965 0.908462 -0.00177381
    outer loop
      vertex -33.131 -41.0437 0
      vertex -34.4461 -40.4305 4.17365
      vertex -34.4869 -40.4114 4.34202
    endloop
  endfacet
  facet normal 0.423224 0.906025 0.000241507
    outer loop
      vertex -33.131 -41.0437 0
      vertex -34.4323 -40.4369 4
      vertex -34.4461 -40.4305 4.17365
    endloop
  endfacet
  facet normal 0.422244 0.906482 -0.000146754
    outer loop
      vertex -34.4323 -40.4369 4
      vertex -33.131 -41.0437 0
      vertex -34.4461 -40.4305 3.82635
    endloop
  endfacet
  facet normal 0.423168 0.906051 0.000239629
    outer loop
      vertex -34.4461 -40.4305 3.82635
      vertex -33.131 -41.0437 0
      vertex -34.4869 -40.4114 3.65798
    endloop
  endfacet
  facet normal 0.422334 0.90644 -0.00013669
    outer loop
      vertex -34.4869 -40.4114 3.65798
      vertex -33.131 -41.0437 0
      vertex -34.5537 -40.3803 3.5
    endloop
  endfacet
  facet normal 0.422878 0.906187 0.000132676
    outer loop
      vertex -34.5537 -40.3803 3.5
      vertex -33.131 -41.0437 0
      vertex -34.6443 -40.338 3.35721
    endloop
  endfacet
  facet normal 0.422684 0.906277 2.62111e-05
    outer loop
      vertex -34.6443 -40.338 3.35721
      vertex -33.131 -41.0437 0
      vertex -34.756 -40.2859 3.23396
    endloop
  endfacet
  facet normal 0.422458 0.906382 -0.00011205
    outer loop
      vertex -34.756 -40.2859 3.23396
      vertex -33.131 -41.0437 0
      vertex -34.8854 -40.2256 3.13397
    endloop
  endfacet
  facet normal 0.422719 0.906261 6.58513e-05
    outer loop
      vertex -34.8854 -40.2256 3.13397
      vertex -33.131 -41.0437 0
      vertex -35.0286 -40.1588 3.06031
    endloop
  endfacet
  facet normal 0.422791 0.906227 0.000120333
    outer loop
      vertex -35.0286 -40.1588 3.06031
      vertex -33.131 -41.0437 0
      vertex -35.1812 -40.0876 3.01519
    endloop
  endfacet
  facet normal 0.42219 0.906507 -0.000377277
    outer loop
      vertex -35.1812 -40.0876 3.01519
      vertex -33.131 -41.0437 0
      vertex -35.3386 -40.0143 3
    endloop
  endfacet
  facet normal 0.422635 0.9063 2.12388e-05
    outer loop
      vertex -35.3386 -40.0143 3
      vertex -33.131 -41.0437 0
      vertex -35.496 -39.9409 3.01519
    endloop
  endfacet
  facet normal 0.422883 0.906184 0.000258258
    outer loop
      vertex -35.496 -39.9409 3.01519
      vertex -33.131 -41.0437 0
      vertex -35.6486 -39.8697 3.06031
    endloop
  endfacet
  facet normal 0.422836 0.906206 0.000211074
    outer loop
      vertex -35.6486 -39.8697 3.06031
      vertex -33.131 -41.0437 0
      vertex -35.7918 -39.8029 3.13397
    endloop
  endfacet
  facet normal 0.421919 0.906633 -0.000736318
    outer loop
      vertex -35.7918 -39.8029 3.13397
      vertex -33.131 -41.0437 0
      vertex -35.9212 -39.7426 3.23396
    endloop
  endfacet
  facet normal 0.42261 0.906311 0
    outer loop
      vertex -35.9212 -39.7426 3.23396
      vertex -38.6806 -38.4559 3.05
      vertex -38.6806 -38.4559 3.77945
    endloop
  endfacet
  facet normal 0.422607 0.906313 -1.9365e-05
    outer loop
      vertex -38.6806 -38.4559 3.05
      vertex -33.131 -41.0437 0
      vertex -40.2826 -37.7089 3.05
    endloop
  endfacet
  facet normal 0.422611 0.906311 -1.00839e-05
    outer loop
      vertex -33.131 -41.0437 0
      vertex -38.6806 -38.4559 3.05
      vertex -35.9212 -39.7426 3.23396
    endloop
  endfacet
  facet normal 0.422606 0.906313 0
    outer loop
      vertex -36.0329 -39.6905 3.35721
      vertex -38.6806 -38.4559 3.77945
      vertex -38.6806 -38.4559 3.85026
    endloop
  endfacet
  facet normal 0.422589 0.906321 -0.000130998
    outer loop
      vertex -38.6806 -38.4559 3.77945
      vertex -36.0329 -39.6905 3.35721
      vertex -35.9212 -39.7426 3.23396
    endloop
  endfacet
  facet normal 0.42262 0.906307 0
    outer loop
      vertex -36.1235 -39.6483 3.5
      vertex -38.6806 -38.4559 3.85026
      vertex -38.6806 -38.4559 3.9393
    endloop
  endfacet
  facet normal 0.422657 0.90629 0.000331152
    outer loop
      vertex -38.6806 -38.4559 3.85026
      vertex -36.1235 -39.6483 3.5
      vertex -36.0329 -39.6905 3.35721
    endloop
  endfacet
  facet normal 0.422605 0.906314 0
    outer loop
      vertex -36.1903 -39.6171 3.65798
      vertex -38.6806 -38.4559 3.9393
      vertex -38.6806 -38.4559 4.0437
    endloop
  endfacet
  facet normal 0.422575 0.906328 -0.000312572
    outer loop
      vertex -38.6806 -38.4559 3.9393
      vertex -36.1903 -39.6171 3.65798
      vertex -36.1235 -39.6483 3.5
    endloop
  endfacet
  facet normal 0.422612 0.906311 0
    outer loop
      vertex -36.2311 -39.5981 3.82635
      vertex -38.6806 -38.4559 4.0437
      vertex -38.6806 -38.4559 4.15971
    endloop
  endfacet
  facet normal 0.422622 0.906306 0.000137578
    outer loop
      vertex -38.6806 -38.4559 4.0437
      vertex -36.2311 -39.5981 3.82635
      vertex -36.1903 -39.6171 3.65798
    endloop
  endfacet
  facet normal 0.422627 0.906304 0
    outer loop
      vertex -56.3537 -30.2148 30.704
      vertex -56.3537 -30.2148 27.5626
      vertex -58.9026 -29.0262 31
    endloop
  endfacet
  facet normal 0.422637 0.906299 0.000184772
    outer loop
      vertex -56.3537 -30.2148 30.8249
      vertex -58.9026 -29.0262 31
      vertex -58.9164 -29.0198 31.1736
    endloop
  endfacet
  facet normal 0.422627 0.906304 0
    outer loop
      vertex -58.9026 -29.0262 31
      vertex -56.3537 -30.2148 30.8249
      vertex -56.3537 -30.2148 30.704
    endloop
  endfacet
  facet normal 0.422627 0.906304 0
    outer loop
      vertex -60.1189 -28.459 7.8
      vertex -56.798 -30.0076 7.8
      vertex -60.1189 -28.459 4.93969
    endloop
  endfacet
  facet normal 0.422613 0.90631 0
    outer loop
      vertex -60.1189 -28.459 30.0603
      vertex -56.9141 -29.9534 27.3
      vertex -60.1189 -28.459 27.3
    endloop
  endfacet
  facet normal 0.423505 0.905893 0.00123563
    outer loop
      vertex -56.9141 -29.9534 27.3
      vertex -59.9663 -28.5302 30.0152
      vertex -56.8741 -29.9721 27.3
    endloop
  endfacet
  facet normal 0.422929 0.906163 0.000446457
    outer loop
      vertex -59.9663 -28.5302 30.0152
      vertex -56.9141 -29.9534 27.3
      vertex -60.1189 -28.459 30.0603
    endloop
  endfacet
  facet normal 0.422589 0.906321 0.000131063
    outer loop
      vertex -36.0329 -39.6905 31.6428
      vertex -38.6806 -38.4559 31.2205
      vertex -35.9212 -39.7426 31.766
    endloop
  endfacet
  facet normal 0.422606 0.906313 0
    outer loop
      vertex -38.6806 -38.4559 31.2205
      vertex -36.0329 -39.6905 31.6428
      vertex -38.6806 -38.4559 31.1497
    endloop
  endfacet
  facet normal 0.422657 0.90629 -0.00033113
    outer loop
      vertex -36.1235 -39.6483 31.5
      vertex -38.6806 -38.4559 31.1497
      vertex -36.0329 -39.6905 31.6428
    endloop
  endfacet
  facet normal 0.42262 0.906307 0
    outer loop
      vertex -38.6806 -38.4559 31.1497
      vertex -36.1235 -39.6483 31.5
      vertex -38.6806 -38.4559 31.0607
    endloop
  endfacet
  facet normal 0.422576 0.906328 0.00031253
    outer loop
      vertex -36.1903 -39.6171 31.342
      vertex -38.6806 -38.4559 31.0607
      vertex -36.1235 -39.6483 31.5
    endloop
  endfacet
  facet normal 0.422605 0.906314 0
    outer loop
      vertex -38.6806 -38.4559 31.0607
      vertex -36.1903 -39.6171 31.342
      vertex -38.6806 -38.4559 30.9563
    endloop
  endfacet
  facet normal 0.422622 0.906306 -0.000137552
    outer loop
      vertex -36.2311 -39.5981 31.1736
      vertex -38.6806 -38.4559 30.9563
      vertex -36.1903 -39.6171 31.342
    endloop
  endfacet
  facet normal 0.422612 0.906311 0
    outer loop
      vertex -38.6806 -38.4559 30.9563
      vertex -36.2311 -39.5981 31.1736
      vertex -38.6806 -38.4559 30.8403
    endloop
  endfacet
  facet normal 0.422574 0.906329 0.000343434
    outer loop
      vertex -36.2449 -39.5916 31
      vertex -38.6806 -38.4559 30.8403
      vertex -36.2311 -39.5981 31.1736
    endloop
  endfacet
  facet normal 0.422592 0.90632 0
    outer loop
      vertex -38.6806 -38.4559 30.8403
      vertex -36.2449 -39.5916 31
      vertex -38.6806 -38.4559 30.7171
    endloop
  endfacet
  facet normal 0.422503 0.906362 0.000102333
    outer loop
      vertex -36.1903 -39.6171 30.658
      vertex -38.6806 -38.4559 27.6381
      vertex -36.2311 -39.5981 30.8264
    endloop
  endfacet
  facet normal 0.422605 0.906314 0
    outer loop
      vertex -38.6806 -38.4559 27.6381
      vertex -36.1903 -39.6171 30.658
      vertex -38.6806 -38.4559 27.5501
    endloop
  endfacet
  facet normal 0.422804 0.906221 -0.000194791
    outer loop
      vertex -36.1235 -39.6483 30.5
      vertex -38.6806 -38.4559 27.5501
      vertex -36.1903 -39.6171 30.658
    endloop
  endfacet
  facet normal 0.42262 0.906307 0
    outer loop
      vertex -38.6806 -38.4559 27.5501
      vertex -36.1235 -39.6483 30.5
      vertex -38.6806 -38.4559 27.4557
    endloop
  endfacet
  facet normal 0.422451 0.906386 0.000172264
    outer loop
      vertex -36.0329 -39.6905 30.3572
      vertex -38.6806 -38.4559 27.4557
      vertex -36.1235 -39.6483 30.5
    endloop
  endfacet
  facet normal 0.422606 0.906313 0
    outer loop
      vertex -38.6806 -38.4559 27.4557
      vertex -36.0329 -39.6905 30.3572
      vertex -38.6806 -38.4559 27.3597
    endloop
  endfacet
  facet normal 0.422658 0.906289 -5.5322e-05
    outer loop
      vertex -35.9212 -39.7426 30.234
      vertex -38.6806 -38.4559 27.3597
      vertex -36.0329 -39.6905 30.3572
    endloop
  endfacet
  facet normal 0.422595 0.906319 1.80817e-05
    outer loop
      vertex -38.6495 -38.4704 27.3
      vertex -38.6806 -38.4559 27.3597
      vertex -35.9212 -39.7426 30.234
    endloop
  endfacet
  facet normal 0.422566 0.906332 0
    outer loop
      vertex -38.6806 -38.4559 27.3597
      vertex -38.6495 -38.4704 27.3
      vertex -38.6806 -38.4559 27.3
    endloop
  endfacet
  facet normal 0.422477 0.906373 0.00014259
    outer loop
      vertex -38.5631 -38.5107 27.3
      vertex -35.9212 -39.7426 30.234
      vertex -35.7918 -39.8029 30.134
    endloop
  endfacet
  facet normal 0.422713 0.906264 -0.000115867
    outer loop
      vertex -35.9212 -39.7426 30.234
      vertex -38.5631 -38.5107 27.3
      vertex -38.6495 -38.4704 27.3
    endloop
  endfacet
  facet normal 0.422701 0.906269 -0.000108847
    outer loop
      vertex -38.4781 -38.5503 27.3
      vertex -35.7918 -39.8029 30.134
      vertex -35.6486 -39.8697 30.0603
    endloop
  endfacet
  facet normal 0.422302 0.906455 0.00035191
    outer loop
      vertex -35.7918 -39.8029 30.134
      vertex -38.4781 -38.5503 27.3
      vertex -38.5631 -38.5107 27.3
    endloop
  endfacet
  facet normal 0.422775 0.906235 -0.000185914
    outer loop
      vertex -38.3989 -38.5872 27.3
      vertex -35.6486 -39.8697 30.0603
      vertex -35.496 -39.9409 30.0152
    endloop
  endfacet
  facet normal 0.422321 0.906446 0.000364584
    outer loop
      vertex -35.6486 -39.8697 30.0603
      vertex -38.3989 -38.5872 27.3
      vertex -38.4781 -38.5503 27.3
    endloop
  endfacet
  facet normal 0.422633 0.906301 2.04208e-06
    outer loop
      vertex -38.3294 -38.6196 27.3
      vertex -35.496 -39.9409 30.0152
      vertex -35.3386 -40.0143 30
    endloop
  endfacet
  facet normal 0.422528 0.90635 0.000135395
    outer loop
      vertex -35.496 -39.9409 30.0152
      vertex -38.3294 -38.6196 27.3
      vertex -38.3989 -38.5872 27.3
    endloop
  endfacet
  facet normal 0.422104 0.906547 0.00070737
    outer loop
      vertex -38.2734 -38.6457 27.3
      vertex -35.3386 -40.0143 30
      vertex -35.1812 -40.0876 30.0152
    endloop
  endfacet
  facet normal 0.422442 0.90639 0.000259688
    outer loop
      vertex -35.3386 -40.0143 30
      vertex -38.2734 -38.6457 27.3
      vertex -38.3294 -38.6196 27.3
    endloop
  endfacet
  facet normal 0.422929 0.906163 -0.000446457
    outer loop
      vertex -38.2334 -38.6644 27.3
      vertex -35.1812 -40.0876 30.0152
      vertex -35.0286 -40.1588 30.0603
    endloop
  endfacet
  facet normal 0.423505 0.905893 -0.00123563
    outer loop
      vertex -35.1812 -40.0876 30.0152
      vertex -38.2334 -38.6644 27.3
      vertex -38.2734 -38.6457 27.3
    endloop
  endfacet
  facet normal 0.422747 0.906248 0
    outer loop
      vertex -34.8854 -40.2256 7.8
      vertex -35.0286 -40.1588 4.93969
      vertex -35.0286 -40.1588 7.8
    endloop
  endfacet
  facet normal 0.422747 0.906248 0
    outer loop
      vertex -35.0286 -40.1588 4.93969
      vertex -34.8854 -40.2256 7.8
      vertex -34.8854 -40.2256 4.86602
    endloop
  endfacet
  facet normal 0.422747 0.906248 -0
    outer loop
      vertex -34.8854 -40.2256 27.3
      vertex -35.0286 -40.1588 30.0603
      vertex -34.8854 -40.2256 30.134
    endloop
  endfacet
  facet normal 0.422747 0.906248 0
    outer loop
      vertex -35.0286 -40.1588 30.0603
      vertex -34.8854 -40.2256 27.3
      vertex -35.0286 -40.1588 27.3
    endloop
  endfacet
  facet normal 0.422392 0.906413 -7.74047e-06
    outer loop
      vertex -34.756 -40.2859 30.234
      vertex -34.8288 -40.252 27.3
      vertex -34.8854 -40.2256 30.134
    endloop
  endfacet
  facet normal 0.422135 0.906533 0
    outer loop
      vertex -34.756 -40.2859 30.234
      vertex -34.8288 -40.252 7.8
      vertex -34.8288 -40.252 27.3
    endloop
  endfacet
  facet normal 0.42271 0.906265 0
    outer loop
      vertex -34.8288 -40.252 7.8
      vertex -34.8854 -40.2256 4.86602
      vertex -34.8854 -40.2256 7.8
    endloop
  endfacet
  facet normal 0.422392 0.906413 7.4806e-06
    outer loop
      vertex -34.8288 -40.252 7.8
      vertex -34.756 -40.2859 4.76604
      vertex -34.8854 -40.2256 4.86602
    endloop
  endfacet
  facet normal 0.422135 0.906533 -0
    outer loop
      vertex -34.756 -40.2859 4.76604
      vertex -34.8288 -40.252 7.8
      vertex -34.756 -40.2859 30.234
    endloop
  endfacet
  facet normal 0.42271 0.906265 0
    outer loop
      vertex -34.8854 -40.2256 30.134
      vertex -34.8288 -40.252 27.3
      vertex -34.8854 -40.2256 27.3
    endloop
  endfacet
  facet normal 0.422708 0.906266 0
    outer loop
      vertex -34.6443 -40.338 30.3572
      vertex -34.756 -40.2859 4.76604
      vertex -34.756 -40.2859 30.234
    endloop
  endfacet
  facet normal 0.422708 0.906266 0
    outer loop
      vertex -34.756 -40.2859 4.76604
      vertex -34.6443 -40.338 30.3572
      vertex -34.6443 -40.338 4.64279
    endloop
  endfacet
  facet normal 0.42305 0.906106 0
    outer loop
      vertex -34.5537 -40.3803 30.5
      vertex -34.6443 -40.338 4.64279
      vertex -34.6443 -40.338 30.3572
    endloop
  endfacet
  facet normal 0.42305 0.906106 0
    outer loop
      vertex -34.6443 -40.338 4.64279
      vertex -34.5537 -40.3803 30.5
      vertex -34.5537 -40.3803 4.5
    endloop
  endfacet
  facet normal 0.422068 0.906564 0
    outer loop
      vertex -34.4869 -40.4114 30.658
      vertex -34.5537 -40.3803 4.5
      vertex -34.5537 -40.3803 30.5
    endloop
  endfacet
  facet normal 0.422068 0.906564 0
    outer loop
      vertex -34.5537 -40.3803 4.5
      vertex -34.4869 -40.4114 30.658
      vertex -34.4869 -40.4114 4.34202
    endloop
  endfacet
  facet normal 0.422624 0.906305 -0
    outer loop
      vertex -56.3537 -30.2148 7.50928
      vertex -58.9573 -29.0007 4.34202
      vertex -56.3537 -30.2148 7.59128
    endloop
  endfacet
  facet normal 0.422739 0.906251 -0.000115007
    outer loop
      vertex -58.9573 -29.0007 4.34202
      vertex -56.3537 -30.2148 7.50928
      vertex -58.9164 -29.0198 4.17365
    endloop
  endfacet
  facet normal 0.422623 0.906305 -0
    outer loop
      vertex -56.3537 -30.2148 7.59128
      vertex -59.024 -28.9696 4.5
      vertex -56.3537 -30.2148 7.67915
    endloop
  endfacet
  facet normal 0.422612 0.906311 1.22805e-05
    outer loop
      vertex -59.024 -28.9696 4.5
      vertex -56.3537 -30.2148 7.59128
      vertex -58.9573 -29.0007 4.34202
    endloop
  endfacet
  facet normal 0.422637 0.906299 -0
    outer loop
      vertex -56.3537 -30.2148 7.67915
      vertex -59.1146 -28.9273 4.64279
      vertex -56.3537 -30.2148 7.76851
    endloop
  endfacet
  facet normal 0.422807 0.90622 -0.000187615
    outer loop
      vertex -59.1146 -28.9273 4.64279
      vertex -56.3537 -30.2148 7.67915
      vertex -59.024 -28.9696 4.5
    endloop
  endfacet
  facet normal 0.423078 0.906093 -0
    outer loop
      vertex -56.3537 -30.2148 7.76851
      vertex -56.4051 -30.1908 7.8
      vertex -56.3537 -30.2148 7.8
    endloop
  endfacet
  facet normal 0.422924 0.906165 -0.000307785
    outer loop
      vertex -59.1146 -28.9273 4.64279
      vertex -56.4051 -30.1908 7.8
      vertex -56.3537 -30.2148 7.76851
    endloop
  endfacet
  facet normal 0.42267 0.906284 -4.22383e-05
    outer loop
      vertex -56.4051 -30.1908 7.8
      vertex -59.1146 -28.9273 4.64279
      vertex -59.2263 -28.8752 4.76604
    endloop
  endfacet
  facet normal 0.422581 0.906325 5.79127e-05
    outer loop
      vertex -59.2263 -28.8752 4.76604
      vertex -56.4866 -30.1528 7.8
      vertex -56.4051 -30.1908 7.8
    endloop
  endfacet
  facet normal 0.42233 0.906442 0.000333439
    outer loop
      vertex -56.4866 -30.1528 7.8
      vertex -59.2263 -28.8752 4.76604
      vertex -59.3558 -28.8149 4.86602
    endloop
  endfacet
  facet normal 0.422205 0.9065 0.000482072
    outer loop
      vertex -59.3558 -28.8149 4.86602
      vertex -56.5669 -30.1154 7.8
      vertex -56.4866 -30.1528 7.8
    endloop
  endfacet
  facet normal 0.422869 0.906191 -0.000285446
    outer loop
      vertex -56.5669 -30.1154 7.8
      vertex -59.3558 -28.8149 4.86602
      vertex -59.4989 -28.7481 4.93969
    endloop
  endfacet
  facet normal 0.423813 0.905749 -0.0014646
    outer loop
      vertex -59.4989 -28.7481 4.93969
      vertex -56.6417 -30.0804 7.8
      vertex -56.5669 -30.1154 7.8
    endloop
  endfacet
  facet normal 0.422396 0.906412 0.000259804
    outer loop
      vertex -56.6417 -30.0804 7.8
      vertex -59.4989 -28.7481 4.93969
      vertex -59.6515 -28.677 4.98481
    endloop
  endfacet
  facet normal 0.421598 0.906782 0.00129696
    outer loop
      vertex -59.6515 -28.677 4.98481
      vertex -56.7073 -30.0499 7.8
      vertex -56.6417 -30.0804 7.8
    endloop
  endfacet
  facet normal 0.422632 0.906301 -1.82437e-05
    outer loop
      vertex -56.7073 -30.0499 7.8
      vertex -59.6515 -28.677 4.98481
      vertex -59.8089 -28.6036 5
    endloop
  endfacet
  facet normal 0.423073 0.906095 -0.00061326
    outer loop
      vertex -59.8089 -28.6036 5
      vertex -56.7602 -30.0252 7.8
      vertex -56.7073 -30.0499 7.8
    endloop
  endfacet
  facet normal 0.422636 0.9063 -3.38705e-05
    outer loop
      vertex -56.7602 -30.0252 7.8
      vertex -59.8089 -28.6036 5
      vertex -59.9663 -28.5302 4.98481
    endloop
  endfacet
  facet normal 0.422097 0.90655 0.000712535
    outer loop
      vertex -59.9663 -28.5302 4.98481
      vertex -56.798 -30.0076 7.8
      vertex -56.7602 -30.0252 7.8
    endloop
  endfacet
  facet normal 0.422922 0.906166 -0.000416405
    outer loop
      vertex -56.798 -30.0076 7.8
      vertex -59.9663 -28.5302 4.98481
      vertex -60.1189 -28.459 4.93969
    endloop
  endfacet
  facet normal 0.422771 0.906237 0
    outer loop
      vertex -60.1189 -28.459 7.8
      vertex -60.1189 -28.459 4.93969
      vertex -60.2055 -28.4186 7.8
    endloop
  endfacet
  facet normal 0.422771 0.906237 0
    outer loop
      vertex -60.2055 -28.4186 27.3
      vertex -60.1189 -28.459 30.0603
      vertex -60.1189 -28.459 27.3
    endloop
  endfacet
  facet normal 0.422236 0.906486 2.04472e-05
    outer loop
      vertex -60.1189 -28.459 30.0603
      vertex -60.2055 -28.4186 27.3
      vertex -60.2621 -28.3923 30.134
    endloop
  endfacet
  facet normal 0.421394 0.906878 -0
    outer loop
      vertex -60.2055 -28.4186 7.8
      vertex -60.2621 -28.3923 30.134
      vertex -60.2055 -28.4186 27.3
    endloop
  endfacet
  facet normal 0.421394 0.906878 0
    outer loop
      vertex -60.2055 -28.4186 7.8
      vertex -60.2621 -28.3923 4.86602
      vertex -60.2621 -28.3923 30.134
    endloop
  endfacet
  facet normal 0.422235 0.906486 -1.97434e-05
    outer loop
      vertex -60.2621 -28.3923 4.86602
      vertex -60.2055 -28.4186 7.8
      vertex -60.1189 -28.459 4.93969
    endloop
  endfacet
  facet normal 0.422962 0.906147 -0
    outer loop
      vertex -60.2621 -28.3923 4.86602
      vertex -60.3915 -28.3319 30.234
      vertex -60.2621 -28.3923 30.134
    endloop
  endfacet
  facet normal 0.422962 0.906147 0
    outer loop
      vertex -60.3915 -28.3319 30.234
      vertex -60.2621 -28.3923 4.86602
      vertex -60.3915 -28.3319 4.76604
    endloop
  endfacet
  facet normal 0.422708 0.906266 -0
    outer loop
      vertex -60.3915 -28.3319 4.76604
      vertex -60.5032 -28.2798 30.3572
      vertex -60.3915 -28.3319 30.234
    endloop
  endfacet
  facet normal 0.422708 0.906266 0
    outer loop
      vertex -60.5032 -28.2798 30.3572
      vertex -60.3915 -28.3319 4.76604
      vertex -60.5032 -28.2798 4.64279
    endloop
  endfacet
  facet normal 0.422228 0.90649 -0
    outer loop
      vertex -60.5032 -28.2798 4.64279
      vertex -60.5938 -28.2376 30.5
      vertex -60.5032 -28.2798 30.3572
    endloop
  endfacet
  facet normal 0.422228 0.90649 0
    outer loop
      vertex -60.5938 -28.2376 30.5
      vertex -60.5032 -28.2798 4.64279
      vertex -60.5938 -28.2376 4.5
    endloop
  endfacet
  facet normal 0.423182 0.906044 -0
    outer loop
      vertex -60.5938 -28.2376 4.5
      vertex -60.6606 -28.2064 30.658
      vertex -60.5938 -28.2376 30.5
    endloop
  endfacet
  facet normal 0.423182 0.906044 0
    outer loop
      vertex -60.6606 -28.2064 30.658
      vertex -60.5938 -28.2376 4.5
      vertex -60.6606 -28.2064 4.34202
    endloop
  endfacet
  facet normal 0.422156 0.906523 -0
    outer loop
      vertex -60.6606 -28.2064 4.34202
      vertex -60.7014 -28.1874 30.8264
      vertex -60.6606 -28.2064 30.658
    endloop
  endfacet
  facet normal 0.422156 0.906523 0
    outer loop
      vertex -60.7014 -28.1874 30.8264
      vertex -60.6606 -28.2064 4.34202
      vertex -60.7014 -28.1874 4.17365
    endloop
  endfacet
  facet normal 0.420936 0.90709 0.000502023
    outer loop
      vertex -60.7014 -28.1874 4.17365
      vertex -60.7152 -28.1809 4
      vertex -61.7448 -27.7009 0
    endloop
  endfacet
  facet normal 0.423383 0.905951 -0.000264828
    outer loop
      vertex -60.7152 -28.1809 4
      vertex -60.7014 -28.1874 3.82635
      vertex -61.7448 -27.7009 0
    endloop
  endfacet
  facet normal 0.422383 0.906417 6.72043e-05
    outer loop
      vertex -60.7014 -28.1874 3.82635
      vertex -60.6606 -28.2064 3.65798
      vertex -61.7448 -27.7009 0
    endloop
  endfacet
  facet normal 0.42293 0.906162 -0.000130026
    outer loop
      vertex -60.6606 -28.2064 3.65798
      vertex -60.5938 -28.2376 3.5
      vertex -61.7448 -27.7009 0
    endloop
  endfacet
  facet normal 0.422357 0.90643 9.94444e-05
    outer loop
      vertex -60.5938 -28.2376 3.5
      vertex -60.5032 -28.2798 3.35721
      vertex -61.7448 -27.7009 0
    endloop
  endfacet
  facet normal 0.42267 0.906284 -4.15873e-05
    outer loop
      vertex -60.5032 -28.2798 3.35721
      vertex -60.3915 -28.3319 3.23396
      vertex -61.7448 -27.7009 0
    endloop
  endfacet
  facet normal 0.422871 0.90619 -0.000143867
    outer loop
      vertex -60.3915 -28.3319 3.23396
      vertex -60.2621 -28.3923 3.13397
      vertex -61.7448 -27.7009 0
    endloop
  endfacet
  facet normal 0.422304 0.906454 0.000182574
    outer loop
      vertex -60.2621 -28.3923 3.13397
      vertex -60.1189 -28.459 3.06031
      vertex -61.7448 -27.7009 0
    endloop
  endfacet
  facet normal 0.422789 0.906228 -0.000130845
    outer loop
      vertex -60.1189 -28.459 3.06031
      vertex -59.9663 -28.5302 3.01519
      vertex -61.7448 -27.7009 0
    endloop
  endfacet
  facet normal 0.422632 0.906301 -1.82125e-05
    outer loop
      vertex -59.9663 -28.5302 3.01519
      vertex -59.8089 -28.6036 3
      vertex -61.7448 -27.7009 0
    endloop
  endfacet
  facet normal 0.422635 0.9063 -2.06315e-05
    outer loop
      vertex -59.8089 -28.6036 3
      vertex -59.6515 -28.677 3.01519
      vertex -61.7448 -27.7009 0
    endloop
  endfacet
  facet normal 0.422261 0.906474 0.000295566
    outer loop
      vertex -59.6515 -28.677 3.01519
      vertex -59.4989 -28.7481 3.06031
      vertex -61.7448 -27.7009 0
    endloop
  endfacet
  facet normal 0.423231 0.906022 -0.000571215
    outer loop
      vertex -59.4989 -28.7481 3.06031
      vertex -59.3558 -28.8149 3.13397
      vertex -61.7448 -27.7009 0
    endloop
  endfacet
  facet normal 0.421407 0.906871 0.00112047
    outer loop
      vertex -59.3558 -28.8149 3.13397
      vertex -59.2263 -28.8752 3.23396
      vertex -61.7448 -27.7009 0
    endloop
  endfacet
  facet normal 0.422623 0.906305 -0
    outer loop
      vertex -56.3537 -30.2148 3.87135
      vertex -59.024 -28.9696 3.5
      vertex -56.3537 -30.2148 3.95876
    endloop
  endfacet
  facet normal 0.422582 0.906325 0.000361255
    outer loop
      vertex -59.024 -28.9696 3.5
      vertex -56.3537 -30.2148 3.87135
      vertex -59.1146 -28.9273 3.35721
    endloop
  endfacet
  facet normal 0.422624 0.906305 -0
    outer loop
      vertex -56.3537 -30.2148 3.95876
      vertex -58.9573 -29.0007 3.65798
      vertex -56.3537 -30.2148 4.06124
    endloop
  endfacet
  facet normal 0.422626 0.906304 -1.97126e-05
    outer loop
      vertex -58.9573 -29.0007 3.65798
      vertex -56.3537 -30.2148 3.95876
      vertex -59.024 -28.9696 3.5
    endloop
  endfacet
  facet normal 0.422616 0.906309 -0
    outer loop
      vertex -56.3537 -30.2148 4.06124
      vertex -58.9164 -29.0198 3.82635
      vertex -56.3537 -30.2148 4.17513
    endloop
  endfacet
  facet normal 0.422605 0.906314 0.000154828
    outer loop
      vertex -58.9164 -29.0198 3.82635
      vertex -56.3537 -30.2148 4.06124
      vertex -58.9573 -29.0007 3.65798
    endloop
  endfacet
  facet normal 0.422627 0.906304 -0
    outer loop
      vertex -56.3537 -30.2148 4.17513
      vertex -58.9026 -29.0262 4
      vertex -56.3537 -30.2148 4.29605
    endloop
  endfacet
  facet normal 0.422637 0.906299 -0.000184719
    outer loop
      vertex -58.9026 -29.0262 4
      vertex -56.3537 -30.2148 4.17513
      vertex -58.9164 -29.0198 3.82635
    endloop
  endfacet
  facet normal 0.422605 0.906314 -0.000154799
    outer loop
      vertex -56.3537 -30.2148 30.9388
      vertex -58.9164 -29.0198 31.1736
      vertex -58.9573 -29.0007 31.342
    endloop
  endfacet
  facet normal 0.422616 0.906309 0
    outer loop
      vertex -58.9164 -29.0198 31.1736
      vertex -56.3537 -30.2148 30.9388
      vertex -56.3537 -30.2148 30.8249
    endloop
  endfacet
  facet normal 0.422626 0.906304 1.971e-05
    outer loop
      vertex -56.3537 -30.2148 31.0412
      vertex -58.9573 -29.0007 31.342
      vertex -59.024 -28.9696 31.5
    endloop
  endfacet
  facet normal 0.422624 0.906305 0
    outer loop
      vertex -58.9573 -29.0007 31.342
      vertex -56.3537 -30.2148 31.0412
      vertex -56.3537 -30.2148 30.9388
    endloop
  endfacet
  facet normal 0.422582 0.906325 -0.000361222
    outer loop
      vertex -56.3537 -30.2148 31.1287
      vertex -59.024 -28.9696 31.5
      vertex -59.1146 -28.9273 31.6428
    endloop
  endfacet
  facet normal 0.422623 0.906305 0
    outer loop
      vertex -59.024 -28.9696 31.5
      vertex -56.3537 -30.2148 31.1287
      vertex -56.3537 -30.2148 31.0412
    endloop
  endfacet
  facet normal 0.422625 0.906304 -9.09172e-05
    outer loop
      vertex -56.3537 -30.2148 31.1982
      vertex -59.1146 -28.9273 31.6428
      vertex -59.2263 -28.8752 31.766
    endloop
  endfacet
  facet normal 0.422637 0.906299 0
    outer loop
      vertex -59.1146 -28.9273 31.6428
      vertex -56.3537 -30.2148 31.1982
      vertex -56.3537 -30.2148 31.1287
    endloop
  endfacet
  facet normal 0.422598 0.906317 -4.06613e-05
    outer loop
      vertex -56.3537 -30.2148 32.05
      vertex -61.7448 -27.7009 35
      vertex -54.988 -30.8516 32.05
    endloop
  endfacet
  facet normal 0.422637 0.906299 4.42423e-05
    outer loop
      vertex -56.3537 -30.2148 32.05
      vertex -59.2263 -28.8752 31.766
      vertex -61.7448 -27.7009 35
    endloop
  endfacet
  facet normal 0.42264 0.906298 0
    outer loop
      vertex -59.2263 -28.8752 31.766
      vertex -56.3537 -30.2148 32.05
      vertex -56.3537 -30.2148 31.1982
    endloop
  endfacet
  facet normal 0.421407 0.906871 -0.0011206
    outer loop
      vertex -59.2263 -28.8752 31.766
      vertex -59.3558 -28.8149 31.866
      vertex -61.7448 -27.7009 35
    endloop
  endfacet
  facet normal 0.423231 0.906022 0.000571406
    outer loop
      vertex -59.3558 -28.8149 31.866
      vertex -59.4989 -28.7481 31.9397
      vertex -61.7448 -27.7009 35
    endloop
  endfacet
  facet normal 0.422261 0.906474 -0.00029553
    outer loop
      vertex -59.4989 -28.7481 31.9397
      vertex -59.6515 -28.677 31.9848
      vertex -61.7448 -27.7009 35
    endloop
  endfacet
  facet normal 0.422635 0.9063 2.06324e-05
    outer loop
      vertex -59.6515 -28.677 31.9848
      vertex -59.8089 -28.6036 32
      vertex -61.7448 -27.7009 35
    endloop
  endfacet
  facet normal 0.422632 0.906301 1.82118e-05
    outer loop
      vertex -59.8089 -28.6036 32
      vertex -59.9663 -28.5302 31.9848
      vertex -61.7448 -27.7009 35
    endloop
  endfacet
  facet normal 0.422789 0.906228 0.000130853
    outer loop
      vertex -59.9663 -28.5302 31.9848
      vertex -60.1189 -28.459 31.9397
      vertex -61.7448 -27.7009 35
    endloop
  endfacet
  facet normal 0.422304 0.906454 -0.000182553
    outer loop
      vertex -60.1189 -28.459 31.9397
      vertex -60.2621 -28.3923 31.866
      vertex -61.7448 -27.7009 35
    endloop
  endfacet
  facet normal 0.422871 0.90619 0.000143862
    outer loop
      vertex -60.2621 -28.3923 31.866
      vertex -60.3915 -28.3319 31.766
      vertex -61.7448 -27.7009 35
    endloop
  endfacet
  facet normal 0.42267 0.906284 4.15923e-05
    outer loop
      vertex -60.3915 -28.3319 31.766
      vertex -60.5032 -28.2798 31.6428
      vertex -61.7448 -27.7009 35
    endloop
  endfacet
  facet normal 0.422357 0.90643 -9.9442e-05
    outer loop
      vertex -60.5032 -28.2798 31.6428
      vertex -60.5938 -28.2376 31.5
      vertex -61.7448 -27.7009 35
    endloop
  endfacet
  facet normal 0.42293 0.906162 0.000130019
    outer loop
      vertex -60.5938 -28.2376 31.5
      vertex -60.6606 -28.2064 31.342
      vertex -61.7448 -27.7009 35
    endloop
  endfacet
  facet normal 0.422383 0.906417 -6.71975e-05
    outer loop
      vertex -60.6606 -28.2064 31.342
      vertex -60.7014 -28.1874 31.1736
      vertex -61.7448 -27.7009 35
    endloop
  endfacet
  facet normal 0.423384 0.90595 0.000264886
    outer loop
      vertex -60.7014 -28.1874 31.1736
      vertex -60.7152 -28.1809 31
      vertex -61.7448 -27.7009 35
    endloop
  endfacet
  facet normal 0.420935 0.907091 -0.000502232
    outer loop
      vertex -60.7152 -28.1809 31
      vertex -60.7014 -28.1874 30.8264
      vertex -61.7448 -27.7009 35
    endloop
  endfacet
  facet normal 0.422586 0.906323 -0
    outer loop
      vertex -60.7014 -28.1874 4.17365
      vertex -61.7448 -27.7009 35
      vertex -60.7014 -28.1874 30.8264
    endloop
  endfacet
  facet normal 0.422586 0.906323 0
    outer loop
      vertex -61.7448 -27.7009 35
      vertex -60.7014 -28.1874 4.17365
      vertex -61.7448 -27.7009 0
    endloop
  endfacet
  facet normal 0.422442 0.90639 -0.000226118
    outer loop
      vertex -56.8741 -29.9721 27.3
      vertex -59.8089 -28.6036 30
      vertex -56.8181 -29.9982 27.3
    endloop
  endfacet
  facet normal 0.422636 0.9063 2.95928e-05
    outer loop
      vertex -59.8089 -28.6036 30
      vertex -56.8741 -29.9721 27.3
      vertex -59.9663 -28.5302 30.0152
    endloop
  endfacet
  facet normal 0.422528 0.90635 -0.000102015
    outer loop
      vertex -56.8181 -29.9982 27.3
      vertex -59.6515 -28.677 30.0152
      vertex -56.7486 -30.0306 27.3
    endloop
  endfacet
  facet normal 0.422631 0.906302 2.8281e-05
    outer loop
      vertex -59.6515 -28.677 30.0152
      vertex -56.8181 -29.9982 27.3
      vertex -59.8089 -28.6036 30
    endloop
  endfacet
  facet normal 0.423261 0.906007 0.000775397
    outer loop
      vertex -56.7486 -30.0306 27.3
      vertex -59.4989 -28.7481 30.0603
      vertex -56.6694 -30.0676 27.3
    endloop
  endfacet
  facet normal 0.422398 0.90641 -0.000271245
    outer loop
      vertex -59.4989 -28.7481 30.0603
      vertex -56.7486 -30.0306 27.3
      vertex -59.6515 -28.677 30.0152
    endloop
  endfacet
  facet normal 0.422302 0.906455 -0.000368994
    outer loop
      vertex -56.6694 -30.0676 27.3
      vertex -59.3558 -28.8149 30.134
      vertex -56.5844 -30.1072 27.3
    endloop
  endfacet
  facet normal 0.422869 0.906191 0.000285506
    outer loop
      vertex -59.3558 -28.8149 30.134
      vertex -56.6694 -30.0676 27.3
      vertex -59.4989 -28.7481 30.0603
    endloop
  endfacet
  facet normal 0.421851 0.906665 -0.000859891
    outer loop
      vertex -56.5844 -30.1072 27.3
      vertex -59.2263 -28.8752 30.234
      vertex -56.498 -30.1474 27.3
    endloop
  endfacet
  facet normal 0.422331 0.906442 -0.000334113
    outer loop
      vertex -59.2263 -28.8752 30.234
      vertex -56.5844 -30.1072 27.3
      vertex -59.3558 -28.8149 30.134
    endloop
  endfacet
  facet normal 0.423713 0.905796 0.00115381
    outer loop
      vertex -56.498 -30.1474 27.3
      vertex -59.1146 -28.9273 30.3572
      vertex -56.4142 -30.1866 27.3
    endloop
  endfacet
  facet normal 0.422659 0.906289 5.41845e-05
    outer loop
      vertex -59.1146 -28.9273 30.3572
      vertex -56.498 -30.1474 27.3
      vertex -59.2263 -28.8752 30.234
    endloop
  endfacet
  facet normal 0.422509 0.906359 -0.000117516
    outer loop
      vertex -56.4142 -30.1866 27.3
      vertex -59.024 -28.9696 30.5
      vertex -56.3537 -30.2148 27.3208
    endloop
  endfacet
  facet normal 0.422475 0.906374 0
    outer loop
      vertex -56.4142 -30.1866 27.3
      vertex -56.3537 -30.2148 27.3208
      vertex -56.3537 -30.2148 27.3
    endloop
  endfacet
  facet normal 0.422812 0.906217 0.000183733
    outer loop
      vertex -59.024 -28.9696 30.5
      vertex -56.4142 -30.1866 27.3
      vertex -59.1146 -28.9273 30.3572
    endloop
  endfacet
  facet normal 0.422612 0.906311 -1.22795e-05
    outer loop
      vertex -56.3537 -30.2148 27.4087
      vertex -59.024 -28.9696 30.5
      vertex -58.9573 -29.0007 30.658
    endloop
  endfacet
  facet normal 0.422623 0.906305 0
    outer loop
      vertex -59.024 -28.9696 30.5
      vertex -56.3537 -30.2148 27.4087
      vertex -56.3537 -30.2148 27.3208
    endloop
  endfacet
  facet normal 0.422739 0.906251 0.000114991
    outer loop
      vertex -56.3537 -30.2148 27.4907
      vertex -58.9573 -29.0007 30.658
      vertex -58.9164 -29.0198 30.8264
    endloop
  endfacet
  facet normal 0.422624 0.906305 0
    outer loop
      vertex -58.9573 -29.0007 30.658
      vertex -56.3537 -30.2148 27.4907
      vertex -56.3537 -30.2148 27.4087
    endloop
  endfacet
  facet normal 0.422443 0.90639 -0.000165987
    outer loop
      vertex -56.3537 -30.2148 27.5626
      vertex -58.9164 -29.0198 30.8264
      vertex -58.9026 -29.0262 31
    endloop
  endfacet
  facet normal 0.422616 0.906309 0
    outer loop
      vertex -58.9164 -29.0198 30.8264
      vertex -56.3537 -30.2148 27.5626
      vertex -56.3537 -30.2148 27.4907
    endloop
  endfacet
  facet normal 0.422632 0.906301 1.82437e-05
    outer loop
      vertex -35.496 -39.9409 4.98481
      vertex -38.4402 -38.568 7.8
      vertex -35.3386 -40.0143 5
    endloop
  endfacet
  facet normal 0.422734 0.906254 0.000148592
    outer loop
      vertex -38.4402 -38.568 7.8
      vertex -35.496 -39.9409 4.98481
      vertex -38.5058 -38.5374 7.8
    endloop
  endfacet
  facet normal 0.422772 0.906236 0.000198205
    outer loop
      vertex -35.6486 -39.8697 4.93969
      vertex -38.5058 -38.5374 7.8
      vertex -35.496 -39.9409 4.98481
    endloop
  endfacet
  facet normal 0.422819 0.906214 0.000255153
    outer loop
      vertex -38.5058 -38.5374 7.8
      vertex -35.6486 -39.8697 4.93969
      vertex -38.5806 -38.5025 7.8
    endloop
  endfacet
  facet normal 0.422701 0.906269 0.000108011
    outer loop
      vertex -35.7918 -39.8029 4.86602
      vertex -38.5806 -38.5025 7.8
      vertex -35.6486 -39.8697 4.93969
    endloop
  endfacet
  facet normal 0.422205 0.9065 -0.000465565
    outer loop
      vertex -38.5806 -38.5025 7.8
      vertex -35.7918 -39.8029 4.86602
      vertex -38.6609 -38.4651 7.8
    endloop
  endfacet
  facet normal 0.423137 0.906066 0
    outer loop
      vertex -38.6609 -38.4651 7.8
      vertex -38.6806 -38.4559 7.73348
      vertex -38.6806 -38.4559 7.8
    endloop
  endfacet
  facet normal 0.422722 0.906259 0.000149651
    outer loop
      vertex -35.7918 -39.8029 4.86602
      vertex -38.6806 -38.4559 7.73348
      vertex -38.6609 -38.4651 7.8
    endloop
  endfacet
  facet normal 0.42248 0.906372 -0.000147191
    outer loop
      vertex -38.6806 -38.4559 7.73348
      vertex -35.7918 -39.8029 4.86602
      vertex -35.9212 -39.7426 4.76604
    endloop
  endfacet
  facet normal 0.42261 0.906311 0
    outer loop
      vertex -35.9212 -39.7426 4.76604
      vertex -38.6806 -38.4559 7.64029
      vertex -38.6806 -38.4559 7.73348
    endloop
  endfacet
  facet normal 0.422658 0.906289 5.53109e-05
    outer loop
      vertex -38.6806 -38.4559 7.64029
      vertex -35.9212 -39.7426 4.76604
      vertex -36.0329 -39.6905 4.64279
    endloop
  endfacet
  facet normal 0.422606 0.906313 0
    outer loop
      vertex -36.0329 -39.6905 4.64279
      vertex -38.6806 -38.4559 7.54432
      vertex -38.6806 -38.4559 7.64029
    endloop
  endfacet
  facet normal 0.422451 0.906386 -0.000172271
    outer loop
      vertex -38.6806 -38.4559 7.54432
      vertex -36.0329 -39.6905 4.64279
      vertex -36.1235 -39.6483 4.5
    endloop
  endfacet
  facet normal 0.42262 0.906307 0
    outer loop
      vertex -36.1235 -39.6483 4.5
      vertex -38.6806 -38.4559 7.44994
      vertex -38.6806 -38.4559 7.54432
    endloop
  endfacet
  facet normal 0.422804 0.906221 0.000194806
    outer loop
      vertex -38.6806 -38.4559 7.44994
      vertex -36.1235 -39.6483 4.5
      vertex -36.1903 -39.6171 4.34202
    endloop
  endfacet
  facet normal 0.422605 0.906314 0
    outer loop
      vertex -36.1903 -39.6171 4.34202
      vertex -38.6806 -38.4559 7.36187
      vertex -38.6806 -38.4559 7.44994
    endloop
  endfacet
  facet normal 0.422503 0.906362 -0.000102348
    outer loop
      vertex -38.6806 -38.4559 7.36187
      vertex -36.1903 -39.6171 4.34202
      vertex -36.2311 -39.5981 4.17365
    endloop
  endfacet
  facet normal 0.422612 0.906311 0
    outer loop
      vertex -36.2311 -39.5981 4.17365
      vertex -38.6806 -38.4559 7.28471
      vertex -38.6806 -38.4559 7.36187
    endloop
  endfacet
  facet normal 0.422934 0.906161 0.000308427
    outer loop
      vertex -38.6806 -38.4559 7.28471
      vertex -36.2311 -39.5981 4.17365
      vertex -36.2449 -39.5916 4
    endloop
  endfacet
  facet normal 0.42262 0.906307 1.98986e-05
    outer loop
      vertex -33.131 -41.0437 0
      vertex -51.4419 -32.5052 3.05
      vertex -40.2826 -37.7089 3.05
    endloop
  endfacet
  facet normal 0.422617 0.906308 -2.64585e-06
    outer loop
      vertex -51.4419 -32.5052 3.05
      vertex -33.131 -41.0437 0
      vertex -61.7448 -27.7009 0
    endloop
  endfacet
  facet normal 0.342434 0.939542 -0
    outer loop
      vertex -61.7448 -27.7009 0
      vertex -61.9086 -27.6412 35
      vertex -61.7448 -27.7009 35
    endloop
  endfacet
  facet normal 0.342434 0.939542 0
    outer loop
      vertex -61.9086 -27.6412 35
      vertex -61.7448 -27.7009 0
      vertex -61.9086 -27.6412 0
    endloop
  endfacet
  facet normal 0.173327 0.984864 -0
    outer loop
      vertex -61.9086 -27.6412 0
      vertex -62.0802 -27.611 35
      vertex -61.9086 -27.6412 35
    endloop
  endfacet
  facet normal 0.173327 0.984864 0
    outer loop
      vertex -62.0802 -27.611 35
      vertex -61.9086 -27.6412 0
      vertex -62.0802 -27.611 0
    endloop
  endfacet
  facet normal 0 1 -0
    outer loop
      vertex -62.0802 -27.611 0
      vertex -62.2545 -27.611 35
      vertex -62.0802 -27.611 35
    endloop
  endfacet
  facet normal 0 1 0
    outer loop
      vertex -62.2545 -27.611 35
      vertex -62.0802 -27.611 0
      vertex -62.2545 -27.611 0
    endloop
  endfacet
  facet normal -0.173229 0.984882 0
    outer loop
      vertex -62.2545 -27.611 0
      vertex -62.4262 -27.6412 35
      vertex -62.2545 -27.611 35
    endloop
  endfacet
  facet normal -0.173229 0.984882 0
    outer loop
      vertex -62.4262 -27.6412 35
      vertex -62.2545 -27.611 0
      vertex -62.4262 -27.6412 0
    endloop
  endfacet
  facet normal -0.865832 0.500335 0
    outer loop
      vertex -63.0737 -28.1845 0
      vertex -62.9865 -28.0336 35
      vertex -62.9865 -28.0336 0
    endloop
  endfacet
  facet normal -0.865832 0.500335 0
    outer loop
      vertex -62.9865 -28.0336 35
      vertex -63.0737 -28.1845 0
      vertex -63.0737 -28.1845 35
    endloop
  endfacet
  facet normal -0.342434 0.939542 0
    outer loop
      vertex -62.4262 -27.6412 0
      vertex -62.59 -27.7009 35
      vertex -62.4262 -27.6412 35
    endloop
  endfacet
  facet normal -0.342434 0.939542 0
    outer loop
      vertex -62.59 -27.7009 35
      vertex -62.4262 -27.6412 0
      vertex -62.59 -27.7009 0
    endloop
  endfacet
  facet normal -0.499656 0.866224 0
    outer loop
      vertex -62.59 -27.7009 0
      vertex -62.741 -27.788 35
      vertex -62.59 -27.7009 35
    endloop
  endfacet
  facet normal -0.499656 0.866224 0
    outer loop
      vertex -62.741 -27.788 35
      vertex -62.59 -27.7009 0
      vertex -62.741 -27.788 0
    endloop
  endfacet
  facet normal -0.643058 0.765818 0
    outer loop
      vertex -62.741 -27.788 0
      vertex -62.8745 -27.9001 35
      vertex -62.741 -27.788 35
    endloop
  endfacet
  facet normal -0.643058 0.765818 0
    outer loop
      vertex -62.8745 -27.9001 35
      vertex -62.741 -27.788 0
      vertex -62.8745 -27.9001 0
    endloop
  endfacet
  facet normal -0.7661 0.642721 0
    outer loop
      vertex -62.9865 -28.0336 0
      vertex -62.8745 -27.9001 35
      vertex -62.8745 -27.9001 0
    endloop
  endfacet
  facet normal -0.7661 0.642721 0
    outer loop
      vertex -62.8745 -27.9001 35
      vertex -62.9865 -28.0336 0
      vertex -62.9865 -28.0336 35
    endloop
  endfacet
  facet normal -0.90632 0.422592 0
    outer loop
      vertex -64.0034 -30.1784 0
      vertex -63.0737 -28.1845 35
      vertex -63.0737 -28.1845 0
    endloop
  endfacet
  facet normal -0.90632 0.422592 0
    outer loop
      vertex -63.0737 -28.1845 35
      vertex -64.0034 -30.1784 0
      vertex -64.0034 -30.1784 35
    endloop
  endfacet
  facet normal -0.939542 0.342434 0
    outer loop
      vertex -64.0631 -30.3422 0
      vertex -64.0034 -30.1784 35
      vertex -64.0034 -30.1784 0
    endloop
  endfacet
  facet normal -0.939542 0.342434 0
    outer loop
      vertex -64.0034 -30.1784 35
      vertex -64.0631 -30.3422 0
      vertex -64.0631 -30.3422 35
    endloop
  endfacet
  facet normal -0.984882 0.173229 0
    outer loop
      vertex -64.0933 -30.5139 0
      vertex -64.0631 -30.3422 35
      vertex -64.0631 -30.3422 0
    endloop
  endfacet
  facet normal -0.984882 0.173229 0
    outer loop
      vertex -64.0631 -30.3422 35
      vertex -64.0933 -30.5139 0
      vertex -64.0933 -30.5139 35
    endloop
  endfacet
  facet normal -1 0 0
    outer loop
      vertex -64.0933 -30.6882 0
      vertex -64.0933 -30.5139 35
      vertex -64.0933 -30.5139 0
    endloop
  endfacet
  facet normal -1 -0 0
    outer loop
      vertex -64.0933 -30.5139 35
      vertex -64.0933 -30.6882 0
      vertex -64.0933 -30.6882 35
    endloop
  endfacet
  facet normal -0.984882 -0.173229 0
    outer loop
      vertex -64.0631 -30.8599 0
      vertex -64.0933 -30.6882 35
      vertex -64.0933 -30.6882 0
    endloop
  endfacet
  facet normal -0.984882 -0.173229 0
    outer loop
      vertex -64.0933 -30.6882 35
      vertex -64.0631 -30.8599 0
      vertex -64.0631 -30.8599 35
    endloop
  endfacet
  facet normal -0.939542 -0.342434 0
    outer loop
      vertex -64.0034 -31.0237 0
      vertex -64.0631 -30.8599 35
      vertex -64.0631 -30.8599 0
    endloop
  endfacet
  facet normal -0.939542 -0.342434 0
    outer loop
      vertex -64.0631 -30.8599 35
      vertex -64.0034 -31.0237 0
      vertex -64.0034 -31.0237 35
    endloop
  endfacet
  facet normal -0.86608 -0.499905 0
    outer loop
      vertex -63.9163 -31.1746 0
      vertex -64.0034 -31.0237 35
      vertex -64.0034 -31.0237 0
    endloop
  endfacet
  facet normal -0.86608 -0.499905 0
    outer loop
      vertex -64.0034 -31.0237 35
      vertex -63.9163 -31.1746 0
      vertex -63.9163 -31.1746 35
    endloop
  endfacet
  facet normal -0.7661 -0.642721 0
    outer loop
      vertex -63.8043 -31.3081 0
      vertex -63.9163 -31.1746 35
      vertex -63.9163 -31.1746 0
    endloop
  endfacet
  facet normal -0.7661 -0.642721 0
    outer loop
      vertex -63.9163 -31.1746 35
      vertex -63.8043 -31.3081 0
      vertex -63.8043 -31.3081 35
    endloop
  endfacet
  facet normal -0.642775 -0.766055 0
    outer loop
      vertex -63.8043 -31.3081 0
      vertex -63.6707 -31.4202 35
      vertex -63.8043 -31.3081 35
    endloop
  endfacet
  facet normal -0.642775 -0.766055 -0
    outer loop
      vertex -63.6707 -31.4202 35
      vertex -63.8043 -31.3081 0
      vertex -63.6707 -31.4202 0
    endloop
  endfacet
  facet normal -0.500335 -0.865832 0
    outer loop
      vertex -63.6707 -31.4202 0
      vertex -63.5198 -31.5074 35
      vertex -63.6707 -31.4202 35
    endloop
  endfacet
  facet normal -0.500335 -0.865832 -0
    outer loop
      vertex -63.5198 -31.5074 35
      vertex -63.6707 -31.4202 0
      vertex -63.5198 -31.5074 0
    endloop
  endfacet
  facet normal -0.341927 -0.939726 0
    outer loop
      vertex -32.4336 -46.0031 0
      vertex -32.2698 -46.0627 35
      vertex -32.4336 -46.0031 35
    endloop
  endfacet
  facet normal -0.341927 -0.939726 -0
    outer loop
      vertex -32.2698 -46.0627 35
      vertex -32.4336 -46.0031 0
      vertex -32.2698 -46.0627 0
    endloop
  endfacet
  facet normal -0.173785 -0.984784 0
    outer loop
      vertex -32.2698 -46.0627 0
      vertex -32.0981 -46.093 35
      vertex -32.2698 -46.0627 35
    endloop
  endfacet
  facet normal -0.173785 -0.984784 -0
    outer loop
      vertex -32.0981 -46.093 35
      vertex -32.2698 -46.0627 0
      vertex -32.0981 -46.093 0
    endloop
  endfacet
  facet normal 0 -1 0
    outer loop
      vertex -32.0981 -46.093 0
      vertex -31.9238 -46.093 35
      vertex -32.0981 -46.093 35
    endloop
  endfacet
  facet normal 0 -1 -0
    outer loop
      vertex -31.9238 -46.093 35
      vertex -32.0981 -46.093 0
      vertex -31.9238 -46.093 0
    endloop
  endfacet
  facet normal 0.173884 -0.984766 0
    outer loop
      vertex -31.9238 -46.093 0
      vertex -31.7522 -46.0627 35
      vertex -31.9238 -46.093 35
    endloop
  endfacet
  facet normal 0.173884 -0.984766 0
    outer loop
      vertex -31.7522 -46.0627 35
      vertex -31.9238 -46.093 0
      vertex -31.7522 -46.0627 0
    endloop
  endfacet
  facet normal 0.341927 -0.939726 0
    outer loop
      vertex -31.7522 -46.0627 0
      vertex -31.5884 -46.0031 35
      vertex -31.7522 -46.0627 35
    endloop
  endfacet
  facet normal 0.341927 -0.939726 0
    outer loop
      vertex -31.5884 -46.0031 35
      vertex -31.7522 -46.0627 0
      vertex -31.5884 -46.0031 0
    endloop
  endfacet
  facet normal 0.500086 -0.865975 0
    outer loop
      vertex -31.5884 -46.0031 0
      vertex -31.4374 -45.9159 35
      vertex -31.5884 -46.0031 35
    endloop
  endfacet
  facet normal 0.500086 -0.865975 0
    outer loop
      vertex -31.4374 -45.9159 35
      vertex -31.5884 -46.0031 0
      vertex -31.4374 -45.9159 0
    endloop
  endfacet
  facet normal 0.642721 -0.7661 0
    outer loop
      vertex -31.4374 -45.9159 0
      vertex -31.3039 -45.8039 35
      vertex -31.4374 -45.9159 35
    endloop
  endfacet
  facet normal 0.642721 -0.7661 0
    outer loop
      vertex -31.3039 -45.8039 35
      vertex -31.4374 -45.9159 0
      vertex -31.3039 -45.8039 0
    endloop
  endfacet
  facet normal 0.707107 -0.707107 0
    outer loop
      vertex -31.3039 -45.8039 35
      vertex -12.2929 -26.7929 0
      vertex -12.2929 -26.7929 35
    endloop
  endfacet
  facet normal 0.707107 -0.707107 0
    outer loop
      vertex -12.2929 -26.7929 0
      vertex -31.3039 -45.8039 35
      vertex -31.3039 -45.8039 0
    endloop
  endfacet
  facet normal 0.649478 -0.76038 0
    outer loop
      vertex -12.2929 -26.7929 0
      vertex -12.1736 -26.691 35
      vertex -12.2929 -26.7929 35
    endloop
  endfacet
  facet normal 0.649478 -0.76038 0
    outer loop
      vertex -12.1736 -26.691 35
      vertex -12.2929 -26.7929 0
      vertex -12.1736 -26.691 0
    endloop
  endfacet
  facet normal 0.522532 -0.85262 0
    outer loop
      vertex -12.1736 -26.691 0
      vertex -12.0398 -26.609 35
      vertex -12.1736 -26.691 35
    endloop
  endfacet
  facet normal 0.522532 -0.85262 0
    outer loop
      vertex -12.0398 -26.609 35
      vertex -12.1736 -26.691 0
      vertex -12.0398 -26.609 0
    endloop
  endfacet
  facet normal 0.382896 -0.923792 0
    outer loop
      vertex -12.0398 -26.609 0
      vertex -11.8948 -26.5489 35
      vertex -12.0398 -26.609 35
    endloop
  endfacet
  facet normal 0.382896 -0.923792 0
    outer loop
      vertex -11.8948 -26.5489 35
      vertex -12.0398 -26.609 0
      vertex -11.8948 -26.5489 0
    endloop
  endfacet
  facet normal 0.233228 -0.972422 0
    outer loop
      vertex -11.8948 -26.5489 0
      vertex -11.7422 -26.5123 35
      vertex -11.8948 -26.5489 35
    endloop
  endfacet
  facet normal 0.233228 -0.972422 0
    outer loop
      vertex -11.7422 -26.5123 35
      vertex -11.8948 -26.5489 0
      vertex -11.7422 -26.5123 0
    endloop
  endfacet
  facet normal 0.0784024 -0.996922 0
    outer loop
      vertex -11.7422 -26.5123 0
      vertex -11.5858 -26.5 35
      vertex -11.7422 -26.5123 35
    endloop
  endfacet
  facet normal 0.0784024 -0.996922 0
    outer loop
      vertex -11.5858 -26.5 35
      vertex -11.7422 -26.5123 0
      vertex -11.5858 -26.5 0
    endloop
  endfacet
  facet normal 0 -1 0
    outer loop
      vertex -11.5858 -26.5 0
      vertex -1 -26.5 35
      vertex -11.5858 -26.5 35
    endloop
  endfacet
  facet normal 0 -1 -0
    outer loop
      vertex -1 -26.5 35
      vertex -11.5858 -26.5 0
      vertex -1 -26.5 0
    endloop
  endfacet
  facet normal 0.0871995 -0.996191 0
    outer loop
      vertex -1 -26.5 0
      vertex -0.826351 -26.4848 35
      vertex -1 -26.5 35
    endloop
  endfacet
  facet normal 0.0871995 -0.996191 0
    outer loop
      vertex -0.826351 -26.4848 35
      vertex -1 -26.5 0
      vertex -0.826351 -26.4848 0
    endloop
  endfacet
  facet normal 0.258738 -0.965948 0
    outer loop
      vertex -0.826351 -26.4848 0
      vertex -0.657979 -26.4397 35
      vertex -0.826351 -26.4848 35
    endloop
  endfacet
  facet normal 0.258738 -0.965948 0
    outer loop
      vertex -0.657979 -26.4397 35
      vertex -0.826351 -26.4848 0
      vertex -0.657979 -26.4397 0
    endloop
  endfacet
  facet normal 0.422775 -0.906235 0
    outer loop
      vertex -0.657979 -26.4397 0
      vertex -0.5 -26.366 35
      vertex -0.657979 -26.4397 35
    endloop
  endfacet
  facet normal 0.422775 -0.906235 0
    outer loop
      vertex -0.5 -26.366 35
      vertex -0.657979 -26.4397 0
      vertex -0.5 -26.366 0
    endloop
  endfacet
  facet normal 0.573649 -0.819101 0
    outer loop
      vertex -0.5 -26.366 0
      vertex -0.357212 -26.266 35
      vertex -0.5 -26.366 35
    endloop
  endfacet
  facet normal 0.573649 -0.819101 0
    outer loop
      vertex -0.357212 -26.266 35
      vertex -0.5 -26.366 0
      vertex -0.357212 -26.266 0
    endloop
  endfacet
  facet normal 0.706943 -0.70727 0
    outer loop
      vertex -0.357212 -26.266 35
      vertex -0.233955 -26.1428 0
      vertex -0.233955 -26.1428 35
    endloop
  endfacet
  facet normal 0.706943 -0.70727 0
    outer loop
      vertex -0.233955 -26.1428 0
      vertex -0.357212 -26.266 35
      vertex -0.357212 -26.266 0
    endloop
  endfacet
  facet normal 0.819175 -0.573543 0
    outer loop
      vertex -0.233955 -26.1428 35
      vertex -0.133974 -26 0
      vertex -0.133974 -26 35
    endloop
  endfacet
  facet normal 0.819175 -0.573543 0
    outer loop
      vertex -0.133974 -26 0
      vertex -0.233955 -26.1428 35
      vertex -0.233955 -26.1428 0
    endloop
  endfacet
  facet normal 0.906328 -0.422575 0
    outer loop
      vertex -0.133974 -26 35
      vertex -0.0603065 -25.842 0
      vertex -0.0603065 -25.842 35
    endloop
  endfacet
  facet normal 0.906328 -0.422575 0
    outer loop
      vertex -0.0603065 -25.842 0
      vertex -0.133974 -26 35
      vertex -0.133974 -26 0
    endloop
  endfacet
  facet normal 0.965938 -0.258775 0
    outer loop
      vertex -0.0603065 -25.842 35
      vertex -0.015192 -25.6736 0
      vertex -0.015192 -25.6736 35
    endloop
  endfacet
  facet normal 0.965938 -0.258775 0
    outer loop
      vertex -0.015192 -25.6736 0
      vertex -0.0603065 -25.842 35
      vertex -0.0603065 -25.842 0
    endloop
  endfacet
  facet normal 0.996193 -0.0871783 0
    outer loop
      vertex -0.015192 -25.6736 35
      vertex 0 -25.5 0
      vertex 0 -25.5 35
    endloop
  endfacet
  facet normal 0.996193 -0.0871783 0
    outer loop
      vertex 0 -25.5 0
      vertex -0.015192 -25.6736 35
      vertex -0.015192 -25.6736 0
    endloop
  endfacet
  facet normal 0.0491688 0.998788 -0.00219398
    outer loop
      vertex -0.901982 -3.50482 20.6024
      vertex -0.826351 -3.51519 17.5765
      vertex -1 -3.5 20.6
    endloop
  endfacet
  facet normal 0.57361 0.819128 -0
    outer loop
      vertex -0.357212 -3.73396 3.5
      vertex -0.5 -3.63397 17.5765
      vertex -0.357212 -3.73396 17.5765
    endloop
  endfacet
  facet normal 0.57361 0.819128 0
    outer loop
      vertex -0.5 -3.63397 17.5765
      vertex -0.357212 -3.73396 3.5
      vertex -0.5 -3.63397 3.5
    endloop
  endfacet
  facet normal 0.707087 0.707127 0
    outer loop
      vertex -0.233955 -3.85721 17.5765
      vertex -0.357212 -3.73396 3.5
      vertex -0.357212 -3.73396 17.5765
    endloop
  endfacet
  facet normal 0.707087 0.707127 0
    outer loop
      vertex -0.357212 -3.73396 3.5
      vertex -0.233955 -3.85721 17.5765
      vertex -0.233955 -3.85721 3.5
    endloop
  endfacet
  facet normal 0.819156 0.57357 0
    outer loop
      vertex -0.133974 -4 17.5765
      vertex -0.233955 -3.85721 3.5
      vertex -0.233955 -3.85721 17.5765
    endloop
  endfacet
  facet normal 0.819156 0.57357 0
    outer loop
      vertex -0.233955 -3.85721 3.5
      vertex -0.133974 -4 17.5765
      vertex -0.133974 -4 3.5
    endloop
  endfacet
  facet normal 0.906307 0.422619 0
    outer loop
      vertex -0.0603065 -4.15798 17.5765
      vertex -0.133974 -4 3.5
      vertex -0.133974 -4 17.5765
    endloop
  endfacet
  facet normal 0.906307 0.422619 0
    outer loop
      vertex -0.133974 -4 3.5
      vertex -0.0603065 -4.15798 17.5765
      vertex -0.0603065 -4.15798 3.5
    endloop
  endfacet
  facet normal 0.965926 0.258818 -0
    outer loop
      vertex -0.015192 -4.32635 14.0574
      vertex -0.0603065 -4.15798 17.5765
      vertex -0.015192 -4.32635 17.5765
    endloop
  endfacet
  facet normal 0.965926 0.258818 0
    outer loop
      vertex -0.0603065 -4.15798 17.5765
      vertex -0.015192 -4.32635 14.0574
      vertex -0.0603065 -4.15798 3.5
    endloop
  endfacet
  facet normal 0.965926 0.258818 0
    outer loop
      vertex -0.0603065 -4.15798 3.5
      vertex -0.015192 -4.32635 14.0574
      vertex -0.015192 -4.32635 3.5
    endloop
  endfacet
  facet normal 0.996195 0.0871534 0
    outer loop
      vertex -0.015192 -4.32635 14.0574
      vertex 0 -4.5 3.5
      vertex -0.015192 -4.32635 3.5
    endloop
  endfacet
  facet normal 0.906307 0.422619 -0.000856419
    outer loop
      vertex -0.0761204 -4.11732 20.906
      vertex -0.0603065 -4.15798 17.5765
      vertex -0.133974 -4 17.5765
    endloop
  endfacet
  facet normal 0.90413 0.427258 -0.000655146
    outer loop
      vertex -0.118078 -4.0286 20.862
      vertex -0.0761204 -4.11732 20.906
      vertex -0.133974 -4 17.5765
    endloop
  endfacet
  facet normal 0.857646 0.51424 0.000326929
    outer loop
      vertex -0.118078 -4.0286 20.862
      vertex -0.133974 -4 17.5765
      vertex -0.16853 -3.94443 20.8203
    endloop
  endfacet
  facet normal 0.819156 0.57357 -0.00109949
    outer loop
      vertex -0.16853 -3.94443 20.8203
      vertex -0.133974 -4 17.5765
      vertex -0.233955 -3.85721 17.5765
    endloop
  endfacet
  facet normal 0.803241 0.595654 -0.000184692
    outer loop
      vertex -0.226989 -3.86561 20.7812
      vertex -0.16853 -3.94443 20.8203
      vertex -0.233955 -3.85721 17.5765
    endloop
  endfacet
  facet normal 0.740948 0.671563 0.000149683
    outer loop
      vertex -0.226989 -3.86561 20.7812
      vertex -0.233955 -3.85721 17.5765
      vertex -0.292892 -3.79289 20.7452
    endloop
  endfacet
  facet normal 0.707086 0.707126 -0.00120202
    outer loop
      vertex -0.292892 -3.79289 20.7452
      vertex -0.233955 -3.85721 17.5765
      vertex -0.357212 -3.73396 17.5765
    endloop
  endfacet
  facet normal 0.671499 0.741006 0.000150431
    outer loop
      vertex -0.292892 -3.79289 20.7452
      vertex -0.357212 -3.73396 17.5765
      vertex -0.365606 -3.72699 20.7125
    endloop
  endfacet
  facet normal 0.59575 0.80317 -0.000190486
    outer loop
      vertex -0.365606 -3.72699 20.7125
      vertex -0.357212 -3.73396 17.5765
      vertex -0.444429 -3.66853 20.6835
    endloop
  endfacet
  facet normal 0.57361 0.819128 -0.00114806
    outer loop
      vertex -0.444429 -3.66853 20.6835
      vertex -0.357212 -3.73396 17.5765
      vertex -0.5 -3.63397 17.5765
    endloop
  endfacet
  facet normal 0.514012 0.857783 0.000347864
    outer loop
      vertex -0.444429 -3.66853 20.6835
      vertex -0.5 -3.63397 17.5765
      vertex -0.528603 -3.61808 20.6585
    endloop
  endfacet
  facet normal 0.427703 0.903919 -0.000691007
    outer loop
      vertex -0.528603 -3.61808 20.6585
      vertex -0.5 -3.63397 17.5765
      vertex -0.617316 -3.57612 20.6377
    endloop
  endfacet
  facet normal 0.422586 0.906322 -0.000932528
    outer loop
      vertex -0.617316 -3.57612 20.6377
      vertex -0.5 -3.63397 17.5765
      vertex -0.657979 -3.56031 17.5765
    endloop
  endfacet
  facet normal 0.336821 0.941569 0.000388758
    outer loop
      vertex -0.617316 -3.57612 20.6377
      vertex -0.657979 -3.56031 17.5765
      vertex -0.709715 -3.54306 20.6213
    endloop
  endfacet
  facet normal 0.258845 0.965918 -0.00107412
    outer loop
      vertex -0.709715 -3.54306 20.6213
      vertex -0.657979 -3.56031 17.5765
      vertex -0.826351 -3.51519 17.5765
    endloop
  endfacet
  facet normal 0.243078 0.970007 -0.000432706
    outer loop
      vertex -0.80491 -3.51921 20.6095
      vertex -0.709715 -3.54306 20.6213
      vertex -0.826351 -3.51519 17.5765
    endloop
  endfacet
  facet normal 0.146618 0.989193 0.000274616
    outer loop
      vertex -0.80491 -3.51921 20.6095
      vertex -0.826351 -3.51519 17.5765
      vertex -0.901982 -3.50482 20.6024
    endloop
  endfacet
  facet normal 0.941477 0.337077 0.000355271
    outer loop
      vertex -0.0430593 -4.20971 20.9518
      vertex -0.0603065 -4.15798 17.5765
      vertex -0.0761204 -4.11732 20.906
    endloop
  endfacet
  facet normal 0.965926 0.258818 -0.000969051
    outer loop
      vertex -0.0430593 -4.20971 20.9518
      vertex -0.015192 -4.32635 17.5765
      vertex -0.0603065 -4.15798 17.5765
    endloop
  endfacet
  facet normal 0.990718 0.135933 0
    outer loop
      vertex -0.015192 -4.32635 17.5765
      vertex -0.0048151 -4.40198 21.0471
      vertex -0.015192 -4.32635 14.0574
    endloop
  endfacet
  facet normal 0.994301 0.106604 -0.000322657
    outer loop
      vertex -0.0048151 -4.40198 21.0471
      vertex 0 -4.5 3.5
      vertex -0.015192 -4.32635 14.0574
    endloop
  endfacet
  facet normal 0.998796 0.0490645 0
    outer loop
      vertex 0 -4.5 21.0957
      vertex 0 -4.5 3.5
      vertex -0.0048151 -4.40198 21.0471
    endloop
  endfacet
  facet normal 0.97008 0.242787 -0.000380746
    outer loop
      vertex -0.0192146 -4.30491 20.999
      vertex -0.015192 -4.32635 17.5765
      vertex -0.0430593 -4.20971 20.9518
    endloop
  endfacet
  facet normal 0.989158 0.146853 0.000242645
    outer loop
      vertex -0.0048151 -4.40198 21.0471
      vertex -0.015192 -4.32635 17.5765
      vertex -0.0192146 -4.30491 20.999
    endloop
  endfacet
  facet normal 0.422586 0.906323 -0
    outer loop
      vertex -0.5 -3.63397 3.5
      vertex -0.657979 -3.56031 17.5765
      vertex -0.5 -3.63397 17.5765
    endloop
  endfacet
  facet normal 0.422586 0.906323 0
    outer loop
      vertex -0.657979 -3.56031 17.5765
      vertex -0.5 -3.63397 3.5
      vertex -0.657979 -3.56031 3.5
    endloop
  endfacet
  facet normal 0.0871425 0.996196 0
    outer loop
      vertex -1 -3.5 3.5
      vertex -0.826351 -3.51519 17.5765
      vertex -0.826351 -3.51519 3.5
    endloop
  endfacet
  facet normal 0.0871425 0.996196 0
    outer loop
      vertex -0.826351 -3.51519 17.5765
      vertex -1 -3.5 3.5
      vertex -1 -3.5 20.6
    endloop
  endfacet
  facet normal 0.258845 0.965919 -0
    outer loop
      vertex -0.657979 -3.56031 3.5
      vertex -0.826351 -3.51519 17.5765
      vertex -0.657979 -3.56031 17.5765
    endloop
  endfacet
  facet normal 0.258845 0.965919 0
    outer loop
      vertex -0.826351 -3.51519 17.5765
      vertex -0.657979 -3.56031 3.5
      vertex -0.826351 -3.51519 3.5
    endloop
  endfacet
  facet normal 0.00269508 0.444318 0.895865
    outer loop
      vertex 0 -4.5 21.0957
      vertex -0.0048151 -4.40198 21.0471
      vertex -0.0192146 -4.30491 20.999
    endloop
  endfacet
  facet normal -0.000764385 0.444046 0.896004
    outer loop
      vertex 0 -4.5 21.0957
      vertex -0.0192146 -4.30491 20.999
      vertex -0.0430593 -4.20971 20.9518
    endloop
  endfacet
  facet normal -5.75617e-05 0.44413 0.895962
    outer loop
      vertex 0 -4.5 21.0957
      vertex -0.0430593 -4.20971 20.9518
      vertex -0.0761204 -4.11732 20.906
    endloop
  endfacet
  facet normal -0.000745097 0.44402 0.896017
    outer loop
      vertex 0 -4.5 21.0957
      vertex -0.0761204 -4.11732 20.906
      vertex -0.118078 -4.0286 20.862
    endloop
  endfacet
  facet normal 0.000850856 0.444341 0.895857
    outer loop
      vertex 0 -4.5 21.0957
      vertex -0.118078 -4.0286 20.862
      vertex -0.16853 -3.94443 20.8203
    endloop
  endfacet
  facet normal -0.00073567 0.443955 0.896049
    outer loop
      vertex 0 -4.5 21.0957
      vertex -0.16853 -3.94443 20.8203
      vertex -0.226989 -3.86561 20.7812
    endloop
  endfacet
  facet normal 0.00114709 0.444495 0.89578
    outer loop
      vertex 0 -4.5 21.0957
      vertex -0.226989 -3.86561 20.7812
      vertex -0.292892 -3.79289 20.7452
    endloop
  endfacet
  facet normal -0.000684914 0.443886 0.896083
    outer loop
      vertex 0 -4.5 21.0957
      vertex -0.292892 -3.79289 20.7452
      vertex -0.365606 -3.72699 20.7125
    endloop
  endfacet
  facet normal -0.000349233 0.444014 0.89602
    outer loop
      vertex 0 -4.5 21.0957
      vertex -0.365606 -3.72699 20.7125
      vertex -0.444429 -3.66853 20.6835
    endloop
  endfacet
  facet normal 0.000164616 0.444234 0.895911
    outer loop
      vertex 0 -4.5 21.0957
      vertex -0.444429 -3.66853 20.6835
      vertex -0.528603 -3.61808 20.6585
    endloop
  endfacet
  facet normal 1.5599e-05 0.444163 0.895946
    outer loop
      vertex 0 -4.5 21.0957
      vertex -0.528603 -3.61808 20.6585
      vertex -0.617316 -3.57612 20.6377
    endloop
  endfacet
  facet normal -0.000140032 0.444079 0.895988
    outer loop
      vertex 0 -4.5 21.0957
      vertex -0.617316 -3.57612 20.6377
      vertex -0.709715 -3.54306 20.6213
    endloop
  endfacet
  facet normal 0.00027235 0.444325 0.895866
    outer loop
      vertex 0 -4.5 21.0957
      vertex -0.709715 -3.54306 20.6213
      vertex -0.80491 -3.51921 20.6095
    endloop
  endfacet
  facet normal 0.000351471 0.444377 0.89584
    outer loop
      vertex 0 -4.5 21.0957
      vertex -0.80491 -3.51921 20.6095
      vertex -0.901982 -3.50482 20.6024
    endloop
  endfacet
  facet normal -0.00010312 0.444046 0.896004
    outer loop
      vertex 0 -4.5 21.0957
      vertex -0.901982 -3.50482 20.6024
      vertex -1 -3.5 20.6
    endloop
  endfacet
  facet normal -4.24411e-05 0.444095 0.89598
    outer loop
      vertex 0 -4.5 21.0957
      vertex -1 -3.5 20.6
      vertex -1 -22.5 30.0174
    endloop
  endfacet
  facet normal 0 0.444095 0.89598
    outer loop
      vertex -1 -22.5 30.0174
      vertex -1 -3.5 20.6
      vertex -3 -3.5 20.6
    endloop
  endfacet
  facet normal -1.46615e-05 0.444094 0.89598
    outer loop
      vertex -1 -22.5 30.0174
      vertex -3 -3.5 20.6
      vertex -4 -21.5 29.5217
    endloop
  endfacet
  facet normal 4.74343e-05 0.444091 0.895982
    outer loop
      vertex -3 -3.5 20.6
      vertex -4 -4.5 21.0957
      vertex -4 -21.5 29.5217
    endloop
  endfacet
  facet normal 0.000103117 0.444046 0.896004
    outer loop
      vertex -3 -3.5 20.6
      vertex -3.09802 -3.50482 20.6024
      vertex -4 -4.5 21.0957
    endloop
  endfacet
  facet normal -0.000351479 0.444377 0.89584
    outer loop
      vertex -3.09802 -3.50482 20.6024
      vertex -3.19509 -3.51921 20.6095
      vertex -4 -4.5 21.0957
    endloop
  endfacet
  facet normal -0.000272368 0.444325 0.895866
    outer loop
      vertex -3.19509 -3.51921 20.6095
      vertex -3.29028 -3.54306 20.6213
      vertex -4 -4.5 21.0957
    endloop
  endfacet
  facet normal 0.00014003 0.444079 0.895988
    outer loop
      vertex -3.29028 -3.54306 20.6213
      vertex -3.38268 -3.57612 20.6377
      vertex -4 -4.5 21.0957
    endloop
  endfacet
  facet normal -1.55973e-05 0.444163 0.895946
    outer loop
      vertex -3.38268 -3.57612 20.6377
      vertex -3.4714 -3.61808 20.6585
      vertex -4 -4.5 21.0957
    endloop
  endfacet
  facet normal -0.000164628 0.444234 0.895911
    outer loop
      vertex -3.4714 -3.61808 20.6585
      vertex -3.55557 -3.66853 20.6835
      vertex -4 -4.5 21.0957
    endloop
  endfacet
  facet normal 0.000349256 0.444014 0.89602
    outer loop
      vertex -3.55557 -3.66853 20.6835
      vertex -3.63439 -3.72699 20.7125
      vertex -4 -4.5 21.0957
    endloop
  endfacet
  facet normal 0.00068482 0.443886 0.896083
    outer loop
      vertex -3.63439 -3.72699 20.7125
      vertex -3.70711 -3.79289 20.7452
      vertex -4 -4.5 21.0957
    endloop
  endfacet
  facet normal -0.00114718 0.444495 0.89578
    outer loop
      vertex -3.70711 -3.79289 20.7452
      vertex -3.77301 -3.86561 20.7812
      vertex -4 -4.5 21.0957
    endloop
  endfacet
  facet normal 0.000735648 0.443955 0.896049
    outer loop
      vertex -3.77301 -3.86561 20.7812
      vertex -3.83147 -3.94443 20.8203
      vertex -4 -4.5 21.0957
    endloop
  endfacet
  facet normal -0.000850924 0.444341 0.895857
    outer loop
      vertex -3.83147 -3.94443 20.8203
      vertex -3.88192 -4.0286 20.862
      vertex -4 -4.5 21.0957
    endloop
  endfacet
  facet normal 0.00074502 0.44402 0.896017
    outer loop
      vertex -3.88192 -4.0286 20.862
      vertex -3.92388 -4.11732 20.906
      vertex -4 -4.5 21.0957
    endloop
  endfacet
  facet normal 5.75656e-05 0.44413 0.895962
    outer loop
      vertex -3.92388 -4.11732 20.906
      vertex -3.95694 -4.20971 20.9518
      vertex -4 -4.5 21.0957
    endloop
  endfacet
  facet normal 0.000763986 0.444046 0.896004
    outer loop
      vertex -3.95694 -4.20971 20.9518
      vertex -3.98079 -4.30491 20.999
      vertex -4 -4.5 21.0957
    endloop
  endfacet
  facet normal -0.0026991 0.444318 0.895865
    outer loop
      vertex -3.98079 -4.30491 20.999
      vertex -3.99518 -4.40198 21.0471
      vertex -4 -4.5 21.0957
    endloop
  endfacet
  facet normal 6.41589e-05 0.444283 0.895886
    outer loop
      vertex -1 -22.5 30.0174
      vertex -4 -21.5 29.5217
      vertex -4.00482 -21.598 29.5703
    endloop
  endfacet
  facet normal -8.0008e-05 0.443898 0.896077
    outer loop
      vertex -1 -22.5 30.0174
      vertex -4.00482 -21.598 29.5703
      vertex -4.01921 -21.6951 29.6184
    endloop
  endfacet
  facet normal 1.89339e-05 0.444196 0.89593
    outer loop
      vertex -1 -22.5 30.0174
      vertex -4.01921 -21.6951 29.6184
      vertex -4.04306 -21.7903 29.6656
    endloop
  endfacet
  facet normal -6.05861e-06 0.44411 0.895972
    outer loop
      vertex -1 -22.5 30.0174
      vertex -4.04306 -21.7903 29.6656
      vertex -4.07612 -21.8827 29.7114
    endloop
  endfacet
  facet normal 5.69737e-05 0.444362 0.895847
    outer loop
      vertex -1 -22.5 30.0174
      vertex -4.07612 -21.8827 29.7114
      vertex -4.11808 -21.9714 29.7554
    endloop
  endfacet
  facet normal -5.50909e-05 0.443831 0.89611
    outer loop
      vertex -1 -22.5 30.0174
      vertex -4.11808 -21.9714 29.7554
      vertex -4.16853 -22.0556 29.7971
    endloop
  endfacet
  facet normal 5.32946e-05 0.444452 0.895803
    outer loop
      vertex -1 -22.5 30.0174
      vertex -4.16853 -22.0556 29.7971
      vertex -4.22699 -22.1344 29.8362
    endloop
  endfacet
  facet normal -4.03215e-05 0.443788 0.896132
    outer loop
      vertex -1 -22.5 30.0174
      vertex -4.22699 -22.1344 29.8362
      vertex -4.29289 -22.2071 29.8722
    endloop
  endfacet
  facet normal 3.43958e-05 0.444462 0.895797
    outer loop
      vertex -1 -22.5 30.0174
      vertex -4.29289 -22.2071 29.8722
      vertex -4.36561 -22.273 29.9049
    endloop
  endfacet
  facet normal 7.30014e-06 0.44414 0.895957
    outer loop
      vertex -1 -22.5 30.0174
      vertex -4.36561 -22.273 29.9049
      vertex -4.44443 -22.3315 29.9339
    endloop
  endfacet
  facet normal 1.956e-05 0.444341 0.895858
    outer loop
      vertex -1 -22.5 30.0174
      vertex -4.44443 -22.3315 29.9339
      vertex -4.5286 -22.3819 29.9589
    endloop
  endfacet
  facet normal -2.93665e-06 0.443802 0.896125
    outer loop
      vertex -1 -22.5 30.0174
      vertex -4.5286 -22.3819 29.9589
      vertex -4.61732 -22.4239 29.9797
    endloop
  endfacet
  facet normal -2.6031e-05 0.44292 0.896561
    outer loop
      vertex -1 -22.5 30.0174
      vertex -4.61732 -22.4239 29.9797
      vertex -4.70971 -22.4569 29.996
    endloop
  endfacet
  facet normal 1.37997e-05 0.445671 0.895197
    outer loop
      vertex -1 -22.5 30.0174
      vertex -4.70971 -22.4569 29.996
      vertex -4.80491 -22.4808 30.0079
    endloop
  endfacet
  facet normal -7.59878e-06 0.442265 0.896884
    outer loop
      vertex -1 -22.5 30.0174
      vertex -4.80491 -22.4808 30.0079
      vertex -4.90198 -22.4952 30.015
    endloop
  endfacet
  facet normal 0 0.447214 0.894427
    outer loop
      vertex -1 -22.5 30.0174
      vertex -4.90198 -22.4952 30.015
      vertex -5 -22.5 30.0174
    endloop
  endfacet
  facet normal -0.000190345 0.444101 0.895977
    outer loop
      vertex -0.901982 -22.5048 30.0198
      vertex 0 -4.5 21.0957
      vertex -1 -22.5 30.0174
    endloop
  endfacet
  facet normal 0.000342447 0.44408 0.895987
    outer loop
      vertex -0.80491 -22.5192 30.0269
      vertex 0 -4.5 21.0957
      vertex -0.901982 -22.5048 30.0198
    endloop
  endfacet
  facet normal 0.000428279 0.444077 0.895989
    outer loop
      vertex -0.709715 -22.5431 30.0387
      vertex 0 -4.5 21.0957
      vertex -0.80491 -22.5192 30.0269
    endloop
  endfacet
  facet normal -0.000417539 0.444104 0.895975
    outer loop
      vertex -0.617316 -22.5761 30.0551
      vertex 0 -4.5 21.0957
      vertex -0.709715 -22.5431 30.0387
    endloop
  endfacet
  facet normal 0.000171508 0.444087 0.895983
    outer loop
      vertex -0.528603 -22.6181 30.0759
      vertex 0 -4.5 21.0957
      vertex -0.617316 -22.5761 30.0551
    endloop
  endfacet
  facet normal -0.000202337 0.444096 0.895979
    outer loop
      vertex -0.444429 -22.6685 30.1009
      vertex 0 -4.5 21.0957
      vertex -0.528603 -22.6181 30.0759
    endloop
  endfacet
  facet normal -5.05723e-05 0.444093 0.895981
    outer loop
      vertex -0.365606 -22.727 30.1299
      vertex 0 -4.5 21.0957
      vertex -0.444429 -22.6685 30.1009
    endloop
  endfacet
  facet normal -0.000444267 0.444099 0.895977
    outer loop
      vertex -0.292892 -22.7929 30.1626
      vertex 0 -4.5 21.0957
      vertex -0.365606 -22.727 30.1299
    endloop
  endfacet
  facet normal 0.000452231 0.444088 0.895983
    outer loop
      vertex -0.226989 -22.8656 30.1986
      vertex 0 -4.5 21.0957
      vertex -0.292892 -22.7929 30.1626
    endloop
  endfacet
  facet normal -0.000645551 0.444099 0.895978
    outer loop
      vertex -0.16853 -22.9444 30.2377
      vertex 0 -4.5 21.0957
      vertex -0.226989 -22.8656 30.1986
    endloop
  endfacet
  facet normal 0.000592664 0.44409 0.895982
    outer loop
      vertex -0.118078 -23.0286 30.2794
      vertex 0 -4.5 21.0957
      vertex -0.16853 -22.9444 30.2377
    endloop
  endfacet
  facet normal -0.000755332 0.444097 0.895979
    outer loop
      vertex -0.0761204 -23.1173 30.3234
      vertex 0 -4.5 21.0957
      vertex -0.118078 -23.0286 30.2794
    endloop
  endfacet
  facet normal -4.7293e-05 0.444094 0.89598
    outer loop
      vertex -0.0430593 -23.2097 30.3692
      vertex 0 -4.5 21.0957
      vertex -0.0761204 -23.1173 30.3234
    endloop
  endfacet
  facet normal 0.00320466 0.444086 0.895978
    outer loop
      vertex -0.0192146 -23.3049 30.4163
      vertex 0 -4.5 21.0957
      vertex -0.0430593 -23.2097 30.3692
    endloop
  endfacet
  facet normal -0.00448868 0.44409 0.895971
    outer loop
      vertex -0.0048151 -23.402 30.4645
      vertex 0 -4.5 21.0957
      vertex -0.0192146 -23.3049 30.4163
    endloop
  endfacet
  facet normal 0.0136646 0.44405 0.895898
    outer loop
      vertex 0 -23.5 30.513
      vertex 0 -4.5 21.0957
      vertex -0.0048151 -23.402 30.4645
    endloop
  endfacet
  facet normal -0.998838 0.0481571 -0.00193506
    outer loop
      vertex -3.99518 -4.40198 21.0471
      vertex -3.98481 -4.32635 17.5765
      vertex -4 -4.5 21.0957
    endloop
  endfacet
  facet normal -0.819159 0.573566 0
    outer loop
      vertex -3.86602 -4 3.5
      vertex -3.76604 -3.85721 17.5765
      vertex -3.76604 -3.85721 3.5
    endloop
  endfacet
  facet normal -0.819159 0.573566 0
    outer loop
      vertex -3.76604 -3.85721 17.5765
      vertex -3.86602 -4 3.5
      vertex -3.86602 -4 17.5765
    endloop
  endfacet
  facet normal -0.707107 0.707107 0
    outer loop
      vertex -3.76604 -3.85721 3.5
      vertex -3.64279 -3.73396 17.5765
      vertex -3.64279 -3.73396 3.5
    endloop
  endfacet
  facet normal -0.707107 0.707107 0
    outer loop
      vertex -3.64279 -3.73396 17.5765
      vertex -3.76604 -3.85721 3.5
      vertex -3.76604 -3.85721 17.5765
    endloop
  endfacet
  facet normal -0.573605 0.819132 0
    outer loop
      vertex -3.5 -3.63397 3.5
      vertex -3.64279 -3.73396 17.5765
      vertex -3.5 -3.63397 17.5765
    endloop
  endfacet
  facet normal -0.573605 0.819132 0
    outer loop
      vertex -3.64279 -3.73396 17.5765
      vertex -3.5 -3.63397 3.5
      vertex -3.64279 -3.73396 3.5
    endloop
  endfacet
  facet normal -0.422584 0.906324 0
    outer loop
      vertex -3.34202 -3.56031 3.5
      vertex -3.5 -3.63397 17.5765
      vertex -3.34202 -3.56031 17.5765
    endloop
  endfacet
  facet normal -0.422584 0.906324 0
    outer loop
      vertex -3.5 -3.63397 17.5765
      vertex -3.34202 -3.56031 3.5
      vertex -3.5 -3.63397 3.5
    endloop
  endfacet
  facet normal -0.258848 0.965918 0
    outer loop
      vertex -3.17365 -3.51519 14.0574
      vertex -3.34202 -3.56031 17.5765
      vertex -3.17365 -3.51519 17.5765
    endloop
  endfacet
  facet normal -0.258848 0.965918 0
    outer loop
      vertex -3.34202 -3.56031 3.5
      vertex -3.17365 -3.51519 14.0574
      vertex -3.17365 -3.51519 3.5
    endloop
  endfacet
  facet normal -0.258848 0.965918 0
    outer loop
      vertex -3.17365 -3.51519 14.0574
      vertex -3.34202 -3.56031 3.5
      vertex -3.34202 -3.56031 17.5765
    endloop
  endfacet
  facet normal -0.087142 0.996196 0
    outer loop
      vertex -3.17365 -3.51519 14.0574
      vertex -3 -3.5 3.5
      vertex -3.17365 -3.51519 3.5
    endloop
  endfacet
  facet normal -0.422584 0.906323 -0.00093208
    outer loop
      vertex -3.38268 -3.57612 20.6377
      vertex -3.34202 -3.56031 17.5765
      vertex -3.5 -3.63397 17.5765
    endloop
  endfacet
  facet normal -0.427676 0.903932 -0.000691745
    outer loop
      vertex -3.4714 -3.61808 20.6585
      vertex -3.38268 -3.57612 20.6377
      vertex -3.5 -3.63397 17.5765
    endloop
  endfacet
  facet normal -0.51403 0.857772 0.000347587
    outer loop
      vertex -3.4714 -3.61808 20.6585
      vertex -3.5 -3.63397 17.5765
      vertex -3.55557 -3.66853 20.6835
    endloop
  endfacet
  facet normal -0.573604 0.819132 -0.00114773
    outer loop
      vertex -3.55557 -3.66853 20.6835
      vertex -3.5 -3.63397 17.5765
      vertex -3.64279 -3.73396 17.5765
    endloop
  endfacet
  facet normal -0.595765 0.803159 -0.000189284
    outer loop
      vertex -3.63439 -3.72699 20.7125
      vertex -3.55557 -3.66853 20.6835
      vertex -3.64279 -3.73396 17.5765
    endloop
  endfacet
  facet normal -0.671468 0.741034 0.000151571
    outer loop
      vertex -3.63439 -3.72699 20.7125
      vertex -3.64279 -3.73396 17.5765
      vertex -3.70711 -3.79289 20.7452
    endloop
  endfacet
  facet normal -0.707106 0.707106 -0.0012028
    outer loop
      vertex -3.70711 -3.79289 20.7452
      vertex -3.64279 -3.73396 17.5765
      vertex -3.76604 -3.85721 17.5765
    endloop
  endfacet
  facet normal -0.740963 0.671546 0.000148679
    outer loop
      vertex -3.70711 -3.79289 20.7452
      vertex -3.76604 -3.85721 17.5765
      vertex -3.77301 -3.86561 20.7812
    endloop
  endfacet
  facet normal -0.803236 0.59566 -0.000185668
    outer loop
      vertex -3.77301 -3.86561 20.7812
      vertex -3.76604 -3.85721 17.5765
      vertex -3.83147 -3.94443 20.8203
    endloop
  endfacet
  facet normal -0.819159 0.573566 -0.00110091
    outer loop
      vertex -3.83147 -3.94443 20.8203
      vertex -3.76604 -3.85721 17.5765
      vertex -3.86602 -4 17.5765
    endloop
  endfacet
  facet normal -0.857655 0.514225 0.000325706
    outer loop
      vertex -3.83147 -3.94443 20.8203
      vertex -3.86602 -4 17.5765
      vertex -3.88192 -4.0286 20.862
    endloop
  endfacet
  facet normal -0.90412 0.427277 -0.000656031
    outer loop
      vertex -3.88192 -4.0286 20.862
      vertex -3.86602 -4 17.5765
      vertex -3.92388 -4.11732 20.906
    endloop
  endfacet
  facet normal -0.906301 0.422631 -0.00085765
    outer loop
      vertex -3.92388 -4.11732 20.906
      vertex -3.86602 -4 17.5765
      vertex -3.93969 -4.15798 17.5765
    endloop
  endfacet
  facet normal -0.941481 0.337067 0.000354313
    outer loop
      vertex -3.92388 -4.11732 20.906
      vertex -3.93969 -4.15798 17.5765
      vertex -3.95694 -4.20971 20.9518
    endloop
  endfacet
  facet normal -0.965918 0.258848 -0.000969361
    outer loop
      vertex -3.95694 -4.20971 20.9518
      vertex -3.93969 -4.15798 17.5765
      vertex -3.98481 -4.32635 17.5765
    endloop
  endfacet
  facet normal -0.970067 0.242837 -0.000381813
    outer loop
      vertex -3.98079 -4.30491 20.999
      vertex -3.95694 -4.20971 20.9518
      vertex -3.98481 -4.32635 17.5765
    endloop
  endfacet
  facet normal -0.989172 0.146759 0.000242504
    outer loop
      vertex -3.98079 -4.30491 20.999
      vertex -3.98481 -4.32635 17.5765
      vertex -3.99518 -4.40198 21.0471
    endloop
  endfacet
  facet normal -0.336817 0.94157 0.000389138
    outer loop
      vertex -3.29028 -3.54306 20.6213
      vertex -3.34202 -3.56031 17.5765
      vertex -3.38268 -3.57612 20.6377
    endloop
  endfacet
  facet normal -0.258848 0.965918 -0.00107373
    outer loop
      vertex -3.29028 -3.54306 20.6213
      vertex -3.17365 -3.51519 17.5765
      vertex -3.34202 -3.56031 17.5765
    endloop
  endfacet
  facet normal -0.135844 0.99073 0
    outer loop
      vertex -3.17365 -3.51519 17.5765
      vertex -3.09802 -3.50482 20.6024
      vertex -3.17365 -3.51519 14.0574
    endloop
  endfacet
  facet normal -0.107335 0.994223 -0.00033497
    outer loop
      vertex -3.09802 -3.50482 20.6024
      vertex -3 -3.5 3.5
      vertex -3.17365 -3.51519 14.0574
    endloop
  endfacet
  facet normal -0.0491143 0.998793 0
    outer loop
      vertex -3 -3.5 20.6
      vertex -3 -3.5 3.5
      vertex -3.09802 -3.50482 20.6024
    endloop
  endfacet
  facet normal -0.24309 0.970004 -0.000432715
    outer loop
      vertex -3.19509 -3.51921 20.6095
      vertex -3.17365 -3.51519 17.5765
      vertex -3.29028 -3.54306 20.6213
    endloop
  endfacet
  facet normal -0.146621 0.989193 0.000274643
    outer loop
      vertex -3.09802 -3.50482 20.6024
      vertex -3.17365 -3.51519 17.5765
      vertex -3.19509 -3.51921 20.6095
    endloop
  endfacet
  facet normal -0.906302 0.422631 0
    outer loop
      vertex -3.93969 -4.15798 3.5
      vertex -3.86602 -4 17.5765
      vertex -3.86602 -4 3.5
    endloop
  endfacet
  facet normal -0.906302 0.422631 0
    outer loop
      vertex -3.86602 -4 17.5765
      vertex -3.93969 -4.15798 3.5
      vertex -3.93969 -4.15798 17.5765
    endloop
  endfacet
  facet normal -0.996196 0.087142 0
    outer loop
      vertex -4 -4.5 3.5
      vertex -3.98481 -4.32635 17.5765
      vertex -3.98481 -4.32635 3.5
    endloop
  endfacet
  facet normal -0.996196 0.087142 0
    outer loop
      vertex -3.98481 -4.32635 17.5765
      vertex -4 -4.5 3.5
      vertex -4 -4.5 21.0957
    endloop
  endfacet
  facet normal -0.965918 0.258848 0
    outer loop
      vertex -3.98481 -4.32635 3.5
      vertex -3.93969 -4.15798 17.5765
      vertex -3.93969 -4.15798 3.5
    endloop
  endfacet
  facet normal -0.965918 0.258848 0
    outer loop
      vertex -3.93969 -4.15798 17.5765
      vertex -3.98481 -4.32635 3.5
      vertex -3.98481 -4.32635 17.5765
    endloop
  endfacet
  facet normal -1 0 0
    outer loop
      vertex -4 -5.51769 10.6008
      vertex -4 -4.5 21.0957
      vertex -4 -5.46698 10.3023
    endloop
  endfacet
  facet normal -1 0 0
    outer loop
      vertex -4 -4.5 21.0957
      vertex -4 -5.46698 17.7977
      vertex -4 -5.45 18.1
    endloop
  endfacet
  facet normal -1 0 0
    outer loop
      vertex -4 -5.51769 17.4992
      vertex -4 -4.5 21.0957
      vertex -4 -5.51769 10.6008
    endloop
  endfacet
  facet normal -1 0 0
    outer loop
      vertex -4 -4.5 21.0957
      vertex -4 -5.51769 17.4992
      vertex -4 -5.46698 17.7977
    endloop
  endfacet
  facet normal -1 0 0
    outer loop
      vertex -4 -5.60151 10.8918
      vertex -4 -5.51769 17.4992
      vertex -4 -5.51769 10.6008
    endloop
  endfacet
  facet normal -1 0 0
    outer loop
      vertex -4 -5.60151 10.8918
      vertex -4 -5.60151 17.2082
      vertex -4 -5.51769 17.4992
    endloop
  endfacet
  facet normal -1 0 0
    outer loop
      vertex -4 -5.71738 11.1715
      vertex -4 -5.60151 17.2082
      vertex -4 -5.60151 10.8918
    endloop
  endfacet
  facet normal -1 0 0
    outer loop
      vertex -4 -5.71738 11.1715
      vertex -4 -5.71738 16.9285
      vertex -4 -5.60151 17.2082
    endloop
  endfacet
  facet normal -1 0 0
    outer loop
      vertex -4 -5.86384 11.4365
      vertex -4 -5.71738 16.9285
      vertex -4 -5.71738 11.1715
    endloop
  endfacet
  facet normal -1 0 0
    outer loop
      vertex -4 -5.86384 11.4365
      vertex -4 -5.86384 16.6635
      vertex -4 -5.71738 16.9285
    endloop
  endfacet
  facet normal -1 0 0
    outer loop
      vertex -4 -6.03905 11.6834
      vertex -4 -5.86384 16.6635
      vertex -4 -5.86384 11.4365
    endloop
  endfacet
  facet normal -1 0 0
    outer loop
      vertex -4 -6.03905 11.6834
      vertex -4 -6.03905 16.4166
      vertex -4 -5.86384 16.6635
    endloop
  endfacet
  facet normal -1 0 0
    outer loop
      vertex -4 -6.24081 11.9092
      vertex -4 -6.03905 16.4166
      vertex -4 -6.03905 11.6834
    endloop
  endfacet
  facet normal -1 0 0
    outer loop
      vertex -4 -6.24081 11.9092
      vertex -4 -6.24081 16.1908
      vertex -4 -6.03905 16.4166
    endloop
  endfacet
  facet normal -1 0 0
    outer loop
      vertex -4 -6.46658 12.1109
      vertex -4 -6.24081 16.1908
      vertex -4 -6.24081 11.9092
    endloop
  endfacet
  facet normal -1 0 0
    outer loop
      vertex -4 -6.46658 12.1109
      vertex -4 -6.46658 15.9891
      vertex -4 -6.24081 16.1908
    endloop
  endfacet
  facet normal -1 0 0
    outer loop
      vertex -4 -6.71351 12.2862
      vertex -4 -6.46658 15.9891
      vertex -4 -6.46658 12.1109
    endloop
  endfacet
  facet normal -1 0 0
    outer loop
      vertex -4 -6.71351 12.2862
      vertex -4 -6.71351 15.8138
      vertex -4 -6.46658 15.9891
    endloop
  endfacet
  facet normal -1 0 0
    outer loop
      vertex -4 -6.97851 12.4326
      vertex -4 -6.71351 15.8138
      vertex -4 -6.71351 12.2862
    endloop
  endfacet
  facet normal -1 0 0
    outer loop
      vertex -4 -6.97851 12.4326
      vertex -4 -6.97851 15.6674
      vertex -4 -6.71351 15.8138
    endloop
  endfacet
  facet normal -1 0 0
    outer loop
      vertex -4 -7.25825 12.5485
      vertex -4 -6.97851 15.6674
      vertex -4 -6.97851 12.4326
    endloop
  endfacet
  facet normal -1 0 0
    outer loop
      vertex -4 -7.25825 12.5485
      vertex -4 -7.25825 15.5515
      vertex -4 -6.97851 15.6674
    endloop
  endfacet
  facet normal -1 0 0
    outer loop
      vertex -4 -7.54919 12.6323
      vertex -4 -7.25825 15.5515
      vertex -4 -7.25825 12.5485
    endloop
  endfacet
  facet normal -1 0 0
    outer loop
      vertex -4 -7.54919 12.6323
      vertex -4 -7.54919 15.4677
      vertex -4 -7.25825 15.5515
    endloop
  endfacet
  facet normal -1 0 0
    outer loop
      vertex -4 -7.8477 12.683
      vertex -4 -7.54919 15.4677
      vertex -4 -7.54919 12.6323
    endloop
  endfacet
  facet normal -1 0 0
    outer loop
      vertex -4 -7.8477 12.683
      vertex -4 -7.8477 15.417
      vertex -4 -7.54919 15.4677
    endloop
  endfacet
  facet normal -1 0 0
    outer loop
      vertex -4 -8.15 12.7
      vertex -4 -7.8477 15.417
      vertex -4 -7.8477 12.683
    endloop
  endfacet
  facet normal -1 0 0
    outer loop
      vertex -4 -8.15 12.7
      vertex -4 -8.15 15.4
      vertex -4 -7.8477 15.417
    endloop
  endfacet
  facet normal -1 0 0
    outer loop
      vertex -4 -8.4523 12.683
      vertex -4 -8.15 15.4
      vertex -4 -8.15 12.7
    endloop
  endfacet
  facet normal -1 0 0
    outer loop
      vertex -4 -8.4523 12.683
      vertex -4 -8.4523 15.417
      vertex -4 -8.15 15.4
    endloop
  endfacet
  facet normal -1 0 0
    outer loop
      vertex -4 -8.75081 12.6323
      vertex -4 -8.4523 15.417
      vertex -4 -8.4523 12.683
    endloop
  endfacet
  facet normal -1 0 0
    outer loop
      vertex -4 -8.75081 12.6323
      vertex -4 -8.75081 15.4677
      vertex -4 -8.4523 15.417
    endloop
  endfacet
  facet normal -1 0 0
    outer loop
      vertex -4 -9.04175 12.5485
      vertex -4 -8.75081 15.4677
      vertex -4 -8.75081 12.6323
    endloop
  endfacet
  facet normal -1 0 0
    outer loop
      vertex -4 -9.04175 12.5485
      vertex -4 -9.04175 15.5515
      vertex -4 -8.75081 15.4677
    endloop
  endfacet
  facet normal -1 0 0
    outer loop
      vertex -4 -9.32149 12.4326
      vertex -4 -9.04175 15.5515
      vertex -4 -9.04175 12.5485
    endloop
  endfacet
  facet normal -1 0 0
    outer loop
      vertex -4 -9.32149 12.4326
      vertex -4 -9.32149 15.6674
      vertex -4 -9.04175 15.5515
    endloop
  endfacet
  facet normal -1 0 0
    outer loop
      vertex -4 -9.58649 12.2862
      vertex -4 -9.32149 15.6674
      vertex -4 -9.32149 12.4326
    endloop
  endfacet
  facet normal -1 0 0
    outer loop
      vertex -4 -9.58649 12.2862
      vertex -4 -9.58649 15.8138
      vertex -4 -9.32149 15.6674
    endloop
  endfacet
  facet normal -1 0 0
    outer loop
      vertex -4 -9.83342 12.1109
      vertex -4 -9.58649 15.8138
      vertex -4 -9.58649 12.2862
    endloop
  endfacet
  facet normal -1 0 0
    outer loop
      vertex -4 -9.83342 12.1109
      vertex -4 -9.83342 15.9891
      vertex -4 -9.58649 15.8138
    endloop
  endfacet
  facet normal -1 0 0
    outer loop
      vertex -4 -10.0592 11.9092
      vertex -4 -9.83342 15.9891
      vertex -4 -9.83342 12.1109
    endloop
  endfacet
  facet normal -1 0 0
    outer loop
      vertex -4 -10.0592 11.9092
      vertex -4 -10.0592 16.1908
      vertex -4 -9.83342 15.9891
    endloop
  endfacet
  facet normal -1 0 0
    outer loop
      vertex -4 -10.2609 11.6834
      vertex -4 -10.0592 16.1908
      vertex -4 -10.0592 11.9092
    endloop
  endfacet
  facet normal -1 0 0
    outer loop
      vertex -4 -10.2609 11.6834
      vertex -4 -10.2609 16.4166
      vertex -4 -10.0592 16.1908
    endloop
  endfacet
  facet normal -1 0 0
    outer loop
      vertex -4 -10.4362 11.4365
      vertex -4 -10.2609 16.4166
      vertex -4 -10.2609 11.6834
    endloop
  endfacet
  facet normal -1 0 0
    outer loop
      vertex -4 -10.4362 11.4365
      vertex -4 -10.4362 16.6635
      vertex -4 -10.2609 16.4166
    endloop
  endfacet
  facet normal -1 0 0
    outer loop
      vertex -4 -10.5826 11.1715
      vertex -4 -10.4362 16.6635
      vertex -4 -10.4362 11.4365
    endloop
  endfacet
  facet normal -1 0 0
    outer loop
      vertex -4 -10.5826 11.1715
      vertex -4 -10.5826 16.9285
      vertex -4 -10.4362 16.6635
    endloop
  endfacet
  facet normal -1 0 0
    outer loop
      vertex -4 -10.6985 10.8918
      vertex -4 -10.5826 16.9285
      vertex -4 -10.5826 11.1715
    endloop
  endfacet
  facet normal -1 0 0
    outer loop
      vertex -4 -10.6985 10.8918
      vertex -4 -10.6985 17.2082
      vertex -4 -10.5826 16.9285
    endloop
  endfacet
  facet normal -1 0 0
    outer loop
      vertex -4 -21.5 3.5
      vertex -4 -10.6985 10.8918
      vertex -4 -10.7823 10.6008
    endloop
  endfacet
  facet normal -1 -0 0
    outer loop
      vertex -4 -10.6985 10.8918
      vertex -4 -21.5 3.5
      vertex -4 -10.6985 17.2082
    endloop
  endfacet
  facet normal -1 0 0
    outer loop
      vertex -4 -21.5 3.5
      vertex -4 -10.7823 10.6008
      vertex -4 -10.833 10.3023
    endloop
  endfacet
  facet normal -1 -0 0
    outer loop
      vertex -4 -10.6985 17.2082
      vertex -4 -21.5 3.5
      vertex -4 -10.7823 17.4992
    endloop
  endfacet
  facet normal -1 0 0
    outer loop
      vertex -4 -21.5 3.5
      vertex -4 -10.833 10.3023
      vertex -4 -10.85 10
    endloop
  endfacet
  facet normal -1 -0 0
    outer loop
      vertex -4 -10.7823 17.4992
      vertex -4 -21.5 3.5
      vertex -4 -10.833 17.7977
    endloop
  endfacet
  facet normal -1 0 0
    outer loop
      vertex -4 -4.5 3.5
      vertex -4 -5.45 10
      vertex -4 -4.5 21.0957
    endloop
  endfacet
  facet normal -1 0 0
    outer loop
      vertex -4 -4.5 3.5
      vertex -4 -5.46698 9.6977
      vertex -4 -5.45 10
    endloop
  endfacet
  facet normal -1 0 0
    outer loop
      vertex -4 -4.5 3.5
      vertex -4 -5.51769 9.39919
      vertex -4 -5.46698 9.6977
    endloop
  endfacet
  facet normal -1 0 0
    outer loop
      vertex -4 -4.5 3.5
      vertex -4 -5.60151 9.10825
      vertex -4 -5.51769 9.39919
    endloop
  endfacet
  facet normal -1 0 0
    outer loop
      vertex -4 -4.5 3.5
      vertex -4 -5.71738 8.82851
      vertex -4 -5.60151 9.10825
    endloop
  endfacet
  facet normal -1 0 0
    outer loop
      vertex -4 -4.5 3.5
      vertex -4 -5.86384 8.56351
      vertex -4 -5.71738 8.82851
    endloop
  endfacet
  facet normal -1 0 0
    outer loop
      vertex -4 -4.5 3.5
      vertex -4 -6.03905 8.31658
      vertex -4 -5.86384 8.56351
    endloop
  endfacet
  facet normal -1 0 0
    outer loop
      vertex -4 -4.5 3.5
      vertex -4 -6.24081 8.09081
      vertex -4 -6.03905 8.31658
    endloop
  endfacet
  facet normal -1 0 0
    outer loop
      vertex -4 -4.5 3.5
      vertex -4 -6.46658 7.88905
      vertex -4 -6.24081 8.09081
    endloop
  endfacet
  facet normal -1 0 0
    outer loop
      vertex -4 -4.5 3.5
      vertex -4 -6.71351 7.71384
      vertex -4 -6.46658 7.88905
    endloop
  endfacet
  facet normal -1 0 0
    outer loop
      vertex -4 -4.5 3.5
      vertex -4 -6.97851 7.56738
      vertex -4 -6.71351 7.71384
    endloop
  endfacet
  facet normal -1 0 0
    outer loop
      vertex -4 -4.5 3.5
      vertex -4 -7.25825 7.45152
      vertex -4 -6.97851 7.56738
    endloop
  endfacet
  facet normal -1 0 0
    outer loop
      vertex -4 -4.5 3.5
      vertex -4 -7.54919 7.36769
      vertex -4 -7.25825 7.45152
    endloop
  endfacet
  facet normal -1 0 0
    outer loop
      vertex -4 -4.5 3.5
      vertex -4 -7.8477 7.31698
      vertex -4 -7.54919 7.36769
    endloop
  endfacet
  facet normal -1 0 0
    outer loop
      vertex -4 -4.5 3.5
      vertex -4 -8.15 7.3
      vertex -4 -7.8477 7.31698
    endloop
  endfacet
  facet normal -1 0 0
    outer loop
      vertex -4 -4.5 3.5
      vertex -4 -8.4523 7.31698
      vertex -4 -8.15 7.3
    endloop
  endfacet
  facet normal -1 0 0
    outer loop
      vertex -4 -4.5 3.5
      vertex -4 -8.75081 7.36769
      vertex -4 -8.4523 7.31698
    endloop
  endfacet
  facet normal -1 0 0
    outer loop
      vertex -4 -4.5 3.5
      vertex -4 -9.04175 7.45152
      vertex -4 -8.75081 7.36769
    endloop
  endfacet
  facet normal -1 0 0
    outer loop
      vertex -4 -4.5 3.5
      vertex -4 -9.32149 7.56738
      vertex -4 -9.04175 7.45152
    endloop
  endfacet
  facet normal -1 0 0
    outer loop
      vertex -4 -21.5 3.5
      vertex -4 -9.32149 7.56738
      vertex -4 -4.5 3.5
    endloop
  endfacet
  facet normal -1 -0 0
    outer loop
      vertex -4 -9.32149 7.56738
      vertex -4 -21.5 3.5
      vertex -4 -9.58649 7.71384
    endloop
  endfacet
  facet normal -1 0 0
    outer loop
      vertex -4 -21.5 29.5217
      vertex -4 -10.833 17.7977
      vertex -4 -21.5 3.5
    endloop
  endfacet
  facet normal -1 -0 0
    outer loop
      vertex -4 -10.833 9.6977
      vertex -4 -21.5 3.5
      vertex -4 -10.85 10
    endloop
  endfacet
  facet normal -1 -0 0
    outer loop
      vertex -4 -10.7823 9.39919
      vertex -4 -21.5 3.5
      vertex -4 -10.833 9.6977
    endloop
  endfacet
  facet normal -1 -0 0
    outer loop
      vertex -4 -10.6985 9.10825
      vertex -4 -21.5 3.5
      vertex -4 -10.7823 9.39919
    endloop
  endfacet
  facet normal -1 -0 0
    outer loop
      vertex -4 -10.5826 8.82851
      vertex -4 -21.5 3.5
      vertex -4 -10.6985 9.10825
    endloop
  endfacet
  facet normal -1 -0 0
    outer loop
      vertex -4 -10.4362 8.56351
      vertex -4 -21.5 3.5
      vertex -4 -10.5826 8.82851
    endloop
  endfacet
  facet normal -1 -0 0
    outer loop
      vertex -4 -10.2609 8.31658
      vertex -4 -21.5 3.5
      vertex -4 -10.4362 8.56351
    endloop
  endfacet
  facet normal -1 -0 0
    outer loop
      vertex -4 -10.0592 8.09081
      vertex -4 -21.5 3.5
      vertex -4 -10.2609 8.31658
    endloop
  endfacet
  facet normal -1 -0 0
    outer loop
      vertex -4 -9.83342 7.88905
      vertex -4 -21.5 3.5
      vertex -4 -10.0592 8.09081
    endloop
  endfacet
  facet normal -1 -0 0
    outer loop
      vertex -4 -9.58649 7.71384
      vertex -4 -21.5 3.5
      vertex -4 -9.83342 7.88905
    endloop
  endfacet
  facet normal -1 0 0
    outer loop
      vertex -4 -5.46698 10.3023
      vertex -4 -4.5 21.0957
      vertex -4 -5.45 10
    endloop
  endfacet
  facet normal -1 0 0
    outer loop
      vertex -4 -5.46698 18.4023
      vertex -4 -4.5 21.0957
      vertex -4 -5.45 18.1
    endloop
  endfacet
  facet normal -1 0 0
    outer loop
      vertex -4 -5.51769 18.7008
      vertex -4 -4.5 21.0957
      vertex -4 -5.46698 18.4023
    endloop
  endfacet
  facet normal -1 0 0
    outer loop
      vertex -4 -5.60151 18.9918
      vertex -4 -4.5 21.0957
      vertex -4 -5.51769 18.7008
    endloop
  endfacet
  facet normal -1 0 0
    outer loop
      vertex -4 -5.71738 19.2715
      vertex -4 -4.5 21.0957
      vertex -4 -5.60151 18.9918
    endloop
  endfacet
  facet normal -1 0 0
    outer loop
      vertex -4 -5.86384 19.5365
      vertex -4 -4.5 21.0957
      vertex -4 -5.71738 19.2715
    endloop
  endfacet
  facet normal -1 0 0
    outer loop
      vertex -4 -6.03905 19.7834
      vertex -4 -4.5 21.0957
      vertex -4 -5.86384 19.5365
    endloop
  endfacet
  facet normal -1 0 0
    outer loop
      vertex -4 -6.24081 20.0092
      vertex -4 -4.5 21.0957
      vertex -4 -6.03905 19.7834
    endloop
  endfacet
  facet normal -1 0 0
    outer loop
      vertex -4 -6.46658 20.2109
      vertex -4 -4.5 21.0957
      vertex -4 -6.24081 20.0092
    endloop
  endfacet
  facet normal -1 0 0
    outer loop
      vertex -4 -6.71351 20.3862
      vertex -4 -4.5 21.0957
      vertex -4 -6.46658 20.2109
    endloop
  endfacet
  facet normal -1 0 0
    outer loop
      vertex -4 -6.97851 20.5326
      vertex -4 -4.5 21.0957
      vertex -4 -6.71351 20.3862
    endloop
  endfacet
  facet normal -1 0 0
    outer loop
      vertex -4 -7.25825 20.6485
      vertex -4 -4.5 21.0957
      vertex -4 -6.97851 20.5326
    endloop
  endfacet
  facet normal -1 0 0
    outer loop
      vertex -4 -7.54919 20.7323
      vertex -4 -4.5 21.0957
      vertex -4 -7.25825 20.6485
    endloop
  endfacet
  facet normal -1 0 0
    outer loop
      vertex -4 -7.8477 20.783
      vertex -4 -4.5 21.0957
      vertex -4 -7.54919 20.7323
    endloop
  endfacet
  facet normal -1 0 0
    outer loop
      vertex -4 -8.15 20.8
      vertex -4 -4.5 21.0957
      vertex -4 -7.8477 20.783
    endloop
  endfacet
  facet normal -1 0 0
    outer loop
      vertex -4 -21.5 29.5217
      vertex -4 -8.15 20.8
      vertex -4 -8.4523 20.783
    endloop
  endfacet
  facet normal -1 0 0
    outer loop
      vertex -4 -10.833 17.7977
      vertex -4 -21.5 29.5217
      vertex -4 -10.85 18.1
    endloop
  endfacet
  facet normal -1 0 0
    outer loop
      vertex -4 -10.85 18.1
      vertex -4 -21.5 29.5217
      vertex -4 -10.833 18.4023
    endloop
  endfacet
  facet normal -1 0 0
    outer loop
      vertex -4 -10.833 18.4023
      vertex -4 -21.5 29.5217
      vertex -4 -10.7823 18.7008
    endloop
  endfacet
  facet normal -1 0 0
    outer loop
      vertex -4 -10.7823 18.7008
      vertex -4 -21.5 29.5217
      vertex -4 -10.6985 18.9918
    endloop
  endfacet
  facet normal -1 0 0
    outer loop
      vertex -4 -10.6985 18.9918
      vertex -4 -21.5 29.5217
      vertex -4 -10.5826 19.2715
    endloop
  endfacet
  facet normal -1 0 0
    outer loop
      vertex -4 -8.15 20.8
      vertex -4 -21.5 29.5217
      vertex -4 -4.5 21.0957
    endloop
  endfacet
  facet normal -1 0 0
    outer loop
      vertex -4 -8.75081 20.7323
      vertex -4 -21.5 29.5217
      vertex -4 -8.4523 20.783
    endloop
  endfacet
  facet normal -1 0 0
    outer loop
      vertex -4 -9.04175 20.6485
      vertex -4 -21.5 29.5217
      vertex -4 -8.75081 20.7323
    endloop
  endfacet
  facet normal -1 0 0
    outer loop
      vertex -4 -9.32149 20.5326
      vertex -4 -21.5 29.5217
      vertex -4 -9.04175 20.6485
    endloop
  endfacet
  facet normal -1 0 0
    outer loop
      vertex -4 -9.58649 20.3862
      vertex -4 -21.5 29.5217
      vertex -4 -9.32149 20.5326
    endloop
  endfacet
  facet normal -1 0 0
    outer loop
      vertex -4 -9.83342 20.2109
      vertex -4 -21.5 29.5217
      vertex -4 -9.58649 20.3862
    endloop
  endfacet
  facet normal -1 0 0
    outer loop
      vertex -4 -10.0592 20.0092
      vertex -4 -21.5 29.5217
      vertex -4 -9.83342 20.2109
    endloop
  endfacet
  facet normal -1 0 0
    outer loop
      vertex -4 -10.2609 19.7834
      vertex -4 -21.5 29.5217
      vertex -4 -10.0592 20.0092
    endloop
  endfacet
  facet normal -1 0 0
    outer loop
      vertex -4 -10.4362 19.5365
      vertex -4 -21.5 29.5217
      vertex -4 -10.2609 19.7834
    endloop
  endfacet
  facet normal -1 0 0
    outer loop
      vertex -4 -10.5826 19.2715
      vertex -4 -21.5 29.5217
      vertex -4 -10.4362 19.5365
    endloop
  endfacet
  facet normal 0 0 -1
    outer loop
      vertex -0.015192 -23.3264 3.5
      vertex 0 -4.5 3.5
      vertex 0 -23.5 3.5
    endloop
  endfacet
  facet normal 0 0 -1
    outer loop
      vertex -0.0603065 -23.158 3.5
      vertex 0 -4.5 3.5
      vertex -0.015192 -23.3264 3.5
    endloop
  endfacet
  facet normal 0 0 -1
    outer loop
      vertex -0.133974 -23 3.5
      vertex 0 -4.5 3.5
      vertex -0.0603065 -23.158 3.5
    endloop
  endfacet
  facet normal 0 0 -1
    outer loop
      vertex -0.233955 -22.8572 3.5
      vertex 0 -4.5 3.5
      vertex -0.133974 -23 3.5
    endloop
  endfacet
  facet normal 0 0 -1
    outer loop
      vertex -0.357212 -22.734 3.5
      vertex 0 -4.5 3.5
      vertex -0.233955 -22.8572 3.5
    endloop
  endfacet
  facet normal 0 0 -1
    outer loop
      vertex -0.5 -22.634 3.5
      vertex 0 -4.5 3.5
      vertex -0.357212 -22.734 3.5
    endloop
  endfacet
  facet normal 0 0 -1
    outer loop
      vertex -0.657979 -22.5603 3.5
      vertex 0 -4.5 3.5
      vertex -0.5 -22.634 3.5
    endloop
  endfacet
  facet normal 0 0 -1
    outer loop
      vertex -0.826351 -22.5152 3.5
      vertex 0 -4.5 3.5
      vertex -0.657979 -22.5603 3.5
    endloop
  endfacet
  facet normal 0 0 -1
    outer loop
      vertex -4 -21.5 3.5
      vertex 0 -4.5 3.5
      vertex -0.826351 -22.5152 3.5
    endloop
  endfacet
  facet normal 0 0 -1
    outer loop
      vertex -4 -4.5 3.5
      vertex 0 -4.5 3.5
      vertex -4 -21.5 3.5
    endloop
  endfacet
  facet normal 0 -0 -1
    outer loop
      vertex -1 -3.5 3.5
      vertex 0 -4.5 3.5
      vertex -4 -4.5 3.5
    endloop
  endfacet
  facet normal 0 0 -1
    outer loop
      vertex 0 -4.5 3.5
      vertex -1 -3.5 3.5
      vertex -0.015192 -4.32635 3.5
    endloop
  endfacet
  facet normal 0 0 -1
    outer loop
      vertex -0.015192 -4.32635 3.5
      vertex -1 -3.5 3.5
      vertex -0.0603065 -4.15798 3.5
    endloop
  endfacet
  facet normal 0 0 -1
    outer loop
      vertex -0.0603065 -4.15798 3.5
      vertex -1 -3.5 3.5
      vertex -0.133974 -4 3.5
    endloop
  endfacet
  facet normal 0 0 -1
    outer loop
      vertex -0.133974 -4 3.5
      vertex -1 -3.5 3.5
      vertex -0.233955 -3.85721 3.5
    endloop
  endfacet
  facet normal 0 0 -1
    outer loop
      vertex -0.233955 -3.85721 3.5
      vertex -1 -3.5 3.5
      vertex -0.357212 -3.73396 3.5
    endloop
  endfacet
  facet normal 0 0 -1
    outer loop
      vertex -4 -21.5 3.5
      vertex -0.826351 -22.5152 3.5
      vertex -1 -22.5 3.5
    endloop
  endfacet
  facet normal 0 0 -1
    outer loop
      vertex -0.357212 -3.73396 3.5
      vertex -1 -3.5 3.5
      vertex -0.5 -3.63397 3.5
    endloop
  endfacet
  facet normal 0 0 -1
    outer loop
      vertex -0.657979 -3.56031 3.5
      vertex -1 -3.5 3.5
      vertex -0.826351 -3.51519 3.5
    endloop
  endfacet
  facet normal -0 0 -1
    outer loop
      vertex -1 -3.5 3.5
      vertex -4 -4.5 3.5
      vertex -3 -3.5 3.5
    endloop
  endfacet
  facet normal 0 0 -1
    outer loop
      vertex -3 -3.5 3.5
      vertex -4 -4.5 3.5
      vertex -3.17365 -3.51519 3.5
    endloop
  endfacet
  facet normal 0 0 -1
    outer loop
      vertex -3.17365 -3.51519 3.5
      vertex -4 -4.5 3.5
      vertex -3.34202 -3.56031 3.5
    endloop
  endfacet
  facet normal 0 0 -1
    outer loop
      vertex -3.34202 -3.56031 3.5
      vertex -4 -4.5 3.5
      vertex -3.5 -3.63397 3.5
    endloop
  endfacet
  facet normal 0 0 -1
    outer loop
      vertex -3.5 -3.63397 3.5
      vertex -4 -4.5 3.5
      vertex -3.64279 -3.73396 3.5
    endloop
  endfacet
  facet normal 0 0 -1
    outer loop
      vertex -3.64279 -3.73396 3.5
      vertex -4 -4.5 3.5
      vertex -3.76604 -3.85721 3.5
    endloop
  endfacet
  facet normal 0 0 -1
    outer loop
      vertex -3.76604 -3.85721 3.5
      vertex -4 -4.5 3.5
      vertex -3.86602 -4 3.5
    endloop
  endfacet
  facet normal 0 0 -1
    outer loop
      vertex -3.86602 -4 3.5
      vertex -4 -4.5 3.5
      vertex -3.93969 -4.15798 3.5
    endloop
  endfacet
  facet normal 0 0 -1
    outer loop
      vertex -0.5 -3.63397 3.5
      vertex -1 -3.5 3.5
      vertex -0.657979 -3.56031 3.5
    endloop
  endfacet
  facet normal 0 0 -1
    outer loop
      vertex -1 -22.5 3.5
      vertex -4.01519 -21.6736 3.5
      vertex -4 -21.5 3.5
    endloop
  endfacet
  facet normal 0 0 -1
    outer loop
      vertex -1 -22.5 3.5
      vertex -4.06031 -21.842 3.5
      vertex -4.01519 -21.6736 3.5
    endloop
  endfacet
  facet normal 0 0 -1
    outer loop
      vertex -1 -22.5 3.5
      vertex -4.13397 -22 3.5
      vertex -4.06031 -21.842 3.5
    endloop
  endfacet
  facet normal 0 0 -1
    outer loop
      vertex -1 -22.5 3.5
      vertex -4.23396 -22.1428 3.5
      vertex -4.13397 -22 3.5
    endloop
  endfacet
  facet normal 0 0 -1
    outer loop
      vertex -1 -22.5 3.5
      vertex -4.35721 -22.266 3.5
      vertex -4.23396 -22.1428 3.5
    endloop
  endfacet
  facet normal 0 0 -1
    outer loop
      vertex -1 -22.5 3.5
      vertex -4.5 -22.366 3.5
      vertex -4.35721 -22.266 3.5
    endloop
  endfacet
  facet normal 0 0 -1
    outer loop
      vertex -1 -22.5 3.5
      vertex -4.65798 -22.4397 3.5
      vertex -4.5 -22.366 3.5
    endloop
  endfacet
  facet normal 0 0 -1
    outer loop
      vertex -1 -22.5 3.5
      vertex -4.82635 -22.4848 3.5
      vertex -4.65798 -22.4397 3.5
    endloop
  endfacet
  facet normal 0 -0 -1
    outer loop
      vertex -4.82635 -22.4848 3.5
      vertex -1 -22.5 3.5
      vertex -5 -22.5 3.5
    endloop
  endfacet
  facet normal 0 0 -1
    outer loop
      vertex -3.93969 -4.15798 3.5
      vertex -4 -4.5 3.5
      vertex -3.98481 -4.32635 3.5
    endloop
  endfacet
  facet normal -0.902827 0.421006 -0.0875068
    outer loop
      vertex -35.3336 -42.3337 4.17365
      vertex -36.2073 -44.2434 4
      vertex -36.2211 -44.2369 4.17365
    endloop
  endfacet
  facet normal -0.902846 0.421015 -0.0872662
    outer loop
      vertex -35.3198 -42.3401 4
      vertex -35.3336 -42.3337 4.17365
      vertex -34.4461 -40.4305 4.17365
    endloop
  endfacet
  facet normal -0.902854 0.420997 -0.0872662
    outer loop
      vertex -35.3336 -42.3337 4.17365
      vertex -35.3198 -42.3401 4
      vertex -36.2073 -44.2434 4
    endloop
  endfacet
  facet normal -0.902835 0.420988 0.0875068
    outer loop
      vertex -36.2073 -44.2434 4
      vertex -35.3198 -42.3401 4
      vertex -36.2211 -44.2369 3.82635
    endloop
  endfacet
  facet normal -0.902846 0.421015 0.0872662
    outer loop
      vertex -35.3336 -42.3337 3.82635
      vertex -35.3198 -42.3401 4
      vertex -34.4323 -40.4369 4
    endloop
  endfacet
  facet normal -0.902846 0.421015 0.0872662
    outer loop
      vertex -35.3198 -42.3401 4
      vertex -35.3336 -42.3337 3.82635
      vertex -36.2211 -44.2369 3.82635
    endloop
  endfacet
  facet normal -0.875562 0.408292 0.258243
    outer loop
      vertex -36.2211 -44.2369 3.82635
      vertex -35.3336 -42.3337 3.82635
      vertex -36.2619 -44.2179 3.65798
    endloop
  endfacet
  facet normal -0.875515 0.408249 0.25847
    outer loop
      vertex -35.3336 -42.3337 3.82635
      vertex -35.3744 -42.3146 3.65798
      vertex -36.2619 -44.2179 3.65798
    endloop
  endfacet
  facet normal -0.821355 0.383014 0.422701
    outer loop
      vertex -36.3287 -44.1867 3.5
      vertex -35.3744 -42.3146 3.65798
      vertex -35.4412 -42.2835 3.5
    endloop
  endfacet
  facet normal -0.821279 0.382958 0.4229
    outer loop
      vertex -35.3744 -42.3146 3.65798
      vertex -36.3287 -44.1867 3.5
      vertex -36.2619 -44.2179 3.65798
    endloop
  endfacet
  facet normal -0.742394 0.346175 0.573598
    outer loop
      vertex -36.4193 -44.1445 3.35721
      vertex -35.4412 -42.2835 3.5
      vertex -35.5318 -42.2412 3.35721
    endloop
  endfacet
  facet normal -0.74249 0.346238 0.573435
    outer loop
      vertex -35.4412 -42.2835 3.5
      vertex -36.4193 -44.1445 3.35721
      vertex -36.3287 -44.1867 3.5
    endloop
  endfacet
  facet normal -0.640852 0.298826 0.707115
    outer loop
      vertex -36.4193 -44.1445 3.35721
      vertex -35.5318 -42.2412 3.35721
      vertex -36.531 -44.0924 3.23396
    endloop
  endfacet
  facet normal -0.640955 0.29889 0.706994
    outer loop
      vertex -35.5318 -42.2412 3.35721
      vertex -35.6435 -42.1892 3.23396
      vertex -36.531 -44.0924 3.23396
    endloop
  endfacet
  facet normal -0.51983 0.242407 0.819156
    outer loop
      vertex -35.7729 -42.1288 3.13397
      vertex -36.531 -44.0924 3.23396
      vertex -35.6435 -42.1892 3.23396
    endloop
  endfacet
  facet normal -0.519938 0.242445 0.819076
    outer loop
      vertex -36.531 -44.0924 3.23396
      vertex -35.7729 -42.1288 3.13397
      vertex -36.6604 -44.0321 3.13397
    endloop
  endfacet
  facet normal -0.382925 0.178556 0.906359
    outer loop
      vertex -36.6604 -44.0321 3.13397
      vertex -35.7729 -42.1288 3.13397
      vertex -36.8036 -43.9653 3.06031
    endloop
  endfacet
  facet normal -0.382925 0.178556 0.906359
    outer loop
      vertex -35.7729 -42.1288 3.13397
      vertex -35.9161 -42.062 3.06031
      vertex -36.8036 -43.9653 3.06031
    endloop
  endfacet
  facet normal -0.234567 0.109378 0.965927
    outer loop
      vertex -36.8036 -43.9653 3.06031
      vertex -35.9161 -42.062 3.06031
      vertex -36.9562 -43.8941 3.01519
    endloop
  endfacet
  facet normal -0.23462 0.109408 0.965911
    outer loop
      vertex -35.9161 -42.062 3.06031
      vertex -36.0687 -41.9909 3.01519
      vertex -36.9562 -43.8941 3.01519
    endloop
  endfacet
  facet normal -0.0789668 0.0368238 0.996197
    outer loop
      vertex -36.2261 -41.9175 3
      vertex -36.9562 -43.8941 3.01519
      vertex -36.0687 -41.9909 3.01519
    endloop
  endfacet
  facet normal -0.0789668 0.0368238 0.996197
    outer loop
      vertex -36.9562 -43.8941 3.01519
      vertex -36.2261 -41.9175 3
      vertex -37.1136 -43.8207 3
    endloop
  endfacet
  facet normal 0.0789668 -0.0368238 0.996197
    outer loop
      vertex -36.3835 -41.8441 3.01519
      vertex -37.1136 -43.8207 3
      vertex -36.2261 -41.9175 3
    endloop
  endfacet
  facet normal 0.0789866 -0.0368311 0.996195
    outer loop
      vertex -37.1136 -43.8207 3
      vertex -36.3835 -41.8441 3.01519
      vertex -37.271 -43.7474 3.01519
    endloop
  endfacet
  facet normal 0.234567 -0.109378 0.965927
    outer loop
      vertex -37.271 -43.7474 3.01519
      vertex -36.3835 -41.8441 3.01519
      vertex -37.4236 -43.6762 3.06031
    endloop
  endfacet
  facet normal 0.23462 -0.109408 0.965911
    outer loop
      vertex -36.3835 -41.8441 3.01519
      vertex -36.5361 -41.773 3.06031
      vertex -37.4236 -43.6762 3.06031
    endloop
  endfacet
  facet normal 0.383102 -0.178648 0.906266
    outer loop
      vertex -37.4236 -43.6762 3.06031
      vertex -36.5361 -41.773 3.06031
      vertex -37.5667 -43.6094 3.13397
    endloop
  endfacet
  facet normal 0.383102 -0.178648 0.906266
    outer loop
      vertex -36.5361 -41.773 3.06031
      vertex -36.6792 -41.7062 3.13397
      vertex -37.5667 -43.6094 3.13397
    endloop
  endfacet
  facet normal 0.519609 -0.242304 0.819326
    outer loop
      vertex -36.8087 -41.6458 3.23396
      vertex -37.5667 -43.6094 3.13397
      vertex -36.6792 -41.7062 3.13397
    endloop
  endfacet
  facet normal 0.519717 -0.242341 0.819247
    outer loop
      vertex -37.5667 -43.6094 3.13397
      vertex -36.8087 -41.6458 3.23396
      vertex -37.6962 -43.5491 3.23396
    endloop
  endfacet
  facet normal 0.640961 -0.298877 0.706994
    outer loop
      vertex -36.9204 -41.5938 3.35721
      vertex -37.6962 -43.5491 3.23396
      vertex -36.8087 -41.6458 3.23396
    endloop
  endfacet
  facet normal 0.640846 -0.298839 0.707115
    outer loop
      vertex -37.6962 -43.5491 3.23396
      vertex -36.9204 -41.5938 3.35721
      vertex -37.8079 -43.497 3.35721
    endloop
  endfacet
  facet normal 0.74249 -0.346238 0.573435
    outer loop
      vertex -37.8079 -43.497 3.35721
      vertex -36.9204 -41.5938 3.35721
      vertex -37.8985 -43.4548 3.5
    endloop
  endfacet
  facet normal 0.742394 -0.346175 0.573598
    outer loop
      vertex -36.9204 -41.5938 3.35721
      vertex -37.011 -41.5515 3.5
      vertex -37.8985 -43.4548 3.5
    endloop
  endfacet
  facet normal 0.821459 -0.383043 0.422473
    outer loop
      vertex -37.8985 -43.4548 3.5
      vertex -37.011 -41.5515 3.5
      vertex -37.9652 -43.4236 3.65798
    endloop
  endfacet
  facet normal 0.821536 -0.383098 0.422274
    outer loop
      vertex -37.0777 -41.5204 3.65798
      vertex -37.011 -41.5515 3.5
      vertex -36.1235 -39.6483 3.5
    endloop
  endfacet
  facet normal 0.821536 -0.383098 0.422274
    outer loop
      vertex -37.011 -41.5515 3.5
      vertex -37.0777 -41.5204 3.65798
      vertex -37.9652 -43.4236 3.65798
    endloop
  endfacet
  facet normal 0.875397 -0.408194 0.258955
    outer loop
      vertex -38.0061 -43.4046 3.82635
      vertex -37.0777 -41.5204 3.65798
      vertex -37.1186 -41.5013 3.82635
    endloop
  endfacet
  facet normal 0.875444 -0.408237 0.258729
    outer loop
      vertex -37.0777 -41.5204 3.65798
      vertex -38.0061 -43.4046 3.82635
      vertex -37.9652 -43.4236 3.65798
    endloop
  endfacet
  facet normal 0.902846 -0.421015 0.0872662
    outer loop
      vertex -38.0199 -43.3981 4
      vertex -37.1186 -41.5013 3.82635
      vertex -37.1324 -41.4949 4
    endloop
  endfacet
  facet normal 0.902835 -0.420988 0.0875068
    outer loop
      vertex -37.1186 -41.5013 3.82635
      vertex -38.0199 -43.3981 4
      vertex -38.0061 -43.4046 3.82635
    endloop
  endfacet
  facet normal 0.902854 -0.420997 -0.0872662
    outer loop
      vertex -37.1186 -41.5013 4.17365
      vertex -37.1324 -41.4949 4
      vertex -36.2449 -39.5916 4
    endloop
  endfacet
  facet normal 0.902846 -0.421015 -0.0872662
    outer loop
      vertex -37.1186 -41.5013 4.17365
      vertex -38.0199 -43.3981 4
      vertex -37.1324 -41.4949 4
    endloop
  endfacet
  facet normal 0.902835 -0.420988 -0.0875068
    outer loop
      vertex -38.0199 -43.3981 4
      vertex -37.1186 -41.5013 4.17365
      vertex -38.0061 -43.4046 4.17365
    endloop
  endfacet
  facet normal 0.875397 -0.408194 -0.258955
    outer loop
      vertex -37.0777 -41.5204 4.34202
      vertex -38.0061 -43.4046 4.17365
      vertex -37.1186 -41.5013 4.17365
    endloop
  endfacet
  facet normal 0.875444 -0.408237 -0.258729
    outer loop
      vertex -38.0061 -43.4046 4.17365
      vertex -37.0777 -41.5204 4.34202
      vertex -37.9652 -43.4236 4.34202
    endloop
  endfacet
  facet normal 0.821451 -0.383059 -0.422473
    outer loop
      vertex -37.0777 -41.5204 4.34202
      vertex -37.8985 -43.4548 4.5
      vertex -37.9652 -43.4236 4.34202
    endloop
  endfacet
  facet normal 0.82156 -0.383046 -0.422274
    outer loop
      vertex -37.011 -41.5515 4.5
      vertex -37.0777 -41.5204 4.34202
      vertex -36.1903 -39.6171 4.34202
    endloop
  endfacet
  facet normal 0.821543 -0.383082 -0.422274
    outer loop
      vertex -37.0777 -41.5204 4.34202
      vertex -37.011 -41.5515 4.5
      vertex -37.8985 -43.4548 4.5
    endloop
  endfacet
  facet normal 0.742497 -0.346223 -0.573435
    outer loop
      vertex -37.011 -41.5515 4.5
      vertex -37.8079 -43.497 4.64279
      vertex -37.8985 -43.4548 4.5
    endloop
  endfacet
  facet normal 0.742387 -0.34619 -0.573598
    outer loop
      vertex -37.011 -41.5515 4.5
      vertex -36.9204 -41.5938 4.64279
      vertex -37.8079 -43.497 4.64279
    endloop
  endfacet
  facet normal 0.640961 -0.298877 -0.706994
    outer loop
      vertex -37.6962 -43.5491 4.76604
      vertex -36.9204 -41.5938 4.64279
      vertex -36.8087 -41.6458 4.76604
    endloop
  endfacet
  facet normal 0.640846 -0.298839 -0.707115
    outer loop
      vertex -36.9204 -41.5938 4.64279
      vertex -37.6962 -43.5491 4.76604
      vertex -37.8079 -43.497 4.64279
    endloop
  endfacet
  facet normal 0.519574 -0.242288 -0.819353
    outer loop
      vertex -37.5667 -43.6094 4.86602
      vertex -36.8087 -41.6458 4.76604
      vertex -36.6792 -41.7062 4.86602
    endloop
  endfacet
  facet normal 0.519682 -0.242325 -0.819274
    outer loop
      vertex -36.8087 -41.6458 4.76604
      vertex -37.5667 -43.6094 4.86602
      vertex -37.6962 -43.5491 4.76604
    endloop
  endfacet
  facet normal 0.383144 -0.178668 -0.906244
    outer loop
      vertex -36.6792 -41.7062 4.86602
      vertex -37.4236 -43.6762 4.93969
      vertex -37.5667 -43.6094 4.86602
    endloop
  endfacet
  facet normal 0.383144 -0.178668 -0.906244
    outer loop
      vertex -36.6792 -41.7062 4.86602
      vertex -36.5361 -41.773 4.93969
      vertex -37.4236 -43.6762 4.93969
    endloop
  endfacet
  facet normal 0.234565 -0.109382 -0.965927
    outer loop
      vertex -36.5361 -41.773 4.93969
      vertex -37.271 -43.7474 4.98481
      vertex -37.4236 -43.6762 4.93969
    endloop
  endfacet
  facet normal 0.234622 -0.109403 -0.965911
    outer loop
      vertex -36.3835 -41.8441 4.98481
      vertex -36.5361 -41.773 4.93969
      vertex -35.6486 -39.8697 4.93969
    endloop
  endfacet
  facet normal 0.234622 -0.109403 -0.965911
    outer loop
      vertex -36.5361 -41.773 4.93969
      vertex -36.3835 -41.8441 4.98481
      vertex -37.271 -43.7474 4.98481
    endloop
  endfacet
  facet normal 0.0789668 -0.0368238 -0.996197
    outer loop
      vertex -37.1136 -43.8207 5
      vertex -36.3835 -41.8441 4.98481
      vertex -36.2261 -41.9175 5
    endloop
  endfacet
  facet normal 0.0789866 -0.0368311 -0.996195
    outer loop
      vertex -36.3835 -41.8441 4.98481
      vertex -37.1136 -43.8207 5
      vertex -37.271 -43.7474 4.98481
    endloop
  endfacet
  facet normal -0.0789668 0.0368238 -0.996197
    outer loop
      vertex -36.9562 -43.8941 4.98481
      vertex -36.2261 -41.9175 5
      vertex -36.0687 -41.9909 4.98481
    endloop
  endfacet
  facet normal -0.0789668 0.0368238 -0.996197
    outer loop
      vertex -36.2261 -41.9175 5
      vertex -36.9562 -43.8941 4.98481
      vertex -37.1136 -43.8207 5
    endloop
  endfacet
  facet normal -0.234565 0.109382 -0.965927
    outer loop
      vertex -36.0687 -41.9909 4.98481
      vertex -36.8036 -43.9653 4.93969
      vertex -36.9562 -43.8941 4.98481
    endloop
  endfacet
  facet normal -0.234622 0.109403 -0.965911
    outer loop
      vertex -35.9161 -42.062 4.93969
      vertex -36.0687 -41.9909 4.98481
      vertex -35.1812 -40.0876 4.98481
    endloop
  endfacet
  facet normal -0.234622 0.109403 -0.965911
    outer loop
      vertex -36.0687 -41.9909 4.98481
      vertex -35.9161 -42.062 4.93969
      vertex -36.8036 -43.9653 4.93969
    endloop
  endfacet
  facet normal -0.382968 0.178576 -0.906337
    outer loop
      vertex -35.9161 -42.062 4.93969
      vertex -36.6604 -44.0321 4.86602
      vertex -36.8036 -43.9653 4.93969
    endloop
  endfacet
  facet normal -0.382964 0.178584 -0.906337
    outer loop
      vertex -35.7729 -42.1288 4.86602
      vertex -35.9161 -42.062 4.93969
      vertex -35.0286 -40.1588 4.93969
    endloop
  endfacet
  facet normal -0.382968 0.178576 -0.906337
    outer loop
      vertex -35.9161 -42.062 4.93969
      vertex -35.7729 -42.1288 4.86602
      vertex -36.6604 -44.0321 4.86602
    endloop
  endfacet
  facet normal -0.519795 0.242391 -0.819182
    outer loop
      vertex -36.531 -44.0924 4.76604
      vertex -35.7729 -42.1288 4.86602
      vertex -35.6435 -42.1892 4.76604
    endloop
  endfacet
  facet normal -0.519903 0.242428 -0.819103
    outer loop
      vertex -35.7729 -42.1288 4.86602
      vertex -36.531 -44.0924 4.76604
      vertex -36.6604 -44.0321 4.86602
    endloop
  endfacet
  facet normal -0.640846 0.298839 -0.707115
    outer loop
      vertex -35.6435 -42.1892 4.76604
      vertex -36.4193 -44.1445 4.64279
      vertex -36.531 -44.0924 4.76604
    endloop
  endfacet
  facet normal -0.640961 0.298877 -0.706994
    outer loop
      vertex -35.6435 -42.1892 4.76604
      vertex -35.5318 -42.2412 4.64279
      vertex -36.4193 -44.1445 4.64279
    endloop
  endfacet
  facet normal -0.742394 0.346175 -0.573598
    outer loop
      vertex -35.4412 -42.2835 4.5
      vertex -36.4193 -44.1445 4.64279
      vertex -35.5318 -42.2412 4.64279
    endloop
  endfacet
  facet normal -0.74249 0.346238 -0.573435
    outer loop
      vertex -36.4193 -44.1445 4.64279
      vertex -35.4412 -42.2835 4.5
      vertex -36.3287 -44.1867 4.5
    endloop
  endfacet
  facet normal -0.821355 0.383014 -0.422701
    outer loop
      vertex -35.3744 -42.3146 4.34202
      vertex -36.3287 -44.1867 4.5
      vertex -35.4412 -42.2835 4.5
    endloop
  endfacet
  facet normal -0.821279 0.382958 -0.4229
    outer loop
      vertex -36.3287 -44.1867 4.5
      vertex -35.3744 -42.3146 4.34202
      vertex -36.2619 -44.2179 4.34202
    endloop
  endfacet
  facet normal -0.87557 0.408274 -0.258243
    outer loop
      vertex -35.3744 -42.3146 4.34202
      vertex -36.2211 -44.2369 4.17365
      vertex -36.2619 -44.2179 4.34202
    endloop
  endfacet
  facet normal -0.875507 0.408266 -0.25847
    outer loop
      vertex -35.3744 -42.3146 4.34202
      vertex -35.3336 -42.3337 4.17365
      vertex -36.2211 -44.2369 4.17365
    endloop
  endfacet
  facet normal -0.902846 0.421015 0.0872662
    outer loop
      vertex -34.4323 -40.4369 4
      vertex -34.4461 -40.4305 3.82635
      vertex -35.3336 -42.3337 3.82635
    endloop
  endfacet
  facet normal -0.902846 0.421015 -0.0872662
    outer loop
      vertex -34.4461 -40.4305 4.17365
      vertex -34.4323 -40.4369 4
      vertex -35.3198 -42.3401 4
    endloop
  endfacet
  facet normal -0.875507 0.408266 -0.25847
    outer loop
      vertex -34.4869 -40.4114 4.34202
      vertex -34.4461 -40.4305 4.17365
      vertex -35.3336 -42.3337 4.17365
    endloop
  endfacet
  facet normal -0.875507 0.408266 -0.25847
    outer loop
      vertex -34.4869 -40.4114 4.34202
      vertex -35.3336 -42.3337 4.17365
      vertex -35.3744 -42.3146 4.34202
    endloop
  endfacet
  facet normal -0.821355 0.383014 -0.422701
    outer loop
      vertex -34.5537 -40.3803 4.5
      vertex -34.4869 -40.4114 4.34202
      vertex -35.3744 -42.3146 4.34202
    endloop
  endfacet
  facet normal -0.821355 0.383014 -0.422701
    outer loop
      vertex -34.5537 -40.3803 4.5
      vertex -35.3744 -42.3146 4.34202
      vertex -35.4412 -42.2835 4.5
    endloop
  endfacet
  facet normal -0.742387 0.34619 -0.573598
    outer loop
      vertex -34.6443 -40.338 4.64279
      vertex -34.5537 -40.3803 4.5
      vertex -35.4412 -42.2835 4.5
    endloop
  endfacet
  facet normal -0.742387 0.34619 -0.573598
    outer loop
      vertex -34.6443 -40.338 4.64279
      vertex -35.4412 -42.2835 4.5
      vertex -35.5318 -42.2412 4.64279
    endloop
  endfacet
  facet normal -0.640846 0.298839 -0.707115
    outer loop
      vertex -34.756 -40.2859 4.76604
      vertex -34.6443 -40.338 4.64279
      vertex -35.5318 -42.2412 4.64279
    endloop
  endfacet
  facet normal -0.640961 0.298877 -0.706994
    outer loop
      vertex -34.756 -40.2859 4.76604
      vertex -35.5318 -42.2412 4.64279
      vertex -35.6435 -42.1892 4.76604
    endloop
  endfacet
  facet normal -0.519903 0.242428 -0.819103
    outer loop
      vertex -35.6435 -42.1892 4.76604
      vertex -34.8854 -40.2256 4.86602
      vertex -34.756 -40.2859 4.76604
    endloop
  endfacet
  facet normal -0.519795 0.242391 -0.819182
    outer loop
      vertex -34.8854 -40.2256 4.86602
      vertex -35.6435 -42.1892 4.76604
      vertex -35.7729 -42.1288 4.86602
    endloop
  endfacet
  facet normal -0.382964 0.178584 -0.906337
    outer loop
      vertex -35.0286 -40.1588 4.93969
      vertex -34.8854 -40.2256 4.86602
      vertex -35.7729 -42.1288 4.86602
    endloop
  endfacet
  facet normal -0.234565 0.109382 -0.965927
    outer loop
      vertex -35.1812 -40.0876 4.98481
      vertex -35.0286 -40.1588 4.93969
      vertex -35.9161 -42.062 4.93969
    endloop
  endfacet
  facet normal -0.0789866 0.0368311 -0.996195
    outer loop
      vertex -36.0687 -41.9909 4.98481
      vertex -35.3386 -40.0143 5
      vertex -35.1812 -40.0876 4.98481
    endloop
  endfacet
  facet normal -0.0789668 0.0368238 -0.996197
    outer loop
      vertex -35.3386 -40.0143 5
      vertex -36.0687 -41.9909 4.98481
      vertex -36.2261 -41.9175 5
    endloop
  endfacet
  facet normal 0.0789668 -0.0368238 -0.996197
    outer loop
      vertex -35.496 -39.9409 4.98481
      vertex -35.3386 -40.0143 5
      vertex -36.2261 -41.9175 5
    endloop
  endfacet
  facet normal 0.0789668 -0.0368238 -0.996197
    outer loop
      vertex -35.496 -39.9409 4.98481
      vertex -36.2261 -41.9175 5
      vertex -36.3835 -41.8441 4.98481
    endloop
  endfacet
  facet normal 0.234565 -0.109382 -0.965927
    outer loop
      vertex -35.6486 -39.8697 4.93969
      vertex -35.496 -39.9409 4.98481
      vertex -36.3835 -41.8441 4.98481
    endloop
  endfacet
  facet normal 0.382968 -0.178576 -0.906337
    outer loop
      vertex -36.5361 -41.773 4.93969
      vertex -35.7918 -39.8029 4.86602
      vertex -35.6486 -39.8697 4.93969
    endloop
  endfacet
  facet normal 0.383156 -0.178644 -0.906244
    outer loop
      vertex -35.7918 -39.8029 4.86602
      vertex -36.5361 -41.773 4.93969
      vertex -36.6792 -41.7062 4.86602
    endloop
  endfacet
  facet normal 0.519914 -0.242406 -0.819103
    outer loop
      vertex -36.6792 -41.7062 4.86602
      vertex -35.9212 -39.7426 4.76604
      vertex -35.7918 -39.8029 4.86602
    endloop
  endfacet
  facet normal 0.519574 -0.242288 -0.819353
    outer loop
      vertex -35.9212 -39.7426 4.76604
      vertex -36.6792 -41.7062 4.86602
      vertex -36.8087 -41.6458 4.76604
    endloop
  endfacet
  facet normal 0.640846 -0.298839 -0.707115
    outer loop
      vertex -36.0329 -39.6905 4.64279
      vertex -35.9212 -39.7426 4.76604
      vertex -36.8087 -41.6458 4.76604
    endloop
  endfacet
  facet normal 0.640961 -0.298877 -0.706994
    outer loop
      vertex -36.0329 -39.6905 4.64279
      vertex -36.8087 -41.6458 4.76604
      vertex -36.9204 -41.5938 4.64279
    endloop
  endfacet
  facet normal 0.74249 -0.346238 -0.573435
    outer loop
      vertex -36.0329 -39.6905 4.64279
      vertex -37.011 -41.5515 4.5
      vertex -36.1235 -39.6483 4.5
    endloop
  endfacet
  facet normal 0.742394 -0.346175 -0.573598
    outer loop
      vertex -37.011 -41.5515 4.5
      vertex -36.0329 -39.6905 4.64279
      vertex -36.9204 -41.5938 4.64279
    endloop
  endfacet
  facet normal 0.821271 -0.382975 -0.4229
    outer loop
      vertex -36.1903 -39.6171 4.34202
      vertex -36.1235 -39.6483 4.5
      vertex -37.011 -41.5515 4.5
    endloop
  endfacet
  facet normal 0.875587 -0.408236 -0.258244
    outer loop
      vertex -36.2311 -39.5981 4.17365
      vertex -36.1903 -39.6171 4.34202
      vertex -37.0777 -41.5204 4.34202
    endloop
  endfacet
  facet normal 0.875389 -0.408211 -0.258955
    outer loop
      vertex -36.2311 -39.5981 4.17365
      vertex -37.0777 -41.5204 4.34202
      vertex -37.1186 -41.5013 4.17365
    endloop
  endfacet
  facet normal 0.902827 -0.421006 -0.0875068
    outer loop
      vertex -36.2449 -39.5916 4
      vertex -36.2311 -39.5981 4.17365
      vertex -37.1186 -41.5013 4.17365
    endloop
  endfacet
  facet normal 0.902835 -0.420988 0.0875068
    outer loop
      vertex -36.2311 -39.5981 3.82635
      vertex -36.2449 -39.5916 4
      vertex -37.1324 -41.4949 4
    endloop
  endfacet
  facet normal 0.902846 -0.421015 0.0872662
    outer loop
      vertex -37.1186 -41.5013 3.82635
      vertex -36.2311 -39.5981 3.82635
      vertex -37.1324 -41.4949 4
    endloop
  endfacet
  facet normal 0.875562 -0.408292 0.258243
    outer loop
      vertex -36.1903 -39.6171 3.65798
      vertex -36.2311 -39.5981 3.82635
      vertex -37.1186 -41.5013 3.82635
    endloop
  endfacet
  facet normal 0.875415 -0.408156 0.258955
    outer loop
      vertex -37.0777 -41.5204 3.65798
      vertex -36.1903 -39.6171 3.65798
      vertex -37.1186 -41.5013 3.82635
    endloop
  endfacet
  facet normal 0.821295 -0.382923 0.4229
    outer loop
      vertex -36.1235 -39.6483 3.5
      vertex -36.1903 -39.6171 3.65798
      vertex -37.0777 -41.5204 3.65798
    endloop
  endfacet
  facet normal 0.74249 -0.346238 0.573435
    outer loop
      vertex -37.011 -41.5515 3.5
      vertex -36.0329 -39.6905 3.35721
      vertex -36.1235 -39.6483 3.5
    endloop
  endfacet
  facet normal 0.742394 -0.346175 0.573598
    outer loop
      vertex -36.0329 -39.6905 3.35721
      vertex -37.011 -41.5515 3.5
      vertex -36.9204 -41.5938 3.35721
    endloop
  endfacet
  facet normal 0.640852 -0.298826 0.707115
    outer loop
      vertex -35.9212 -39.7426 3.23396
      vertex -36.0329 -39.6905 3.35721
      vertex -36.9204 -41.5938 3.35721
    endloop
  endfacet
  facet normal 0.640955 -0.29889 0.706994
    outer loop
      vertex -36.8087 -41.6458 3.23396
      vertex -35.9212 -39.7426 3.23396
      vertex -36.9204 -41.5938 3.35721
    endloop
  endfacet
  facet normal 0.519948 -0.242422 0.819076
    outer loop
      vertex -35.9212 -39.7426 3.23396
      vertex -36.6792 -41.7062 3.13397
      vertex -35.7918 -39.8029 3.13397
    endloop
  endfacet
  facet normal 0.519609 -0.242304 0.819326
    outer loop
      vertex -36.6792 -41.7062 3.13397
      vertex -35.9212 -39.7426 3.23396
      vertex -36.8087 -41.6458 3.23396
    endloop
  endfacet
  facet normal 0.382925 -0.178556 0.906359
    outer loop
      vertex -35.7918 -39.8029 3.13397
      vertex -36.5361 -41.773 3.06031
      vertex -35.6486 -39.8697 3.06031
    endloop
  endfacet
  facet normal 0.383113 -0.178624 0.906266
    outer loop
      vertex -36.5361 -41.773 3.06031
      vertex -35.7918 -39.8029 3.13397
      vertex -36.6792 -41.7062 3.13397
    endloop
  endfacet
  facet normal 0.234567 -0.109378 0.965927
    outer loop
      vertex -35.496 -39.9409 3.01519
      vertex -35.6486 -39.8697 3.06031
      vertex -36.5361 -41.773 3.06031
    endloop
  endfacet
  facet normal 0.23462 -0.109408 0.965911
    outer loop
      vertex -36.3835 -41.8441 3.01519
      vertex -35.496 -39.9409 3.01519
      vertex -36.5361 -41.773 3.06031
    endloop
  endfacet
  facet normal 0.0789668 -0.0368238 0.996197
    outer loop
      vertex -35.3386 -40.0143 3
      vertex -35.496 -39.9409 3.01519
      vertex -36.3835 -41.8441 3.01519
    endloop
  endfacet
  facet normal 0.0789668 -0.0368238 0.996197
    outer loop
      vertex -36.2261 -41.9175 3
      vertex -35.3386 -40.0143 3
      vertex -36.3835 -41.8441 3.01519
    endloop
  endfacet
  facet normal -0.0789866 0.0368311 0.996195
    outer loop
      vertex -35.3386 -40.0143 3
      vertex -36.0687 -41.9909 3.01519
      vertex -35.1812 -40.0876 3.01519
    endloop
  endfacet
  facet normal -0.0789668 0.0368238 0.996197
    outer loop
      vertex -36.0687 -41.9909 3.01519
      vertex -35.3386 -40.0143 3
      vertex -36.2261 -41.9175 3
    endloop
  endfacet
  facet normal -0.234567 0.109378 0.965927
    outer loop
      vertex -35.0286 -40.1588 3.06031
      vertex -35.1812 -40.0876 3.01519
      vertex -36.0687 -41.9909 3.01519
    endloop
  endfacet
  facet normal -0.23462 0.109408 0.965911
    outer loop
      vertex -35.9161 -42.062 3.06031
      vertex -35.0286 -40.1588 3.06031
      vertex -36.0687 -41.9909 3.01519
    endloop
  endfacet
  facet normal -0.382921 0.178564 0.906359
    outer loop
      vertex -34.8854 -40.2256 3.13397
      vertex -35.0286 -40.1588 3.06031
      vertex -35.9161 -42.062 3.06031
    endloop
  endfacet
  facet normal -0.382921 0.178564 0.906359
    outer loop
      vertex -35.7729 -42.1288 3.13397
      vertex -34.8854 -40.2256 3.13397
      vertex -35.9161 -42.062 3.06031
    endloop
  endfacet
  facet normal -0.519938 0.242445 0.819076
    outer loop
      vertex -34.8854 -40.2256 3.13397
      vertex -35.6435 -42.1892 3.23396
      vertex -34.756 -40.2859 3.23396
    endloop
  endfacet
  facet normal -0.51983 0.242407 0.819156
    outer loop
      vertex -35.6435 -42.1892 3.23396
      vertex -34.8854 -40.2256 3.13397
      vertex -35.7729 -42.1288 3.13397
    endloop
  endfacet
  facet normal -0.640852 0.298826 0.707115
    outer loop
      vertex -34.6443 -40.338 3.35721
      vertex -34.756 -40.2859 3.23396
      vertex -35.6435 -42.1892 3.23396
    endloop
  endfacet
  facet normal -0.640955 0.29889 0.706994
    outer loop
      vertex -35.5318 -42.2412 3.35721
      vertex -34.6443 -40.338 3.35721
      vertex -35.6435 -42.1892 3.23396
    endloop
  endfacet
  facet normal -0.742387 0.34619 0.573598
    outer loop
      vertex -34.5537 -40.3803 3.5
      vertex -34.6443 -40.338 3.35721
      vertex -35.5318 -42.2412 3.35721
    endloop
  endfacet
  facet normal -0.742387 0.34619 0.573598
    outer loop
      vertex -35.4412 -42.2835 3.5
      vertex -34.5537 -40.3803 3.5
      vertex -35.5318 -42.2412 3.35721
    endloop
  endfacet
  facet normal -0.821355 0.383014 0.422701
    outer loop
      vertex -34.4869 -40.4114 3.65798
      vertex -34.5537 -40.3803 3.5
      vertex -35.4412 -42.2835 3.5
    endloop
  endfacet
  facet normal -0.821355 0.383014 0.422701
    outer loop
      vertex -35.3744 -42.3146 3.65798
      vertex -34.4869 -40.4114 3.65798
      vertex -35.4412 -42.2835 3.5
    endloop
  endfacet
  facet normal -0.875507 0.408266 0.25847
    outer loop
      vertex -34.4461 -40.4305 3.82635
      vertex -34.4869 -40.4114 3.65798
      vertex -35.3744 -42.3146 3.65798
    endloop
  endfacet
  facet normal -0.875507 0.408266 0.25847
    outer loop
      vertex -35.3336 -42.3337 3.82635
      vertex -34.4461 -40.4305 3.82635
      vertex -35.3744 -42.3146 3.65798
    endloop
  endfacet
  facet normal -0.902853 0.420996 -0.0872911
    outer loop
      vertex -59.8039 -30.923 31.1736
      vertex -60.6776 -32.8327 31
      vertex -60.6914 -32.8263 31.1736
    endloop
  endfacet
  facet normal -0.902853 0.420996 -0.0872911
    outer loop
      vertex -59.8039 -30.923 31.1736
      vertex -59.7901 -30.9294 31
      vertex -60.6776 -32.8327 31
    endloop
  endfacet
  facet normal -0.902853 0.420996 0.0872911
    outer loop
      vertex -60.6776 -32.8327 31
      vertex -59.7901 -30.9294 31
      vertex -60.6914 -32.8263 30.8264
    endloop
  endfacet
  facet normal -0.902853 0.420996 0.0872911
    outer loop
      vertex -59.7901 -30.9294 31
      vertex -59.8039 -30.923 30.8264
      vertex -60.6914 -32.8263 30.8264
    endloop
  endfacet
  facet normal -0.875408 0.408199 0.258912
    outer loop
      vertex -60.6914 -32.8263 30.8264
      vertex -59.8039 -30.923 30.8264
      vertex -60.7323 -32.8072 30.658
    endloop
  endfacet
  facet normal -0.875408 0.408199 0.258912
    outer loop
      vertex -59.8039 -30.923 30.8264
      vertex -59.8448 -30.9039 30.658
      vertex -60.7323 -32.8072 30.658
    endloop
  endfacet
  facet normal -0.821562 0.38309 0.42223
    outer loop
      vertex -60.7323 -32.8072 30.658
      vertex -59.8448 -30.9039 30.658
      vertex -60.799 -32.7761 30.5
    endloop
  endfacet
  facet normal -0.821562 0.38309 0.42223
    outer loop
      vertex -59.8448 -30.9039 30.658
      vertex -59.9115 -30.8728 30.5
      vertex -60.799 -32.7761 30.5
    endloop
  endfacet
  facet normal -0.742411 0.346183 0.573571
    outer loop
      vertex -60.799 -32.7761 30.5
      vertex -59.9115 -30.8728 30.5
      vertex -60.8896 -32.7338 30.3572
    endloop
  endfacet
  facet normal -0.742507 0.346246 0.573408
    outer loop
      vertex -60.0021 -30.8306 30.3572
      vertex -59.9115 -30.8728 30.5
      vertex -59.024 -28.9696 30.5
    endloop
  endfacet
  facet normal -0.742507 0.346246 0.573408
    outer loop
      vertex -59.9115 -30.8728 30.5
      vertex -60.0021 -30.8306 30.3572
      vertex -60.8896 -32.7338 30.3572
    endloop
  endfacet
  facet normal -0.640716 0.298778 0.707259
    outer loop
      vertex -60.8896 -32.7338 30.3572
      vertex -60.0021 -30.8306 30.3572
      vertex -61.0013 -32.6817 30.234
    endloop
  endfacet
  facet normal -0.640722 0.298766 0.707259
    outer loop
      vertex -60.1138 -30.7785 30.234
      vertex -60.0021 -30.8306 30.3572
      vertex -59.1146 -28.9273 30.3572
    endloop
  endfacet
  facet normal -0.640716 0.298778 0.707259
    outer loop
      vertex -60.0021 -30.8306 30.3572
      vertex -60.1138 -30.7785 30.234
      vertex -61.0013 -32.6817 30.234
    endloop
  endfacet
  facet normal -0.519643 0.24232 0.8193
    outer loop
      vertex -60.2433 -30.7181 30.134
      vertex -61.0013 -32.6817 30.234
      vertex -60.1138 -30.7785 30.234
    endloop
  endfacet
  facet normal -0.519751 0.242358 0.81922
    outer loop
      vertex -61.0013 -32.6817 30.234
      vertex -60.2433 -30.7181 30.134
      vertex -61.1308 -32.6214 30.134
    endloop
  endfacet
  facet normal -0.383276 0.17872 0.906178
    outer loop
      vertex -61.1308 -32.6214 30.134
      vertex -60.2433 -30.7181 30.134
      vertex -61.2739 -32.5546 30.0603
    endloop
  endfacet
  facet normal -0.383357 0.178767 0.906135
    outer loop
      vertex -60.3864 -30.6514 30.0603
      vertex -60.2433 -30.7181 30.134
      vertex -59.3558 -28.8149 30.134
    endloop
  endfacet
  facet normal -0.383357 0.178767 0.906135
    outer loop
      vertex -60.2433 -30.7181 30.134
      vertex -60.3864 -30.6514 30.0603
      vertex -61.2739 -32.5546 30.0603
    endloop
  endfacet
  facet normal -0.234468 0.109337 0.965956
    outer loop
      vertex -61.2739 -32.5546 30.0603
      vertex -60.3864 -30.6514 30.0603
      vertex -61.4265 -32.4834 30.0152
    endloop
  endfacet
  facet normal -0.234468 0.109337 0.965956
    outer loop
      vertex -60.3864 -30.6514 30.0603
      vertex -60.539 -30.5802 30.0152
      vertex -61.4265 -32.4834 30.0152
    endloop
  endfacet
  facet normal -0.0790183 0.0368478 0.996192
    outer loop
      vertex -60.6964 -30.5068 30
      vertex -61.4265 -32.4834 30.0152
      vertex -60.539 -30.5802 30.0152
    endloop
  endfacet
  facet normal -0.0790382 0.0368551 0.99619
    outer loop
      vertex -61.4265 -32.4834 30.0152
      vertex -60.6964 -30.5068 30
      vertex -61.5839 -32.4101 30
    endloop
  endfacet
  facet normal 0.0790191 -0.0368462 0.996192
    outer loop
      vertex -60.8538 -30.4334 30.0152
      vertex -61.5839 -32.4101 30
      vertex -60.6964 -30.5068 30
    endloop
  endfacet
  facet normal 0.0790191 -0.0368462 0.996192
    outer loop
      vertex -61.5839 -32.4101 30
      vertex -60.8538 -30.4334 30.0152
      vertex -61.7413 -32.3367 30.0152
    endloop
  endfacet
  facet normal 0.23447 -0.109332 0.965956
    outer loop
      vertex -61.7413 -32.3367 30.0152
      vertex -60.8538 -30.4334 30.0152
      vertex -61.8939 -32.2655 30.0603
    endloop
  endfacet
  facet normal 0.234523 -0.109363 0.965939
    outer loop
      vertex -61.0064 -30.3623 30.0603
      vertex -60.8538 -30.4334 30.0152
      vertex -59.9663 -28.5302 30.0152
    endloop
  endfacet
  facet normal 0.234523 -0.109363 0.965939
    outer loop
      vertex -60.8538 -30.4334 30.0152
      vertex -61.0064 -30.3623 30.0603
      vertex -61.8939 -32.2655 30.0603
    endloop
  endfacet
  facet normal 0.383092 -0.178643 0.906271
    outer loop
      vertex -61.1496 -30.2955 30.134
      vertex -61.8939 -32.2655 30.0603
      vertex -61.0064 -30.3623 30.0603
    endloop
  endfacet
  facet normal 0.383092 -0.178643 0.906271
    outer loop
      vertex -61.8939 -32.2655 30.0603
      vertex -61.1496 -30.2955 30.134
      vertex -62.0371 -32.1987 30.134
    endloop
  endfacet
  facet normal 0.519968 -0.242471 0.819049
    outer loop
      vertex -61.279 -30.2352 30.234
      vertex -62.0371 -32.1987 30.134
      vertex -61.1496 -30.2955 30.134
    endloop
  endfacet
  facet normal 0.519968 -0.242471 0.819049
    outer loop
      vertex -62.0371 -32.1987 30.134
      vertex -61.279 -30.2352 30.234
      vertex -62.1665 -32.1384 30.234
    endloop
  endfacet
  facet normal 0.640716 -0.298778 0.707259
    outer loop
      vertex -61.3907 -30.1831 30.3572
      vertex -62.1665 -32.1384 30.234
      vertex -61.279 -30.2352 30.234
    endloop
  endfacet
  facet normal 0.640716 -0.298778 0.707259
    outer loop
      vertex -62.1665 -32.1384 30.234
      vertex -61.3907 -30.1831 30.3572
      vertex -62.2782 -32.0863 30.3572
    endloop
  endfacet
  facet normal 0.742507 -0.346246 0.573408
    outer loop
      vertex -62.2782 -32.0863 30.3572
      vertex -61.3907 -30.1831 30.3572
      vertex -62.3688 -32.0441 30.5
    endloop
  endfacet
  facet normal 0.742411 -0.346183 0.573571
    outer loop
      vertex -61.3907 -30.1831 30.3572
      vertex -61.4813 -30.1408 30.5
      vertex -62.3688 -32.0441 30.5
    endloop
  endfacet
  facet normal 0.821297 -0.382967 0.422856
    outer loop
      vertex -62.3688 -32.0441 30.5
      vertex -61.4813 -30.1408 30.5
      vertex -62.4356 -32.0129 30.658
    endloop
  endfacet
  facet normal 0.821374 -0.383023 0.422657
    outer loop
      vertex -61.4813 -30.1408 30.5
      vertex -61.5481 -30.1097 30.658
      vertex -62.4356 -32.0129 30.658
    endloop
  endfacet
  facet normal 0.875525 -0.408253 0.258427
    outer loop
      vertex -61.5889 -30.0906 30.8264
      vertex -61.5481 -30.1097 30.658
      vertex -60.6606 -28.2064 30.658
    endloop
  endfacet
  facet normal 0.875525 -0.408253 0.258427
    outer loop
      vertex -62.4764 -31.9939 30.8264
      vertex -61.5481 -30.1097 30.658
      vertex -61.5889 -30.0906 30.8264
    endloop
  endfacet
  facet normal 0.875572 -0.408297 0.258201
    outer loop
      vertex -61.5481 -30.1097 30.658
      vertex -62.4764 -31.9939 30.8264
      vertex -62.4356 -32.0129 30.658
    endloop
  endfacet
  facet normal 0.902833 -0.420987 0.0875318
    outer loop
      vertex -62.4764 -31.9939 30.8264
      vertex -61.5889 -30.0906 30.8264
      vertex -62.4902 -31.9874 31
    endloop
  endfacet
  facet normal 0.902844 -0.421014 0.0872911
    outer loop
      vertex -61.5889 -30.0906 30.8264
      vertex -61.6027 -30.0842 31
      vertex -62.4902 -31.9874 31
    endloop
  endfacet
  facet normal 0.902825 -0.421005 -0.0875318
    outer loop
      vertex -61.6027 -30.0842 31
      vertex -62.4764 -31.9939 31.1736
      vertex -62.4902 -31.9874 31
    endloop
  endfacet
  facet normal 0.902853 -0.420996 -0.0872911
    outer loop
      vertex -61.5889 -30.0906 31.1736
      vertex -61.6027 -30.0842 31
      vertex -60.7152 -28.1809 31
    endloop
  endfacet
  facet normal 0.902853 -0.420996 -0.0872911
    outer loop
      vertex -61.6027 -30.0842 31
      vertex -61.5889 -30.0906 31.1736
      vertex -62.4764 -31.9939 31.1736
    endloop
  endfacet
  facet normal 0.875525 -0.408253 -0.258427
    outer loop
      vertex -61.5481 -30.1097 31.342
      vertex -62.4764 -31.9939 31.1736
      vertex -61.5889 -30.0906 31.1736
    endloop
  endfacet
  facet normal 0.875572 -0.408297 -0.258201
    outer loop
      vertex -62.4764 -31.9939 31.1736
      vertex -61.5481 -30.1097 31.342
      vertex -62.4356 -32.0129 31.342
    endloop
  endfacet
  facet normal 0.82129 -0.382984 -0.422856
    outer loop
      vertex -61.5481 -30.1097 31.342
      vertex -62.3688 -32.0441 31.5
      vertex -62.4356 -32.0129 31.342
    endloop
  endfacet
  facet normal 0.821381 -0.383006 -0.422657
    outer loop
      vertex -61.5481 -30.1097 31.342
      vertex -61.4813 -30.1408 31.5
      vertex -62.3688 -32.0441 31.5
    endloop
  endfacet
  facet normal 0.742514 -0.346231 -0.573408
    outer loop
      vertex -61.4813 -30.1408 31.5
      vertex -62.2782 -32.0863 31.6428
      vertex -62.3688 -32.0441 31.5
    endloop
  endfacet
  facet normal 0.742404 -0.346198 -0.573571
    outer loop
      vertex -61.4813 -30.1408 31.5
      vertex -61.3907 -30.1831 31.6428
      vertex -62.2782 -32.0863 31.6428
    endloop
  endfacet
  facet normal 0.640716 -0.298778 -0.707259
    outer loop
      vertex -62.1665 -32.1384 31.766
      vertex -61.3907 -30.1831 31.6428
      vertex -61.279 -30.2352 31.766
    endloop
  endfacet
  facet normal 0.640716 -0.298778 -0.707259
    outer loop
      vertex -61.3907 -30.1831 31.6428
      vertex -62.1665 -32.1384 31.766
      vertex -62.2782 -32.0863 31.6428
    endloop
  endfacet
  facet normal 0.519968 -0.242471 -0.819049
    outer loop
      vertex -62.0371 -32.1987 31.866
      vertex -61.279 -30.2352 31.766
      vertex -61.1496 -30.2955 31.866
    endloop
  endfacet
  facet normal 0.519968 -0.242471 -0.819049
    outer loop
      vertex -61.279 -30.2352 31.766
      vertex -62.0371 -32.1987 31.866
      vertex -62.1665 -32.1384 31.766
    endloop
  endfacet
  facet normal 0.383092 -0.178643 -0.906271
    outer loop
      vertex -61.8939 -32.2655 31.9397
      vertex -61.1496 -30.2955 31.866
      vertex -61.0064 -30.3623 31.9397
    endloop
  endfacet
  facet normal 0.383092 -0.178643 -0.906271
    outer loop
      vertex -61.1496 -30.2955 31.866
      vertex -61.8939 -32.2655 31.9397
      vertex -62.0371 -32.1987 31.866
    endloop
  endfacet
  facet normal 0.234468 -0.109337 -0.965956
    outer loop
      vertex -61.0064 -30.3623 31.9397
      vertex -61.7413 -32.3367 31.9848
      vertex -61.8939 -32.2655 31.9397
    endloop
  endfacet
  facet normal 0.234525 -0.109358 -0.965939
    outer loop
      vertex -61.0064 -30.3623 31.9397
      vertex -60.8538 -30.4334 31.9848
      vertex -61.7413 -32.3367 31.9848
    endloop
  endfacet
  facet normal 0.0790191 -0.0368462 -0.996192
    outer loop
      vertex -61.5839 -32.4101 32
      vertex -60.8538 -30.4334 31.9848
      vertex -60.6964 -30.5068 32
    endloop
  endfacet
  facet normal 0.0790191 -0.0368462 -0.996192
    outer loop
      vertex -60.8538 -30.4334 31.9848
      vertex -61.5839 -32.4101 32
      vertex -61.7413 -32.3367 31.9848
    endloop
  endfacet
  facet normal -0.0790183 0.0368478 -0.996192
    outer loop
      vertex -61.4265 -32.4834 31.9848
      vertex -60.6964 -30.5068 32
      vertex -60.539 -30.5802 31.9848
    endloop
  endfacet
  facet normal -0.0790382 0.0368551 -0.99619
    outer loop
      vertex -60.6964 -30.5068 32
      vertex -61.4265 -32.4834 31.9848
      vertex -61.5839 -32.4101 32
    endloop
  endfacet
  facet normal -0.234468 0.109337 -0.965956
    outer loop
      vertex -60.539 -30.5802 31.9848
      vertex -61.2739 -32.5546 31.9397
      vertex -61.4265 -32.4834 31.9848
    endloop
  endfacet
  facet normal -0.234468 0.109337 -0.965956
    outer loop
      vertex -60.3864 -30.6514 31.9397
      vertex -60.539 -30.5802 31.9848
      vertex -59.6515 -28.677 31.9848
    endloop
  endfacet
  facet normal -0.234468 0.109337 -0.965956
    outer loop
      vertex -60.539 -30.5802 31.9848
      vertex -60.3864 -30.6514 31.9397
      vertex -61.2739 -32.5546 31.9397
    endloop
  endfacet
  facet normal -0.383273 0.178728 -0.906178
    outer loop
      vertex -60.3864 -30.6514 31.9397
      vertex -61.1308 -32.6214 31.866
      vertex -61.2739 -32.5546 31.9397
    endloop
  endfacet
  facet normal -0.38336 0.178759 -0.906135
    outer loop
      vertex -60.3864 -30.6514 31.9397
      vertex -60.2433 -30.7181 31.866
      vertex -61.1308 -32.6214 31.866
    endloop
  endfacet
  facet normal -0.519643 0.24232 -0.8193
    outer loop
      vertex -61.0013 -32.6817 31.766
      vertex -60.2433 -30.7181 31.866
      vertex -60.1138 -30.7785 31.766
    endloop
  endfacet
  facet normal -0.519751 0.242358 -0.81922
    outer loop
      vertex -60.2433 -30.7181 31.866
      vertex -61.0013 -32.6817 31.766
      vertex -61.1308 -32.6214 31.866
    endloop
  endfacet
  facet normal -0.640716 0.298778 -0.707259
    outer loop
      vertex -60.1138 -30.7785 31.766
      vertex -60.8896 -32.7338 31.6428
      vertex -61.0013 -32.6817 31.766
    endloop
  endfacet
  facet normal -0.640722 0.298766 -0.707259
    outer loop
      vertex -60.0021 -30.8306 31.6428
      vertex -60.1138 -30.7785 31.766
      vertex -59.2263 -28.8752 31.766
    endloop
  endfacet
  facet normal -0.640716 0.298778 -0.707259
    outer loop
      vertex -60.1138 -30.7785 31.766
      vertex -60.0021 -30.8306 31.6428
      vertex -60.8896 -32.7338 31.6428
    endloop
  endfacet
  facet normal -0.742404 0.346198 -0.573571
    outer loop
      vertex -60.0021 -30.8306 31.6428
      vertex -60.799 -32.7761 31.5
      vertex -60.8896 -32.7338 31.6428
    endloop
  endfacet
  facet normal -0.742514 0.346231 -0.573408
    outer loop
      vertex -60.0021 -30.8306 31.6428
      vertex -59.9115 -30.8728 31.5
      vertex -60.799 -32.7761 31.5
    endloop
  endfacet
  facet normal -0.821562 0.38309 -0.42223
    outer loop
      vertex -59.9115 -30.8728 31.5
      vertex -60.7323 -32.8072 31.342
      vertex -60.799 -32.7761 31.5
    endloop
  endfacet
  facet normal -0.821554 0.383107 -0.42223
    outer loop
      vertex -59.8448 -30.9039 31.342
      vertex -59.9115 -30.8728 31.5
      vertex -59.024 -28.9696 31.5
    endloop
  endfacet
  facet normal -0.821562 0.38309 -0.42223
    outer loop
      vertex -59.9115 -30.8728 31.5
      vertex -59.8448 -30.9039 31.342
      vertex -60.7323 -32.8072 31.342
    endloop
  endfacet
  facet normal -0.875408 0.408199 -0.258912
    outer loop
      vertex -59.8448 -30.9039 31.342
      vertex -60.6914 -32.8263 31.1736
      vertex -60.7323 -32.8072 31.342
    endloop
  endfacet
  facet normal -0.875408 0.408199 -0.258912
    outer loop
      vertex -59.8448 -30.9039 31.342
      vertex -59.8039 -30.923 31.1736
      vertex -60.6914 -32.8263 31.1736
    endloop
  endfacet
  facet normal -0.902844 0.421014 0.0872911
    outer loop
      vertex -58.9026 -29.0262 31
      vertex -58.9164 -29.0198 30.8264
      vertex -59.8039 -30.923 30.8264
    endloop
  endfacet
  facet normal -0.902844 0.421014 0.0872911
    outer loop
      vertex -59.7901 -30.9294 31
      vertex -58.9026 -29.0262 31
      vertex -59.8039 -30.923 30.8264
    endloop
  endfacet
  facet normal -0.902844 0.421014 -0.0872911
    outer loop
      vertex -58.9164 -29.0198 31.1736
      vertex -58.9026 -29.0262 31
      vertex -59.7901 -30.9294 31
    endloop
  endfacet
  facet normal -0.902844 0.421014 -0.0872911
    outer loop
      vertex -58.9164 -29.0198 31.1736
      vertex -59.7901 -30.9294 31
      vertex -59.8039 -30.923 31.1736
    endloop
  endfacet
  facet normal -0.875399 0.408216 -0.258912
    outer loop
      vertex -58.9573 -29.0007 31.342
      vertex -58.9164 -29.0198 31.1736
      vertex -59.8039 -30.923 31.1736
    endloop
  endfacet
  facet normal -0.875399 0.408216 -0.258912
    outer loop
      vertex -58.9573 -29.0007 31.342
      vertex -59.8039 -30.923 31.1736
      vertex -59.8448 -30.9039 31.342
    endloop
  endfacet
  facet normal -0.821554 0.383107 -0.42223
    outer loop
      vertex -59.024 -28.9696 31.5
      vertex -58.9573 -29.0007 31.342
      vertex -59.8448 -30.9039 31.342
    endloop
  endfacet
  facet normal -0.742404 0.346198 -0.573571
    outer loop
      vertex -59.1146 -28.9273 31.6428
      vertex -59.024 -28.9696 31.5
      vertex -59.9115 -30.8728 31.5
    endloop
  endfacet
  facet normal -0.742514 0.346231 -0.573408
    outer loop
      vertex -59.1146 -28.9273 31.6428
      vertex -59.9115 -30.8728 31.5
      vertex -60.0021 -30.8306 31.6428
    endloop
  endfacet
  facet normal -0.640722 0.298766 -0.707259
    outer loop
      vertex -59.2263 -28.8752 31.766
      vertex -59.1146 -28.9273 31.6428
      vertex -60.0021 -30.8306 31.6428
    endloop
  endfacet
  facet normal -0.519751 0.242358 -0.81922
    outer loop
      vertex -60.1138 -30.7785 31.766
      vertex -59.3558 -28.8149 31.866
      vertex -59.2263 -28.8752 31.766
    endloop
  endfacet
  facet normal -0.519643 0.24232 -0.8193
    outer loop
      vertex -59.3558 -28.8149 31.866
      vertex -60.1138 -30.7785 31.766
      vertex -60.2433 -30.7181 31.866
    endloop
  endfacet
  facet normal -0.383273 0.178728 -0.906178
    outer loop
      vertex -59.4989 -28.7481 31.9397
      vertex -59.3558 -28.8149 31.866
      vertex -60.2433 -30.7181 31.866
    endloop
  endfacet
  facet normal -0.38336 0.178759 -0.906135
    outer loop
      vertex -59.4989 -28.7481 31.9397
      vertex -60.2433 -30.7181 31.866
      vertex -60.3864 -30.6514 31.9397
    endloop
  endfacet
  facet normal -0.234525 0.109358 -0.965939
    outer loop
      vertex -59.6515 -28.677 31.9848
      vertex -59.4989 -28.7481 31.9397
      vertex -60.3864 -30.6514 31.9397
    endloop
  endfacet
  facet normal -0.0790183 0.0368478 -0.996192
    outer loop
      vertex -60.539 -30.5802 31.9848
      vertex -59.8089 -28.6036 32
      vertex -59.6515 -28.677 31.9848
    endloop
  endfacet
  facet normal -0.0790183 0.0368478 -0.996192
    outer loop
      vertex -59.8089 -28.6036 32
      vertex -60.539 -30.5802 31.9848
      vertex -60.6964 -30.5068 32
    endloop
  endfacet
  facet normal 0.0790183 -0.0368478 -0.996192
    outer loop
      vertex -59.9663 -28.5302 31.9848
      vertex -59.8089 -28.6036 32
      vertex -60.6964 -30.5068 32
    endloop
  endfacet
  facet normal 0.0790183 -0.0368478 -0.996192
    outer loop
      vertex -59.9663 -28.5302 31.9848
      vertex -60.6964 -30.5068 32
      vertex -60.8538 -30.4334 31.9848
    endloop
  endfacet
  facet normal 0.234468 -0.109337 -0.965956
    outer loop
      vertex -60.1189 -28.459 31.9397
      vertex -59.9663 -28.5302 31.9848
      vertex -60.8538 -30.4334 31.9848
    endloop
  endfacet
  facet normal 0.234525 -0.109358 -0.965939
    outer loop
      vertex -60.1189 -28.459 31.9397
      vertex -60.8538 -30.4334 31.9848
      vertex -61.0064 -30.3623 31.9397
    endloop
  endfacet
  facet normal 0.38318 -0.178675 -0.906228
    outer loop
      vertex -61.0064 -30.3623 31.9397
      vertex -60.2621 -28.3923 31.866
      vertex -60.1189 -28.459 31.9397
    endloop
  endfacet
  facet normal 0.383092 -0.178643 -0.906271
    outer loop
      vertex -60.2621 -28.3923 31.866
      vertex -61.0064 -30.3623 31.9397
      vertex -61.1496 -30.2955 31.866
    endloop
  endfacet
  facet normal 0.519865 -0.242423 -0.819129
    outer loop
      vertex -61.1496 -30.2955 31.866
      vertex -60.3915 -28.3319 31.766
      vertex -60.2621 -28.3923 31.866
    endloop
  endfacet
  facet normal 0.519973 -0.242461 -0.819049
    outer loop
      vertex -60.3915 -28.3319 31.766
      vertex -61.1496 -30.2955 31.866
      vertex -61.279 -30.2352 31.766
    endloop
  endfacet
  facet normal 0.640722 -0.298766 -0.707259
    outer loop
      vertex -61.279 -30.2352 31.766
      vertex -60.5032 -28.2798 31.6428
      vertex -60.3915 -28.3319 31.766
    endloop
  endfacet
  facet normal 0.640722 -0.298766 -0.707259
    outer loop
      vertex -60.5032 -28.2798 31.6428
      vertex -61.279 -30.2352 31.766
      vertex -61.3907 -30.1831 31.6428
    endloop
  endfacet
  facet normal 0.742514 -0.346231 -0.573408
    outer loop
      vertex -60.5938 -28.2376 31.5
      vertex -60.5032 -28.2798 31.6428
      vertex -61.3907 -30.1831 31.6428
    endloop
  endfacet
  facet normal 0.742404 -0.346198 -0.573571
    outer loop
      vertex -60.5938 -28.2376 31.5
      vertex -61.3907 -30.1831 31.6428
      vertex -61.4813 -30.1408 31.5
    endloop
  endfacet
  facet normal 0.82129 -0.382984 -0.422856
    outer loop
      vertex -60.6606 -28.2064 31.342
      vertex -60.5938 -28.2376 31.5
      vertex -61.4813 -30.1408 31.5
    endloop
  endfacet
  facet normal 0.821381 -0.383006 -0.422657
    outer loop
      vertex -60.6606 -28.2064 31.342
      vertex -61.4813 -30.1408 31.5
      vertex -61.5481 -30.1097 31.342
    endloop
  endfacet
  facet normal 0.87558 -0.408279 -0.258201
    outer loop
      vertex -60.7014 -28.1874 31.1736
      vertex -60.6606 -28.2064 31.342
      vertex -61.5481 -30.1097 31.342
    endloop
  endfacet
  facet normal 0.875517 -0.408271 -0.258427
    outer loop
      vertex -60.7014 -28.1874 31.1736
      vertex -61.5481 -30.1097 31.342
      vertex -61.5889 -30.0906 31.1736
    endloop
  endfacet
  facet normal 0.902825 -0.421005 -0.0875318
    outer loop
      vertex -60.7152 -28.1809 31
      vertex -60.7014 -28.1874 31.1736
      vertex -61.5889 -30.0906 31.1736
    endloop
  endfacet
  facet normal 0.902833 -0.420987 0.0875318
    outer loop
      vertex -60.7014 -28.1874 30.8264
      vertex -60.7152 -28.1809 31
      vertex -61.6027 -30.0842 31
    endloop
  endfacet
  facet normal 0.902844 -0.421014 0.0872911
    outer loop
      vertex -61.5889 -30.0906 30.8264
      vertex -60.7014 -28.1874 30.8264
      vertex -61.6027 -30.0842 31
    endloop
  endfacet
  facet normal 0.875572 -0.408297 0.258201
    outer loop
      vertex -60.6606 -28.2064 30.658
      vertex -60.7014 -28.1874 30.8264
      vertex -61.5889 -30.0906 30.8264
    endloop
  endfacet
  facet normal 0.821297 -0.382967 0.422856
    outer loop
      vertex -60.5938 -28.2376 30.5
      vertex -60.6606 -28.2064 30.658
      vertex -61.5481 -30.1097 30.658
    endloop
  endfacet
  facet normal 0.821374 -0.383023 0.422657
    outer loop
      vertex -61.4813 -30.1408 30.5
      vertex -60.5938 -28.2376 30.5
      vertex -61.5481 -30.1097 30.658
    endloop
  endfacet
  facet normal 0.742507 -0.346246 0.573408
    outer loop
      vertex -60.5032 -28.2798 30.3572
      vertex -60.5938 -28.2376 30.5
      vertex -61.4813 -30.1408 30.5
    endloop
  endfacet
  facet normal 0.742411 -0.346183 0.573571
    outer loop
      vertex -61.3907 -30.1831 30.3572
      vertex -60.5032 -28.2798 30.3572
      vertex -61.4813 -30.1408 30.5
    endloop
  endfacet
  facet normal 0.640722 -0.298766 0.707259
    outer loop
      vertex -60.5032 -28.2798 30.3572
      vertex -61.279 -30.2352 30.234
      vertex -60.3915 -28.3319 30.234
    endloop
  endfacet
  facet normal 0.640722 -0.298766 0.707259
    outer loop
      vertex -61.279 -30.2352 30.234
      vertex -60.5032 -28.2798 30.3572
      vertex -61.3907 -30.1831 30.3572
    endloop
  endfacet
  facet normal 0.519865 -0.242423 0.819129
    outer loop
      vertex -60.3915 -28.3319 30.234
      vertex -61.1496 -30.2955 30.134
      vertex -60.2621 -28.3923 30.134
    endloop
  endfacet
  facet normal 0.519973 -0.242461 0.819049
    outer loop
      vertex -61.1496 -30.2955 30.134
      vertex -60.3915 -28.3319 30.234
      vertex -61.279 -30.2352 30.234
    endloop
  endfacet
  facet normal 0.38318 -0.178675 0.906228
    outer loop
      vertex -60.2621 -28.3923 30.134
      vertex -61.0064 -30.3623 30.0603
      vertex -60.1189 -28.459 30.0603
    endloop
  endfacet
  facet normal 0.383092 -0.178643 0.906271
    outer loop
      vertex -61.0064 -30.3623 30.0603
      vertex -60.2621 -28.3923 30.134
      vertex -61.1496 -30.2955 30.134
    endloop
  endfacet
  facet normal 0.23447 -0.109332 0.965956
    outer loop
      vertex -59.9663 -28.5302 30.0152
      vertex -60.1189 -28.459 30.0603
      vertex -61.0064 -30.3623 30.0603
    endloop
  endfacet
  facet normal 0.0790183 -0.0368478 0.996192
    outer loop
      vertex -59.8089 -28.6036 30
      vertex -59.9663 -28.5302 30.0152
      vertex -60.8538 -30.4334 30.0152
    endloop
  endfacet
  facet normal 0.0790183 -0.0368478 0.996192
    outer loop
      vertex -60.6964 -30.5068 30
      vertex -59.8089 -28.6036 30
      vertex -60.8538 -30.4334 30.0152
    endloop
  endfacet
  facet normal -0.0790183 0.0368478 0.996192
    outer loop
      vertex -59.8089 -28.6036 30
      vertex -60.539 -30.5802 30.0152
      vertex -59.6515 -28.677 30.0152
    endloop
  endfacet
  facet normal -0.0790183 0.0368478 0.996192
    outer loop
      vertex -60.539 -30.5802 30.0152
      vertex -59.8089 -28.6036 30
      vertex -60.6964 -30.5068 30
    endloop
  endfacet
  facet normal -0.234523 0.109363 0.965939
    outer loop
      vertex -59.4989 -28.7481 30.0603
      vertex -59.6515 -28.677 30.0152
      vertex -60.539 -30.5802 30.0152
    endloop
  endfacet
  facet normal -0.23447 0.109332 0.965956
    outer loop
      vertex -60.3864 -30.6514 30.0603
      vertex -59.4989 -28.7481 30.0603
      vertex -60.539 -30.5802 30.0152
    endloop
  endfacet
  facet normal -0.383276 0.17872 0.906178
    outer loop
      vertex -59.3558 -28.8149 30.134
      vertex -59.4989 -28.7481 30.0603
      vertex -60.3864 -30.6514 30.0603
    endloop
  endfacet
  facet normal -0.519751 0.242358 0.81922
    outer loop
      vertex -59.3558 -28.8149 30.134
      vertex -60.1138 -30.7785 30.234
      vertex -59.2263 -28.8752 30.234
    endloop
  endfacet
  facet normal -0.519643 0.24232 0.8193
    outer loop
      vertex -60.1138 -30.7785 30.234
      vertex -59.3558 -28.8149 30.134
      vertex -60.2433 -30.7181 30.134
    endloop
  endfacet
  facet normal -0.640722 0.298766 0.707259
    outer loop
      vertex -59.1146 -28.9273 30.3572
      vertex -59.2263 -28.8752 30.234
      vertex -60.1138 -30.7785 30.234
    endloop
  endfacet
  facet normal -0.742411 0.346183 0.573571
    outer loop
      vertex -59.024 -28.9696 30.5
      vertex -59.1146 -28.9273 30.3572
      vertex -60.0021 -30.8306 30.3572
    endloop
  endfacet
  facet normal -0.821554 0.383107 0.42223
    outer loop
      vertex -58.9573 -29.0007 30.658
      vertex -59.024 -28.9696 30.5
      vertex -59.9115 -30.8728 30.5
    endloop
  endfacet
  facet normal -0.821554 0.383107 0.42223
    outer loop
      vertex -59.8448 -30.9039 30.658
      vertex -58.9573 -29.0007 30.658
      vertex -59.9115 -30.8728 30.5
    endloop
  endfacet
  facet normal -0.875399 0.408216 0.258912
    outer loop
      vertex -58.9164 -29.0198 30.8264
      vertex -58.9573 -29.0007 30.658
      vertex -59.8448 -30.9039 30.658
    endloop
  endfacet
  facet normal -0.875399 0.408216 0.258912
    outer loop
      vertex -59.8039 -30.923 30.8264
      vertex -58.9164 -29.0198 30.8264
      vertex -59.8448 -30.9039 30.658
    endloop
  endfacet
  facet normal -0.902854 0.420997 -0.0872662
    outer loop
      vertex -59.8039 -30.923 4.17365
      vertex -60.6776 -32.8327 4
      vertex -60.6914 -32.8263 4.17365
    endloop
  endfacet
  facet normal -0.902854 0.420997 -0.0872662
    outer loop
      vertex -59.8039 -30.923 4.17365
      vertex -59.7901 -30.9294 4
      vertex -60.6776 -32.8327 4
    endloop
  endfacet
  facet normal -0.902854 0.420997 0.0872662
    outer loop
      vertex -60.6776 -32.8327 4
      vertex -59.7901 -30.9294 4
      vertex -60.6914 -32.8263 3.82635
    endloop
  endfacet
  facet normal -0.902854 0.420997 0.0872662
    outer loop
      vertex -59.7901 -30.9294 4
      vertex -59.8039 -30.923 3.82635
      vertex -60.6914 -32.8263 3.82635
    endloop
  endfacet
  facet normal -0.875397 0.408194 0.258955
    outer loop
      vertex -60.6914 -32.8263 3.82635
      vertex -59.8039 -30.923 3.82635
      vertex -60.7323 -32.8072 3.65798
    endloop
  endfacet
  facet normal -0.875397 0.408194 0.258955
    outer loop
      vertex -59.8039 -30.923 3.82635
      vertex -59.8448 -30.9039 3.65798
      vertex -60.7323 -32.8072 3.65798
    endloop
  endfacet
  facet normal -0.821543 0.383082 0.422274
    outer loop
      vertex -60.7323 -32.8072 3.65798
      vertex -59.8448 -30.9039 3.65798
      vertex -60.799 -32.7761 3.5
    endloop
  endfacet
  facet normal -0.821543 0.383082 0.422274
    outer loop
      vertex -59.8448 -30.9039 3.65798
      vertex -59.9115 -30.8728 3.5
      vertex -60.799 -32.7761 3.5
    endloop
  endfacet
  facet normal -0.742394 0.346175 0.573598
    outer loop
      vertex -60.799 -32.7761 3.5
      vertex -59.9115 -30.8728 3.5
      vertex -60.8896 -32.7338 3.35721
    endloop
  endfacet
  facet normal -0.74249 0.346238 0.573435
    outer loop
      vertex -60.0021 -30.8306 3.35721
      vertex -59.9115 -30.8728 3.5
      vertex -59.024 -28.9696 3.5
    endloop
  endfacet
  facet normal -0.74249 0.346238 0.573435
    outer loop
      vertex -59.9115 -30.8728 3.5
      vertex -60.0021 -30.8306 3.35721
      vertex -60.8896 -32.7338 3.35721
    endloop
  endfacet
  facet normal -0.640846 0.298839 0.707115
    outer loop
      vertex -60.8896 -32.7338 3.35721
      vertex -60.0021 -30.8306 3.35721
      vertex -61.0013 -32.6817 3.23396
    endloop
  endfacet
  facet normal -0.640852 0.298826 0.707115
    outer loop
      vertex -60.1138 -30.7785 3.23396
      vertex -60.0021 -30.8306 3.35721
      vertex -59.1146 -28.9273 3.35721
    endloop
  endfacet
  facet normal -0.640846 0.298839 0.707115
    outer loop
      vertex -60.0021 -30.8306 3.35721
      vertex -60.1138 -30.7785 3.23396
      vertex -61.0013 -32.6817 3.23396
    endloop
  endfacet
  facet normal -0.519609 0.242304 0.819326
    outer loop
      vertex -60.2433 -30.7181 3.13397
      vertex -61.0013 -32.6817 3.23396
      vertex -60.1138 -30.7785 3.23396
    endloop
  endfacet
  facet normal -0.519717 0.242341 0.819247
    outer loop
      vertex -61.0013 -32.6817 3.23396
      vertex -60.2433 -30.7181 3.13397
      vertex -61.1308 -32.6214 3.13397
    endloop
  endfacet
  facet normal -0.383105 0.17864 0.906266
    outer loop
      vertex -61.1308 -32.6214 3.13397
      vertex -60.2433 -30.7181 3.13397
      vertex -61.2739 -32.5546 3.06031
    endloop
  endfacet
  facet normal -0.383186 0.178687 0.906223
    outer loop
      vertex -60.3864 -30.6514 3.06031
      vertex -60.2433 -30.7181 3.13397
      vertex -59.3558 -28.8149 3.13397
    endloop
  endfacet
  facet normal -0.383186 0.178687 0.906223
    outer loop
      vertex -60.2433 -30.7181 3.13397
      vertex -60.3864 -30.6514 3.06031
      vertex -61.2739 -32.5546 3.06031
    endloop
  endfacet
  facet normal -0.234565 0.109382 0.965927
    outer loop
      vertex -61.2739 -32.5546 3.06031
      vertex -60.3864 -30.6514 3.06031
      vertex -61.4265 -32.4834 3.01519
    endloop
  endfacet
  facet normal -0.234565 0.109382 0.965927
    outer loop
      vertex -60.3864 -30.6514 3.06031
      vertex -60.539 -30.5802 3.01519
      vertex -61.4265 -32.4834 3.01519
    endloop
  endfacet
  facet normal -0.0789668 0.0368238 0.996197
    outer loop
      vertex -60.6964 -30.5068 3
      vertex -61.4265 -32.4834 3.01519
      vertex -60.539 -30.5802 3.01519
    endloop
  endfacet
  facet normal -0.0789866 0.0368311 0.996195
    outer loop
      vertex -61.4265 -32.4834 3.01519
      vertex -60.6964 -30.5068 3
      vertex -61.5839 -32.4101 3
    endloop
  endfacet
  facet normal 0.0789675 -0.0368222 0.996197
    outer loop
      vertex -60.8538 -30.4334 3.01519
      vertex -61.5839 -32.4101 3
      vertex -60.6964 -30.5068 3
    endloop
  endfacet
  facet normal 0.0789675 -0.0368222 0.996197
    outer loop
      vertex -61.5839 -32.4101 3
      vertex -60.8538 -30.4334 3.01519
      vertex -61.7413 -32.3367 3.01519
    endloop
  endfacet
  facet normal 0.234567 -0.109378 0.965927
    outer loop
      vertex -61.7413 -32.3367 3.01519
      vertex -60.8538 -30.4334 3.01519
      vertex -61.8939 -32.2655 3.06031
    endloop
  endfacet
  facet normal 0.23462 -0.109408 0.965911
    outer loop
      vertex -61.0064 -30.3623 3.06031
      vertex -60.8538 -30.4334 3.01519
      vertex -59.9663 -28.5302 3.01519
    endloop
  endfacet
  facet normal 0.23462 -0.109408 0.965911
    outer loop
      vertex -60.8538 -30.4334 3.01519
      vertex -61.0064 -30.3623 3.06031
      vertex -61.8939 -32.2655 3.06031
    endloop
  endfacet
  facet normal 0.382921 -0.178564 0.906359
    outer loop
      vertex -61.1496 -30.2955 3.13397
      vertex -61.8939 -32.2655 3.06031
      vertex -61.0064 -30.3623 3.06031
    endloop
  endfacet
  facet normal 0.382921 -0.178564 0.906359
    outer loop
      vertex -61.8939 -32.2655 3.06031
      vertex -61.1496 -30.2955 3.13397
      vertex -62.0371 -32.1987 3.13397
    endloop
  endfacet
  facet normal 0.519933 -0.242455 0.819076
    outer loop
      vertex -61.279 -30.2352 3.23396
      vertex -62.0371 -32.1987 3.13397
      vertex -61.1496 -30.2955 3.13397
    endloop
  endfacet
  facet normal 0.519933 -0.242455 0.819076
    outer loop
      vertex -62.0371 -32.1987 3.13397
      vertex -61.279 -30.2352 3.23396
      vertex -62.1665 -32.1384 3.23396
    endloop
  endfacet
  facet normal 0.640846 -0.298839 0.707115
    outer loop
      vertex -61.3907 -30.1831 3.35721
      vertex -62.1665 -32.1384 3.23396
      vertex -61.279 -30.2352 3.23396
    endloop
  endfacet
  facet normal 0.640846 -0.298839 0.707115
    outer loop
      vertex -62.1665 -32.1384 3.23396
      vertex -61.3907 -30.1831 3.35721
      vertex -62.2782 -32.0863 3.35721
    endloop
  endfacet
  facet normal 0.74249 -0.346238 0.573435
    outer loop
      vertex -62.2782 -32.0863 3.35721
      vertex -61.3907 -30.1831 3.35721
      vertex -62.3688 -32.0441 3.5
    endloop
  endfacet
  facet normal 0.742394 -0.346175 0.573598
    outer loop
      vertex -61.3907 -30.1831 3.35721
      vertex -61.4813 -30.1408 3.5
      vertex -62.3688 -32.0441 3.5
    endloop
  endfacet
  facet normal 0.821279 -0.382958 0.4229
    outer loop
      vertex -62.3688 -32.0441 3.5
      vertex -61.4813 -30.1408 3.5
      vertex -62.4356 -32.0129 3.65798
    endloop
  endfacet
  facet normal 0.821355 -0.383014 0.422701
    outer loop
      vertex -61.4813 -30.1408 3.5
      vertex -61.5481 -30.1097 3.65798
      vertex -62.4356 -32.0129 3.65798
    endloop
  endfacet
  facet normal 0.875515 -0.408249 0.25847
    outer loop
      vertex -61.5889 -30.0906 3.82635
      vertex -61.5481 -30.1097 3.65798
      vertex -60.6606 -28.2064 3.65798
    endloop
  endfacet
  facet normal 0.875515 -0.408249 0.25847
    outer loop
      vertex -62.4764 -31.9939 3.82635
      vertex -61.5481 -30.1097 3.65798
      vertex -61.5889 -30.0906 3.82635
    endloop
  endfacet
  facet normal 0.875562 -0.408292 0.258243
    outer loop
      vertex -61.5481 -30.1097 3.65798
      vertex -62.4764 -31.9939 3.82635
      vertex -62.4356 -32.0129 3.65798
    endloop
  endfacet
  facet normal 0.902835 -0.420988 0.0875068
    outer loop
      vertex -62.4764 -31.9939 3.82635
      vertex -61.5889 -30.0906 3.82635
      vertex -62.4902 -31.9874 4
    endloop
  endfacet
  facet normal 0.902846 -0.421015 0.0872662
    outer loop
      vertex -61.5889 -30.0906 3.82635
      vertex -61.6027 -30.0842 4
      vertex -62.4902 -31.9874 4
    endloop
  endfacet
  facet normal 0.902827 -0.421006 -0.0875068
    outer loop
      vertex -61.6027 -30.0842 4
      vertex -62.4764 -31.9939 4.17365
      vertex -62.4902 -31.9874 4
    endloop
  endfacet
  facet normal 0.902854 -0.420997 -0.0872662
    outer loop
      vertex -61.5889 -30.0906 4.17365
      vertex -61.6027 -30.0842 4
      vertex -60.7152 -28.1809 4
    endloop
  endfacet
  facet normal 0.902854 -0.420997 -0.0872662
    outer loop
      vertex -61.6027 -30.0842 4
      vertex -61.5889 -30.0906 4.17365
      vertex -62.4764 -31.9939 4.17365
    endloop
  endfacet
  facet normal 0.875515 -0.408249 -0.25847
    outer loop
      vertex -61.5481 -30.1097 4.34202
      vertex -62.4764 -31.9939 4.17365
      vertex -61.5889 -30.0906 4.17365
    endloop
  endfacet
  facet normal 0.875562 -0.408292 -0.258243
    outer loop
      vertex -62.4764 -31.9939 4.17365
      vertex -61.5481 -30.1097 4.34202
      vertex -62.4356 -32.0129 4.34202
    endloop
  endfacet
  facet normal 0.821271 -0.382975 -0.4229
    outer loop
      vertex -61.5481 -30.1097 4.34202
      vertex -62.3688 -32.0441 4.5
      vertex -62.4356 -32.0129 4.34202
    endloop
  endfacet
  facet normal 0.821363 -0.382998 -0.422701
    outer loop
      vertex -61.5481 -30.1097 4.34202
      vertex -61.4813 -30.1408 4.5
      vertex -62.3688 -32.0441 4.5
    endloop
  endfacet
  facet normal 0.742497 -0.346223 -0.573435
    outer loop
      vertex -61.4813 -30.1408 4.5
      vertex -62.2782 -32.0863 4.64279
      vertex -62.3688 -32.0441 4.5
    endloop
  endfacet
  facet normal 0.742387 -0.34619 -0.573598
    outer loop
      vertex -61.4813 -30.1408 4.5
      vertex -61.3907 -30.1831 4.64279
      vertex -62.2782 -32.0863 4.64279
    endloop
  endfacet
  facet normal 0.640846 -0.298839 -0.707115
    outer loop
      vertex -62.1665 -32.1384 4.76604
      vertex -61.3907 -30.1831 4.64279
      vertex -61.279 -30.2352 4.76604
    endloop
  endfacet
  facet normal 0.640846 -0.298839 -0.707115
    outer loop
      vertex -61.3907 -30.1831 4.64279
      vertex -62.1665 -32.1384 4.76604
      vertex -62.2782 -32.0863 4.64279
    endloop
  endfacet
  facet normal 0.519898 -0.242439 -0.819103
    outer loop
      vertex -62.0371 -32.1987 4.86602
      vertex -61.279 -30.2352 4.76604
      vertex -61.1496 -30.2955 4.86602
    endloop
  endfacet
  facet normal 0.519898 -0.242439 -0.819103
    outer loop
      vertex -61.279 -30.2352 4.76604
      vertex -62.0371 -32.1987 4.86602
      vertex -62.1665 -32.1384 4.76604
    endloop
  endfacet
  facet normal 0.382964 -0.178584 -0.906337
    outer loop
      vertex -61.8939 -32.2655 4.93969
      vertex -61.1496 -30.2955 4.86602
      vertex -61.0064 -30.3623 4.93969
    endloop
  endfacet
  facet normal 0.382964 -0.178584 -0.906337
    outer loop
      vertex -61.1496 -30.2955 4.86602
      vertex -61.8939 -32.2655 4.93969
      vertex -62.0371 -32.1987 4.86602
    endloop
  endfacet
  facet normal 0.234565 -0.109382 -0.965927
    outer loop
      vertex -61.0064 -30.3623 4.93969
      vertex -61.7413 -32.3367 4.98481
      vertex -61.8939 -32.2655 4.93969
    endloop
  endfacet
  facet normal 0.234622 -0.109403 -0.965911
    outer loop
      vertex -61.0064 -30.3623 4.93969
      vertex -60.8538 -30.4334 4.98481
      vertex -61.7413 -32.3367 4.98481
    endloop
  endfacet
  facet normal 0.0789675 -0.0368222 -0.996197
    outer loop
      vertex -61.5839 -32.4101 5
      vertex -60.8538 -30.4334 4.98481
      vertex -60.6964 -30.5068 5
    endloop
  endfacet
  facet normal 0.0789675 -0.0368222 -0.996197
    outer loop
      vertex -60.8538 -30.4334 4.98481
      vertex -61.5839 -32.4101 5
      vertex -61.7413 -32.3367 4.98481
    endloop
  endfacet
  facet normal -0.0789668 0.0368238 -0.996197
    outer loop
      vertex -61.4265 -32.4834 4.98481
      vertex -60.6964 -30.5068 5
      vertex -60.539 -30.5802 4.98481
    endloop
  endfacet
  facet normal -0.0789866 0.0368311 -0.996195
    outer loop
      vertex -60.6964 -30.5068 5
      vertex -61.4265 -32.4834 4.98481
      vertex -61.5839 -32.4101 5
    endloop
  endfacet
  facet normal -0.234565 0.109382 -0.965927
    outer loop
      vertex -60.539 -30.5802 4.98481
      vertex -61.2739 -32.5546 4.93969
      vertex -61.4265 -32.4834 4.98481
    endloop
  endfacet
  facet normal -0.234565 0.109382 -0.965927
    outer loop
      vertex -60.3864 -30.6514 4.93969
      vertex -60.539 -30.5802 4.98481
      vertex -59.6515 -28.677 4.98481
    endloop
  endfacet
  facet normal -0.234565 0.109382 -0.965927
    outer loop
      vertex -60.539 -30.5802 4.98481
      vertex -60.3864 -30.6514 4.93969
      vertex -61.2739 -32.5546 4.93969
    endloop
  endfacet
  facet normal -0.383144 0.178668 -0.906244
    outer loop
      vertex -60.3864 -30.6514 4.93969
      vertex -61.1308 -32.6214 4.86602
      vertex -61.2739 -32.5546 4.93969
    endloop
  endfacet
  facet normal -0.383232 0.178699 -0.906201
    outer loop
      vertex -60.3864 -30.6514 4.93969
      vertex -60.2433 -30.7181 4.86602
      vertex -61.1308 -32.6214 4.86602
    endloop
  endfacet
  facet normal -0.519574 0.242288 -0.819353
    outer loop
      vertex -61.0013 -32.6817 4.76604
      vertex -60.2433 -30.7181 4.86602
      vertex -60.1138 -30.7785 4.76604
    endloop
  endfacet
  facet normal -0.519682 0.242325 -0.819274
    outer loop
      vertex -60.2433 -30.7181 4.86602
      vertex -61.0013 -32.6817 4.76604
      vertex -61.1308 -32.6214 4.86602
    endloop
  endfacet
  facet normal -0.640846 0.298839 -0.707115
    outer loop
      vertex -60.1138 -30.7785 4.76604
      vertex -60.8896 -32.7338 4.64279
      vertex -61.0013 -32.6817 4.76604
    endloop
  endfacet
  facet normal -0.640852 0.298826 -0.707115
    outer loop
      vertex -60.0021 -30.8306 4.64279
      vertex -60.1138 -30.7785 4.76604
      vertex -59.2263 -28.8752 4.76604
    endloop
  endfacet
  facet normal -0.640846 0.298839 -0.707115
    outer loop
      vertex -60.1138 -30.7785 4.76604
      vertex -60.0021 -30.8306 4.64279
      vertex -60.8896 -32.7338 4.64279
    endloop
  endfacet
  facet normal -0.742387 0.34619 -0.573598
    outer loop
      vertex -60.0021 -30.8306 4.64279
      vertex -60.799 -32.7761 4.5
      vertex -60.8896 -32.7338 4.64279
    endloop
  endfacet
  facet normal -0.742497 0.346223 -0.573435
    outer loop
      vertex -60.0021 -30.8306 4.64279
      vertex -59.9115 -30.8728 4.5
      vertex -60.799 -32.7761 4.5
    endloop
  endfacet
  facet normal -0.821543 0.383082 -0.422274
    outer loop
      vertex -59.9115 -30.8728 4.5
      vertex -60.7323 -32.8072 4.34202
      vertex -60.799 -32.7761 4.5
    endloop
  endfacet
  facet normal -0.821536 0.383098 -0.422274
    outer loop
      vertex -59.8448 -30.9039 4.34202
      vertex -59.9115 -30.8728 4.5
      vertex -59.024 -28.9696 4.5
    endloop
  endfacet
  facet normal -0.821543 0.383082 -0.422274
    outer loop
      vertex -59.9115 -30.8728 4.5
      vertex -59.8448 -30.9039 4.34202
      vertex -60.7323 -32.8072 4.34202
    endloop
  endfacet
  facet normal -0.875397 0.408194 -0.258955
    outer loop
      vertex -59.8448 -30.9039 4.34202
      vertex -60.6914 -32.8263 4.17365
      vertex -60.7323 -32.8072 4.34202
    endloop
  endfacet
  facet normal -0.875397 0.408194 -0.258955
    outer loop
      vertex -59.8448 -30.9039 4.34202
      vertex -59.8039 -30.923 4.17365
      vertex -60.6914 -32.8263 4.17365
    endloop
  endfacet
  facet normal -0.902846 0.421015 0.0872662
    outer loop
      vertex -58.9026 -29.0262 4
      vertex -58.9164 -29.0198 3.82635
      vertex -59.8039 -30.923 3.82635
    endloop
  endfacet
  facet normal -0.902846 0.421015 0.0872662
    outer loop
      vertex -59.7901 -30.9294 4
      vertex -58.9026 -29.0262 4
      vertex -59.8039 -30.923 3.82635
    endloop
  endfacet
  facet normal -0.902846 0.421015 -0.0872662
    outer loop
      vertex -58.9164 -29.0198 4.17365
      vertex -58.9026 -29.0262 4
      vertex -59.7901 -30.9294 4
    endloop
  endfacet
  facet normal -0.902846 0.421015 -0.0872662
    outer loop
      vertex -58.9164 -29.0198 4.17365
      vertex -59.7901 -30.9294 4
      vertex -59.8039 -30.923 4.17365
    endloop
  endfacet
  facet normal -0.875389 0.408211 -0.258955
    outer loop
      vertex -58.9573 -29.0007 4.34202
      vertex -58.9164 -29.0198 4.17365
      vertex -59.8039 -30.923 4.17365
    endloop
  endfacet
  facet normal -0.875389 0.408211 -0.258955
    outer loop
      vertex -58.9573 -29.0007 4.34202
      vertex -59.8039 -30.923 4.17365
      vertex -59.8448 -30.9039 4.34202
    endloop
  endfacet
  facet normal -0.821536 0.383098 -0.422274
    outer loop
      vertex -59.024 -28.9696 4.5
      vertex -58.9573 -29.0007 4.34202
      vertex -59.8448 -30.9039 4.34202
    endloop
  endfacet
  facet normal -0.742387 0.34619 -0.573598
    outer loop
      vertex -59.1146 -28.9273 4.64279
      vertex -59.024 -28.9696 4.5
      vertex -59.9115 -30.8728 4.5
    endloop
  endfacet
  facet normal -0.742497 0.346223 -0.573435
    outer loop
      vertex -59.1146 -28.9273 4.64279
      vertex -59.9115 -30.8728 4.5
      vertex -60.0021 -30.8306 4.64279
    endloop
  endfacet
  facet normal -0.640852 0.298826 -0.707115
    outer loop
      vertex -59.2263 -28.8752 4.76604
      vertex -59.1146 -28.9273 4.64279
      vertex -60.0021 -30.8306 4.64279
    endloop
  endfacet
  facet normal -0.519682 0.242325 -0.819274
    outer loop
      vertex -60.1138 -30.7785 4.76604
      vertex -59.3558 -28.8149 4.86602
      vertex -59.2263 -28.8752 4.76604
    endloop
  endfacet
  facet normal -0.519574 0.242288 -0.819353
    outer loop
      vertex -59.3558 -28.8149 4.86602
      vertex -60.1138 -30.7785 4.76604
      vertex -60.2433 -30.7181 4.86602
    endloop
  endfacet
  facet normal -0.383144 0.178668 -0.906244
    outer loop
      vertex -59.4989 -28.7481 4.93969
      vertex -59.3558 -28.8149 4.86602
      vertex -60.2433 -30.7181 4.86602
    endloop
  endfacet
  facet normal -0.383232 0.178699 -0.906201
    outer loop
      vertex -59.4989 -28.7481 4.93969
      vertex -60.2433 -30.7181 4.86602
      vertex -60.3864 -30.6514 4.93969
    endloop
  endfacet
  facet normal -0.234622 0.109403 -0.965911
    outer loop
      vertex -59.6515 -28.677 4.98481
      vertex -59.4989 -28.7481 4.93969
      vertex -60.3864 -30.6514 4.93969
    endloop
  endfacet
  facet normal -0.0789668 0.0368238 -0.996197
    outer loop
      vertex -60.539 -30.5802 4.98481
      vertex -59.8089 -28.6036 5
      vertex -59.6515 -28.677 4.98481
    endloop
  endfacet
  facet normal -0.0789668 0.0368238 -0.996197
    outer loop
      vertex -59.8089 -28.6036 5
      vertex -60.539 -30.5802 4.98481
      vertex -60.6964 -30.5068 5
    endloop
  endfacet
  facet normal 0.0789668 -0.0368238 -0.996197
    outer loop
      vertex -59.9663 -28.5302 4.98481
      vertex -59.8089 -28.6036 5
      vertex -60.6964 -30.5068 5
    endloop
  endfacet
  facet normal 0.0789668 -0.0368238 -0.996197
    outer loop
      vertex -59.9663 -28.5302 4.98481
      vertex -60.6964 -30.5068 5
      vertex -60.8538 -30.4334 4.98481
    endloop
  endfacet
  facet normal 0.234565 -0.109382 -0.965927
    outer loop
      vertex -60.1189 -28.459 4.93969
      vertex -59.9663 -28.5302 4.98481
      vertex -60.8538 -30.4334 4.98481
    endloop
  endfacet
  facet normal 0.234622 -0.109403 -0.965911
    outer loop
      vertex -60.1189 -28.459 4.93969
      vertex -60.8538 -30.4334 4.98481
      vertex -61.0064 -30.3623 4.93969
    endloop
  endfacet
  facet normal 0.383052 -0.178615 -0.906294
    outer loop
      vertex -61.0064 -30.3623 4.93969
      vertex -60.2621 -28.3923 4.86602
      vertex -60.1189 -28.459 4.93969
    endloop
  endfacet
  facet normal 0.382964 -0.178584 -0.906337
    outer loop
      vertex -60.2621 -28.3923 4.86602
      vertex -61.0064 -30.3623 4.93969
      vertex -61.1496 -30.2955 4.86602
    endloop
  endfacet
  facet normal 0.519795 -0.242391 -0.819182
    outer loop
      vertex -61.1496 -30.2955 4.86602
      vertex -60.3915 -28.3319 4.76604
      vertex -60.2621 -28.3923 4.86602
    endloop
  endfacet
  facet normal 0.519903 -0.242428 -0.819103
    outer loop
      vertex -60.3915 -28.3319 4.76604
      vertex -61.1496 -30.2955 4.86602
      vertex -61.279 -30.2352 4.76604
    endloop
  endfacet
  facet normal 0.640852 -0.298826 -0.707115
    outer loop
      vertex -61.279 -30.2352 4.76604
      vertex -60.5032 -28.2798 4.64279
      vertex -60.3915 -28.3319 4.76604
    endloop
  endfacet
  facet normal 0.640852 -0.298826 -0.707115
    outer loop
      vertex -60.5032 -28.2798 4.64279
      vertex -61.279 -30.2352 4.76604
      vertex -61.3907 -30.1831 4.64279
    endloop
  endfacet
  facet normal 0.742497 -0.346223 -0.573435
    outer loop
      vertex -60.5938 -28.2376 4.5
      vertex -60.5032 -28.2798 4.64279
      vertex -61.3907 -30.1831 4.64279
    endloop
  endfacet
  facet normal 0.742387 -0.34619 -0.573598
    outer loop
      vertex -60.5938 -28.2376 4.5
      vertex -61.3907 -30.1831 4.64279
      vertex -61.4813 -30.1408 4.5
    endloop
  endfacet
  facet normal 0.821271 -0.382975 -0.4229
    outer loop
      vertex -60.6606 -28.2064 4.34202
      vertex -60.5938 -28.2376 4.5
      vertex -61.4813 -30.1408 4.5
    endloop
  endfacet
  facet normal 0.821363 -0.382998 -0.422701
    outer loop
      vertex -60.6606 -28.2064 4.34202
      vertex -61.4813 -30.1408 4.5
      vertex -61.5481 -30.1097 4.34202
    endloop
  endfacet
  facet normal 0.87557 -0.408274 -0.258243
    outer loop
      vertex -60.7014 -28.1874 4.17365
      vertex -60.6606 -28.2064 4.34202
      vertex -61.5481 -30.1097 4.34202
    endloop
  endfacet
  facet normal 0.875507 -0.408266 -0.25847
    outer loop
      vertex -60.7014 -28.1874 4.17365
      vertex -61.5481 -30.1097 4.34202
      vertex -61.5889 -30.0906 4.17365
    endloop
  endfacet
  facet normal 0.902827 -0.421006 -0.0875068
    outer loop
      vertex -60.7152 -28.1809 4
      vertex -60.7014 -28.1874 4.17365
      vertex -61.5889 -30.0906 4.17365
    endloop
  endfacet
  facet normal 0.902835 -0.420988 0.0875068
    outer loop
      vertex -60.7014 -28.1874 3.82635
      vertex -60.7152 -28.1809 4
      vertex -61.6027 -30.0842 4
    endloop
  endfacet
  facet normal 0.902846 -0.421015 0.0872662
    outer loop
      vertex -61.5889 -30.0906 3.82635
      vertex -60.7014 -28.1874 3.82635
      vertex -61.6027 -30.0842 4
    endloop
  endfacet
  facet normal 0.875562 -0.408292 0.258243
    outer loop
      vertex -60.6606 -28.2064 3.65798
      vertex -60.7014 -28.1874 3.82635
      vertex -61.5889 -30.0906 3.82635
    endloop
  endfacet
  facet normal 0.821279 -0.382958 0.4229
    outer loop
      vertex -60.5938 -28.2376 3.5
      vertex -60.6606 -28.2064 3.65798
      vertex -61.5481 -30.1097 3.65798
    endloop
  endfacet
  facet normal 0.821355 -0.383014 0.422701
    outer loop
      vertex -61.4813 -30.1408 3.5
      vertex -60.5938 -28.2376 3.5
      vertex -61.5481 -30.1097 3.65798
    endloop
  endfacet
  facet normal 0.74249 -0.346238 0.573435
    outer loop
      vertex -60.5032 -28.2798 3.35721
      vertex -60.5938 -28.2376 3.5
      vertex -61.4813 -30.1408 3.5
    endloop
  endfacet
  facet normal 0.742394 -0.346175 0.573598
    outer loop
      vertex -61.3907 -30.1831 3.35721
      vertex -60.5032 -28.2798 3.35721
      vertex -61.4813 -30.1408 3.5
    endloop
  endfacet
  facet normal 0.640852 -0.298826 0.707115
    outer loop
      vertex -60.5032 -28.2798 3.35721
      vertex -61.279 -30.2352 3.23396
      vertex -60.3915 -28.3319 3.23396
    endloop
  endfacet
  facet normal 0.640852 -0.298826 0.707115
    outer loop
      vertex -61.279 -30.2352 3.23396
      vertex -60.5032 -28.2798 3.35721
      vertex -61.3907 -30.1831 3.35721
    endloop
  endfacet
  facet normal 0.51983 -0.242407 0.819156
    outer loop
      vertex -60.3915 -28.3319 3.23396
      vertex -61.1496 -30.2955 3.13397
      vertex -60.2621 -28.3923 3.13397
    endloop
  endfacet
  facet normal 0.519938 -0.242445 0.819076
    outer loop
      vertex -61.1496 -30.2955 3.13397
      vertex -60.3915 -28.3319 3.23396
      vertex -61.279 -30.2352 3.23396
    endloop
  endfacet
  facet normal 0.383009 -0.178595 0.906316
    outer loop
      vertex -60.2621 -28.3923 3.13397
      vertex -61.0064 -30.3623 3.06031
      vertex -60.1189 -28.459 3.06031
    endloop
  endfacet
  facet normal 0.382921 -0.178564 0.906359
    outer loop
      vertex -61.0064 -30.3623 3.06031
      vertex -60.2621 -28.3923 3.13397
      vertex -61.1496 -30.2955 3.13397
    endloop
  endfacet
  facet normal 0.234567 -0.109378 0.965927
    outer loop
      vertex -59.9663 -28.5302 3.01519
      vertex -60.1189 -28.459 3.06031
      vertex -61.0064 -30.3623 3.06031
    endloop
  endfacet
  facet normal 0.0789668 -0.0368238 0.996197
    outer loop
      vertex -59.8089 -28.6036 3
      vertex -59.9663 -28.5302 3.01519
      vertex -60.8538 -30.4334 3.01519
    endloop
  endfacet
  facet normal 0.0789668 -0.0368238 0.996197
    outer loop
      vertex -60.6964 -30.5068 3
      vertex -59.8089 -28.6036 3
      vertex -60.8538 -30.4334 3.01519
    endloop
  endfacet
  facet normal -0.0789668 0.0368238 0.996197
    outer loop
      vertex -59.8089 -28.6036 3
      vertex -60.539 -30.5802 3.01519
      vertex -59.6515 -28.677 3.01519
    endloop
  endfacet
  facet normal -0.0789668 0.0368238 0.996197
    outer loop
      vertex -60.539 -30.5802 3.01519
      vertex -59.8089 -28.6036 3
      vertex -60.6964 -30.5068 3
    endloop
  endfacet
  facet normal -0.23462 0.109408 0.965911
    outer loop
      vertex -59.4989 -28.7481 3.06031
      vertex -59.6515 -28.677 3.01519
      vertex -60.539 -30.5802 3.01519
    endloop
  endfacet
  facet normal -0.234567 0.109378 0.965927
    outer loop
      vertex -60.3864 -30.6514 3.06031
      vertex -59.4989 -28.7481 3.06031
      vertex -60.539 -30.5802 3.01519
    endloop
  endfacet
  facet normal -0.383105 0.17864 0.906266
    outer loop
      vertex -59.3558 -28.8149 3.13397
      vertex -59.4989 -28.7481 3.06031
      vertex -60.3864 -30.6514 3.06031
    endloop
  endfacet
  facet normal -0.519717 0.242341 0.819247
    outer loop
      vertex -59.3558 -28.8149 3.13397
      vertex -60.1138 -30.7785 3.23396
      vertex -59.2263 -28.8752 3.23396
    endloop
  endfacet
  facet normal -0.519609 0.242304 0.819326
    outer loop
      vertex -60.1138 -30.7785 3.23396
      vertex -59.3558 -28.8149 3.13397
      vertex -60.2433 -30.7181 3.13397
    endloop
  endfacet
  facet normal -0.640852 0.298826 0.707115
    outer loop
      vertex -59.1146 -28.9273 3.35721
      vertex -59.2263 -28.8752 3.23396
      vertex -60.1138 -30.7785 3.23396
    endloop
  endfacet
  facet normal -0.742394 0.346175 0.573598
    outer loop
      vertex -59.024 -28.9696 3.5
      vertex -59.1146 -28.9273 3.35721
      vertex -60.0021 -30.8306 3.35721
    endloop
  endfacet
  facet normal -0.821536 0.383098 0.422274
    outer loop
      vertex -58.9573 -29.0007 3.65798
      vertex -59.024 -28.9696 3.5
      vertex -59.9115 -30.8728 3.5
    endloop
  endfacet
  facet normal -0.821536 0.383098 0.422274
    outer loop
      vertex -59.8448 -30.9039 3.65798
      vertex -58.9573 -29.0007 3.65798
      vertex -59.9115 -30.8728 3.5
    endloop
  endfacet
  facet normal -0.875389 0.408211 0.258955
    outer loop
      vertex -58.9164 -29.0198 3.82635
      vertex -58.9573 -29.0007 3.65798
      vertex -59.8448 -30.9039 3.65798
    endloop
  endfacet
  facet normal -0.875389 0.408211 0.258955
    outer loop
      vertex -59.8039 -30.923 3.82635
      vertex -58.9164 -29.0198 3.82635
      vertex -59.8448 -30.9039 3.65798
    endloop
  endfacet
  facet normal -0.902825 0.421005 -0.0875318
    outer loop
      vertex -35.3336 -42.3337 31.1736
      vertex -36.2073 -44.2434 31
      vertex -36.2211 -44.2369 31.1736
    endloop
  endfacet
  facet normal -0.902844 0.421014 -0.0872911
    outer loop
      vertex -35.3198 -42.3401 31
      vertex -35.3336 -42.3337 31.1736
      vertex -34.4461 -40.4305 31.1736
    endloop
  endfacet
  facet normal -0.902853 0.420996 -0.0872911
    outer loop
      vertex -35.3336 -42.3337 31.1736
      vertex -35.3198 -42.3401 31
      vertex -36.2073 -44.2434 31
    endloop
  endfacet
  facet normal -0.902833 0.420987 0.0875318
    outer loop
      vertex -36.2073 -44.2434 31
      vertex -35.3198 -42.3401 31
      vertex -36.2211 -44.2369 30.8264
    endloop
  endfacet
  facet normal -0.902844 0.421014 0.0872911
    outer loop
      vertex -35.3336 -42.3337 30.8264
      vertex -35.3198 -42.3401 31
      vertex -34.4323 -40.4369 31
    endloop
  endfacet
  facet normal -0.902844 0.421014 0.0872911
    outer loop
      vertex -35.3198 -42.3401 31
      vertex -35.3336 -42.3337 30.8264
      vertex -36.2211 -44.2369 30.8264
    endloop
  endfacet
  facet normal -0.875572 0.408297 0.258201
    outer loop
      vertex -36.2211 -44.2369 30.8264
      vertex -35.3336 -42.3337 30.8264
      vertex -36.2619 -44.2179 30.658
    endloop
  endfacet
  facet normal -0.875525 0.408253 0.258427
    outer loop
      vertex -35.3336 -42.3337 30.8264
      vertex -35.3744 -42.3146 30.658
      vertex -36.2619 -44.2179 30.658
    endloop
  endfacet
  facet normal -0.821374 0.383023 0.422657
    outer loop
      vertex -36.3287 -44.1867 30.5
      vertex -35.3744 -42.3146 30.658
      vertex -35.4412 -42.2835 30.5
    endloop
  endfacet
  facet normal -0.821297 0.382967 0.422856
    outer loop
      vertex -35.3744 -42.3146 30.658
      vertex -36.3287 -44.1867 30.5
      vertex -36.2619 -44.2179 30.658
    endloop
  endfacet
  facet normal -0.742411 0.346183 0.573571
    outer loop
      vertex -36.4193 -44.1445 30.3572
      vertex -35.4412 -42.2835 30.5
      vertex -35.5318 -42.2412 30.3572
    endloop
  endfacet
  facet normal -0.742507 0.346246 0.573408
    outer loop
      vertex -35.4412 -42.2835 30.5
      vertex -36.4193 -44.1445 30.3572
      vertex -36.3287 -44.1867 30.5
    endloop
  endfacet
  facet normal -0.640722 0.298766 0.707259
    outer loop
      vertex -36.4193 -44.1445 30.3572
      vertex -35.5318 -42.2412 30.3572
      vertex -36.531 -44.0924 30.234
    endloop
  endfacet
  facet normal -0.640825 0.29883 0.707138
    outer loop
      vertex -35.5318 -42.2412 30.3572
      vertex -35.6435 -42.1892 30.234
      vertex -36.531 -44.0924 30.234
    endloop
  endfacet
  facet normal -0.519865 0.242423 0.819129
    outer loop
      vertex -35.7729 -42.1288 30.134
      vertex -36.531 -44.0924 30.234
      vertex -35.6435 -42.1892 30.234
    endloop
  endfacet
  facet normal -0.519973 0.242461 0.819049
    outer loop
      vertex -36.531 -44.0924 30.234
      vertex -35.7729 -42.1288 30.134
      vertex -36.6604 -44.0321 30.134
    endloop
  endfacet
  facet normal -0.383096 0.178636 0.906271
    outer loop
      vertex -36.6604 -44.0321 30.134
      vertex -35.7729 -42.1288 30.134
      vertex -36.8036 -43.9653 30.0603
    endloop
  endfacet
  facet normal -0.383096 0.178636 0.906271
    outer loop
      vertex -35.7729 -42.1288 30.134
      vertex -35.9161 -42.062 30.0603
      vertex -36.8036 -43.9653 30.0603
    endloop
  endfacet
  facet normal -0.23447 0.109332 0.965956
    outer loop
      vertex -36.8036 -43.9653 30.0603
      vertex -35.9161 -42.062 30.0603
      vertex -36.9562 -43.8941 30.0152
    endloop
  endfacet
  facet normal -0.234523 0.109363 0.965939
    outer loop
      vertex -35.9161 -42.062 30.0603
      vertex -36.0687 -41.9909 30.0152
      vertex -36.9562 -43.8941 30.0152
    endloop
  endfacet
  facet normal -0.0790183 0.0368478 0.996192
    outer loop
      vertex -36.2261 -41.9175 30
      vertex -36.9562 -43.8941 30.0152
      vertex -36.0687 -41.9909 30.0152
    endloop
  endfacet
  facet normal -0.0790183 0.0368478 0.996192
    outer loop
      vertex -36.9562 -43.8941 30.0152
      vertex -36.2261 -41.9175 30
      vertex -37.1136 -43.8207 30
    endloop
  endfacet
  facet normal 0.0790183 -0.0368478 0.996192
    outer loop
      vertex -36.3835 -41.8441 30.0152
      vertex -37.1136 -43.8207 30
      vertex -36.2261 -41.9175 30
    endloop
  endfacet
  facet normal 0.0790382 -0.0368551 0.99619
    outer loop
      vertex -37.1136 -43.8207 30
      vertex -36.3835 -41.8441 30.0152
      vertex -37.271 -43.7474 30.0152
    endloop
  endfacet
  facet normal 0.23447 -0.109332 0.965956
    outer loop
      vertex -37.271 -43.7474 30.0152
      vertex -36.3835 -41.8441 30.0152
      vertex -37.4236 -43.6762 30.0603
    endloop
  endfacet
  facet normal 0.234523 -0.109363 0.965939
    outer loop
      vertex -36.3835 -41.8441 30.0152
      vertex -36.5361 -41.773 30.0603
      vertex -37.4236 -43.6762 30.0603
    endloop
  endfacet
  facet normal 0.383273 -0.178728 0.906178
    outer loop
      vertex -37.4236 -43.6762 30.0603
      vertex -36.5361 -41.773 30.0603
      vertex -37.5667 -43.6094 30.134
    endloop
  endfacet
  facet normal 0.383273 -0.178728 0.906178
    outer loop
      vertex -36.5361 -41.773 30.0603
      vertex -36.6792 -41.7062 30.134
      vertex -37.5667 -43.6094 30.134
    endloop
  endfacet
  facet normal 0.519643 -0.24232 0.8193
    outer loop
      vertex -36.8087 -41.6458 30.234
      vertex -37.5667 -43.6094 30.134
      vertex -36.6792 -41.7062 30.134
    endloop
  endfacet
  facet normal 0.519751 -0.242358 0.81922
    outer loop
      vertex -37.5667 -43.6094 30.134
      vertex -36.8087 -41.6458 30.234
      vertex -37.6962 -43.5491 30.234
    endloop
  endfacet
  facet normal 0.640831 -0.298817 0.707138
    outer loop
      vertex -36.9204 -41.5938 30.3572
      vertex -37.6962 -43.5491 30.234
      vertex -36.8087 -41.6458 30.234
    endloop
  endfacet
  facet normal 0.640716 -0.298778 0.707259
    outer loop
      vertex -37.6962 -43.5491 30.234
      vertex -36.9204 -41.5938 30.3572
      vertex -37.8079 -43.497 30.3572
    endloop
  endfacet
  facet normal 0.742507 -0.346246 0.573408
    outer loop
      vertex -37.8079 -43.497 30.3572
      vertex -36.9204 -41.5938 30.3572
      vertex -37.8985 -43.4548 30.5
    endloop
  endfacet
  facet normal 0.742411 -0.346183 0.573571
    outer loop
      vertex -36.9204 -41.5938 30.3572
      vertex -37.011 -41.5515 30.5
      vertex -37.8985 -43.4548 30.5
    endloop
  endfacet
  facet normal 0.821478 -0.383051 0.422429
    outer loop
      vertex -37.8985 -43.4548 30.5
      vertex -37.011 -41.5515 30.5
      vertex -37.9652 -43.4236 30.658
    endloop
  endfacet
  facet normal 0.821554 -0.383107 0.42223
    outer loop
      vertex -37.0777 -41.5204 30.658
      vertex -37.011 -41.5515 30.5
      vertex -36.1235 -39.6483 30.5
    endloop
  endfacet
  facet normal 0.821554 -0.383107 0.42223
    outer loop
      vertex -37.011 -41.5515 30.5
      vertex -37.0777 -41.5204 30.658
      vertex -37.9652 -43.4236 30.658
    endloop
  endfacet
  facet normal 0.875408 -0.408199 0.258912
    outer loop
      vertex -38.0061 -43.4046 30.8264
      vertex -37.0777 -41.5204 30.658
      vertex -37.1186 -41.5013 30.8264
    endloop
  endfacet
  facet normal 0.875454 -0.408242 0.258686
    outer loop
      vertex -37.0777 -41.5204 30.658
      vertex -38.0061 -43.4046 30.8264
      vertex -37.9652 -43.4236 30.658
    endloop
  endfacet
  facet normal 0.902844 -0.421014 0.0872911
    outer loop
      vertex -38.0199 -43.3981 31
      vertex -37.1186 -41.5013 30.8264
      vertex -37.1324 -41.4949 31
    endloop
  endfacet
  facet normal 0.902833 -0.420987 0.0875318
    outer loop
      vertex -37.1186 -41.5013 30.8264
      vertex -38.0199 -43.3981 31
      vertex -38.0061 -43.4046 30.8264
    endloop
  endfacet
  facet normal 0.902853 -0.420996 -0.0872911
    outer loop
      vertex -37.1186 -41.5013 31.1736
      vertex -37.1324 -41.4949 31
      vertex -36.2449 -39.5916 31
    endloop
  endfacet
  facet normal 0.902844 -0.421014 -0.0872911
    outer loop
      vertex -37.1186 -41.5013 31.1736
      vertex -38.0199 -43.3981 31
      vertex -37.1324 -41.4949 31
    endloop
  endfacet
  facet normal 0.902833 -0.420987 -0.0875318
    outer loop
      vertex -38.0199 -43.3981 31
      vertex -37.1186 -41.5013 31.1736
      vertex -38.0061 -43.4046 31.1736
    endloop
  endfacet
  facet normal 0.875408 -0.408199 -0.258912
    outer loop
      vertex -37.0777 -41.5204 31.342
      vertex -38.0061 -43.4046 31.1736
      vertex -37.1186 -41.5013 31.1736
    endloop
  endfacet
  facet normal 0.875454 -0.408242 -0.258686
    outer loop
      vertex -38.0061 -43.4046 31.1736
      vertex -37.0777 -41.5204 31.342
      vertex -37.9652 -43.4236 31.342
    endloop
  endfacet
  facet normal 0.82147 -0.383068 -0.422429
    outer loop
      vertex -37.0777 -41.5204 31.342
      vertex -37.8985 -43.4548 31.5
      vertex -37.9652 -43.4236 31.342
    endloop
  endfacet
  facet normal 0.821578 -0.383055 -0.42223
    outer loop
      vertex -37.011 -41.5515 31.5
      vertex -37.0777 -41.5204 31.342
      vertex -36.1903 -39.6171 31.342
    endloop
  endfacet
  facet normal 0.821562 -0.38309 -0.42223
    outer loop
      vertex -37.0777 -41.5204 31.342
      vertex -37.011 -41.5515 31.5
      vertex -37.8985 -43.4548 31.5
    endloop
  endfacet
  facet normal 0.742514 -0.346231 -0.573408
    outer loop
      vertex -37.011 -41.5515 31.5
      vertex -37.8079 -43.497 31.6428
      vertex -37.8985 -43.4548 31.5
    endloop
  endfacet
  facet normal 0.742404 -0.346198 -0.573571
    outer loop
      vertex -37.011 -41.5515 31.5
      vertex -36.9204 -41.5938 31.6428
      vertex -37.8079 -43.497 31.6428
    endloop
  endfacet
  facet normal 0.640831 -0.298817 -0.707138
    outer loop
      vertex -37.6962 -43.5491 31.766
      vertex -36.9204 -41.5938 31.6428
      vertex -36.8087 -41.6458 31.766
    endloop
  endfacet
  facet normal 0.640716 -0.298778 -0.707259
    outer loop
      vertex -36.9204 -41.5938 31.6428
      vertex -37.6962 -43.5491 31.766
      vertex -37.8079 -43.497 31.6428
    endloop
  endfacet
  facet normal 0.519643 -0.24232 -0.8193
    outer loop
      vertex -37.5667 -43.6094 31.866
      vertex -36.8087 -41.6458 31.766
      vertex -36.6792 -41.7062 31.866
    endloop
  endfacet
  facet normal 0.519751 -0.242358 -0.81922
    outer loop
      vertex -36.8087 -41.6458 31.766
      vertex -37.5667 -43.6094 31.866
      vertex -37.6962 -43.5491 31.766
    endloop
  endfacet
  facet normal 0.383273 -0.178728 -0.906178
    outer loop
      vertex -36.6792 -41.7062 31.866
      vertex -37.4236 -43.6762 31.9397
      vertex -37.5667 -43.6094 31.866
    endloop
  endfacet
  facet normal 0.383273 -0.178728 -0.906178
    outer loop
      vertex -36.6792 -41.7062 31.866
      vertex -36.5361 -41.773 31.9397
      vertex -37.4236 -43.6762 31.9397
    endloop
  endfacet
  facet normal 0.234468 -0.109337 -0.965956
    outer loop
      vertex -36.5361 -41.773 31.9397
      vertex -37.271 -43.7474 31.9848
      vertex -37.4236 -43.6762 31.9397
    endloop
  endfacet
  facet normal 0.234525 -0.109358 -0.965939
    outer loop
      vertex -36.3835 -41.8441 31.9848
      vertex -36.5361 -41.773 31.9397
      vertex -35.6486 -39.8697 31.9397
    endloop
  endfacet
  facet normal 0.234525 -0.109358 -0.965939
    outer loop
      vertex -36.5361 -41.773 31.9397
      vertex -36.3835 -41.8441 31.9848
      vertex -37.271 -43.7474 31.9848
    endloop
  endfacet
  facet normal 0.0790183 -0.0368478 -0.996192
    outer loop
      vertex -37.1136 -43.8207 32
      vertex -36.3835 -41.8441 31.9848
      vertex -36.2261 -41.9175 32
    endloop
  endfacet
  facet normal 0.0790382 -0.0368551 -0.99619
    outer loop
      vertex -36.3835 -41.8441 31.9848
      vertex -37.1136 -43.8207 32
      vertex -37.271 -43.7474 31.9848
    endloop
  endfacet
  facet normal -0.0790183 0.0368478 -0.996192
    outer loop
      vertex -36.9562 -43.8941 31.9848
      vertex -36.2261 -41.9175 32
      vertex -36.0687 -41.9909 31.9848
    endloop
  endfacet
  facet normal -0.0790183 0.0368478 -0.996192
    outer loop
      vertex -36.2261 -41.9175 32
      vertex -36.9562 -43.8941 31.9848
      vertex -37.1136 -43.8207 32
    endloop
  endfacet
  facet normal -0.234468 0.109337 -0.965956
    outer loop
      vertex -36.0687 -41.9909 31.9848
      vertex -36.8036 -43.9653 31.9397
      vertex -36.9562 -43.8941 31.9848
    endloop
  endfacet
  facet normal -0.234525 0.109358 -0.965939
    outer loop
      vertex -35.9161 -42.062 31.9397
      vertex -36.0687 -41.9909 31.9848
      vertex -35.1812 -40.0876 31.9848
    endloop
  endfacet
  facet normal -0.234525 0.109358 -0.965939
    outer loop
      vertex -36.0687 -41.9909 31.9848
      vertex -35.9161 -42.062 31.9397
      vertex -36.8036 -43.9653 31.9397
    endloop
  endfacet
  facet normal -0.383096 0.178636 -0.906271
    outer loop
      vertex -35.9161 -42.062 31.9397
      vertex -36.6604 -44.0321 31.866
      vertex -36.8036 -43.9653 31.9397
    endloop
  endfacet
  facet normal -0.383092 0.178643 -0.906271
    outer loop
      vertex -35.7729 -42.1288 31.866
      vertex -35.9161 -42.062 31.9397
      vertex -35.0286 -40.1588 31.9397
    endloop
  endfacet
  facet normal -0.383096 0.178636 -0.906271
    outer loop
      vertex -35.9161 -42.062 31.9397
      vertex -35.7729 -42.1288 31.866
      vertex -36.6604 -44.0321 31.866
    endloop
  endfacet
  facet normal -0.519865 0.242423 -0.819129
    outer loop
      vertex -36.531 -44.0924 31.766
      vertex -35.7729 -42.1288 31.866
      vertex -35.6435 -42.1892 31.766
    endloop
  endfacet
  facet normal -0.519973 0.242461 -0.819049
    outer loop
      vertex -35.7729 -42.1288 31.866
      vertex -36.531 -44.0924 31.766
      vertex -36.6604 -44.0321 31.866
    endloop
  endfacet
  facet normal -0.640716 0.298778 -0.707259
    outer loop
      vertex -35.6435 -42.1892 31.766
      vertex -36.4193 -44.1445 31.6428
      vertex -36.531 -44.0924 31.766
    endloop
  endfacet
  facet normal -0.640831 0.298817 -0.707138
    outer loop
      vertex -35.6435 -42.1892 31.766
      vertex -35.5318 -42.2412 31.6428
      vertex -36.4193 -44.1445 31.6428
    endloop
  endfacet
  facet normal -0.742411 0.346183 -0.573571
    outer loop
      vertex -35.4412 -42.2835 31.5
      vertex -36.4193 -44.1445 31.6428
      vertex -35.5318 -42.2412 31.6428
    endloop
  endfacet
  facet normal -0.742507 0.346246 -0.573408
    outer loop
      vertex -36.4193 -44.1445 31.6428
      vertex -35.4412 -42.2835 31.5
      vertex -36.3287 -44.1867 31.5
    endloop
  endfacet
  facet normal -0.821374 0.383023 -0.422657
    outer loop
      vertex -35.3744 -42.3146 31.342
      vertex -36.3287 -44.1867 31.5
      vertex -35.4412 -42.2835 31.5
    endloop
  endfacet
  facet normal -0.821297 0.382967 -0.422856
    outer loop
      vertex -36.3287 -44.1867 31.5
      vertex -35.3744 -42.3146 31.342
      vertex -36.2619 -44.2179 31.342
    endloop
  endfacet
  facet normal -0.87558 0.408279 -0.258201
    outer loop
      vertex -35.3744 -42.3146 31.342
      vertex -36.2211 -44.2369 31.1736
      vertex -36.2619 -44.2179 31.342
    endloop
  endfacet
  facet normal -0.875517 0.408271 -0.258427
    outer loop
      vertex -35.3744 -42.3146 31.342
      vertex -35.3336 -42.3337 31.1736
      vertex -36.2211 -44.2369 31.1736
    endloop
  endfacet
  facet normal -0.902844 0.421014 0.0872911
    outer loop
      vertex -34.4323 -40.4369 31
      vertex -34.4461 -40.4305 30.8264
      vertex -35.3336 -42.3337 30.8264
    endloop
  endfacet
  facet normal -0.902844 0.421014 -0.0872911
    outer loop
      vertex -34.4461 -40.4305 31.1736
      vertex -34.4323 -40.4369 31
      vertex -35.3198 -42.3401 31
    endloop
  endfacet
  facet normal -0.875517 0.408271 -0.258427
    outer loop
      vertex -34.4869 -40.4114 31.342
      vertex -34.4461 -40.4305 31.1736
      vertex -35.3336 -42.3337 31.1736
    endloop
  endfacet
  facet normal -0.875517 0.408271 -0.258427
    outer loop
      vertex -34.4869 -40.4114 31.342
      vertex -35.3336 -42.3337 31.1736
      vertex -35.3744 -42.3146 31.342
    endloop
  endfacet
  facet normal -0.821374 0.383023 -0.422657
    outer loop
      vertex -34.5537 -40.3803 31.5
      vertex -34.4869 -40.4114 31.342
      vertex -35.3744 -42.3146 31.342
    endloop
  endfacet
  facet normal -0.821374 0.383023 -0.422657
    outer loop
      vertex -34.5537 -40.3803 31.5
      vertex -35.3744 -42.3146 31.342
      vertex -35.4412 -42.2835 31.5
    endloop
  endfacet
  facet normal -0.742404 0.346198 -0.573571
    outer loop
      vertex -34.6443 -40.338 31.6428
      vertex -34.5537 -40.3803 31.5
      vertex -35.4412 -42.2835 31.5
    endloop
  endfacet
  facet normal -0.742404 0.346198 -0.573571
    outer loop
      vertex -34.6443 -40.338 31.6428
      vertex -35.4412 -42.2835 31.5
      vertex -35.5318 -42.2412 31.6428
    endloop
  endfacet
  facet normal -0.640716 0.298778 -0.707259
    outer loop
      vertex -34.756 -40.2859 31.766
      vertex -34.6443 -40.338 31.6428
      vertex -35.5318 -42.2412 31.6428
    endloop
  endfacet
  facet normal -0.640831 0.298817 -0.707138
    outer loop
      vertex -34.756 -40.2859 31.766
      vertex -35.5318 -42.2412 31.6428
      vertex -35.6435 -42.1892 31.766
    endloop
  endfacet
  facet normal -0.519973 0.242461 -0.819049
    outer loop
      vertex -35.6435 -42.1892 31.766
      vertex -34.8854 -40.2256 31.866
      vertex -34.756 -40.2859 31.766
    endloop
  endfacet
  facet normal -0.519865 0.242423 -0.819129
    outer loop
      vertex -34.8854 -40.2256 31.866
      vertex -35.6435 -42.1892 31.766
      vertex -35.7729 -42.1288 31.866
    endloop
  endfacet
  facet normal -0.383092 0.178643 -0.906271
    outer loop
      vertex -35.0286 -40.1588 31.9397
      vertex -34.8854 -40.2256 31.866
      vertex -35.7729 -42.1288 31.866
    endloop
  endfacet
  facet normal -0.234468 0.109337 -0.965956
    outer loop
      vertex -35.1812 -40.0876 31.9848
      vertex -35.0286 -40.1588 31.9397
      vertex -35.9161 -42.062 31.9397
    endloop
  endfacet
  facet normal -0.0790382 0.0368551 -0.99619
    outer loop
      vertex -36.0687 -41.9909 31.9848
      vertex -35.3386 -40.0143 32
      vertex -35.1812 -40.0876 31.9848
    endloop
  endfacet
  facet normal -0.0790183 0.0368478 -0.996192
    outer loop
      vertex -35.3386 -40.0143 32
      vertex -36.0687 -41.9909 31.9848
      vertex -36.2261 -41.9175 32
    endloop
  endfacet
  facet normal 0.0790183 -0.0368478 -0.996192
    outer loop
      vertex -35.496 -39.9409 31.9848
      vertex -35.3386 -40.0143 32
      vertex -36.2261 -41.9175 32
    endloop
  endfacet
  facet normal 0.0790183 -0.0368478 -0.996192
    outer loop
      vertex -35.496 -39.9409 31.9848
      vertex -36.2261 -41.9175 32
      vertex -36.3835 -41.8441 31.9848
    endloop
  endfacet
  facet normal 0.234468 -0.109337 -0.965956
    outer loop
      vertex -35.6486 -39.8697 31.9397
      vertex -35.496 -39.9409 31.9848
      vertex -36.3835 -41.8441 31.9848
    endloop
  endfacet
  facet normal 0.383096 -0.178636 -0.906271
    outer loop
      vertex -36.5361 -41.773 31.9397
      vertex -35.7918 -39.8029 31.866
      vertex -35.6486 -39.8697 31.9397
    endloop
  endfacet
  facet normal 0.383284 -0.178703 -0.906178
    outer loop
      vertex -35.7918 -39.8029 31.866
      vertex -36.5361 -41.773 31.9397
      vertex -36.6792 -41.7062 31.866
    endloop
  endfacet
  facet normal 0.519983 -0.242438 -0.819049
    outer loop
      vertex -36.6792 -41.7062 31.866
      vertex -35.9212 -39.7426 31.766
      vertex -35.7918 -39.8029 31.866
    endloop
  endfacet
  facet normal 0.519643 -0.24232 -0.8193
    outer loop
      vertex -35.9212 -39.7426 31.766
      vertex -36.6792 -41.7062 31.866
      vertex -36.8087 -41.6458 31.766
    endloop
  endfacet
  facet normal 0.640716 -0.298778 -0.707259
    outer loop
      vertex -36.0329 -39.6905 31.6428
      vertex -35.9212 -39.7426 31.766
      vertex -36.8087 -41.6458 31.766
    endloop
  endfacet
  facet normal 0.640831 -0.298817 -0.707138
    outer loop
      vertex -36.0329 -39.6905 31.6428
      vertex -36.8087 -41.6458 31.766
      vertex -36.9204 -41.5938 31.6428
    endloop
  endfacet
  facet normal 0.742507 -0.346246 -0.573408
    outer loop
      vertex -36.0329 -39.6905 31.6428
      vertex -37.011 -41.5515 31.5
      vertex -36.1235 -39.6483 31.5
    endloop
  endfacet
  facet normal 0.742411 -0.346183 -0.573571
    outer loop
      vertex -37.011 -41.5515 31.5
      vertex -36.0329 -39.6905 31.6428
      vertex -36.9204 -41.5938 31.6428
    endloop
  endfacet
  facet normal 0.82129 -0.382984 -0.422856
    outer loop
      vertex -36.1903 -39.6171 31.342
      vertex -36.1235 -39.6483 31.5
      vertex -37.011 -41.5515 31.5
    endloop
  endfacet
  facet normal 0.875598 -0.408241 -0.258201
    outer loop
      vertex -36.2311 -39.5981 31.1736
      vertex -36.1903 -39.6171 31.342
      vertex -37.0777 -41.5204 31.342
    endloop
  endfacet
  facet normal 0.875399 -0.408216 -0.258912
    outer loop
      vertex -36.2311 -39.5981 31.1736
      vertex -37.0777 -41.5204 31.342
      vertex -37.1186 -41.5013 31.1736
    endloop
  endfacet
  facet normal 0.902825 -0.421005 -0.0875318
    outer loop
      vertex -36.2449 -39.5916 31
      vertex -36.2311 -39.5981 31.1736
      vertex -37.1186 -41.5013 31.1736
    endloop
  endfacet
  facet normal 0.902833 -0.420987 0.0875318
    outer loop
      vertex -36.2311 -39.5981 30.8264
      vertex -36.2449 -39.5916 31
      vertex -37.1324 -41.4949 31
    endloop
  endfacet
  facet normal 0.902844 -0.421014 0.0872911
    outer loop
      vertex -37.1186 -41.5013 30.8264
      vertex -36.2311 -39.5981 30.8264
      vertex -37.1324 -41.4949 31
    endloop
  endfacet
  facet normal 0.875572 -0.408297 0.258201
    outer loop
      vertex -36.1903 -39.6171 30.658
      vertex -36.2311 -39.5981 30.8264
      vertex -37.1186 -41.5013 30.8264
    endloop
  endfacet
  facet normal 0.875425 -0.408161 0.258912
    outer loop
      vertex -37.0777 -41.5204 30.658
      vertex -36.1903 -39.6171 30.658
      vertex -37.1186 -41.5013 30.8264
    endloop
  endfacet
  facet normal 0.821314 -0.382932 0.422856
    outer loop
      vertex -36.1235 -39.6483 30.5
      vertex -36.1903 -39.6171 30.658
      vertex -37.0777 -41.5204 30.658
    endloop
  endfacet
  facet normal 0.742507 -0.346246 0.573408
    outer loop
      vertex -37.011 -41.5515 30.5
      vertex -36.0329 -39.6905 30.3572
      vertex -36.1235 -39.6483 30.5
    endloop
  endfacet
  facet normal 0.742411 -0.346183 0.573571
    outer loop
      vertex -36.0329 -39.6905 30.3572
      vertex -37.011 -41.5515 30.5
      vertex -36.9204 -41.5938 30.3572
    endloop
  endfacet
  facet normal 0.640722 -0.298766 0.707259
    outer loop
      vertex -35.9212 -39.7426 30.234
      vertex -36.0329 -39.6905 30.3572
      vertex -36.9204 -41.5938 30.3572
    endloop
  endfacet
  facet normal 0.640825 -0.29883 0.707138
    outer loop
      vertex -36.8087 -41.6458 30.234
      vertex -35.9212 -39.7426 30.234
      vertex -36.9204 -41.5938 30.3572
    endloop
  endfacet
  facet normal 0.519983 -0.242438 0.819049
    outer loop
      vertex -35.9212 -39.7426 30.234
      vertex -36.6792 -41.7062 30.134
      vertex -35.7918 -39.8029 30.134
    endloop
  endfacet
  facet normal 0.519643 -0.24232 0.8193
    outer loop
      vertex -36.6792 -41.7062 30.134
      vertex -35.9212 -39.7426 30.234
      vertex -36.8087 -41.6458 30.234
    endloop
  endfacet
  facet normal 0.383096 -0.178636 0.906271
    outer loop
      vertex -35.7918 -39.8029 30.134
      vertex -36.5361 -41.773 30.0603
      vertex -35.6486 -39.8697 30.0603
    endloop
  endfacet
  facet normal 0.383284 -0.178703 0.906178
    outer loop
      vertex -36.5361 -41.773 30.0603
      vertex -35.7918 -39.8029 30.134
      vertex -36.6792 -41.7062 30.134
    endloop
  endfacet
  facet normal 0.23447 -0.109332 0.965956
    outer loop
      vertex -35.496 -39.9409 30.0152
      vertex -35.6486 -39.8697 30.0603
      vertex -36.5361 -41.773 30.0603
    endloop
  endfacet
  facet normal 0.234523 -0.109363 0.965939
    outer loop
      vertex -36.3835 -41.8441 30.0152
      vertex -35.496 -39.9409 30.0152
      vertex -36.5361 -41.773 30.0603
    endloop
  endfacet
  facet normal 0.0790183 -0.0368478 0.996192
    outer loop
      vertex -35.3386 -40.0143 30
      vertex -35.496 -39.9409 30.0152
      vertex -36.3835 -41.8441 30.0152
    endloop
  endfacet
  facet normal 0.0790183 -0.0368478 0.996192
    outer loop
      vertex -36.2261 -41.9175 30
      vertex -35.3386 -40.0143 30
      vertex -36.3835 -41.8441 30.0152
    endloop
  endfacet
  facet normal -0.0790382 0.0368551 0.99619
    outer loop
      vertex -35.3386 -40.0143 30
      vertex -36.0687 -41.9909 30.0152
      vertex -35.1812 -40.0876 30.0152
    endloop
  endfacet
  facet normal -0.0790183 0.0368478 0.996192
    outer loop
      vertex -36.0687 -41.9909 30.0152
      vertex -35.3386 -40.0143 30
      vertex -36.2261 -41.9175 30
    endloop
  endfacet
  facet normal -0.23447 0.109332 0.965956
    outer loop
      vertex -35.0286 -40.1588 30.0603
      vertex -35.1812 -40.0876 30.0152
      vertex -36.0687 -41.9909 30.0152
    endloop
  endfacet
  facet normal -0.234523 0.109363 0.965939
    outer loop
      vertex -35.9161 -42.062 30.0603
      vertex -35.0286 -40.1588 30.0603
      vertex -36.0687 -41.9909 30.0152
    endloop
  endfacet
  facet normal -0.383092 0.178643 0.906271
    outer loop
      vertex -34.8854 -40.2256 30.134
      vertex -35.0286 -40.1588 30.0603
      vertex -35.9161 -42.062 30.0603
    endloop
  endfacet
  facet normal -0.383092 0.178643 0.906271
    outer loop
      vertex -35.7729 -42.1288 30.134
      vertex -34.8854 -40.2256 30.134
      vertex -35.9161 -42.062 30.0603
    endloop
  endfacet
  facet normal -0.519973 0.242461 0.819049
    outer loop
      vertex -34.8854 -40.2256 30.134
      vertex -35.6435 -42.1892 30.234
      vertex -34.756 -40.2859 30.234
    endloop
  endfacet
  facet normal -0.519865 0.242423 0.819129
    outer loop
      vertex -35.6435 -42.1892 30.234
      vertex -34.8854 -40.2256 30.134
      vertex -35.7729 -42.1288 30.134
    endloop
  endfacet
  facet normal -0.640722 0.298766 0.707259
    outer loop
      vertex -34.6443 -40.338 30.3572
      vertex -34.756 -40.2859 30.234
      vertex -35.6435 -42.1892 30.234
    endloop
  endfacet
  facet normal -0.640825 0.29883 0.707138
    outer loop
      vertex -35.5318 -42.2412 30.3572
      vertex -34.6443 -40.338 30.3572
      vertex -35.6435 -42.1892 30.234
    endloop
  endfacet
  facet normal -0.742404 0.346198 0.573571
    outer loop
      vertex -34.5537 -40.3803 30.5
      vertex -34.6443 -40.338 30.3572
      vertex -35.5318 -42.2412 30.3572
    endloop
  endfacet
  facet normal -0.742404 0.346198 0.573571
    outer loop
      vertex -35.4412 -42.2835 30.5
      vertex -34.5537 -40.3803 30.5
      vertex -35.5318 -42.2412 30.3572
    endloop
  endfacet
  facet normal -0.821374 0.383023 0.422657
    outer loop
      vertex -34.4869 -40.4114 30.658
      vertex -34.5537 -40.3803 30.5
      vertex -35.4412 -42.2835 30.5
    endloop
  endfacet
  facet normal -0.821374 0.383023 0.422657
    outer loop
      vertex -35.3744 -42.3146 30.658
      vertex -34.4869 -40.4114 30.658
      vertex -35.4412 -42.2835 30.5
    endloop
  endfacet
  facet normal -0.875517 0.408271 0.258427
    outer loop
      vertex -34.4461 -40.4305 30.8264
      vertex -34.4869 -40.4114 30.658
      vertex -35.3744 -42.3146 30.658
    endloop
  endfacet
  facet normal -0.875517 0.408271 0.258427
    outer loop
      vertex -35.3336 -42.3337 30.8264
      vertex -34.4461 -40.4305 30.8264
      vertex -35.3744 -42.3146 30.658
    endloop
  endfacet
  facet normal -0.420935 -0.907091 0.000502232
    outer loop
      vertex -62.4764 -31.9939 30.8264
      vertex -62.4902 -31.9874 31
      vertex -63.5198 -31.5074 35
    endloop
  endfacet
  facet normal -0.423384 -0.90595 -0.000264886
    outer loop
      vertex -62.4902 -31.9874 31
      vertex -62.4764 -31.9939 31.1736
      vertex -63.5198 -31.5074 35
    endloop
  endfacet
  facet normal -0.422617 -0.906308 8.9149e-06
    outer loop
      vertex -32.4336 -46.0031 0
      vertex -37.4236 -43.6762 3.06031
      vertex -63.5198 -31.5074 0
    endloop
  endfacet
  facet normal -0.422615 -0.906309 -6.32122e-06
    outer loop
      vertex -53.2169 -36.3117 3.05
      vertex -63.5198 -31.5074 0
      vertex -40.4574 -42.2615 3.05
    endloop
  endfacet
  facet normal -0.422622 -0.906306 0
    outer loop
      vertex -40.4574 -42.2615 3.05
      vertex -37.4236 -43.6762 3.06031
      vertex -40.4574 -42.2615 3.69951
    endloop
  endfacet
  facet normal -0.422622 -0.906306 5.91818e-05
    outer loop
      vertex -37.4236 -43.6762 3.06031
      vertex -40.4574 -42.2615 3.05
      vertex -63.5198 -31.5074 0
    endloop
  endfacet
  facet normal -0.422621 -0.906307 1.63208e-05
    outer loop
      vertex -53.2169 -36.3117 3.05
      vertex -56.534 -34.7649 3.05
      vertex -63.5198 -31.5074 0
    endloop
  endfacet
  facet normal -0.422625 -0.906305 0
    outer loop
      vertex -36.4193 -44.1445 4.64279
      vertex -32.4336 -46.0031 35
      vertex -36.4193 -44.1445 30.3572
    endloop
  endfacet
  facet normal -0.422625 -0.906305 -0
    outer loop
      vertex -32.4336 -46.0031 35
      vertex -36.4193 -44.1445 4.64279
      vertex -32.4336 -46.0031 0
    endloop
  endfacet
  facet normal -0.423749 -0.905779 -0.00117504
    outer loop
      vertex -36.3287 -44.1867 4.5
      vertex -32.4336 -46.0031 0
      vertex -36.4193 -44.1445 4.64279
    endloop
  endfacet
  facet normal -0.422617 -0.906308 -8.91493e-06
    outer loop
      vertex -37.4236 -43.6762 31.9397
      vertex -32.4336 -46.0031 35
      vertex -63.5198 -31.5074 35
    endloop
  endfacet
  facet normal -0.423005 -0.906127 0.000760471
    outer loop
      vertex -37.271 -43.7474 31.9848
      vertex -32.4336 -46.0031 35
      vertex -37.4236 -43.6762 31.9397
    endloop
  endfacet
  facet normal -0.422076 -0.90656 -0.0010528
    outer loop
      vertex -37.1136 -43.8207 32
      vertex -32.4336 -46.0031 35
      vertex -37.271 -43.7474 31.9848
    endloop
  endfacet
  facet normal -0.422295 -0.906459 0.000370361
    outer loop
      vertex -36.2073 -44.2434 4
      vertex -32.4336 -46.0031 0
      vertex -36.2211 -44.2369 4.17365
    endloop
  endfacet
  facet normal -0.422889 -0.906181 -0.000312717
    outer loop
      vertex -32.4336 -46.0031 0
      vertex -36.2073 -44.2434 4
      vertex -36.2211 -44.2369 3.82635
    endloop
  endfacet
  facet normal -0.422537 -0.906346 0.000112417
    outer loop
      vertex -32.4336 -46.0031 0
      vertex -36.2211 -44.2369 3.82635
      vertex -36.2619 -44.2179 3.65798
    endloop
  endfacet
  facet normal -0.422785 -0.90623 -0.00020448
    outer loop
      vertex -32.4336 -46.0031 0
      vertex -36.2619 -44.2179 3.65798
      vertex -36.3287 -44.1867 3.5
    endloop
  endfacet
  facet normal -0.422487 -0.906369 0.000199918
    outer loop
      vertex -32.4336 -46.0031 0
      vertex -36.3287 -44.1867 3.5
      vertex -36.4193 -44.1445 3.35721
    endloop
  endfacet
  facet normal -0.422661 -0.906288 -5.16317e-05
    outer loop
      vertex -32.4336 -46.0031 0
      vertex -36.4193 -44.1445 3.35721
      vertex -36.531 -44.0924 3.23396
    endloop
  endfacet
  facet normal -0.422506 -0.90636 0.000187538
    outer loop
      vertex -32.4336 -46.0031 0
      vertex -36.531 -44.0924 3.23396
      vertex -36.6604 -44.0321 3.13397
    endloop
  endfacet
  facet normal -0.422695 -0.906272 -0.00012285
    outer loop
      vertex -32.4336 -46.0031 0
      vertex -36.6604 -44.0321 3.13397
      vertex -36.8036 -43.9653 3.06031
    endloop
  endfacet
  facet normal -0.422762 -0.906241 -0.000239762
    outer loop
      vertex -32.4336 -46.0031 0
      vertex -36.8036 -43.9653 3.06031
      vertex -36.9562 -43.8941 3.01519
    endloop
  endfacet
  facet normal -0.422633 -0.906301 -3.73671e-06
    outer loop
      vertex -32.4336 -46.0031 0
      vertex -36.9562 -43.8941 3.01519
      vertex -37.1136 -43.8207 3
    endloop
  endfacet
  facet normal -0.422076 -0.90656 0.00105267
    outer loop
      vertex -32.4336 -46.0031 0
      vertex -37.1136 -43.8207 3
      vertex -37.271 -43.7474 3.01519
    endloop
  endfacet
  facet normal -0.423005 -0.906127 -0.00076078
    outer loop
      vertex -32.4336 -46.0031 0
      vertex -37.271 -43.7474 3.01519
      vertex -37.4236 -43.6762 3.06031
    endloop
  endfacet
  facet normal -0.422604 -0.906314 0
    outer loop
      vertex -40.4574 -42.2615 3.69951
      vertex -37.5667 -43.6094 3.13397
      vertex -40.4574 -42.2615 3.72914
    endloop
  endfacet
  facet normal -0.422367 -0.906424 0.00147136
    outer loop
      vertex -37.5667 -43.6094 3.13397
      vertex -40.4574 -42.2615 3.69951
      vertex -37.4236 -43.6762 3.06031
    endloop
  endfacet
  facet normal -0.422627 -0.906304 0
    outer loop
      vertex -40.4574 -42.2615 3.72914
      vertex -37.6962 -43.5491 3.23396
      vertex -40.4574 -42.2615 3.77981
    endloop
  endfacet
  facet normal -0.42278 -0.906232 -0.0010425
    outer loop
      vertex -37.6962 -43.5491 3.23396
      vertex -40.4574 -42.2615 3.72914
      vertex -37.5667 -43.6094 3.13397
    endloop
  endfacet
  facet normal -0.422623 -0.906305 0
    outer loop
      vertex -40.4574 -42.2615 3.77981
      vertex -37.8079 -43.497 3.35721
      vertex -40.4574 -42.2615 3.8506
    endloop
  endfacet
  facet normal -0.422609 -0.906312 0.000109012
    outer loop
      vertex -37.8079 -43.497 3.35721
      vertex -40.4574 -42.2615 3.77981
      vertex -37.6962 -43.5491 3.23396
    endloop
  endfacet
  facet normal -0.422637 -0.906299 0
    outer loop
      vertex -40.4574 -42.2615 3.8506
      vertex -37.8985 -43.4548 3.5
      vertex -40.4574 -42.2615 3.93961
    endloop
  endfacet
  facet normal -0.422676 -0.906281 -0.000346082
    outer loop
      vertex -37.8985 -43.4548 3.5
      vertex -40.4574 -42.2615 3.8506
      vertex -37.8079 -43.497 3.35721
    endloop
  endfacet
  facet normal -0.422609 -0.906312 0
    outer loop
      vertex -40.4574 -42.2615 3.93961
      vertex -37.9652 -43.4236 3.65798
      vertex -40.4574 -42.2615 4.04398
    endloop
  endfacet
  facet normal -0.422554 -0.906338 0.000591207
    outer loop
      vertex -37.9652 -43.4236 3.65798
      vertex -40.4574 -42.2615 3.93961
      vertex -37.8985 -43.4548 3.5
    endloop
  endfacet
  facet normal -0.42263 -0.906302 0
    outer loop
      vertex -40.4574 -42.2615 4.04398
      vertex -38.0061 -43.4046 3.82635
      vertex -40.4574 -42.2615 4.15996
    endloop
  endfacet
  facet normal -0.42266 -0.906288 -0.000399681
    outer loop
      vertex -38.0061 -43.4046 3.82635
      vertex -40.4574 -42.2615 4.04398
      vertex -37.9652 -43.4236 3.65798
    endloop
  endfacet
  facet normal -0.422611 -0.906311 0
    outer loop
      vertex -40.4574 -42.2615 4.15996
      vertex -38.0199 -43.3981 4
      vertex -40.4574 -42.2615 4.2831
    endloop
  endfacet
  facet normal -0.422592 -0.90632 0.000341529
    outer loop
      vertex -38.0199 -43.3981 4
      vertex -40.4574 -42.2615 4.15996
      vertex -38.0061 -43.4046 3.82635
    endloop
  endfacet
  facet normal -0.42263 -0.906302 0
    outer loop
      vertex -40.4574 -42.2615 4.2831
      vertex -38.0061 -43.4046 4.17365
      vertex -40.4574 -42.2615 4.40854
    endloop
  endfacet
  facet normal -0.422643 -0.906296 -0.000336632
    outer loop
      vertex -38.0061 -43.4046 4.17365
      vertex -40.4574 -42.2615 4.2831
      vertex -38.0199 -43.3981 4
    endloop
  endfacet
  facet normal -0.42263 -0.906302 0
    outer loop
      vertex -40.4574 -42.2615 4.40854
      vertex -38.0061 -43.4046 4.17365
      vertex -40.4574 -42.2615 7.36422
    endloop
  endfacet
  facet normal -0.422609 -0.906312 0
    outer loop
      vertex -40.4574 -42.2615 7.36422
      vertex -37.9652 -43.4236 4.34202
      vertex -40.4574 -42.2615 7.45219
    endloop
  endfacet
  facet normal -0.422313 -0.90645 0.000297172
    outer loop
      vertex -37.9652 -43.4236 4.34202
      vertex -40.4574 -42.2615 7.36422
      vertex -38.0061 -43.4046 4.17365
    endloop
  endfacet
  facet normal -0.422637 -0.906299 0
    outer loop
      vertex -40.4574 -42.2615 7.45219
      vertex -37.8985 -43.4548 4.5
      vertex -40.4574 -42.2615 7.54647
    endloop
  endfacet
  facet normal -0.422987 -0.906136 -0.00036864
    outer loop
      vertex -37.8985 -43.4548 4.5
      vertex -40.4574 -42.2615 7.45219
      vertex -37.9652 -43.4236 4.34202
    endloop
  endfacet
  facet normal -0.422623 -0.906305 0
    outer loop
      vertex -40.4574 -42.2615 7.54647
      vertex -37.8079 -43.497 4.64279
      vertex -40.4574 -42.2615 7.64234
    endloop
  endfacet
  facet normal -0.422461 -0.906381 0.000180034
    outer loop
      vertex -37.8079 -43.497 4.64279
      vertex -40.4574 -42.2615 7.54647
      vertex -37.8985 -43.4548 4.5
    endloop
  endfacet
  facet normal -0.422627 -0.906304 0
    outer loop
      vertex -40.4574 -42.2615 7.64234
      vertex -37.6962 -43.5491 4.76604
      vertex -40.4574 -42.2615 7.73542
    endloop
  endfacet
  facet normal -0.422666 -0.906285 -4.60265e-05
    outer loop
      vertex -37.6962 -43.5491 4.76604
      vertex -40.4574 -42.2615 7.64234
      vertex -37.8079 -43.497 4.64279
    endloop
  endfacet
  facet normal -0.421731 -0.906721 0
    outer loop
      vertex -40.4574 -42.2615 7.73542
      vertex -40.4359 -42.2715 7.8
      vertex -40.4574 -42.2615 7.8
    endloop
  endfacet
  facet normal -0.422387 -0.906415 0.000265859
    outer loop
      vertex -40.4574 -42.2615 7.73542
      vertex -37.5667 -43.6094 4.86602
      vertex -40.4359 -42.2715 7.8
    endloop
  endfacet
  facet normal -0.422331 -0.906442 0.000334585
    outer loop
      vertex -37.5667 -43.6094 4.86602
      vertex -40.4574 -42.2615 7.73542
      vertex -37.6962 -43.5491 4.76604
    endloop
  endfacet
  facet normal -0.423132 -0.906068 -0.000621598
    outer loop
      vertex -37.5667 -43.6094 4.86602
      vertex -40.3556 -42.309 7.8
      vertex -40.4359 -42.2715 7.8
    endloop
  endfacet
  facet normal -0.42286 -0.906195 -0.000306185
    outer loop
      vertex -40.3556 -42.309 7.8
      vertex -37.5667 -43.6094 4.86602
      vertex -37.4236 -43.6762 4.93969
    endloop
  endfacet
  facet normal -0.422819 -0.906214 -0.000255153
    outer loop
      vertex -37.4236 -43.6762 4.93969
      vertex -40.2808 -42.3439 7.8
      vertex -40.3556 -42.309 7.8
    endloop
  endfacet
  facet normal -0.422772 -0.906236 -0.000198205
    outer loop
      vertex -40.2808 -42.3439 7.8
      vertex -37.4236 -43.6762 4.93969
      vertex -37.271 -43.7474 4.98481
    endloop
  endfacet
  facet normal -0.422734 -0.906254 -0.000148592
    outer loop
      vertex -37.271 -43.7474 4.98481
      vertex -40.2152 -42.3745 7.8
      vertex -40.2808 -42.3439 7.8
    endloop
  endfacet
  facet normal -0.422202 -0.906502 0.000528849
    outer loop
      vertex -40.2152 -42.3745 7.8
      vertex -37.271 -43.7474 4.98481
      vertex -37.1136 -43.8207 5
    endloop
  endfacet
  facet normal -0.421665 -0.906751 0.00125263
    outer loop
      vertex -37.1136 -43.8207 5
      vertex -40.1623 -42.3991 7.8
      vertex -40.2152 -42.3745 7.8
    endloop
  endfacet
  facet normal -0.422636 -0.9063 -3.38705e-05
    outer loop
      vertex -40.1623 -42.3991 7.8
      vertex -37.1136 -43.8207 5
      vertex -36.9562 -43.8941 4.98481
    endloop
  endfacet
  facet normal -0.422097 -0.90655 0.000712535
    outer loop
      vertex -36.9562 -43.8941 4.98481
      vertex -40.1245 -42.4167 7.8
      vertex -40.1623 -42.3991 7.8
    endloop
  endfacet
  facet normal -0.422922 -0.906166 -0.000416405
    outer loop
      vertex -40.1245 -42.4167 7.8
      vertex -36.9562 -43.8941 4.98481
      vertex -36.8036 -43.9653 4.93969
    endloop
  endfacet
  facet normal -0.422627 -0.906304 0
    outer loop
      vertex -36.8036 -43.9653 4.93969
      vertex -36.8036 -43.9653 7.8
      vertex -40.1245 -42.4167 7.8
    endloop
  endfacet
  facet normal -0.422613 -0.90631 0
    outer loop
      vertex -36.8036 -43.9653 27.3
      vertex -36.8036 -43.9653 30.0603
      vertex -40.0084 -42.4709 27.3
    endloop
  endfacet
  facet normal -0.423505 -0.905893 0.00123563
    outer loop
      vertex -40.0084 -42.4709 27.3
      vertex -36.9562 -43.8941 30.0152
      vertex -40.0484 -42.4522 27.3
    endloop
  endfacet
  facet normal -0.422929 -0.906163 0.000446457
    outer loop
      vertex -36.9562 -43.8941 30.0152
      vertex -40.0084 -42.4709 27.3
      vertex -36.8036 -43.9653 30.0603
    endloop
  endfacet
  facet normal -0.422747 -0.906248 0
    outer loop
      vertex -36.8036 -43.9653 4.93969
      vertex -36.6604 -44.0321 7.8
      vertex -36.8036 -43.9653 7.8
    endloop
  endfacet
  facet normal -0.422747 -0.906248 -0
    outer loop
      vertex -36.6604 -44.0321 7.8
      vertex -36.8036 -43.9653 4.93969
      vertex -36.6604 -44.0321 4.86602
    endloop
  endfacet
  facet normal -0.422747 -0.906248 0
    outer loop
      vertex -36.6604 -44.0321 27.3
      vertex -36.8036 -43.9653 30.0603
      vertex -36.8036 -43.9653 27.3
    endloop
  endfacet
  facet normal -0.422747 -0.906248 0
    outer loop
      vertex -36.8036 -43.9653 30.0603
      vertex -36.6604 -44.0321 27.3
      vertex -36.6604 -44.0321 30.134
    endloop
  endfacet
  facet normal -0.421889 -0.906648 -0
    outer loop
      vertex -36.6604 -44.0321 7.8
      vertex -36.6604 -44.0321 4.86602
      vertex -36.6056 -44.0576 7.8
    endloop
  endfacet
  facet normal -0.421889 -0.906648 0
    outer loop
      vertex -36.6056 -44.0576 27.3
      vertex -36.6604 -44.0321 30.134
      vertex -36.6604 -44.0321 27.3
    endloop
  endfacet
  facet normal -0.42238 -0.906419 -1.15433e-05
    outer loop
      vertex -36.6604 -44.0321 30.134
      vertex -36.6056 -44.0576 27.3
      vertex -36.531 -44.0924 30.234
    endloop
  endfacet
  facet normal -0.422752 -0.906245 0
    outer loop
      vertex -36.6056 -44.0576 7.8
      vertex -36.531 -44.0924 30.234
      vertex -36.6056 -44.0576 27.3
    endloop
  endfacet
  facet normal -0.422752 -0.906245 0
    outer loop
      vertex -36.6056 -44.0576 7.8
      vertex -36.531 -44.0924 4.76604
      vertex -36.531 -44.0924 30.234
    endloop
  endfacet
  facet normal -0.42238 -0.906419 1.11556e-05
    outer loop
      vertex -36.531 -44.0924 4.76604
      vertex -36.6056 -44.0576 7.8
      vertex -36.6604 -44.0321 4.86602
    endloop
  endfacet
  facet normal -0.422708 -0.906266 0
    outer loop
      vertex -36.531 -44.0924 4.76604
      vertex -36.4193 -44.1445 30.3572
      vertex -36.531 -44.0924 30.234
    endloop
  endfacet
  facet normal -0.422708 -0.906266 -0
    outer loop
      vertex -36.4193 -44.1445 30.3572
      vertex -36.531 -44.0924 4.76604
      vertex -36.4193 -44.1445 4.64279
    endloop
  endfacet
  facet normal -0.422111 -0.906544 0.000551851
    outer loop
      vertex -36.2619 -44.2179 4.34202
      vertex -32.4336 -46.0031 0
      vertex -36.3287 -44.1867 4.5
    endloop
  endfacet
  facet normal -0.422803 -0.906222 -0.000190893
    outer loop
      vertex -36.2211 -44.2369 4.17365
      vertex -32.4336 -46.0031 0
      vertex -36.2619 -44.2179 4.34202
    endloop
  endfacet
  facet normal -0.422619 -0.906307 -0.000183049
    outer loop
      vertex -60.6776 -32.8327 31
      vertex -58.1305 -34.0204 30.8251
      vertex -60.6914 -32.8263 31.1736
    endloop
  endfacet
  facet normal -0.422609 -0.906312 -0
    outer loop
      vertex -58.1305 -34.0204 30.8251
      vertex -60.6776 -32.8327 31
      vertex -58.1305 -34.0204 30.7042
    endloop
  endfacet
  facet normal -0.422592 -0.90632 0.000180387
    outer loop
      vertex -60.6914 -32.8263 30.8264
      vertex -58.1305 -34.0204 30.7042
      vertex -60.6776 -32.8327 31
    endloop
  endfacet
  facet normal -0.422599 -0.906317 -0
    outer loop
      vertex -58.1305 -34.0204 30.7042
      vertex -60.6914 -32.8263 30.8264
      vertex -58.1305 -34.0204 30.581
    endloop
  endfacet
  facet normal -0.422599 -0.906317 0
    outer loop
      vertex -58.1305 -34.0204 27.4931
      vertex -58.1305 -34.0204 30.581
      vertex -60.6914 -32.8263 30.8264
    endloop
  endfacet
  facet normal -0.422726 -0.906258 -0.000118953
    outer loop
      vertex -60.7323 -32.8072 30.658
      vertex -58.1305 -34.0204 27.4931
      vertex -60.6914 -32.8263 30.8264
    endloop
  endfacet
  facet normal -0.422607 -0.906313 -0
    outer loop
      vertex -58.1305 -34.0204 27.4931
      vertex -60.7323 -32.8072 30.658
      vertex -58.1305 -34.0204 27.411
    endloop
  endfacet
  facet normal -0.4226 -0.906316 6.44007e-06
    outer loop
      vertex -60.799 -32.7761 30.5
      vertex -58.1305 -34.0204 27.411
      vertex -60.7323 -32.8072 30.658
    endloop
  endfacet
  facet normal -0.422607 -0.906313 -0
    outer loop
      vertex -58.1305 -34.0204 27.411
      vertex -60.799 -32.7761 30.5
      vertex -58.1305 -34.0204 27.323
    endloop
  endfacet
  facet normal -0.422796 -0.906225 -0.000196126
    outer loop
      vertex -58.1892 -33.993 27.3
      vertex -60.799 -32.7761 30.5
      vertex -60.8896 -32.7338 30.3572
    endloop
  endfacet
  facet normal -0.42288 -0.906186 -0.000279644
    outer loop
      vertex -60.799 -32.7761 30.5
      vertex -58.1892 -33.993 27.3
      vertex -58.1305 -34.0204 27.323
    endloop
  endfacet
  facet normal -0.42297 -0.906144 -0
    outer loop
      vertex -58.1305 -34.0204 27.323
      vertex -58.1892 -33.993 27.3
      vertex -58.1305 -34.0204 27.3
    endloop
  endfacet
  facet normal -0.422659 -0.906289 -5.41845e-05
    outer loop
      vertex -58.273 -33.9539 27.3
      vertex -60.8896 -32.7338 30.3572
      vertex -61.0013 -32.6817 30.234
    endloop
  endfacet
  facet normal -0.422826 -0.906211 -0.000228787
    outer loop
      vertex -60.8896 -32.7338 30.3572
      vertex -58.273 -33.9539 27.3
      vertex -58.1892 -33.993 27.3
    endloop
  endfacet
  facet normal -0.422331 -0.906442 0.000334113
    outer loop
      vertex -58.3594 -33.9137 27.3
      vertex -61.0013 -32.6817 30.234
      vertex -61.1308 -32.6214 30.134
    endloop
  endfacet
  facet normal -0.421851 -0.906665 0.000859891
    outer loop
      vertex -61.0013 -32.6817 30.234
      vertex -58.3594 -33.9137 27.3
      vertex -58.273 -33.9539 27.3
    endloop
  endfacet
  facet normal -0.42286 -0.906195 -0.000306993
    outer loop
      vertex -58.4444 -33.874 27.3
      vertex -61.1308 -32.6214 30.134
      vertex -61.2739 -32.5546 30.0603
    endloop
  endfacet
  facet normal -0.423177 -0.906047 -0.000673564
    outer loop
      vertex -61.1308 -32.6214 30.134
      vertex -58.4444 -33.874 27.3
      vertex -58.3594 -33.9137 27.3
    endloop
  endfacet
  facet normal -0.422775 -0.906235 -0.000185914
    outer loop
      vertex -58.5236 -33.8371 27.3
      vertex -61.2739 -32.5546 30.0603
      vertex -61.4265 -32.4834 30.0152
    endloop
  endfacet
  facet normal -0.422321 -0.906446 0.000364584
    outer loop
      vertex -61.2739 -32.5546 30.0603
      vertex -58.5236 -33.8371 27.3
      vertex -58.4444 -33.874 27.3
    endloop
  endfacet
  facet normal -0.422204 -0.906501 0.000548016
    outer loop
      vertex -58.5931 -33.8047 27.3
      vertex -61.4265 -32.4834 30.0152
      vertex -61.5839 -32.4101 30
    endloop
  endfacet
  facet normal -0.422528 -0.90635 0.000135395
    outer loop
      vertex -61.4265 -32.4834 30.0152
      vertex -58.5931 -33.8047 27.3
      vertex -58.5236 -33.8371 27.3
    endloop
  endfacet
  facet normal -0.422636 -0.9063 -2.95928e-05
    outer loop
      vertex -58.6491 -33.7786 27.3
      vertex -61.5839 -32.4101 30
      vertex -61.7413 -32.3367 30.0152
    endloop
  endfacet
  facet normal -0.422442 -0.90639 0.000226118
    outer loop
      vertex -61.5839 -32.4101 30
      vertex -58.6491 -33.7786 27.3
      vertex -58.5931 -33.8047 27.3
    endloop
  endfacet
  facet normal -0.422929 -0.906163 -0.000446457
    outer loop
      vertex -58.6891 -33.7599 27.3
      vertex -61.7413 -32.3367 30.0152
      vertex -61.8939 -32.2655 30.0603
    endloop
  endfacet
  facet normal -0.423505 -0.905893 -0.00123563
    outer loop
      vertex -61.7413 -32.3367 30.0152
      vertex -58.6891 -33.7599 27.3
      vertex -58.6491 -33.7786 27.3
    endloop
  endfacet
  facet normal -0.422742 -0.90625 1.19092e-05
    outer loop
      vertex -62.0371 -32.1987 30.134
      vertex -61.9823 -32.2243 27.3
      vertex -61.8939 -32.2655 30.0603
    endloop
  endfacet
  facet normal -0.423247 -0.906014 0
    outer loop
      vertex -62.0371 -32.1987 30.134
      vertex -61.9823 -32.2243 7.8
      vertex -61.9823 -32.2243 27.3
    endloop
  endfacet
  facet normal -0.422436 -0.906393 0
    outer loop
      vertex -61.9823 -32.2243 7.8
      vertex -61.8939 -32.2655 4.93969
      vertex -61.8939 -32.2655 7.8
    endloop
  endfacet
  facet normal -0.422742 -0.90625 -1.14994e-05
    outer loop
      vertex -61.9823 -32.2243 7.8
      vertex -62.0371 -32.1987 4.86602
      vertex -61.8939 -32.2655 4.93969
    endloop
  endfacet
  facet normal -0.423247 -0.906014 0
    outer loop
      vertex -62.0371 -32.1987 4.86602
      vertex -61.9823 -32.2243 7.8
      vertex -62.0371 -32.1987 30.134
    endloop
  endfacet
  facet normal -0.422436 -0.906393 -0
    outer loop
      vertex -61.8939 -32.2655 30.0603
      vertex -61.9823 -32.2243 27.3
      vertex -61.8939 -32.2655 27.3
    endloop
  endfacet
  facet normal -0.422387 -0.906416 0
    outer loop
      vertex -62.1665 -32.1384 30.234
      vertex -62.0371 -32.1987 4.86602
      vertex -62.0371 -32.1987 30.134
    endloop
  endfacet
  facet normal -0.422387 -0.906416 0
    outer loop
      vertex -62.0371 -32.1987 4.86602
      vertex -62.1665 -32.1384 30.234
      vertex -62.1665 -32.1384 4.76604
    endloop
  endfacet
  facet normal -0.422708 -0.906266 0
    outer loop
      vertex -62.2782 -32.0863 30.3572
      vertex -62.1665 -32.1384 4.76604
      vertex -62.1665 -32.1384 30.234
    endloop
  endfacet
  facet normal -0.422708 -0.906266 0
    outer loop
      vertex -62.1665 -32.1384 4.76604
      vertex -62.2782 -32.0863 30.3572
      vertex -62.2782 -32.0863 4.64279
    endloop
  endfacet
  facet normal -0.422228 -0.90649 0
    outer loop
      vertex -62.3688 -32.0441 30.5
      vertex -62.2782 -32.0863 4.64279
      vertex -62.2782 -32.0863 30.3572
    endloop
  endfacet
  facet normal -0.422228 -0.90649 0
    outer loop
      vertex -62.2782 -32.0863 4.64279
      vertex -62.3688 -32.0441 30.5
      vertex -62.3688 -32.0441 4.5
    endloop
  endfacet
  facet normal -0.423182 -0.906044 0
    outer loop
      vertex -62.4356 -32.0129 30.658
      vertex -62.3688 -32.0441 4.5
      vertex -62.3688 -32.0441 30.5
    endloop
  endfacet
  facet normal -0.423182 -0.906044 0
    outer loop
      vertex -62.3688 -32.0441 4.5
      vertex -62.4356 -32.0129 30.658
      vertex -62.4356 -32.0129 4.34202
    endloop
  endfacet
  facet normal -0.422383 -0.906417 6.71975e-05
    outer loop
      vertex -62.4764 -31.9939 31.1736
      vertex -62.4356 -32.0129 31.342
      vertex -63.5198 -31.5074 35
    endloop
  endfacet
  facet normal -0.42293 -0.906162 -0.000130019
    outer loop
      vertex -62.4356 -32.0129 31.342
      vertex -62.3688 -32.0441 31.5
      vertex -63.5198 -31.5074 35
    endloop
  endfacet
  facet normal -0.422357 -0.90643 9.9442e-05
    outer loop
      vertex -62.3688 -32.0441 31.5
      vertex -62.2782 -32.0863 31.6428
      vertex -63.5198 -31.5074 35
    endloop
  endfacet
  facet normal -0.42267 -0.906284 -4.15923e-05
    outer loop
      vertex -62.2782 -32.0863 31.6428
      vertex -62.1665 -32.1384 31.766
      vertex -63.5198 -31.5074 35
    endloop
  endfacet
  facet normal -0.422436 -0.906393 7.75936e-05
    outer loop
      vertex -62.1665 -32.1384 31.766
      vertex -62.0371 -32.1987 31.866
      vertex -63.5198 -31.5074 35
    endloop
  endfacet
  facet normal -0.422712 -0.906264 -8.15219e-05
    outer loop
      vertex -62.0371 -32.1987 31.866
      vertex -61.8939 -32.2655 31.9397
      vertex -63.5198 -31.5074 35
    endloop
  endfacet
  facet normal -0.422789 -0.906228 -0.000130853
    outer loop
      vertex -61.8939 -32.2655 31.9397
      vertex -61.7413 -32.3367 31.9848
      vertex -63.5198 -31.5074 35
    endloop
  endfacet
  facet normal -0.422632 -0.906301 -1.82118e-05
    outer loop
      vertex -61.7413 -32.3367 31.9848
      vertex -61.5839 -32.4101 32
      vertex -63.5198 -31.5074 35
    endloop
  endfacet
  facet normal -0.42213 -0.906535 0.000375718
    outer loop
      vertex -61.5839 -32.4101 32
      vertex -61.4265 -32.4834 31.9848
      vertex -63.5198 -31.5074 35
    endloop
  endfacet
  facet normal -0.422884 -0.906184 -0.000261068
    outer loop
      vertex -61.4265 -32.4834 31.9848
      vertex -61.2739 -32.5546 31.9397
      vertex -63.5198 -31.5074 35
    endloop
  endfacet
  facet normal -0.423231 -0.906022 -0.000571406
    outer loop
      vertex -61.2739 -32.5546 31.9397
      vertex -61.1308 -32.6214 31.866
      vertex -63.5198 -31.5074 35
    endloop
  endfacet
  facet normal -0.421407 -0.906871 0.0011206
    outer loop
      vertex -61.1308 -32.6214 31.866
      vertex -61.0013 -32.6817 31.766
      vertex -63.5198 -31.5074 35
    endloop
  endfacet
  facet normal -0.422622 -0.906306 -3.04092e-05
    outer loop
      vertex -61.0013 -32.6817 31.766
      vertex -58.1305 -34.0204 32.05
      vertex -63.5198 -31.5074 35
    endloop
  endfacet
  facet normal -0.422624 -0.906305 -0
    outer loop
      vertex -58.1305 -34.0204 32.05
      vertex -61.0013 -32.6817 31.766
      vertex -58.1305 -34.0204 31.1985
    endloop
  endfacet
  facet normal -0.422631 -0.906302 -5.14716e-05
    outer loop
      vertex -63.5198 -31.5074 35
      vertex -58.1305 -34.0204 32.05
      vertex -56.763 -34.6581 32.05
    endloop
  endfacet
  facet normal -0.422606 -0.906313 0.000112051
    outer loop
      vertex -60.8896 -32.7338 31.6428
      vertex -58.1305 -34.0204 31.1985
      vertex -61.0013 -32.6817 31.766
    endloop
  endfacet
  facet normal -0.422621 -0.906306 -0
    outer loop
      vertex -58.1305 -34.0204 31.1985
      vertex -60.8896 -32.7338 31.6428
      vertex -58.1305 -34.0204 31.129
    endloop
  endfacet
  facet normal -0.422564 -0.906333 0.000375551
    outer loop
      vertex -60.799 -32.7761 31.5
      vertex -58.1305 -34.0204 31.129
      vertex -60.8896 -32.7338 31.6428
    endloop
  endfacet
  facet normal -0.422607 -0.906313 -0
    outer loop
      vertex -58.1305 -34.0204 31.129
      vertex -60.799 -32.7761 31.5
      vertex -58.1305 -34.0204 31.0416
    endloop
  endfacet
  facet normal -0.422608 -0.906313 -1.03367e-05
    outer loop
      vertex -60.7323 -32.8072 31.342
      vertex -58.1305 -34.0204 31.0416
      vertex -60.799 -32.7761 31.5
    endloop
  endfacet
  facet normal -0.422607 -0.906313 -0
    outer loop
      vertex -58.1305 -34.0204 31.0416
      vertex -60.7323 -32.8072 31.342
      vertex -58.1305 -34.0204 30.939
    endloop
  endfacet
  facet normal -0.422587 -0.906323 0.000160131
    outer loop
      vertex -60.6914 -32.8263 31.1736
      vertex -58.1305 -34.0204 30.939
      vertex -60.7323 -32.8072 31.342
    endloop
  endfacet
  facet normal -0.422599 -0.906317 -0
    outer loop
      vertex -58.1305 -34.0204 30.939
      vertex -60.6914 -32.8263 31.1736
      vertex -58.1305 -34.0204 30.8251
    endloop
  endfacet
  facet normal -0.422599 -0.906317 0
    outer loop
      vertex -60.6914 -32.8263 4.17365
      vertex -58.1305 -34.0204 4.29584
      vertex -58.1305 -34.0204 4.41904
    endloop
  endfacet
  facet normal -0.422592 -0.90632 -0.000180336
    outer loop
      vertex -58.1305 -34.0204 4.29584
      vertex -60.6914 -32.8263 4.17365
      vertex -60.6776 -32.8327 4
    endloop
  endfacet
  facet normal -0.422609 -0.906312 0
    outer loop
      vertex -60.6776 -32.8327 4
      vertex -58.1305 -34.0204 4.17488
      vertex -58.1305 -34.0204 4.29584
    endloop
  endfacet
  facet normal -0.422619 -0.906307 0.000182996
    outer loop
      vertex -58.1305 -34.0204 4.17488
      vertex -60.6776 -32.8327 4
      vertex -60.6914 -32.8263 3.82635
    endloop
  endfacet
  facet normal -0.422599 -0.906317 0
    outer loop
      vertex -60.6914 -32.8263 3.82635
      vertex -58.1305 -34.0204 4.06096
      vertex -58.1305 -34.0204 4.17488
    endloop
  endfacet
  facet normal -0.422587 -0.906323 -0.000160161
    outer loop
      vertex -58.1305 -34.0204 4.06096
      vertex -60.6914 -32.8263 3.82635
      vertex -60.7323 -32.8072 3.65798
    endloop
  endfacet
  facet normal -0.422607 -0.906313 0
    outer loop
      vertex -60.7323 -32.8072 3.65798
      vertex -58.1305 -34.0204 3.95844
      vertex -58.1305 -34.0204 4.06096
    endloop
  endfacet
  facet normal -0.422608 -0.906313 1.03382e-05
    outer loop
      vertex -58.1305 -34.0204 3.95844
      vertex -60.7323 -32.8072 3.65798
      vertex -60.799 -32.7761 3.5
    endloop
  endfacet
  facet normal -0.422607 -0.906313 0
    outer loop
      vertex -60.799 -32.7761 3.5
      vertex -58.1305 -34.0204 3.87101
      vertex -58.1305 -34.0204 3.95844
    endloop
  endfacet
  facet normal -0.422564 -0.906333 -0.000375581
    outer loop
      vertex -58.1305 -34.0204 3.87101
      vertex -60.799 -32.7761 3.5
      vertex -60.8896 -32.7338 3.35721
    endloop
  endfacet
  facet normal -0.422621 -0.906306 0
    outer loop
      vertex -60.8896 -32.7338 3.35721
      vertex -58.1305 -34.0204 3.80148
      vertex -58.1305 -34.0204 3.87101
    endloop
  endfacet
  facet normal -0.422606 -0.906313 -0.000111996
    outer loop
      vertex -58.1305 -34.0204 3.80148
      vertex -60.8896 -32.7338 3.35721
      vertex -61.0013 -32.6817 3.23396
    endloop
  endfacet
  facet normal -0.422624 -0.906305 0
    outer loop
      vertex -61.0013 -32.6817 3.23396
      vertex -58.1305 -34.0204 3.05
      vertex -58.1305 -34.0204 3.80148
    endloop
  endfacet
  facet normal -0.422637 -0.906299 6.13e-05
    outer loop
      vertex -58.1305 -34.0204 3.05
      vertex -63.5198 -31.5074 0
      vertex -56.534 -34.7649 3.05
    endloop
  endfacet
  facet normal -0.422623 -0.906306 3.11956e-05
    outer loop
      vertex -63.5198 -31.5074 0
      vertex -58.1305 -34.0204 3.05
      vertex -61.0013 -32.6817 3.23396
    endloop
  endfacet
  facet normal -0.421407 -0.906871 -0.00112047
    outer loop
      vertex -61.0013 -32.6817 3.23396
      vertex -61.1308 -32.6214 3.13397
      vertex -63.5198 -31.5074 0
    endloop
  endfacet
  facet normal -0.423231 -0.906022 0.000571215
    outer loop
      vertex -61.1308 -32.6214 3.13397
      vertex -61.2739 -32.5546 3.06031
      vertex -63.5198 -31.5074 0
    endloop
  endfacet
  facet normal -0.422884 -0.906184 0.000261099
    outer loop
      vertex -61.2739 -32.5546 3.06031
      vertex -61.4265 -32.4834 3.01519
      vertex -63.5198 -31.5074 0
    endloop
  endfacet
  facet normal -0.42213 -0.906535 -0.000375702
    outer loop
      vertex -61.4265 -32.4834 3.01519
      vertex -61.5839 -32.4101 3
      vertex -63.5198 -31.5074 0
    endloop
  endfacet
  facet normal -0.422632 -0.906301 1.82125e-05
    outer loop
      vertex -61.5839 -32.4101 3
      vertex -61.7413 -32.3367 3.01519
      vertex -63.5198 -31.5074 0
    endloop
  endfacet
  facet normal -0.422789 -0.906228 0.000130845
    outer loop
      vertex -61.7413 -32.3367 3.01519
      vertex -61.8939 -32.2655 3.06031
      vertex -63.5198 -31.5074 0
    endloop
  endfacet
  facet normal -0.422712 -0.906264 8.15312e-05
    outer loop
      vertex -61.8939 -32.2655 3.06031
      vertex -62.0371 -32.1987 3.13397
      vertex -63.5198 -31.5074 0
    endloop
  endfacet
  facet normal -0.422436 -0.906393 -7.75962e-05
    outer loop
      vertex -62.0371 -32.1987 3.13397
      vertex -62.1665 -32.1384 3.23396
      vertex -63.5198 -31.5074 0
    endloop
  endfacet
  facet normal -0.42267 -0.906284 4.15873e-05
    outer loop
      vertex -62.1665 -32.1384 3.23396
      vertex -62.2782 -32.0863 3.35721
      vertex -63.5198 -31.5074 0
    endloop
  endfacet
  facet normal -0.422357 -0.90643 -9.94444e-05
    outer loop
      vertex -62.2782 -32.0863 3.35721
      vertex -62.3688 -32.0441 3.5
      vertex -63.5198 -31.5074 0
    endloop
  endfacet
  facet normal -0.42293 -0.906162 0.000130026
    outer loop
      vertex -62.3688 -32.0441 3.5
      vertex -62.4356 -32.0129 3.65798
      vertex -63.5198 -31.5074 0
    endloop
  endfacet
  facet normal -0.422383 -0.906417 -6.72043e-05
    outer loop
      vertex -62.4356 -32.0129 3.65798
      vertex -62.4764 -31.9939 3.82635
      vertex -63.5198 -31.5074 0
    endloop
  endfacet
  facet normal -0.423383 -0.905951 0.000264828
    outer loop
      vertex -62.4764 -31.9939 3.82635
      vertex -62.4902 -31.9874 4
      vertex -63.5198 -31.5074 0
    endloop
  endfacet
  facet normal -0.420936 -0.90709 -0.000502023
    outer loop
      vertex -62.4902 -31.9874 4
      vertex -62.4764 -31.9939 4.17365
      vertex -63.5198 -31.5074 0
    endloop
  endfacet
  facet normal -0.422586 -0.906323 0
    outer loop
      vertex -63.5198 -31.5074 35
      vertex -62.4764 -31.9939 4.17365
      vertex -62.4764 -31.9939 30.8264
    endloop
  endfacet
  facet normal -0.422586 -0.906323 0
    outer loop
      vertex -62.4764 -31.9939 4.17365
      vertex -63.5198 -31.5074 35
      vertex -63.5198 -31.5074 0
    endloop
  endfacet
  facet normal -0.422156 -0.906523 0
    outer loop
      vertex -62.4764 -31.9939 30.8264
      vertex -62.4356 -32.0129 4.34202
      vertex -62.4356 -32.0129 30.658
    endloop
  endfacet
  facet normal -0.422156 -0.906523 0
    outer loop
      vertex -62.4356 -32.0129 4.34202
      vertex -62.4764 -31.9939 30.8264
      vertex -62.4764 -31.9939 4.17365
    endloop
  endfacet
  facet normal -0.422613 -0.90631 0
    outer loop
      vertex -58.6891 -33.7599 27.3
      vertex -61.8939 -32.2655 30.0603
      vertex -61.8939 -32.2655 27.3
    endloop
  endfacet
  facet normal -0.422627 -0.906304 0
    outer loop
      vertex -58.573 -33.8141 7.8
      vertex -61.8939 -32.2655 7.8
      vertex -61.8939 -32.2655 4.93969
    endloop
  endfacet
  facet normal -0.422097 -0.90655 -0.000712535
    outer loop
      vertex -58.573 -33.8141 7.8
      vertex -61.7413 -32.3367 4.98481
      vertex -58.5352 -33.8317 7.8
    endloop
  endfacet
  facet normal -0.422922 -0.906166 0.000416405
    outer loop
      vertex -61.7413 -32.3367 4.98481
      vertex -58.573 -33.8141 7.8
      vertex -61.8939 -32.2655 4.93969
    endloop
  endfacet
  facet normal -0.421665 -0.906751 -0.00125263
    outer loop
      vertex -58.5352 -33.8317 7.8
      vertex -61.5839 -32.4101 5
      vertex -58.4823 -33.8563 7.8
    endloop
  endfacet
  facet normal -0.422636 -0.9063 3.38705e-05
    outer loop
      vertex -61.5839 -32.4101 5
      vertex -58.5352 -33.8317 7.8
      vertex -61.7413 -32.3367 4.98481
    endloop
  endfacet
  facet normal -0.422202 -0.906502 -0.000528849
    outer loop
      vertex -61.4265 -32.4834 4.98481
      vertex -58.4823 -33.8563 7.8
      vertex -61.5839 -32.4101 5
    endloop
  endfacet
  facet normal -0.422734 -0.906254 0.000148592
    outer loop
      vertex -58.4823 -33.8563 7.8
      vertex -61.4265 -32.4834 4.98481
      vertex -58.4167 -33.8869 7.8
    endloop
  endfacet
  facet normal -0.422772 -0.906236 0.000198205
    outer loop
      vertex -61.2739 -32.5546 4.93969
      vertex -58.4167 -33.8869 7.8
      vertex -61.4265 -32.4834 4.98481
    endloop
  endfacet
  facet normal -0.422819 -0.906214 0.000255153
    outer loop
      vertex -58.4167 -33.8869 7.8
      vertex -61.2739 -32.5546 4.93969
      vertex -58.3419 -33.9218 7.8
    endloop
  endfacet
  facet normal -0.42286 -0.906195 0.000306185
    outer loop
      vertex -61.1308 -32.6214 4.86602
      vertex -58.3419 -33.9218 7.8
      vertex -61.2739 -32.5546 4.93969
    endloop
  endfacet
  facet normal -0.423132 -0.906068 0.000621598
    outer loop
      vertex -58.3419 -33.9218 7.8
      vertex -61.1308 -32.6214 4.86602
      vertex -58.2616 -33.9593 7.8
    endloop
  endfacet
  facet normal -0.42233 -0.906442 -0.000333439
    outer loop
      vertex -61.0013 -32.6817 4.76604
      vertex -58.2616 -33.9593 7.8
      vertex -61.1308 -32.6214 4.86602
    endloop
  endfacet
  facet normal -0.422581 -0.906325 -5.79127e-05
    outer loop
      vertex -58.2616 -33.9593 7.8
      vertex -61.0013 -32.6817 4.76604
      vertex -58.1801 -33.9973 7.8
    endloop
  endfacet
  facet normal -0.422185 -0.90651 0
    outer loop
      vertex -58.1801 -33.9973 7.8
      vertex -58.1305 -34.0204 7.76646
      vertex -58.1305 -34.0204 7.8
    endloop
  endfacet
  facet normal -0.42267 -0.906284 4.22383e-05
    outer loop
      vertex -60.8896 -32.7338 4.64279
      vertex -58.1801 -33.9973 7.8
      vertex -61.0013 -32.6817 4.76604
    endloop
  endfacet
  facet normal -0.422348 -0.906434 -0.000293569
    outer loop
      vertex -58.1801 -33.9973 7.8
      vertex -60.8896 -32.7338 4.64279
      vertex -58.1305 -34.0204 7.76646
    endloop
  endfacet
  facet normal -0.422621 -0.906306 0
    outer loop
      vertex -60.8896 -32.7338 4.64279
      vertex -58.1305 -34.0204 7.677
      vertex -58.1305 -34.0204 7.76646
    endloop
  endfacet
  facet normal -0.422797 -0.906224 0.000195059
    outer loop
      vertex -58.1305 -34.0204 7.677
      vertex -60.8896 -32.7338 4.64279
      vertex -60.799 -32.7761 4.5
    endloop
  endfacet
  facet normal -0.422607 -0.906313 0
    outer loop
      vertex -60.799 -32.7761 4.5
      vertex -58.1305 -34.0204 7.58902
      vertex -58.1305 -34.0204 7.677
    endloop
  endfacet
  facet normal -0.4226 -0.906316 -6.4406e-06
    outer loop
      vertex -58.1305 -34.0204 7.58902
      vertex -60.799 -32.7761 4.5
      vertex -60.7323 -32.8072 4.34202
    endloop
  endfacet
  facet normal -0.422607 -0.906313 0
    outer loop
      vertex -60.7323 -32.8072 4.34202
      vertex -58.1305 -34.0204 7.50692
      vertex -58.1305 -34.0204 7.58902
    endloop
  endfacet
  facet normal -0.422726 -0.906258 0.000118969
    outer loop
      vertex -58.1305 -34.0204 7.50692
      vertex -60.7323 -32.8072 4.34202
      vertex -60.6914 -32.8263 4.17365
    endloop
  endfacet
  facet normal -0.422599 -0.906317 0
    outer loop
      vertex -58.1305 -34.0204 4.41904
      vertex -58.1305 -34.0204 7.50692
      vertex -60.6914 -32.8263 4.17365
    endloop
  endfacet
  facet normal -0.42289 -0.906181 0.0003128
    outer loop
      vertex -36.2073 -44.2434 31
      vertex -32.4336 -46.0031 35
      vertex -36.2211 -44.2369 31.1736
    endloop
  endfacet
  facet normal -0.422295 -0.906459 -0.000370477
    outer loop
      vertex -32.4336 -46.0031 35
      vertex -36.2073 -44.2434 31
      vertex -36.2211 -44.2369 30.8264
    endloop
  endfacet
  facet normal -0.422803 -0.906222 0.000190846
    outer loop
      vertex -32.4336 -46.0031 35
      vertex -36.2211 -44.2369 30.8264
      vertex -36.2619 -44.2179 30.658
    endloop
  endfacet
  facet normal -0.422111 -0.906544 -0.000551714
    outer loop
      vertex -32.4336 -46.0031 35
      vertex -36.2619 -44.2179 30.658
      vertex -36.3287 -44.1867 30.5
    endloop
  endfacet
  facet normal -0.423749 -0.905779 0.00117473
    outer loop
      vertex -32.4336 -46.0031 35
      vertex -36.3287 -44.1867 30.5
      vertex -36.4193 -44.1445 30.3572
    endloop
  endfacet
  facet normal -0.422442 -0.90639 -0.000226118
    outer loop
      vertex -40.0484 -42.4522 27.3
      vertex -37.1136 -43.8207 30
      vertex -40.1044 -42.4261 27.3
    endloop
  endfacet
  facet normal -0.422636 -0.9063 2.95928e-05
    outer loop
      vertex -37.1136 -43.8207 30
      vertex -40.0484 -42.4522 27.3
      vertex -36.9562 -43.8941 30.0152
    endloop
  endfacet
  facet normal -0.422528 -0.90635 -0.000135395
    outer loop
      vertex -40.1044 -42.4261 27.3
      vertex -37.271 -43.7474 30.0152
      vertex -40.1739 -42.3937 27.3
    endloop
  endfacet
  facet normal -0.422204 -0.906501 -0.000548016
    outer loop
      vertex -37.271 -43.7474 30.0152
      vertex -40.1044 -42.4261 27.3
      vertex -37.1136 -43.8207 30
    endloop
  endfacet
  facet normal -0.422321 -0.906446 -0.000364584
    outer loop
      vertex -40.1739 -42.3937 27.3
      vertex -37.4236 -43.6762 30.0603
      vertex -40.2531 -42.3568 27.3
    endloop
  endfacet
  facet normal -0.422775 -0.906235 0.000185914
    outer loop
      vertex -37.4236 -43.6762 30.0603
      vertex -40.1739 -42.3937 27.3
      vertex -37.271 -43.7474 30.0152
    endloop
  endfacet
  facet normal -0.422302 -0.906455 -0.000337009
    outer loop
      vertex -40.2531 -42.3568 27.3
      vertex -37.5667 -43.6094 30.134
      vertex -40.3381 -42.3172 27.3
    endloop
  endfacet
  facet normal -0.42286 -0.906195 0.000306993
    outer loop
      vertex -37.5667 -43.6094 30.134
      vertex -40.2531 -42.3568 27.3
      vertex -37.4236 -43.6762 30.0603
    endloop
  endfacet
  facet normal -0.422713 -0.906264 0.000115867
    outer loop
      vertex -40.3381 -42.3172 27.3
      vertex -37.6962 -43.5491 30.234
      vertex -40.4245 -42.2769 27.3
    endloop
  endfacet
  facet normal -0.422319 -0.906447 -0.000315891
    outer loop
      vertex -37.6962 -43.5491 30.234
      vertex -40.3381 -42.3172 27.3
      vertex -37.5667 -43.6094 30.134
    endloop
  endfacet
  facet normal -0.422666 -0.906285 4.60362e-05
    outer loop
      vertex -40.4574 -42.2615 27.3577
      vertex -37.6962 -43.5491 30.234
      vertex -37.8079 -43.497 30.3572
    endloop
  endfacet
  facet normal -0.42394 -0.90569 0
    outer loop
      vertex -40.4245 -42.2769 27.3
      vertex -40.4574 -42.2615 27.3577
      vertex -40.4574 -42.2615 27.3
    endloop
  endfacet
  facet normal -0.423116 -0.906075 0.000572435
    outer loop
      vertex -40.4574 -42.2615 27.3577
      vertex -40.4245 -42.2769 27.3
      vertex -37.6962 -43.5491 30.234
    endloop
  endfacet
  facet normal -0.422461 -0.906381 -0.000180026
    outer loop
      vertex -40.4574 -42.2615 27.4535
      vertex -37.8079 -43.497 30.3572
      vertex -37.8985 -43.4548 30.5
    endloop
  endfacet
  facet normal -0.422623 -0.906305 0
    outer loop
      vertex -37.8079 -43.497 30.3572
      vertex -40.4574 -42.2615 27.4535
      vertex -40.4574 -42.2615 27.3577
    endloop
  endfacet
  facet normal -0.422987 -0.906136 0.000368608
    outer loop
      vertex -40.4574 -42.2615 27.5478
      vertex -37.8985 -43.4548 30.5
      vertex -37.9652 -43.4236 30.658
    endloop
  endfacet
  facet normal -0.422637 -0.906299 0
    outer loop
      vertex -37.8985 -43.4548 30.5
      vertex -40.4574 -42.2615 27.5478
      vertex -40.4574 -42.2615 27.4535
    endloop
  endfacet
  facet normal -0.422313 -0.90645 -0.000297131
    outer loop
      vertex -40.4574 -42.2615 27.6358
      vertex -37.9652 -43.4236 30.658
      vertex -38.0061 -43.4046 30.8264
    endloop
  endfacet
  facet normal -0.422609 -0.906312 0
    outer loop
      vertex -37.9652 -43.4236 30.658
      vertex -40.4574 -42.2615 27.6358
      vertex -40.4574 -42.2615 27.5478
    endloop
  endfacet
  facet normal -0.42263 -0.906302 0
    outer loop
      vertex -38.0061 -43.4046 30.8264
      vertex -40.4574 -42.2615 30.5915
      vertex -40.4574 -42.2615 27.6358
    endloop
  endfacet
  facet normal -0.422643 -0.906296 0.000336728
    outer loop
      vertex -40.4574 -42.2615 30.7169
      vertex -38.0061 -43.4046 30.8264
      vertex -38.0199 -43.3981 31
    endloop
  endfacet
  facet normal -0.42263 -0.906302 0
    outer loop
      vertex -38.0061 -43.4046 30.8264
      vertex -40.4574 -42.2615 30.7169
      vertex -40.4574 -42.2615 30.5915
    endloop
  endfacet
  facet normal -0.422592 -0.90632 -0.000341628
    outer loop
      vertex -40.4574 -42.2615 30.84
      vertex -38.0199 -43.3981 31
      vertex -38.0061 -43.4046 31.1736
    endloop
  endfacet
  facet normal -0.422611 -0.906311 0
    outer loop
      vertex -38.0199 -43.3981 31
      vertex -40.4574 -42.2615 30.84
      vertex -40.4574 -42.2615 30.7169
    endloop
  endfacet
  facet normal -0.42266 -0.906288 0.000399607
    outer loop
      vertex -40.4574 -42.2615 30.956
      vertex -38.0061 -43.4046 31.1736
      vertex -37.9652 -43.4236 31.342
    endloop
  endfacet
  facet normal -0.42263 -0.906302 0
    outer loop
      vertex -38.0061 -43.4046 31.1736
      vertex -40.4574 -42.2615 30.956
      vertex -40.4574 -42.2615 30.84
    endloop
  endfacet
  facet normal -0.422554 -0.906338 -0.000591125
    outer loop
      vertex -40.4574 -42.2615 31.0604
      vertex -37.9652 -43.4236 31.342
      vertex -37.8985 -43.4548 31.5
    endloop
  endfacet
  facet normal -0.422609 -0.906312 0
    outer loop
      vertex -37.9652 -43.4236 31.342
      vertex -40.4574 -42.2615 31.0604
      vertex -40.4574 -42.2615 30.956
    endloop
  endfacet
  facet normal -0.422676 -0.906281 0.000346055
    outer loop
      vertex -40.4574 -42.2615 31.1494
      vertex -37.8985 -43.4548 31.5
      vertex -37.8079 -43.497 31.6428
    endloop
  endfacet
  facet normal -0.422637 -0.906299 0
    outer loop
      vertex -37.8985 -43.4548 31.5
      vertex -40.4574 -42.2615 31.1494
      vertex -40.4574 -42.2615 31.0604
    endloop
  endfacet
  facet normal -0.422609 -0.906312 -0.000109064
    outer loop
      vertex -40.4574 -42.2615 31.2202
      vertex -37.8079 -43.497 31.6428
      vertex -37.6962 -43.5491 31.766
    endloop
  endfacet
  facet normal -0.422623 -0.906305 0
    outer loop
      vertex -37.8079 -43.497 31.6428
      vertex -40.4574 -42.2615 31.2202
      vertex -40.4574 -42.2615 31.1494
    endloop
  endfacet
  facet normal -0.42278 -0.906232 0.00104232
    outer loop
      vertex -40.4574 -42.2615 31.2709
      vertex -37.6962 -43.5491 31.766
      vertex -37.5667 -43.6094 31.866
    endloop
  endfacet
  facet normal -0.422627 -0.906304 0
    outer loop
      vertex -37.6962 -43.5491 31.766
      vertex -40.4574 -42.2615 31.2709
      vertex -40.4574 -42.2615 31.2202
    endloop
  endfacet
  facet normal -0.422367 -0.906424 -0.00147001
    outer loop
      vertex -40.4574 -42.2615 31.3005
      vertex -37.5667 -43.6094 31.866
      vertex -37.4236 -43.6762 31.9397
    endloop
  endfacet
  facet normal -0.422604 -0.906314 0
    outer loop
      vertex -37.5667 -43.6094 31.866
      vertex -40.4574 -42.2615 31.3005
      vertex -40.4574 -42.2615 31.2709
    endloop
  endfacet
  facet normal -0.422633 -0.906301 3.73639e-06
    outer loop
      vertex -36.9562 -43.8941 31.9848
      vertex -32.4336 -46.0031 35
      vertex -37.1136 -43.8207 32
    endloop
  endfacet
  facet normal -0.422762 -0.906241 0.000239794
    outer loop
      vertex -36.8036 -43.9653 31.9397
      vertex -32.4336 -46.0031 35
      vertex -36.9562 -43.8941 31.9848
    endloop
  endfacet
  facet normal -0.422695 -0.906272 0.000122822
    outer loop
      vertex -36.6604 -44.0321 31.866
      vertex -32.4336 -46.0031 35
      vertex -36.8036 -43.9653 31.9397
    endloop
  endfacet
  facet normal -0.422506 -0.90636 -0.000187527
    outer loop
      vertex -36.531 -44.0924 31.766
      vertex -32.4336 -46.0031 35
      vertex -36.6604 -44.0321 31.866
    endloop
  endfacet
  facet normal -0.422661 -0.906288 5.16436e-05
    outer loop
      vertex -36.4193 -44.1445 31.6428
      vertex -32.4336 -46.0031 35
      vertex -36.531 -44.0924 31.766
    endloop
  endfacet
  facet normal -0.422487 -0.906369 -0.000199909
    outer loop
      vertex -36.3287 -44.1867 31.5
      vertex -32.4336 -46.0031 35
      vertex -36.4193 -44.1445 31.6428
    endloop
  endfacet
  facet normal -0.422785 -0.90623 0.000204461
    outer loop
      vertex -36.2619 -44.2179 31.342
      vertex -32.4336 -46.0031 35
      vertex -36.3287 -44.1867 31.5
    endloop
  endfacet
  facet normal -0.422537 -0.906346 -0.000112401
    outer loop
      vertex -36.2211 -44.2369 31.1736
      vertex -32.4336 -46.0031 35
      vertex -36.2619 -44.2179 31.342
    endloop
  endfacet
  facet normal -0.422606 -0.906314 2.08765e-05
    outer loop
      vertex -56.763 -34.6581 32.05
      vertex -53.5547 -36.1541 32.05
      vertex -63.5198 -31.5074 35
    endloop
  endfacet
  facet normal -0.42262 -0.906307 -3.81839e-05
    outer loop
      vertex -40.4574 -42.2615 32.05
      vertex -63.5198 -31.5074 35
      vertex -53.5547 -36.1541 32.05
    endloop
  endfacet
  facet normal -0.422625 -0.906305 -8.32887e-05
    outer loop
      vertex -40.4574 -42.2615 32.05
      vertex -37.4236 -43.6762 31.9397
      vertex -63.5198 -31.5074 35
    endloop
  endfacet
  facet normal -0.422622 -0.906306 0
    outer loop
      vertex -37.4236 -43.6762 31.9397
      vertex -40.4574 -42.2615 32.05
      vertex -40.4574 -42.2615 31.3005
    endloop
  endfacet
  facet normal -0.382703 0.923871 0
    outer loop
      vertex -12.1838 -22.5761 0
      vertex -14.6447 -23.5955 35
      vertex -12.1838 -22.5761 35
    endloop
  endfacet
  facet normal -0.382703 0.923871 0
    outer loop
      vertex -14.6447 -23.5955 35
      vertex -12.1838 -22.5761 0
      vertex -14.6447 -23.5955 0
    endloop
  endfacet
  facet normal 0 1 -0
    outer loop
      vertex -1 -3.5 3.5
      vertex -3 -3.5 20.6
      vertex -1 -3.5 20.6
    endloop
  endfacet
  facet normal 0 1 0
    outer loop
      vertex -3 -3.5 20.6
      vertex -1 -3.5 3.5
      vertex -3 -3.5 3.5
    endloop
  endfacet
  facet normal 0 0.997577 -0.0695719
    outer loop
      vertex 2 -16.7165 6.06341
      vertex 0 -16.7 6.3
      vertex 2 -16.7 6.3
    endloop
  endfacet
  facet normal 0 0.997577 -0.0695719
    outer loop
      vertex 0 -16.7 6.3
      vertex 2 -16.7165 6.06341
      vertex 0 -16.7165 6.06341
    endloop
  endfacet
  facet normal 0 0.997577 0.0695719
    outer loop
      vertex 2 -16.7 6.3
      vertex 0 -16.7165 6.53659
      vertex 2 -16.7165 6.53659
    endloop
  endfacet
  facet normal 0 0.997577 0.0695719
    outer loop
      vertex 0 -16.7165 6.53659
      vertex 2 -16.7 6.3
      vertex 0 -16.7 6.3
    endloop
  endfacet
  facet normal 0 0.978071 -0.208271
    outer loop
      vertex 2 -16.7659 5.83142
      vertex 0 -16.7165 6.06341
      vertex 2 -16.7165 6.06341
    endloop
  endfacet
  facet normal 0 0.978071 -0.208271
    outer loop
      vertex 0 -16.7165 6.06341
      vertex 2 -16.7659 5.83142
      vertex 0 -16.7659 5.83142
    endloop
  endfacet
  facet normal 0 0.939717 -0.341953
    outer loop
      vertex 2 -16.847 5.60855
      vertex 0 -16.7659 5.83142
      vertex 2 -16.7659 5.83142
    endloop
  endfacet
  facet normal 0 0.939717 -0.341953
    outer loop
      vertex 0 -16.7659 5.83142
      vertex 2 -16.847 5.60855
      vertex 0 -16.847 5.60855
    endloop
  endfacet
  facet normal 0 0.883027 -0.469323
    outer loop
      vertex 2 -16.9583 5.39914
      vertex 0 -16.847 5.60855
      vertex 2 -16.847 5.60855
    endloop
  endfacet
  facet normal 0 0.883027 -0.469323
    outer loop
      vertex 0 -16.847 5.60855
      vertex 2 -16.9583 5.39914
      vertex 0 -16.9583 5.39914
    endloop
  endfacet
  facet normal 0 0.809035 -0.58776
    outer loop
      vertex 2 -17.0977 5.20726
      vertex 0 -16.9583 5.39914
      vertex 2 -16.9583 5.39914
    endloop
  endfacet
  facet normal 0 0.809035 -0.58776
    outer loop
      vertex 0 -16.9583 5.39914
      vertex 2 -17.0977 5.20726
      vertex 0 -17.0977 5.20726
    endloop
  endfacet
  facet normal 0 0.719247 -0.694754
    outer loop
      vertex 2 -17.2625 5.03665
      vertex 0 -17.0977 5.20726
      vertex 2 -17.0977 5.20726
    endloop
  endfacet
  facet normal 0 0.719247 -0.694754
    outer loop
      vertex 0 -17.0977 5.20726
      vertex 2 -17.2625 5.03665
      vertex 0 -17.2625 5.03665
    endloop
  endfacet
  facet normal 0 0.615629 -0.788036
    outer loop
      vertex 0 -17.4494 4.89064
      vertex 2 -17.2625 5.03665
      vertex 2 -17.4494 4.89064
    endloop
  endfacet
  facet normal 0 0.615629 -0.788036
    outer loop
      vertex 2 -17.2625 5.03665
      vertex 0 -17.4494 4.89064
      vertex 0 -17.2625 5.03665
    endloop
  endfacet
  facet normal 0 0.500007 -0.866021
    outer loop
      vertex 0 -17.6548 4.77205
      vertex 2 -17.4494 4.89064
      vertex 2 -17.6548 4.77205
    endloop
  endfacet
  facet normal 0 0.500007 -0.866021
    outer loop
      vertex 2 -17.4494 4.89064
      vertex 0 -17.6548 4.77205
      vertex 0 -17.4494 4.89064
    endloop
  endfacet
  facet normal 0 0.374623 -0.927177
    outer loop
      vertex 0 -17.8747 4.6832
      vertex 2 -17.6548 4.77205
      vertex 2 -17.8747 4.6832
    endloop
  endfacet
  facet normal 0 0.374623 -0.927177
    outer loop
      vertex 2 -17.6548 4.77205
      vertex 0 -17.8747 4.6832
      vertex 0 -17.6548 4.77205
    endloop
  endfacet
  facet normal 0 0.24192 -0.970296
    outer loop
      vertex 0 -18.1048 4.62583
      vertex 2 -17.8747 4.6832
      vertex 2 -18.1048 4.62583
    endloop
  endfacet
  facet normal 0 0.24192 -0.970296
    outer loop
      vertex 2 -17.8747 4.6832
      vertex 0 -18.1048 4.62583
      vertex 0 -17.8747 4.6832
    endloop
  endfacet
  facet normal 0 0.104511 -0.994524
    outer loop
      vertex 0 -18.3407 4.60104
      vertex 2 -18.1048 4.62583
      vertex 2 -18.3407 4.60104
    endloop
  endfacet
  facet normal 0 0.104511 -0.994524
    outer loop
      vertex 2 -18.1048 4.62583
      vertex 0 -18.3407 4.60104
      vertex 0 -18.1048 4.62583
    endloop
  endfacet
  facet normal 0 -0.0348733 -0.999392
    outer loop
      vertex 0 -18.5777 4.60931
      vertex 2 -18.3407 4.60104
      vertex 2 -18.5777 4.60931
    endloop
  endfacet
  facet normal -0 -0.0348733 -0.999392
    outer loop
      vertex 2 -18.3407 4.60104
      vertex 0 -18.5777 4.60931
      vertex 0 -18.3407 4.60104
    endloop
  endfacet
  facet normal 0 -0.173648 -0.984808
    outer loop
      vertex 0 -18.8113 4.6505
      vertex 2 -18.5777 4.60931
      vertex 2 -18.8113 4.6505
    endloop
  endfacet
  facet normal -0 -0.173648 -0.984808
    outer loop
      vertex 2 -18.5777 4.60931
      vertex 0 -18.8113 4.6505
      vertex 0 -18.5777 4.60931
    endloop
  endfacet
  facet normal 0 -0.309096 -0.951031
    outer loop
      vertex 0 -19.0368 4.72379
      vertex 2 -18.8113 4.6505
      vertex 2 -19.0368 4.72379
    endloop
  endfacet
  facet normal -0 -0.309096 -0.951031
    outer loop
      vertex 2 -18.8113 4.6505
      vertex 0 -19.0368 4.72379
      vertex 0 -18.8113 4.6505
    endloop
  endfacet
  facet normal 0 -0.438321 -0.898818
    outer loop
      vertex 0 -19.25 4.82776
      vertex 2 -19.0368 4.72379
      vertex 2 -19.25 4.82776
    endloop
  endfacet
  facet normal -0 -0.438321 -0.898818
    outer loop
      vertex 2 -19.0368 4.72379
      vertex 0 -19.25 4.82776
      vertex 0 -19.0368 4.72379
    endloop
  endfacet
  facet normal 0 -0.559227 -0.829015
    outer loop
      vertex 0 -19.4466 4.96038
      vertex 2 -19.25 4.82776
      vertex 2 -19.4466 4.96038
    endloop
  endfacet
  facet normal -0 -0.559227 -0.829015
    outer loop
      vertex 2 -19.25 4.82776
      vertex 0 -19.4466 4.96038
      vertex 0 -19.25 4.82776
    endloop
  endfacet
  facet normal 0 -0.669035 -0.743231
    outer loop
      vertex 0 -19.6229 5.11908
      vertex 2 -19.4466 4.96038
      vertex 2 -19.6229 5.11908
    endloop
  endfacet
  facet normal -0 -0.669035 -0.743231
    outer loop
      vertex 2 -19.4466 4.96038
      vertex 0 -19.6229 5.11908
      vertex 0 -19.4466 4.96038
    endloop
  endfacet
  facet normal 0 -0.766161 -0.642649
    outer loop
      vertex 0 -19.6229 5.11908
      vertex 2 -19.7753 5.30077
      vertex 0 -19.7753 5.30077
    endloop
  endfacet
  facet normal 0 -0.766161 -0.642649
    outer loop
      vertex 2 -19.7753 5.30077
      vertex 0 -19.6229 5.11908
      vertex 2 -19.6229 5.11908
    endloop
  endfacet
  facet normal 0 -0.84801 -0.52998
    outer loop
      vertex 0 -19.7753 5.30077
      vertex 2 -19.901 5.5019
      vertex 0 -19.901 5.5019
    endloop
  endfacet
  facet normal 0 -0.84801 -0.52998
    outer loop
      vertex 2 -19.901 5.5019
      vertex 0 -19.7753 5.30077
      vertex 2 -19.7753 5.30077
    endloop
  endfacet
  facet normal 0 -0.913495 -0.40685
    outer loop
      vertex 0 -19.901 5.5019
      vertex 2 -19.9975 5.71857
      vertex 0 -19.9975 5.71857
    endloop
  endfacet
  facet normal 0 -0.913495 -0.40685
    outer loop
      vertex 2 -19.9975 5.71857
      vertex 0 -19.901 5.5019
      vertex 2 -19.901 5.5019
    endloop
  endfacet
  facet normal 0 -0.961231 -0.275746
    outer loop
      vertex 0 -19.9975 5.71857
      vertex 2 -20.0629 5.94655
      vertex 0 -20.0629 5.94655
    endloop
  endfacet
  facet normal 0 -0.961231 -0.275746
    outer loop
      vertex 2 -20.0629 5.94655
      vertex 0 -19.9975 5.71857
      vertex 2 -19.9975 5.71857
    endloop
  endfacet
  facet normal 0 -0.990272 -0.139142
    outer loop
      vertex 0 -20.0629 5.94655
      vertex 2 -20.0959 6.18141
      vertex 0 -20.0959 6.18141
    endloop
  endfacet
  facet normal 0 -0.990272 -0.139142
    outer loop
      vertex 2 -20.0959 6.18141
      vertex 0 -20.0629 5.94655
      vertex 2 -20.0629 5.94655
    endloop
  endfacet
  facet normal 0 -1 0
    outer loop
      vertex 0 -20.0959 6.18141
      vertex 2 -20.0959 6.41859
      vertex 0 -20.0959 6.41859
    endloop
  endfacet
  facet normal 0 -1 -0
    outer loop
      vertex 2 -20.0959 6.41859
      vertex 0 -20.0959 6.18141
      vertex 2 -20.0959 6.18141
    endloop
  endfacet
  facet normal 0 -0.990272 0.139142
    outer loop
      vertex 0 -20.0959 6.41859
      vertex 2 -20.0629 6.65345
      vertex 0 -20.0629 6.65345
    endloop
  endfacet
  facet normal 0 -0.990272 0.139142
    outer loop
      vertex 2 -20.0629 6.65345
      vertex 0 -20.0959 6.41859
      vertex 2 -20.0959 6.41859
    endloop
  endfacet
  facet normal 0 -0.961231 0.275746
    outer loop
      vertex 0 -20.0629 6.65345
      vertex 2 -19.9975 6.88143
      vertex 0 -19.9975 6.88143
    endloop
  endfacet
  facet normal 0 -0.961231 0.275746
    outer loop
      vertex 2 -19.9975 6.88143
      vertex 0 -20.0629 6.65345
      vertex 2 -20.0629 6.65345
    endloop
  endfacet
  facet normal 0 -0.913495 0.40685
    outer loop
      vertex 0 -19.9975 6.88143
      vertex 2 -19.901 7.0981
      vertex 0 -19.901 7.0981
    endloop
  endfacet
  facet normal 0 -0.913495 0.40685
    outer loop
      vertex 2 -19.901 7.0981
      vertex 0 -19.9975 6.88143
      vertex 2 -19.9975 6.88143
    endloop
  endfacet
  facet normal 0 -0.84801 0.52998
    outer loop
      vertex 0 -19.901 7.0981
      vertex 2 -19.7753 7.29923
      vertex 0 -19.7753 7.29923
    endloop
  endfacet
  facet normal 0 -0.84801 0.52998
    outer loop
      vertex 2 -19.7753 7.29923
      vertex 0 -19.901 7.0981
      vertex 2 -19.901 7.0981
    endloop
  endfacet
  facet normal 0 -0.766161 0.642649
    outer loop
      vertex 0 -19.7753 7.29923
      vertex 2 -19.6229 7.48092
      vertex 0 -19.6229 7.48092
    endloop
  endfacet
  facet normal 0 -0.766161 0.642649
    outer loop
      vertex 2 -19.6229 7.48092
      vertex 0 -19.7753 7.29923
      vertex 2 -19.7753 7.29923
    endloop
  endfacet
  facet normal 0 -0.669035 0.743231
    outer loop
      vertex 0 -19.4466 7.63962
      vertex 2 -19.6229 7.48092
      vertex 2 -19.4466 7.63962
    endloop
  endfacet
  facet normal 0 -0.669035 0.743231
    outer loop
      vertex 2 -19.6229 7.48092
      vertex 0 -19.4466 7.63962
      vertex 0 -19.6229 7.48092
    endloop
  endfacet
  facet normal 0 -0.559227 0.829015
    outer loop
      vertex 0 -19.25 7.77224
      vertex 2 -19.4466 7.63962
      vertex 2 -19.25 7.77224
    endloop
  endfacet
  facet normal 0 -0.559227 0.829015
    outer loop
      vertex 2 -19.4466 7.63962
      vertex 0 -19.25 7.77224
      vertex 0 -19.4466 7.63962
    endloop
  endfacet
  facet normal 0 -0.438321 0.898818
    outer loop
      vertex 0 -19.0368 7.87621
      vertex 2 -19.25 7.77224
      vertex 2 -19.0368 7.87621
    endloop
  endfacet
  facet normal 0 -0.438321 0.898818
    outer loop
      vertex 2 -19.25 7.77224
      vertex 0 -19.0368 7.87621
      vertex 0 -19.25 7.77224
    endloop
  endfacet
  facet normal 0 -0.309096 0.951031
    outer loop
      vertex 0 -18.8113 7.9495
      vertex 2 -19.0368 7.87621
      vertex 2 -18.8113 7.9495
    endloop
  endfacet
  facet normal 0 -0.309096 0.951031
    outer loop
      vertex 2 -19.0368 7.87621
      vertex 0 -18.8113 7.9495
      vertex 0 -19.0368 7.87621
    endloop
  endfacet
  facet normal 0 -0.173648 0.984808
    outer loop
      vertex 0 -18.5777 7.99069
      vertex 2 -18.8113 7.9495
      vertex 2 -18.5777 7.99069
    endloop
  endfacet
  facet normal 0 -0.173648 0.984808
    outer loop
      vertex 2 -18.8113 7.9495
      vertex 0 -18.5777 7.99069
      vertex 0 -18.8113 7.9495
    endloop
  endfacet
  facet normal 0 -0.0348733 0.999392
    outer loop
      vertex 0 -18.3407 7.99896
      vertex 2 -18.5777 7.99069
      vertex 2 -18.3407 7.99896
    endloop
  endfacet
  facet normal 0 -0.0348733 0.999392
    outer loop
      vertex 2 -18.5777 7.99069
      vertex 0 -18.3407 7.99896
      vertex 0 -18.5777 7.99069
    endloop
  endfacet
  facet normal -0 0.104511 0.994524
    outer loop
      vertex 0 -18.1048 7.97417
      vertex 2 -18.3407 7.99896
      vertex 2 -18.1048 7.97417
    endloop
  endfacet
  facet normal 0 0.104511 0.994524
    outer loop
      vertex 2 -18.3407 7.99896
      vertex 0 -18.1048 7.97417
      vertex 0 -18.3407 7.99896
    endloop
  endfacet
  facet normal -0 0.24192 0.970296
    outer loop
      vertex 0 -17.8747 7.9168
      vertex 2 -18.1048 7.97417
      vertex 2 -17.8747 7.9168
    endloop
  endfacet
  facet normal 0 0.24192 0.970296
    outer loop
      vertex 2 -18.1048 7.97417
      vertex 0 -17.8747 7.9168
      vertex 0 -18.1048 7.97417
    endloop
  endfacet
  facet normal -0 0.374623 0.927177
    outer loop
      vertex 0 -17.6548 7.82795
      vertex 2 -17.8747 7.9168
      vertex 2 -17.6548 7.82795
    endloop
  endfacet
  facet normal 0 0.374623 0.927177
    outer loop
      vertex 2 -17.8747 7.9168
      vertex 0 -17.6548 7.82795
      vertex 0 -17.8747 7.9168
    endloop
  endfacet
  facet normal -0 0.500007 0.866021
    outer loop
      vertex 0 -17.4494 7.70936
      vertex 2 -17.6548 7.82795
      vertex 2 -17.4494 7.70936
    endloop
  endfacet
  facet normal 0 0.500007 0.866021
    outer loop
      vertex 2 -17.6548 7.82795
      vertex 0 -17.4494 7.70936
      vertex 0 -17.6548 7.82795
    endloop
  endfacet
  facet normal -0 0.615629 0.788036
    outer loop
      vertex 0 -17.2625 7.56335
      vertex 2 -17.4494 7.70936
      vertex 2 -17.2625 7.56335
    endloop
  endfacet
  facet normal 0 0.615629 0.788036
    outer loop
      vertex 2 -17.4494 7.70936
      vertex 0 -17.2625 7.56335
      vertex 0 -17.4494 7.70936
    endloop
  endfacet
  facet normal 0 0.719247 0.694754
    outer loop
      vertex 2 -17.0977 7.39274
      vertex 0 -17.2625 7.56335
      vertex 2 -17.2625 7.56335
    endloop
  endfacet
  facet normal 0 0.719247 0.694754
    outer loop
      vertex 0 -17.2625 7.56335
      vertex 2 -17.0977 7.39274
      vertex 0 -17.0977 7.39274
    endloop
  endfacet
  facet normal 0 0.809035 0.58776
    outer loop
      vertex 2 -16.9583 7.20086
      vertex 0 -17.0977 7.39274
      vertex 2 -17.0977 7.39274
    endloop
  endfacet
  facet normal 0 0.809035 0.58776
    outer loop
      vertex 0 -17.0977 7.39274
      vertex 2 -16.9583 7.20086
      vertex 0 -16.9583 7.20086
    endloop
  endfacet
  facet normal 0 0.883027 0.469323
    outer loop
      vertex 2 -16.847 6.99145
      vertex 0 -16.9583 7.20086
      vertex 2 -16.9583 7.20086
    endloop
  endfacet
  facet normal 0 0.883027 0.469323
    outer loop
      vertex 0 -16.9583 7.20086
      vertex 2 -16.847 6.99145
      vertex 0 -16.847 6.99145
    endloop
  endfacet
  facet normal 0 0.939717 0.341953
    outer loop
      vertex 2 -16.7659 6.76858
      vertex 0 -16.847 6.99145
      vertex 2 -16.847 6.99145
    endloop
  endfacet
  facet normal 0 0.939717 0.341953
    outer loop
      vertex 0 -16.847 6.99145
      vertex 2 -16.7659 6.76858
      vertex 0 -16.7659 6.76858
    endloop
  endfacet
  facet normal 0 0.978071 0.208271
    outer loop
      vertex 2 -16.7165 6.53659
      vertex 0 -16.7659 6.76858
      vertex 2 -16.7659 6.76858
    endloop
  endfacet
  facet normal 0 0.978071 0.208271
    outer loop
      vertex 0 -16.7659 6.76858
      vertex 2 -16.7165 6.53659
      vertex 0 -16.7165 6.53659
    endloop
  endfacet
  facet normal 1 0 0
    outer loop
      vertex 2 -16.7165 6.53659
      vertex 2 -16.7165 6.06341
      vertex 2 -16.7 6.3
    endloop
  endfacet
  facet normal 1 0 0
    outer loop
      vertex 2 -16.7659 6.76858
      vertex 2 -16.7165 6.06341
      vertex 2 -16.7165 6.53659
    endloop
  endfacet
  facet normal 1 0 0
    outer loop
      vertex 2 -16.7659 6.76858
      vertex 2 -16.7659 5.83142
      vertex 2 -16.7165 6.06341
    endloop
  endfacet
  facet normal 1 0 0
    outer loop
      vertex 2 -16.847 6.99145
      vertex 2 -16.7659 5.83142
      vertex 2 -16.7659 6.76858
    endloop
  endfacet
  facet normal 1 0 0
    outer loop
      vertex 2 -16.847 6.99145
      vertex 2 -16.847 5.60855
      vertex 2 -16.7659 5.83142
    endloop
  endfacet
  facet normal 1 0 0
    outer loop
      vertex 2 -16.9583 7.20086
      vertex 2 -16.847 5.60855
      vertex 2 -16.847 6.99145
    endloop
  endfacet
  facet normal 1 0 0
    outer loop
      vertex 2 -16.9583 7.20086
      vertex 2 -16.9583 5.39914
      vertex 2 -16.847 5.60855
    endloop
  endfacet
  facet normal 1 0 0
    outer loop
      vertex 2 -17.0977 7.39274
      vertex 2 -16.9583 5.39914
      vertex 2 -16.9583 7.20086
    endloop
  endfacet
  facet normal 1 0 0
    outer loop
      vertex 2 -17.0977 7.39274
      vertex 2 -17.0977 5.20726
      vertex 2 -16.9583 5.39914
    endloop
  endfacet
  facet normal 1 0 0
    outer loop
      vertex 2 -17.2625 7.56335
      vertex 2 -17.0977 5.20726
      vertex 2 -17.0977 7.39274
    endloop
  endfacet
  facet normal 1 0 0
    outer loop
      vertex 2 -17.2625 7.56335
      vertex 2 -17.2625 5.03665
      vertex 2 -17.0977 5.20726
    endloop
  endfacet
  facet normal 1 0 0
    outer loop
      vertex 2 -17.4494 7.70936
      vertex 2 -17.2625 5.03665
      vertex 2 -17.2625 7.56335
    endloop
  endfacet
  facet normal 1 0 0
    outer loop
      vertex 2 -17.4494 7.70936
      vertex 2 -17.4494 4.89064
      vertex 2 -17.2625 5.03665
    endloop
  endfacet
  facet normal 1 0 0
    outer loop
      vertex 2 -17.6548 7.82795
      vertex 2 -17.4494 4.89064
      vertex 2 -17.4494 7.70936
    endloop
  endfacet
  facet normal 1 0 0
    outer loop
      vertex 2 -17.6548 7.82795
      vertex 2 -17.6548 4.77205
      vertex 2 -17.4494 4.89064
    endloop
  endfacet
  facet normal 1 0 0
    outer loop
      vertex 2 -17.8747 7.9168
      vertex 2 -17.6548 4.77205
      vertex 2 -17.6548 7.82795
    endloop
  endfacet
  facet normal 1 0 0
    outer loop
      vertex 2 -17.8747 7.9168
      vertex 2 -17.8747 4.6832
      vertex 2 -17.6548 4.77205
    endloop
  endfacet
  facet normal 1 0 0
    outer loop
      vertex 2 -18.1048 7.97417
      vertex 2 -17.8747 4.6832
      vertex 2 -17.8747 7.9168
    endloop
  endfacet
  facet normal 1 0 0
    outer loop
      vertex 2 -18.1048 7.97417
      vertex 2 -18.1048 4.62583
      vertex 2 -17.8747 4.6832
    endloop
  endfacet
  facet normal 1 0 0
    outer loop
      vertex 2 -18.3407 7.99896
      vertex 2 -18.1048 4.62583
      vertex 2 -18.1048 7.97417
    endloop
  endfacet
  facet normal 1 0 0
    outer loop
      vertex 2 -18.3407 7.99896
      vertex 2 -18.3407 4.60104
      vertex 2 -18.1048 4.62583
    endloop
  endfacet
  facet normal 1 -0 0
    outer loop
      vertex 2 -18.5777 7.99069
      vertex 2 -18.3407 4.60104
      vertex 2 -18.3407 7.99896
    endloop
  endfacet
  facet normal 1 0 0
    outer loop
      vertex 2 -18.5777 7.99069
      vertex 2 -18.5777 4.60931
      vertex 2 -18.3407 4.60104
    endloop
  endfacet
  facet normal 1 -0 0
    outer loop
      vertex 2 -18.8113 7.9495
      vertex 2 -18.5777 4.60931
      vertex 2 -18.5777 7.99069
    endloop
  endfacet
  facet normal 1 0 0
    outer loop
      vertex 2 -18.8113 7.9495
      vertex 2 -18.8113 4.6505
      vertex 2 -18.5777 4.60931
    endloop
  endfacet
  facet normal 1 -0 0
    outer loop
      vertex 2 -19.0368 7.87621
      vertex 2 -18.8113 4.6505
      vertex 2 -18.8113 7.9495
    endloop
  endfacet
  facet normal 1 0 0
    outer loop
      vertex 2 -19.0368 7.87621
      vertex 2 -19.0368 4.72379
      vertex 2 -18.8113 4.6505
    endloop
  endfacet
  facet normal 1 -0 0
    outer loop
      vertex 2 -19.25 7.77224
      vertex 2 -19.0368 4.72379
      vertex 2 -19.0368 7.87621
    endloop
  endfacet
  facet normal 1 0 0
    outer loop
      vertex 2 -19.25 7.77224
      vertex 2 -19.25 4.82776
      vertex 2 -19.0368 4.72379
    endloop
  endfacet
  facet normal 1 -0 0
    outer loop
      vertex 2 -19.4466 7.63962
      vertex 2 -19.25 4.82776
      vertex 2 -19.25 7.77224
    endloop
  endfacet
  facet normal 1 0 0
    outer loop
      vertex 2 -19.4466 7.63962
      vertex 2 -19.4466 4.96038
      vertex 2 -19.25 4.82776
    endloop
  endfacet
  facet normal 1 -0 0
    outer loop
      vertex 2 -19.6229 7.48092
      vertex 2 -19.4466 4.96038
      vertex 2 -19.4466 7.63962
    endloop
  endfacet
  facet normal 1 0 0
    outer loop
      vertex 2 -19.6229 7.48092
      vertex 2 -19.6229 5.11908
      vertex 2 -19.4466 4.96038
    endloop
  endfacet
  facet normal 1 -0 0
    outer loop
      vertex 2 -19.7753 7.29923
      vertex 2 -19.6229 5.11908
      vertex 2 -19.6229 7.48092
    endloop
  endfacet
  facet normal 1 0 0
    outer loop
      vertex 2 -19.7753 7.29923
      vertex 2 -19.7753 5.30077
      vertex 2 -19.6229 5.11908
    endloop
  endfacet
  facet normal 1 -0 0
    outer loop
      vertex 2 -19.901 7.0981
      vertex 2 -19.7753 5.30077
      vertex 2 -19.7753 7.29923
    endloop
  endfacet
  facet normal 1 0 0
    outer loop
      vertex 2 -19.901 7.0981
      vertex 2 -19.901 5.5019
      vertex 2 -19.7753 5.30077
    endloop
  endfacet
  facet normal 1 -0 0
    outer loop
      vertex 2 -19.9975 6.88143
      vertex 2 -19.901 5.5019
      vertex 2 -19.901 7.0981
    endloop
  endfacet
  facet normal 1 0 0
    outer loop
      vertex 2 -19.9975 6.88143
      vertex 2 -19.9975 5.71857
      vertex 2 -19.901 5.5019
    endloop
  endfacet
  facet normal 1 -0 0
    outer loop
      vertex 2 -20.0629 6.65345
      vertex 2 -19.9975 5.71857
      vertex 2 -19.9975 6.88143
    endloop
  endfacet
  facet normal 1 0 0
    outer loop
      vertex 2 -20.0629 6.65345
      vertex 2 -20.0629 5.94655
      vertex 2 -19.9975 5.71857
    endloop
  endfacet
  facet normal 1 -0 0
    outer loop
      vertex 2 -20.0959 6.41859
      vertex 2 -20.0629 5.94655
      vertex 2 -20.0629 6.65345
    endloop
  endfacet
  facet normal 1 0 0
    outer loop
      vertex 2 -20.0629 5.94655
      vertex 2 -20.0959 6.41859
      vertex 2 -20.0959 6.18141
    endloop
  endfacet
  facet normal 0 -0.998426 -0.056081
    outer loop
      vertex -4 -5.45 18.1
      vertex -2 -5.46698 18.4023
      vertex -4 -5.46698 18.4023
    endloop
  endfacet
  facet normal 0 -0.998426 -0.056081
    outer loop
      vertex -2 -5.46698 18.4023
      vertex -4 -5.45 18.1
      vertex -2 -5.45 18.1
    endloop
  endfacet
  facet normal 0 -0.998426 0.056081
    outer loop
      vertex -4 -5.46698 17.7977
      vertex -2 -5.45 18.1
      vertex -4 -5.45 18.1
    endloop
  endfacet
  facet normal 0 -0.998426 0.056081
    outer loop
      vertex -2 -5.45 18.1
      vertex -4 -5.46698 17.7977
      vertex -2 -5.46698 17.7977
    endloop
  endfacet
  facet normal 0 -0.985875 0.167483
    outer loop
      vertex -4 -5.51769 17.4992
      vertex -2 -5.46698 17.7977
      vertex -4 -5.46698 17.7977
    endloop
  endfacet
  facet normal 0 -0.985875 0.167483
    outer loop
      vertex -2 -5.46698 17.7977
      vertex -4 -5.51769 17.4992
      vertex -2 -5.51769 17.4992
    endloop
  endfacet
  facet normal 0 -0.960931 0.276788
    outer loop
      vertex -4 -5.60151 17.2082
      vertex -2 -5.51769 17.4992
      vertex -4 -5.51769 17.4992
    endloop
  endfacet
  facet normal 0 -0.960931 0.276788
    outer loop
      vertex -2 -5.51769 17.4992
      vertex -4 -5.60151 17.2082
      vertex -2 -5.60151 17.2082
    endloop
  endfacet
  facet normal 0 -0.923863 0.382724
    outer loop
      vertex -4 -5.71738 16.9285
      vertex -2 -5.60151 17.2082
      vertex -4 -5.60151 17.2082
    endloop
  endfacet
  facet normal 0 -0.923863 0.382724
    outer loop
      vertex -2 -5.60151 17.2082
      vertex -4 -5.71738 16.9285
      vertex -2 -5.71738 16.9285
    endloop
  endfacet
  facet normal 0 -0.875224 0.483718
    outer loop
      vertex -4 -5.86384 16.6635
      vertex -2 -5.71738 16.9285
      vertex -4 -5.71738 16.9285
    endloop
  endfacet
  facet normal 0 -0.875224 0.483718
    outer loop
      vertex -2 -5.71738 16.9285
      vertex -4 -5.86384 16.6635
      vertex -2 -5.86384 16.6635
    endloop
  endfacet
  facet normal 0 -0.815522 0.578726
    outer loop
      vertex -4 -6.03905 16.4166
      vertex -2 -5.86384 16.6635
      vertex -4 -5.86384 16.6635
    endloop
  endfacet
  facet normal 0 -0.815522 0.578726
    outer loop
      vertex -2 -5.86384 16.6635
      vertex -4 -6.03905 16.4166
      vertex -2 -6.03905 16.4166
    endloop
  endfacet
  facet normal 0 -0.745687 0.666297
    outer loop
      vertex -4 -6.24081 16.1908
      vertex -2 -6.03905 16.4166
      vertex -4 -6.03905 16.4166
    endloop
  endfacet
  facet normal 0 -0.745687 0.666297
    outer loop
      vertex -2 -6.03905 16.4166
      vertex -4 -6.24081 16.1908
      vertex -2 -6.24081 16.1908
    endloop
  endfacet
  facet normal 0 -0.666236 0.745741
    outer loop
      vertex -4 -6.24081 16.1908
      vertex -2 -6.46658 15.9891
      vertex -2 -6.24081 16.1908
    endloop
  endfacet
  facet normal 0 -0.666236 0.745741
    outer loop
      vertex -2 -6.46658 15.9891
      vertex -4 -6.24081 16.1908
      vertex -4 -6.46658 15.9891
    endloop
  endfacet
  facet normal 0 -0.578877 0.815415
    outer loop
      vertex -4 -6.46658 15.9891
      vertex -2 -6.71351 15.8138
      vertex -2 -6.46658 15.9891
    endloop
  endfacet
  facet normal 0 -0.578877 0.815415
    outer loop
      vertex -2 -6.71351 15.8138
      vertex -4 -6.46658 15.9891
      vertex -4 -6.71351 15.8138
    endloop
  endfacet
  facet normal 0 -0.483566 0.875308
    outer loop
      vertex -4 -6.71351 15.8138
      vertex -2 -6.97851 15.6674
      vertex -2 -6.71351 15.8138
    endloop
  endfacet
  facet normal 0 -0.483566 0.875308
    outer loop
      vertex -2 -6.97851 15.6674
      vertex -4 -6.71351 15.8138
      vertex -4 -6.97851 15.6674
    endloop
  endfacet
  facet normal 0 -0.382762 0.923847
    outer loop
      vertex -4 -6.97851 15.6674
      vertex -2 -7.25825 15.5515
      vertex -2 -6.97851 15.6674
    endloop
  endfacet
  facet normal 0 -0.382762 0.923847
    outer loop
      vertex -2 -7.25825 15.5515
      vertex -4 -6.97851 15.6674
      vertex -4 -7.25825 15.5515
    endloop
  endfacet
  facet normal 0 -0.276779 0.960933
    outer loop
      vertex -4 -7.25825 15.5515
      vertex -2 -7.54919 15.4677
      vertex -2 -7.25825 15.5515
    endloop
  endfacet
  facet normal 0 -0.276779 0.960933
    outer loop
      vertex -2 -7.54919 15.4677
      vertex -4 -7.25825 15.5515
      vertex -4 -7.54919 15.4677
    endloop
  endfacet
  facet normal 0 -0.167446 0.985881
    outer loop
      vertex -4 -7.54919 15.4677
      vertex -2 -7.8477 15.417
      vertex -2 -7.54919 15.4677
    endloop
  endfacet
  facet normal 0 -0.167446 0.985881
    outer loop
      vertex -2 -7.8477 15.417
      vertex -4 -7.54919 15.4677
      vertex -4 -7.8477 15.417
    endloop
  endfacet
  facet normal 0 -0.0561468 0.998423
    outer loop
      vertex -4 -7.8477 15.417
      vertex -2 -8.15 15.4
      vertex -2 -7.8477 15.417
    endloop
  endfacet
  facet normal 0 -0.0561468 0.998423
    outer loop
      vertex -2 -8.15 15.4
      vertex -4 -7.8477 15.417
      vertex -4 -8.15 15.4
    endloop
  endfacet
  facet normal -0 0.0561468 0.998423
    outer loop
      vertex -4 -8.15 15.4
      vertex -2 -8.4523 15.417
      vertex -2 -8.15 15.4
    endloop
  endfacet
  facet normal 0 0.0561468 0.998423
    outer loop
      vertex -2 -8.4523 15.417
      vertex -4 -8.15 15.4
      vertex -4 -8.4523 15.417
    endloop
  endfacet
  facet normal -0 0.167446 0.985881
    outer loop
      vertex -4 -8.4523 15.417
      vertex -2 -8.75081 15.4677
      vertex -2 -8.4523 15.417
    endloop
  endfacet
  facet normal 0 0.167446 0.985881
    outer loop
      vertex -2 -8.75081 15.4677
      vertex -4 -8.4523 15.417
      vertex -4 -8.75081 15.4677
    endloop
  endfacet
  facet normal -0 0.276779 0.960933
    outer loop
      vertex -4 -8.75081 15.4677
      vertex -2 -9.04175 15.5515
      vertex -2 -8.75081 15.4677
    endloop
  endfacet
  facet normal 0 0.276779 0.960933
    outer loop
      vertex -2 -9.04175 15.5515
      vertex -4 -8.75081 15.4677
      vertex -4 -9.04175 15.5515
    endloop
  endfacet
  facet normal -0 0.382762 0.923847
    outer loop
      vertex -4 -9.04175 15.5515
      vertex -2 -9.32149 15.6674
      vertex -2 -9.04175 15.5515
    endloop
  endfacet
  facet normal 0 0.382762 0.923847
    outer loop
      vertex -2 -9.32149 15.6674
      vertex -4 -9.04175 15.5515
      vertex -4 -9.32149 15.6674
    endloop
  endfacet
  facet normal -0 0.483566 0.875308
    outer loop
      vertex -4 -9.32149 15.6674
      vertex -2 -9.58649 15.8138
      vertex -2 -9.32149 15.6674
    endloop
  endfacet
  facet normal 0 0.483566 0.875308
    outer loop
      vertex -2 -9.58649 15.8138
      vertex -4 -9.32149 15.6674
      vertex -4 -9.58649 15.8138
    endloop
  endfacet
  facet normal -0 0.578877 0.815415
    outer loop
      vertex -4 -9.58649 15.8138
      vertex -2 -9.83342 15.9891
      vertex -2 -9.58649 15.8138
    endloop
  endfacet
  facet normal 0 0.578877 0.815415
    outer loop
      vertex -2 -9.83342 15.9891
      vertex -4 -9.58649 15.8138
      vertex -4 -9.83342 15.9891
    endloop
  endfacet
  facet normal -0 0.666219 0.745756
    outer loop
      vertex -4 -9.83342 15.9891
      vertex -2 -10.0592 16.1908
      vertex -2 -9.83342 15.9891
    endloop
  endfacet
  facet normal 0 0.666219 0.745756
    outer loop
      vertex -2 -10.0592 16.1908
      vertex -4 -9.83342 15.9891
      vertex -4 -10.0592 16.1908
    endloop
  endfacet
  facet normal 0 0.745785 0.666186
    outer loop
      vertex -2 -10.0592 16.1908
      vertex -4 -10.2609 16.4166
      vertex -2 -10.2609 16.4166
    endloop
  endfacet
  facet normal 0 0.745785 0.666186
    outer loop
      vertex -4 -10.2609 16.4166
      vertex -2 -10.0592 16.1908
      vertex -4 -10.0592 16.1908
    endloop
  endfacet
  facet normal 0 0.815381 0.578924
    outer loop
      vertex -2 -10.2609 16.4166
      vertex -4 -10.4362 16.6635
      vertex -2 -10.4362 16.6635
    endloop
  endfacet
  facet normal 0 0.815381 0.578924
    outer loop
      vertex -4 -10.4362 16.6635
      vertex -2 -10.2609 16.4166
      vertex -4 -10.2609 16.4166
    endloop
  endfacet
  facet normal 0 0.875308 0.483566
    outer loop
      vertex -2 -10.4362 16.6635
      vertex -4 -10.5826 16.9285
      vertex -2 -10.5826 16.9285
    endloop
  endfacet
  facet normal 0 0.875308 0.483566
    outer loop
      vertex -4 -10.5826 16.9285
      vertex -2 -10.4362 16.6635
      vertex -4 -10.4362 16.6635
    endloop
  endfacet
  facet normal 0 0.923828 0.382809
    outer loop
      vertex -2 -10.5826 16.9285
      vertex -4 -10.6985 17.2082
      vertex -2 -10.6985 17.2082
    endloop
  endfacet
  facet normal 0 0.923828 0.382809
    outer loop
      vertex -4 -10.6985 17.2082
      vertex -2 -10.5826 16.9285
      vertex -4 -10.5826 16.9285
    endloop
  endfacet
  facet normal 0 0.960949 0.276727
    outer loop
      vertex -2 -10.6985 17.2082
      vertex -4 -10.7823 17.4992
      vertex -2 -10.7823 17.4992
    endloop
  endfacet
  facet normal 0 0.960949 0.276727
    outer loop
      vertex -4 -10.7823 17.4992
      vertex -2 -10.6985 17.2082
      vertex -4 -10.6985 17.2082
    endloop
  endfacet
  facet normal 0 0.98588 0.167451
    outer loop
      vertex -2 -10.7823 17.4992
      vertex -4 -10.833 17.7977
      vertex -2 -10.833 17.7977
    endloop
  endfacet
  facet normal 0 0.98588 0.167451
    outer loop
      vertex -4 -10.833 17.7977
      vertex -2 -10.7823 17.4992
      vertex -4 -10.7823 17.4992
    endloop
  endfacet
  facet normal 0 0.998423 0.0561468
    outer loop
      vertex -2 -10.833 17.7977
      vertex -4 -10.85 18.1
      vertex -2 -10.85 18.1
    endloop
  endfacet
  facet normal 0 0.998423 0.0561468
    outer loop
      vertex -4 -10.85 18.1
      vertex -2 -10.833 17.7977
      vertex -4 -10.833 17.7977
    endloop
  endfacet
  facet normal 0 0.998423 -0.0561468
    outer loop
      vertex -2 -10.85 18.1
      vertex -4 -10.833 18.4023
      vertex -2 -10.833 18.4023
    endloop
  endfacet
  facet normal 0 0.998423 -0.0561468
    outer loop
      vertex -4 -10.833 18.4023
      vertex -2 -10.85 18.1
      vertex -4 -10.85 18.1
    endloop
  endfacet
  facet normal 0 0.98588 -0.167451
    outer loop
      vertex -2 -10.833 18.4023
      vertex -4 -10.7823 18.7008
      vertex -2 -10.7823 18.7008
    endloop
  endfacet
  facet normal 0 0.98588 -0.167451
    outer loop
      vertex -4 -10.7823 18.7008
      vertex -2 -10.833 18.4023
      vertex -4 -10.833 18.4023
    endloop
  endfacet
  facet normal 0 0.960949 -0.276727
    outer loop
      vertex -2 -10.7823 18.7008
      vertex -4 -10.6985 18.9918
      vertex -2 -10.6985 18.9918
    endloop
  endfacet
  facet normal 0 0.960949 -0.276727
    outer loop
      vertex -4 -10.6985 18.9918
      vertex -2 -10.7823 18.7008
      vertex -4 -10.7823 18.7008
    endloop
  endfacet
  facet normal 0 0.923828 -0.382809
    outer loop
      vertex -2 -10.6985 18.9918
      vertex -4 -10.5826 19.2715
      vertex -2 -10.5826 19.2715
    endloop
  endfacet
  facet normal 0 0.923828 -0.382809
    outer loop
      vertex -4 -10.5826 19.2715
      vertex -2 -10.6985 18.9918
      vertex -4 -10.6985 18.9918
    endloop
  endfacet
  facet normal 0 0.875308 -0.483566
    outer loop
      vertex -2 -10.5826 19.2715
      vertex -4 -10.4362 19.5365
      vertex -2 -10.4362 19.5365
    endloop
  endfacet
  facet normal 0 0.875308 -0.483566
    outer loop
      vertex -4 -10.4362 19.5365
      vertex -2 -10.5826 19.2715
      vertex -4 -10.5826 19.2715
    endloop
  endfacet
  facet normal 0 0.815381 -0.578924
    outer loop
      vertex -2 -10.4362 19.5365
      vertex -4 -10.2609 19.7834
      vertex -2 -10.2609 19.7834
    endloop
  endfacet
  facet normal 0 0.815381 -0.578924
    outer loop
      vertex -4 -10.2609 19.7834
      vertex -2 -10.4362 19.5365
      vertex -4 -10.4362 19.5365
    endloop
  endfacet
  facet normal 0 0.745785 -0.666186
    outer loop
      vertex -2 -10.2609 19.7834
      vertex -4 -10.0592 20.0092
      vertex -2 -10.0592 20.0092
    endloop
  endfacet
  facet normal 0 0.745785 -0.666186
    outer loop
      vertex -4 -10.0592 20.0092
      vertex -2 -10.2609 19.7834
      vertex -4 -10.2609 19.7834
    endloop
  endfacet
  facet normal 0 0.666219 -0.745756
    outer loop
      vertex -4 -10.0592 20.0092
      vertex -2 -9.83342 20.2109
      vertex -2 -10.0592 20.0092
    endloop
  endfacet
  facet normal 0 0.666219 -0.745756
    outer loop
      vertex -2 -9.83342 20.2109
      vertex -4 -10.0592 20.0092
      vertex -4 -9.83342 20.2109
    endloop
  endfacet
  facet normal 0 0.578877 -0.815415
    outer loop
      vertex -4 -9.83342 20.2109
      vertex -2 -9.58649 20.3862
      vertex -2 -9.83342 20.2109
    endloop
  endfacet
  facet normal 0 0.578877 -0.815415
    outer loop
      vertex -2 -9.58649 20.3862
      vertex -4 -9.83342 20.2109
      vertex -4 -9.58649 20.3862
    endloop
  endfacet
  facet normal 0 0.483566 -0.875308
    outer loop
      vertex -4 -9.58649 20.3862
      vertex -2 -9.32149 20.5326
      vertex -2 -9.58649 20.3862
    endloop
  endfacet
  facet normal 0 0.483566 -0.875308
    outer loop
      vertex -2 -9.32149 20.5326
      vertex -4 -9.58649 20.3862
      vertex -4 -9.32149 20.5326
    endloop
  endfacet
  facet normal 0 0.382762 -0.923847
    outer loop
      vertex -4 -9.32149 20.5326
      vertex -2 -9.04175 20.6485
      vertex -2 -9.32149 20.5326
    endloop
  endfacet
  facet normal 0 0.382762 -0.923847
    outer loop
      vertex -2 -9.04175 20.6485
      vertex -4 -9.32149 20.5326
      vertex -4 -9.04175 20.6485
    endloop
  endfacet
  facet normal 0 0.276779 -0.960933
    outer loop
      vertex -4 -9.04175 20.6485
      vertex -2 -8.75081 20.7323
      vertex -2 -9.04175 20.6485
    endloop
  endfacet
  facet normal 0 0.276779 -0.960933
    outer loop
      vertex -2 -8.75081 20.7323
      vertex -4 -9.04175 20.6485
      vertex -4 -8.75081 20.7323
    endloop
  endfacet
  facet normal 0 0.167446 -0.985881
    outer loop
      vertex -4 -8.75081 20.7323
      vertex -2 -8.4523 20.783
      vertex -2 -8.75081 20.7323
    endloop
  endfacet
  facet normal 0 0.167446 -0.985881
    outer loop
      vertex -2 -8.4523 20.783
      vertex -4 -8.75081 20.7323
      vertex -4 -8.4523 20.783
    endloop
  endfacet
  facet normal 0 0.0561468 -0.998423
    outer loop
      vertex -4 -8.4523 20.783
      vertex -2 -8.15 20.8
      vertex -2 -8.4523 20.783
    endloop
  endfacet
  facet normal 0 0.0561468 -0.998423
    outer loop
      vertex -2 -8.15 20.8
      vertex -4 -8.4523 20.783
      vertex -4 -8.15 20.8
    endloop
  endfacet
  facet normal 0 -0.0561468 -0.998423
    outer loop
      vertex -4 -8.15 20.8
      vertex -2 -7.8477 20.783
      vertex -2 -8.15 20.8
    endloop
  endfacet
  facet normal -0 -0.0561468 -0.998423
    outer loop
      vertex -2 -7.8477 20.783
      vertex -4 -8.15 20.8
      vertex -4 -7.8477 20.783
    endloop
  endfacet
  facet normal 0 -0.167446 -0.985881
    outer loop
      vertex -4 -7.8477 20.783
      vertex -2 -7.54919 20.7323
      vertex -2 -7.8477 20.783
    endloop
  endfacet
  facet normal -0 -0.167446 -0.985881
    outer loop
      vertex -2 -7.54919 20.7323
      vertex -4 -7.8477 20.783
      vertex -4 -7.54919 20.7323
    endloop
  endfacet
  facet normal 0 -0.276779 -0.960933
    outer loop
      vertex -4 -7.54919 20.7323
      vertex -2 -7.25825 20.6485
      vertex -2 -7.54919 20.7323
    endloop
  endfacet
  facet normal -0 -0.276779 -0.960933
    outer loop
      vertex -2 -7.25825 20.6485
      vertex -4 -7.54919 20.7323
      vertex -4 -7.25825 20.6485
    endloop
  endfacet
  facet normal 0 -0.382762 -0.923847
    outer loop
      vertex -4 -7.25825 20.6485
      vertex -2 -6.97851 20.5326
      vertex -2 -7.25825 20.6485
    endloop
  endfacet
  facet normal -0 -0.382762 -0.923847
    outer loop
      vertex -2 -6.97851 20.5326
      vertex -4 -7.25825 20.6485
      vertex -4 -6.97851 20.5326
    endloop
  endfacet
  facet normal 0 -0.483566 -0.875308
    outer loop
      vertex -4 -6.97851 20.5326
      vertex -2 -6.71351 20.3862
      vertex -2 -6.97851 20.5326
    endloop
  endfacet
  facet normal -0 -0.483566 -0.875308
    outer loop
      vertex -2 -6.71351 20.3862
      vertex -4 -6.97851 20.5326
      vertex -4 -6.71351 20.3862
    endloop
  endfacet
  facet normal 0 -0.578877 -0.815415
    outer loop
      vertex -4 -6.71351 20.3862
      vertex -2 -6.46658 20.2109
      vertex -2 -6.71351 20.3862
    endloop
  endfacet
  facet normal -0 -0.578877 -0.815415
    outer loop
      vertex -2 -6.46658 20.2109
      vertex -4 -6.71351 20.3862
      vertex -4 -6.46658 20.2109
    endloop
  endfacet
  facet normal 0 -0.666236 -0.745741
    outer loop
      vertex -4 -6.46658 20.2109
      vertex -2 -6.24081 20.0092
      vertex -2 -6.46658 20.2109
    endloop
  endfacet
  facet normal -0 -0.666236 -0.745741
    outer loop
      vertex -2 -6.24081 20.0092
      vertex -4 -6.46658 20.2109
      vertex -4 -6.24081 20.0092
    endloop
  endfacet
  facet normal 0 -0.745687 -0.666297
    outer loop
      vertex -4 -6.03905 19.7834
      vertex -2 -6.24081 20.0092
      vertex -4 -6.24081 20.0092
    endloop
  endfacet
  facet normal 0 -0.745687 -0.666297
    outer loop
      vertex -2 -6.24081 20.0092
      vertex -4 -6.03905 19.7834
      vertex -2 -6.03905 19.7834
    endloop
  endfacet
  facet normal 0 -0.815522 -0.578726
    outer loop
      vertex -4 -5.86384 19.5365
      vertex -2 -6.03905 19.7834
      vertex -4 -6.03905 19.7834
    endloop
  endfacet
  facet normal 0 -0.815522 -0.578726
    outer loop
      vertex -2 -6.03905 19.7834
      vertex -4 -5.86384 19.5365
      vertex -2 -5.86384 19.5365
    endloop
  endfacet
  facet normal 0 -0.875224 -0.483718
    outer loop
      vertex -4 -5.71738 19.2715
      vertex -2 -5.86384 19.5365
      vertex -4 -5.86384 19.5365
    endloop
  endfacet
  facet normal 0 -0.875224 -0.483718
    outer loop
      vertex -2 -5.86384 19.5365
      vertex -4 -5.71738 19.2715
      vertex -2 -5.71738 19.2715
    endloop
  endfacet
  facet normal 0 -0.923863 -0.382724
    outer loop
      vertex -4 -5.60151 18.9918
      vertex -2 -5.71738 19.2715
      vertex -4 -5.71738 19.2715
    endloop
  endfacet
  facet normal 0 -0.923863 -0.382724
    outer loop
      vertex -2 -5.71738 19.2715
      vertex -4 -5.60151 18.9918
      vertex -2 -5.60151 18.9918
    endloop
  endfacet
  facet normal 0 -0.960931 -0.276788
    outer loop
      vertex -4 -5.51769 18.7008
      vertex -2 -5.60151 18.9918
      vertex -4 -5.60151 18.9918
    endloop
  endfacet
  facet normal 0 -0.960931 -0.276788
    outer loop
      vertex -2 -5.60151 18.9918
      vertex -4 -5.51769 18.7008
      vertex -2 -5.51769 18.7008
    endloop
  endfacet
  facet normal 0 -0.985875 -0.167483
    outer loop
      vertex -4 -5.46698 18.4023
      vertex -2 -5.51769 18.7008
      vertex -4 -5.51769 18.7008
    endloop
  endfacet
  facet normal 0 -0.985875 -0.167483
    outer loop
      vertex -2 -5.51769 18.7008
      vertex -4 -5.46698 18.4023
      vertex -2 -5.46698 18.4023
    endloop
  endfacet
  facet normal -1 0 0
    outer loop
      vertex -2 -6.5 18.1
      vertex -2 -5.45 18.1
      vertex -2 -5.46698 17.7977
    endloop
  endfacet
  facet normal -1 0 0
    outer loop
      vertex -2 -6.51679 17.8652
      vertex -2 -5.46698 17.7977
      vertex -2 -5.51769 17.4992
    endloop
  endfacet
  facet normal -1 0 0
    outer loop
      vertex -2 -5.45 18.1
      vertex -2 -6.5 18.1
      vertex -2 -5.46698 18.4023
    endloop
  endfacet
  facet normal -1 0 0
    outer loop
      vertex -2 -6.56684 17.6351
      vertex -2 -5.51769 17.4992
      vertex -2 -5.60151 17.2082
    endloop
  endfacet
  facet normal -1 0 0
    outer loop
      vertex -2 -6.51679 18.3348
      vertex -2 -5.46698 18.4023
      vertex -2 -6.5 18.1
    endloop
  endfacet
  facet normal -1 0 0
    outer loop
      vertex -2 -6.64911 17.4146
      vertex -2 -5.60151 17.2082
      vertex -2 -5.71738 16.9285
    endloop
  endfacet
  facet normal -1 -0 0
    outer loop
      vertex -2 -5.46698 18.4023
      vertex -2 -6.51679 18.3348
      vertex -2 -5.51769 18.7008
    endloop
  endfacet
  facet normal -1 0 0
    outer loop
      vertex -2 -6.76193 17.2079
      vertex -2 -5.71738 16.9285
      vertex -2 -5.86384 16.6635
    endloop
  endfacet
  facet normal -1 0 0
    outer loop
      vertex -2 -6.56684 18.5649
      vertex -2 -5.51769 18.7008
      vertex -2 -6.51679 18.3348
    endloop
  endfacet
  facet normal -1 0 0
    outer loop
      vertex -2 -6.76193 17.2079
      vertex -2 -5.86384 16.6635
      vertex -2 -6.03905 16.4166
    endloop
  endfacet
  facet normal -1 -0 0
    outer loop
      vertex -2 -5.51769 18.7008
      vertex -2 -6.56684 18.5649
      vertex -2 -5.60151 18.9918
    endloop
  endfacet
  facet normal -1 0 0
    outer loop
      vertex -2 -6.90301 17.0195
      vertex -2 -6.03905 16.4166
      vertex -2 -6.24081 16.1908
    endloop
  endfacet
  facet normal -1 0 0
    outer loop
      vertex -2 -6.64911 18.7854
      vertex -2 -5.60151 18.9918
      vertex -2 -6.56684 18.5649
    endloop
  endfacet
  facet normal -1 0 0
    outer loop
      vertex -2 -7.06948 16.853
      vertex -2 -6.24081 16.1908
      vertex -2 -6.46658 15.9891
    endloop
  endfacet
  facet normal -1 -0 0
    outer loop
      vertex -2 -5.60151 18.9918
      vertex -2 -6.64911 18.7854
      vertex -2 -5.71738 19.2715
    endloop
  endfacet
  facet normal -1 0 0
    outer loop
      vertex -2 -6.76193 18.9921
      vertex -2 -5.71738 19.2715
      vertex -2 -6.64911 18.7854
    endloop
  endfacet
  facet normal -1 0 0
    outer loop
      vertex -2 -5.46698 17.7977
      vertex -2 -6.51679 17.8652
      vertex -2 -6.5 18.1
    endloop
  endfacet
  facet normal -1 0 0
    outer loop
      vertex -2 -5.51769 17.4992
      vertex -2 -6.56684 17.6351
      vertex -2 -6.51679 17.8652
    endloop
  endfacet
  facet normal -1 0 0
    outer loop
      vertex -2 -5.60151 17.2082
      vertex -2 -6.64911 17.4146
      vertex -2 -6.56684 17.6351
    endloop
  endfacet
  facet normal -1 0 0
    outer loop
      vertex -2 -7.25794 16.7119
      vertex -2 -6.46658 15.9891
      vertex -2 -6.71351 15.8138
    endloop
  endfacet
  facet normal -1 0 0
    outer loop
      vertex -2 -5.71738 16.9285
      vertex -2 -6.76193 17.2079
      vertex -2 -6.64911 17.4146
    endloop
  endfacet
  facet normal -1 0 0
    outer loop
      vertex -2 -6.03905 16.4166
      vertex -2 -6.90301 17.0195
      vertex -2 -6.76193 17.2079
    endloop
  endfacet
  facet normal -1 0 0
    outer loop
      vertex -2 -7.25794 16.7119
      vertex -2 -6.71351 15.8138
      vertex -2 -6.97851 15.6674
    endloop
  endfacet
  facet normal -1 0 0
    outer loop
      vertex -2 -6.24081 16.1908
      vertex -2 -7.06948 16.853
      vertex -2 -6.90301 17.0195
    endloop
  endfacet
  facet normal -1 0 0
    outer loop
      vertex -2 -6.46658 15.9891
      vertex -2 -7.25794 16.7119
      vertex -2 -7.06948 16.853
    endloop
  endfacet
  facet normal -1 0 0
    outer loop
      vertex -2 -7.46457 16.5991
      vertex -2 -6.97851 15.6674
      vertex -2 -7.25825 15.5515
    endloop
  endfacet
  facet normal -1 0 0
    outer loop
      vertex -2 -6.97851 15.6674
      vertex -2 -7.46457 16.5991
      vertex -2 -7.25794 16.7119
    endloop
  endfacet
  facet normal -1 0 0
    outer loop
      vertex -2 -7.68514 16.5168
      vertex -2 -7.25825 15.5515
      vertex -2 -7.54919 15.4677
    endloop
  endfacet
  facet normal -1 0 0
    outer loop
      vertex -2 -7.25825 15.5515
      vertex -2 -7.68514 16.5168
      vertex -2 -7.46457 16.5991
    endloop
  endfacet
  facet normal -1 0 0
    outer loop
      vertex -2 -7.91518 16.4668
      vertex -2 -7.54919 15.4677
      vertex -2 -7.8477 15.417
    endloop
  endfacet
  facet normal -1 0 0
    outer loop
      vertex -2 -7.54919 15.4677
      vertex -2 -7.91518 16.4668
      vertex -2 -7.68514 16.5168
    endloop
  endfacet
  facet normal -1 0 0
    outer loop
      vertex -2 -8.15 16.45
      vertex -2 -7.8477 15.417
      vertex -2 -8.15 15.4
    endloop
  endfacet
  facet normal -1 0 0
    outer loop
      vertex -2 -7.8477 15.417
      vertex -2 -8.15 16.45
      vertex -2 -7.91518 16.4668
    endloop
  endfacet
  facet normal -1 0 0
    outer loop
      vertex -2 -8.4523 15.417
      vertex -2 -8.15 16.45
      vertex -2 -8.15 15.4
    endloop
  endfacet
  facet normal -1 -0 0
    outer loop
      vertex -2 -8.15 16.45
      vertex -2 -8.4523 15.417
      vertex -2 -8.38482 16.4668
    endloop
  endfacet
  facet normal -1 0 0
    outer loop
      vertex -2 -8.75081 15.4677
      vertex -2 -8.38482 16.4668
      vertex -2 -8.4523 15.417
    endloop
  endfacet
  facet normal -1 -0 0
    outer loop
      vertex -2 -8.38482 16.4668
      vertex -2 -8.75081 15.4677
      vertex -2 -8.61486 16.5168
    endloop
  endfacet
  facet normal -1 0 0
    outer loop
      vertex -2 -9.04175 15.5515
      vertex -2 -8.61486 16.5168
      vertex -2 -8.75081 15.4677
    endloop
  endfacet
  facet normal -1 -0 0
    outer loop
      vertex -2 -8.61486 16.5168
      vertex -2 -9.04175 15.5515
      vertex -2 -8.83543 16.5991
    endloop
  endfacet
  facet normal -1 0 0
    outer loop
      vertex -2 -9.32149 15.6674
      vertex -2 -8.83543 16.5991
      vertex -2 -9.04175 15.5515
    endloop
  endfacet
  facet normal -1 -0 0
    outer loop
      vertex -2 -8.83543 16.5991
      vertex -2 -9.32149 15.6674
      vertex -2 -9.04206 16.7119
    endloop
  endfacet
  facet normal -1 0 0
    outer loop
      vertex -2 -9.58649 15.8138
      vertex -2 -9.04206 16.7119
      vertex -2 -9.32149 15.6674
    endloop
  endfacet
  facet normal -1 0 0
    outer loop
      vertex -2 -9.83342 15.9891
      vertex -2 -9.04206 16.7119
      vertex -2 -9.58649 15.8138
    endloop
  endfacet
  facet normal -1 -0 0
    outer loop
      vertex -2 -9.04206 16.7119
      vertex -2 -9.83342 15.9891
      vertex -2 -9.23052 16.853
    endloop
  endfacet
  facet normal -1 0 0
    outer loop
      vertex -2 -10.0592 16.1908
      vertex -2 -9.23052 16.853
      vertex -2 -9.83342 15.9891
    endloop
  endfacet
  facet normal -1 -0 0
    outer loop
      vertex -2 -9.23052 16.853
      vertex -2 -10.0592 16.1908
      vertex -2 -9.39699 17.0195
    endloop
  endfacet
  facet normal -1 0 0
    outer loop
      vertex -2 -10.2609 16.4166
      vertex -2 -9.39699 17.0195
      vertex -2 -10.0592 16.1908
    endloop
  endfacet
  facet normal -1 -0 0
    outer loop
      vertex -2 -9.39699 17.0195
      vertex -2 -10.2609 16.4166
      vertex -2 -9.53807 17.2079
    endloop
  endfacet
  facet normal -1 0 0
    outer loop
      vertex -2 -10.5826 16.9285
      vertex -2 -9.53807 17.2079
      vertex -2 -10.4362 16.6635
    endloop
  endfacet
  facet normal -1 0 0
    outer loop
      vertex -2 -10.4362 16.6635
      vertex -2 -9.53807 17.2079
      vertex -2 -10.2609 16.4166
    endloop
  endfacet
  facet normal -1 -0 0
    outer loop
      vertex -2 -5.71738 19.2715
      vertex -2 -6.76193 18.9921
      vertex -2 -5.86384 19.5365
    endloop
  endfacet
  facet normal -1 -0 0
    outer loop
      vertex -2 -5.86384 19.5365
      vertex -2 -6.76193 18.9921
      vertex -2 -6.03905 19.7834
    endloop
  endfacet
  facet normal -1 0 0
    outer loop
      vertex -2 -6.90301 19.1805
      vertex -2 -6.03905 19.7834
      vertex -2 -6.76193 18.9921
    endloop
  endfacet
  facet normal -1 -0 0
    outer loop
      vertex -2 -6.03905 19.7834
      vertex -2 -6.90301 19.1805
      vertex -2 -6.24081 20.0092
    endloop
  endfacet
  facet normal -1 0 0
    outer loop
      vertex -2 -7.06948 19.347
      vertex -2 -6.24081 20.0092
      vertex -2 -6.90301 19.1805
    endloop
  endfacet
  facet normal -1 -0 0
    outer loop
      vertex -2 -6.24081 20.0092
      vertex -2 -7.06948 19.347
      vertex -2 -6.46658 20.2109
    endloop
  endfacet
  facet normal -1 0 0
    outer loop
      vertex -2 -7.25794 19.4881
      vertex -2 -6.46658 20.2109
      vertex -2 -7.06948 19.347
    endloop
  endfacet
  facet normal -1 -0 0
    outer loop
      vertex -2 -6.46658 20.2109
      vertex -2 -7.25794 19.4881
      vertex -2 -6.71351 20.3862
    endloop
  endfacet
  facet normal -1 -0 0
    outer loop
      vertex -2 -6.71351 20.3862
      vertex -2 -7.25794 19.4881
      vertex -2 -6.97851 20.5326
    endloop
  endfacet
  facet normal -1 0 0
    outer loop
      vertex -2 -7.46457 19.6009
      vertex -2 -6.97851 20.5326
      vertex -2 -7.25794 19.4881
    endloop
  endfacet
  facet normal -1 -0 0
    outer loop
      vertex -2 -6.97851 20.5326
      vertex -2 -7.46457 19.6009
      vertex -2 -7.25825 20.6485
    endloop
  endfacet
  facet normal -1 0 0
    outer loop
      vertex -2 -7.68514 19.6832
      vertex -2 -7.25825 20.6485
      vertex -2 -7.46457 19.6009
    endloop
  endfacet
  facet normal -1 -0 0
    outer loop
      vertex -2 -7.25825 20.6485
      vertex -2 -7.68514 19.6832
      vertex -2 -7.54919 20.7323
    endloop
  endfacet
  facet normal -1 0 0
    outer loop
      vertex -2 -7.91518 19.7332
      vertex -2 -7.54919 20.7323
      vertex -2 -7.68514 19.6832
    endloop
  endfacet
  facet normal -1 -0 0
    outer loop
      vertex -2 -7.54919 20.7323
      vertex -2 -7.91518 19.7332
      vertex -2 -7.8477 20.783
    endloop
  endfacet
  facet normal -1 0 0
    outer loop
      vertex -2 -8.15 19.75
      vertex -2 -7.8477 20.783
      vertex -2 -7.91518 19.7332
    endloop
  endfacet
  facet normal -1 0 0
    outer loop
      vertex -2 -8.15 19.75
      vertex -2 -8.15 20.8
      vertex -2 -7.8477 20.783
    endloop
  endfacet
  facet normal -1 0 0
    outer loop
      vertex -2 -8.4523 20.783
      vertex -2 -8.15 19.75
      vertex -2 -8.38482 19.7332
    endloop
  endfacet
  facet normal -1 0 0
    outer loop
      vertex -2 -8.15 19.75
      vertex -2 -8.4523 20.783
      vertex -2 -8.15 20.8
    endloop
  endfacet
  facet normal -1 0 0
    outer loop
      vertex -2 -8.75081 20.7323
      vertex -2 -8.38482 19.7332
      vertex -2 -8.61486 19.6832
    endloop
  endfacet
  facet normal -1 0 0
    outer loop
      vertex -2 -8.38482 19.7332
      vertex -2 -8.75081 20.7323
      vertex -2 -8.4523 20.783
    endloop
  endfacet
  facet normal -1 0 0
    outer loop
      vertex -2 -9.04175 20.6485
      vertex -2 -8.61486 19.6832
      vertex -2 -8.83543 19.6009
    endloop
  endfacet
  facet normal -1 0 0
    outer loop
      vertex -2 -8.61486 19.6832
      vertex -2 -9.04175 20.6485
      vertex -2 -8.75081 20.7323
    endloop
  endfacet
  facet normal -1 0 0
    outer loop
      vertex -2 -9.32149 20.5326
      vertex -2 -8.83543 19.6009
      vertex -2 -9.04206 19.4881
    endloop
  endfacet
  facet normal -1 0 0
    outer loop
      vertex -2 -9.83342 20.2109
      vertex -2 -9.04206 19.4881
      vertex -2 -9.23052 19.347
    endloop
  endfacet
  facet normal -1 0 0
    outer loop
      vertex -2 -8.83543 19.6009
      vertex -2 -9.32149 20.5326
      vertex -2 -9.04175 20.6485
    endloop
  endfacet
  facet normal -1 0 0
    outer loop
      vertex -2 -10.0592 20.0092
      vertex -2 -9.23052 19.347
      vertex -2 -9.39699 19.1805
    endloop
  endfacet
  facet normal -1 0 0
    outer loop
      vertex -2 -10.2609 19.7834
      vertex -2 -9.39699 19.1805
      vertex -2 -9.53807 18.9921
    endloop
  endfacet
  facet normal -1 0 0
    outer loop
      vertex -2 -9.04206 19.4881
      vertex -2 -9.58649 20.3862
      vertex -2 -9.32149 20.5326
    endloop
  endfacet
  facet normal -1 0 0
    outer loop
      vertex -2 -10.5826 19.2715
      vertex -2 -9.53807 18.9921
      vertex -2 -9.65089 18.7854
    endloop
  endfacet
  facet normal -1 0 0
    outer loop
      vertex -2 -10.6985 18.9918
      vertex -2 -9.65089 18.7854
      vertex -2 -9.73316 18.5649
    endloop
  endfacet
  facet normal -1 0 0
    outer loop
      vertex -2 -10.7823 18.7008
      vertex -2 -9.73316 18.5649
      vertex -2 -9.78321 18.3348
    endloop
  endfacet
  facet normal -1 0 0
    outer loop
      vertex -2 -9.04206 19.4881
      vertex -2 -9.83342 20.2109
      vertex -2 -9.58649 20.3862
    endloop
  endfacet
  facet normal -1 0 0
    outer loop
      vertex -2 -10.833 18.4023
      vertex -2 -9.78321 18.3348
      vertex -2 -9.8 18.1
    endloop
  endfacet
  facet normal -1 -0 0
    outer loop
      vertex -2 -9.53807 17.2079
      vertex -2 -10.5826 16.9285
      vertex -2 -9.65089 17.4146
    endloop
  endfacet
  facet normal -1 0 0
    outer loop
      vertex -2 -10.6985 17.2082
      vertex -2 -9.65089 17.4146
      vertex -2 -10.5826 16.9285
    endloop
  endfacet
  facet normal -1 0 0
    outer loop
      vertex -2 -9.23052 19.347
      vertex -2 -10.0592 20.0092
      vertex -2 -9.83342 20.2109
    endloop
  endfacet
  facet normal -1 -0 0
    outer loop
      vertex -2 -9.65089 17.4146
      vertex -2 -10.6985 17.2082
      vertex -2 -9.73316 17.6351
    endloop
  endfacet
  facet normal -1 0 0
    outer loop
      vertex -2 -9.39699 19.1805
      vertex -2 -10.2609 19.7834
      vertex -2 -10.0592 20.0092
    endloop
  endfacet
  facet normal -1 0 0
    outer loop
      vertex -2 -10.7823 17.4992
      vertex -2 -9.73316 17.6351
      vertex -2 -10.6985 17.2082
    endloop
  endfacet
  facet normal -1 0 0
    outer loop
      vertex -2 -9.53807 18.9921
      vertex -2 -10.4362 19.5365
      vertex -2 -10.2609 19.7834
    endloop
  endfacet
  facet normal -1 -0 0
    outer loop
      vertex -2 -9.73316 17.6351
      vertex -2 -10.7823 17.4992
      vertex -2 -9.78321 17.8652
    endloop
  endfacet
  facet normal -1 0 0
    outer loop
      vertex -2 -9.53807 18.9921
      vertex -2 -10.5826 19.2715
      vertex -2 -10.4362 19.5365
    endloop
  endfacet
  facet normal -1 0 0
    outer loop
      vertex -2 -10.833 17.7977
      vertex -2 -9.78321 17.8652
      vertex -2 -10.7823 17.4992
    endloop
  endfacet
  facet normal -1 0 0
    outer loop
      vertex -2 -9.65089 18.7854
      vertex -2 -10.6985 18.9918
      vertex -2 -10.5826 19.2715
    endloop
  endfacet
  facet normal -1 -0 0
    outer loop
      vertex -2 -9.78321 17.8652
      vertex -2 -10.833 17.7977
      vertex -2 -9.8 18.1
    endloop
  endfacet
  facet normal -1 0 0
    outer loop
      vertex -2 -9.73316 18.5649
      vertex -2 -10.7823 18.7008
      vertex -2 -10.6985 18.9918
    endloop
  endfacet
  facet normal -1 0 0
    outer loop
      vertex -2 -10.85 18.1
      vertex -2 -9.8 18.1
      vertex -2 -10.833 17.7977
    endloop
  endfacet
  facet normal -1 0 0
    outer loop
      vertex -2 -9.78321 18.3348
      vertex -2 -10.833 18.4023
      vertex -2 -10.7823 18.7008
    endloop
  endfacet
  facet normal -1 0 0
    outer loop
      vertex -2 -9.8 18.1
      vertex -2 -10.85 18.1
      vertex -2 -10.833 18.4023
    endloop
  endfacet
  facet normal 0 -0.998426 -0.056081
    outer loop
      vertex -4 -5.45 10
      vertex -2 -5.46698 10.3023
      vertex -4 -5.46698 10.3023
    endloop
  endfacet
  facet normal 0 -0.998426 -0.056081
    outer loop
      vertex -2 -5.46698 10.3023
      vertex -4 -5.45 10
      vertex -2 -5.45 10
    endloop
  endfacet
  facet normal 0 -0.998426 0.056081
    outer loop
      vertex -4 -5.46698 9.6977
      vertex -2 -5.45 10
      vertex -4 -5.45 10
    endloop
  endfacet
  facet normal 0 -0.998426 0.056081
    outer loop
      vertex -2 -5.45 10
      vertex -4 -5.46698 9.6977
      vertex -2 -5.46698 9.6977
    endloop
  endfacet
  facet normal 0 -0.985876 0.167478
    outer loop
      vertex -4 -5.51769 9.39919
      vertex -2 -5.46698 9.6977
      vertex -4 -5.46698 9.6977
    endloop
  endfacet
  facet normal 0 -0.985876 0.167478
    outer loop
      vertex -2 -5.46698 9.6977
      vertex -4 -5.51769 9.39919
      vertex -2 -5.51769 9.39919
    endloop
  endfacet
  facet normal 0 -0.960916 0.27684
    outer loop
      vertex -4 -5.60151 9.10825
      vertex -2 -5.51769 9.39919
      vertex -4 -5.51769 9.39919
    endloop
  endfacet
  facet normal 0 -0.960916 0.27684
    outer loop
      vertex -2 -5.51769 9.39919
      vertex -4 -5.60151 9.10825
      vertex -2 -5.60151 9.10825
    endloop
  endfacet
  facet normal 0 -0.923882 0.382678
    outer loop
      vertex -4 -5.71738 8.82851
      vertex -2 -5.60151 9.10825
      vertex -4 -5.60151 9.10825
    endloop
  endfacet
  facet normal 0 -0.923882 0.382678
    outer loop
      vertex -2 -5.60151 9.10825
      vertex -4 -5.71738 8.82851
      vertex -2 -5.71738 8.82851
    endloop
  endfacet
  facet normal 0 -0.875224 0.483718
    outer loop
      vertex -4 -5.86384 8.56351
      vertex -2 -5.71738 8.82851
      vertex -4 -5.71738 8.82851
    endloop
  endfacet
  facet normal 0 -0.875224 0.483718
    outer loop
      vertex -2 -5.71738 8.82851
      vertex -4 -5.86384 8.56351
      vertex -2 -5.86384 8.56351
    endloop
  endfacet
  facet normal 0 -0.815555 0.57868
    outer loop
      vertex -4 -6.03905 8.31658
      vertex -2 -5.86384 8.56351
      vertex -4 -5.86384 8.56351
    endloop
  endfacet
  facet normal 0 -0.815555 0.57868
    outer loop
      vertex -2 -5.86384 8.56351
      vertex -4 -6.03905 8.31658
      vertex -2 -6.03905 8.31658
    endloop
  endfacet
  facet normal 0 -0.745643 0.666346
    outer loop
      vertex -4 -6.24081 8.09081
      vertex -2 -6.03905 8.31658
      vertex -4 -6.03905 8.31658
    endloop
  endfacet
  facet normal 0 -0.745643 0.666346
    outer loop
      vertex -2 -6.03905 8.31658
      vertex -4 -6.24081 8.09081
      vertex -2 -6.24081 8.09081
    endloop
  endfacet
  facet normal 0 -0.666346 0.745643
    outer loop
      vertex -4 -6.24081 8.09081
      vertex -2 -6.46658 7.88905
      vertex -2 -6.24081 8.09081
    endloop
  endfacet
  facet normal 0 -0.666346 0.745643
    outer loop
      vertex -2 -6.46658 7.88905
      vertex -4 -6.24081 8.09081
      vertex -4 -6.46658 7.88905
    endloop
  endfacet
  facet normal 0 -0.57868 0.815555
    outer loop
      vertex -4 -6.46658 7.88905
      vertex -2 -6.71351 7.71384
      vertex -2 -6.46658 7.88905
    endloop
  endfacet
  facet normal 0 -0.57868 0.815555
    outer loop
      vertex -2 -6.71351 7.71384
      vertex -4 -6.46658 7.88905
      vertex -4 -6.71351 7.71384
    endloop
  endfacet
  facet normal 0 -0.483718 0.875224
    outer loop
      vertex -4 -6.71351 7.71384
      vertex -2 -6.97851 7.56738
      vertex -2 -6.71351 7.71384
    endloop
  endfacet
  facet normal 0 -0.483718 0.875224
    outer loop
      vertex -2 -6.97851 7.56738
      vertex -4 -6.71351 7.71384
      vertex -4 -6.97851 7.56738
    endloop
  endfacet
  facet normal 0 -0.382649 0.923894
    outer loop
      vertex -4 -6.97851 7.56738
      vertex -2 -7.25825 7.45152
      vertex -2 -6.97851 7.56738
    endloop
  endfacet
  facet normal 0 -0.382649 0.923894
    outer loop
      vertex -2 -7.25825 7.45152
      vertex -4 -6.97851 7.56738
      vertex -4 -7.25825 7.45152
    endloop
  endfacet
  facet normal 0 -0.276871 0.960907
    outer loop
      vertex -4 -7.25825 7.45152
      vertex -2 -7.54919 7.36769
      vertex -2 -7.25825 7.45152
    endloop
  endfacet
  facet normal 0 -0.276871 0.960907
    outer loop
      vertex -2 -7.54919 7.36769
      vertex -4 -7.25825 7.45152
      vertex -4 -7.54919 7.36769
    endloop
  endfacet
  facet normal 0 -0.167478 0.985876
    outer loop
      vertex -4 -7.54919 7.36769
      vertex -2 -7.8477 7.31698
      vertex -2 -7.54919 7.36769
    endloop
  endfacet
  facet normal 0 -0.167478 0.985876
    outer loop
      vertex -2 -7.8477 7.31698
      vertex -4 -7.54919 7.36769
      vertex -4 -7.8477 7.31698
    endloop
  endfacet
  facet normal 0 -0.056081 0.998426
    outer loop
      vertex -4 -7.8477 7.31698
      vertex -2 -8.15 7.3
      vertex -2 -7.8477 7.31698
    endloop
  endfacet
  facet normal 0 -0.056081 0.998426
    outer loop
      vertex -2 -8.15 7.3
      vertex -4 -7.8477 7.31698
      vertex -4 -8.15 7.3
    endloop
  endfacet
  facet normal -0 0.056081 0.998426
    outer loop
      vertex -4 -8.15 7.3
      vertex -2 -8.4523 7.31698
      vertex -2 -8.15 7.3
    endloop
  endfacet
  facet normal 0 0.056081 0.998426
    outer loop
      vertex -2 -8.4523 7.31698
      vertex -4 -8.15 7.3
      vertex -4 -8.4523 7.31698
    endloop
  endfacet
  facet normal -0 0.167478 0.985876
    outer loop
      vertex -4 -8.4523 7.31698
      vertex -2 -8.75081 7.36769
      vertex -2 -8.4523 7.31698
    endloop
  endfacet
  facet normal 0 0.167478 0.985876
    outer loop
      vertex -2 -8.75081 7.36769
      vertex -4 -8.4523 7.31698
      vertex -4 -8.75081 7.36769
    endloop
  endfacet
  facet normal -0 0.276871 0.960907
    outer loop
      vertex -4 -8.75081 7.36769
      vertex -2 -9.04175 7.45152
      vertex -2 -8.75081 7.36769
    endloop
  endfacet
  facet normal 0 0.276871 0.960907
    outer loop
      vertex -2 -9.04175 7.45152
      vertex -4 -8.75081 7.36769
      vertex -4 -9.04175 7.45152
    endloop
  endfacet
  facet normal -0 0.382649 0.923894
    outer loop
      vertex -4 -9.04175 7.45152
      vertex -2 -9.32149 7.56738
      vertex -2 -9.04175 7.45152
    endloop
  endfacet
  facet normal 0 0.382649 0.923894
    outer loop
      vertex -2 -9.32149 7.56738
      vertex -4 -9.04175 7.45152
      vertex -4 -9.32149 7.56738
    endloop
  endfacet
  facet normal -0 0.483718 0.875224
    outer loop
      vertex -4 -9.32149 7.56738
      vertex -2 -9.58649 7.71384
      vertex -2 -9.32149 7.56738
    endloop
  endfacet
  facet normal 0 0.483718 0.875224
    outer loop
      vertex -2 -9.58649 7.71384
      vertex -4 -9.32149 7.56738
      vertex -4 -9.58649 7.71384
    endloop
  endfacet
  facet normal -0 0.57868 0.815555
    outer loop
      vertex -4 -9.58649 7.71384
      vertex -2 -9.83342 7.88905
      vertex -2 -9.58649 7.71384
    endloop
  endfacet
  facet normal 0 0.57868 0.815555
    outer loop
      vertex -2 -9.83342 7.88905
      vertex -4 -9.58649 7.71384
      vertex -4 -9.83342 7.88905
    endloop
  endfacet
  facet normal -0 0.666329 0.745657
    outer loop
      vertex -4 -9.83342 7.88905
      vertex -2 -10.0592 8.09081
      vertex -2 -9.83342 7.88905
    endloop
  endfacet
  facet normal 0 0.666329 0.745657
    outer loop
      vertex -2 -10.0592 8.09081
      vertex -4 -9.83342 7.88905
      vertex -4 -10.0592 8.09081
    endloop
  endfacet
  facet normal 0 0.745741 0.666236
    outer loop
      vertex -2 -10.0592 8.09081
      vertex -4 -10.2609 8.31658
      vertex -2 -10.2609 8.31658
    endloop
  endfacet
  facet normal 0 0.745741 0.666236
    outer loop
      vertex -4 -10.2609 8.31658
      vertex -2 -10.0592 8.09081
      vertex -4 -10.0592 8.09081
    endloop
  endfacet
  facet normal 0 0.815415 0.578877
    outer loop
      vertex -2 -10.2609 8.31658
      vertex -4 -10.4362 8.56351
      vertex -2 -10.4362 8.56351
    endloop
  endfacet
  facet normal 0 0.815415 0.578877
    outer loop
      vertex -4 -10.4362 8.56351
      vertex -2 -10.2609 8.31658
      vertex -4 -10.2609 8.31658
    endloop
  endfacet
  facet normal 0 0.875308 0.483566
    outer loop
      vertex -2 -10.4362 8.56351
      vertex -4 -10.5826 8.82851
      vertex -2 -10.5826 8.82851
    endloop
  endfacet
  facet normal 0 0.875308 0.483566
    outer loop
      vertex -4 -10.5826 8.82851
      vertex -2 -10.4362 8.56351
      vertex -4 -10.4362 8.56351
    endloop
  endfacet
  facet normal 0 0.923847 0.382762
    outer loop
      vertex -2 -10.5826 8.82851
      vertex -4 -10.6985 9.10825
      vertex -2 -10.6985 9.10825
    endloop
  endfacet
  facet normal 0 0.923847 0.382762
    outer loop
      vertex -4 -10.6985 9.10825
      vertex -2 -10.5826 8.82851
      vertex -4 -10.5826 8.82851
    endloop
  endfacet
  facet normal 0 0.960933 0.276779
    outer loop
      vertex -2 -10.6985 9.10825
      vertex -4 -10.7823 9.39919
      vertex -2 -10.7823 9.39919
    endloop
  endfacet
  facet normal 0 0.960933 0.276779
    outer loop
      vertex -4 -10.7823 9.39919
      vertex -2 -10.6985 9.10825
      vertex -4 -10.6985 9.10825
    endloop
  endfacet
  facet normal 0 0.985881 0.167446
    outer loop
      vertex -2 -10.7823 9.39919
      vertex -4 -10.833 9.6977
      vertex -2 -10.833 9.6977
    endloop
  endfacet
  facet normal 0 0.985881 0.167446
    outer loop
      vertex -4 -10.833 9.6977
      vertex -2 -10.7823 9.39919
      vertex -4 -10.7823 9.39919
    endloop
  endfacet
  facet normal 0 0.998423 0.0561468
    outer loop
      vertex -2 -10.833 9.6977
      vertex -4 -10.85 10
      vertex -2 -10.85 10
    endloop
  endfacet
  facet normal 0 0.998423 0.0561468
    outer loop
      vertex -4 -10.85 10
      vertex -2 -10.833 9.6977
      vertex -4 -10.833 9.6977
    endloop
  endfacet
  facet normal 0 0.998423 -0.0561468
    outer loop
      vertex -2 -10.85 10
      vertex -4 -10.833 10.3023
      vertex -2 -10.833 10.3023
    endloop
  endfacet
  facet normal 0 0.998423 -0.0561468
    outer loop
      vertex -4 -10.833 10.3023
      vertex -2 -10.85 10
      vertex -4 -10.85 10
    endloop
  endfacet
  facet normal 0 0.98588 -0.167451
    outer loop
      vertex -2 -10.833 10.3023
      vertex -4 -10.7823 10.6008
      vertex -2 -10.7823 10.6008
    endloop
  endfacet
  facet normal 0 0.98588 -0.167451
    outer loop
      vertex -4 -10.7823 10.6008
      vertex -2 -10.833 10.3023
      vertex -4 -10.833 10.3023
    endloop
  endfacet
  facet normal 0 0.960949 -0.276727
    outer loop
      vertex -2 -10.7823 10.6008
      vertex -4 -10.6985 10.8918
      vertex -2 -10.6985 10.8918
    endloop
  endfacet
  facet normal 0 0.960949 -0.276727
    outer loop
      vertex -4 -10.6985 10.8918
      vertex -2 -10.7823 10.6008
      vertex -4 -10.7823 10.6008
    endloop
  endfacet
  facet normal 0 0.923828 -0.382809
    outer loop
      vertex -2 -10.6985 10.8918
      vertex -4 -10.5826 11.1715
      vertex -2 -10.5826 11.1715
    endloop
  endfacet
  facet normal 0 0.923828 -0.382809
    outer loop
      vertex -4 -10.5826 11.1715
      vertex -2 -10.6985 10.8918
      vertex -4 -10.6985 10.8918
    endloop
  endfacet
  facet normal 0 0.875308 -0.483566
    outer loop
      vertex -2 -10.5826 11.1715
      vertex -4 -10.4362 11.4365
      vertex -2 -10.4362 11.4365
    endloop
  endfacet
  facet normal 0 0.875308 -0.483566
    outer loop
      vertex -4 -10.4362 11.4365
      vertex -2 -10.5826 11.1715
      vertex -4 -10.5826 11.1715
    endloop
  endfacet
  facet normal 0 0.815381 -0.578924
    outer loop
      vertex -2 -10.4362 11.4365
      vertex -4 -10.2609 11.6834
      vertex -2 -10.2609 11.6834
    endloop
  endfacet
  facet normal 0 0.815381 -0.578924
    outer loop
      vertex -4 -10.2609 11.6834
      vertex -2 -10.4362 11.4365
      vertex -4 -10.4362 11.4365
    endloop
  endfacet
  facet normal 0 0.745785 -0.666186
    outer loop
      vertex -2 -10.2609 11.6834
      vertex -4 -10.0592 11.9092
      vertex -2 -10.0592 11.9092
    endloop
  endfacet
  facet normal 0 0.745785 -0.666186
    outer loop
      vertex -4 -10.0592 11.9092
      vertex -2 -10.2609 11.6834
      vertex -4 -10.2609 11.6834
    endloop
  endfacet
  facet normal 0 0.666219 -0.745756
    outer loop
      vertex -4 -10.0592 11.9092
      vertex -2 -9.83342 12.1109
      vertex -2 -10.0592 11.9092
    endloop
  endfacet
  facet normal 0 0.666219 -0.745756
    outer loop
      vertex -2 -9.83342 12.1109
      vertex -4 -10.0592 11.9092
      vertex -4 -9.83342 12.1109
    endloop
  endfacet
  facet normal 0 0.578877 -0.815415
    outer loop
      vertex -4 -9.83342 12.1109
      vertex -2 -9.58649 12.2862
      vertex -2 -9.83342 12.1109
    endloop
  endfacet
  facet normal 0 0.578877 -0.815415
    outer loop
      vertex -2 -9.58649 12.2862
      vertex -4 -9.83342 12.1109
      vertex -4 -9.58649 12.2862
    endloop
  endfacet
  facet normal 0 0.483566 -0.875308
    outer loop
      vertex -4 -9.58649 12.2862
      vertex -2 -9.32149 12.4326
      vertex -2 -9.58649 12.2862
    endloop
  endfacet
  facet normal 0 0.483566 -0.875308
    outer loop
      vertex -2 -9.32149 12.4326
      vertex -4 -9.58649 12.2862
      vertex -4 -9.32149 12.4326
    endloop
  endfacet
  facet normal 0 0.382762 -0.923847
    outer loop
      vertex -4 -9.32149 12.4326
      vertex -2 -9.04175 12.5485
      vertex -2 -9.32149 12.4326
    endloop
  endfacet
  facet normal 0 0.382762 -0.923847
    outer loop
      vertex -2 -9.04175 12.5485
      vertex -4 -9.32149 12.4326
      vertex -4 -9.04175 12.5485
    endloop
  endfacet
  facet normal 0 0.276779 -0.960933
    outer loop
      vertex -4 -9.04175 12.5485
      vertex -2 -8.75081 12.6323
      vertex -2 -9.04175 12.5485
    endloop
  endfacet
  facet normal 0 0.276779 -0.960933
    outer loop
      vertex -2 -8.75081 12.6323
      vertex -4 -9.04175 12.5485
      vertex -4 -8.75081 12.6323
    endloop
  endfacet
  facet normal 0 0.167446 -0.985881
    outer loop
      vertex -4 -8.75081 12.6323
      vertex -2 -8.4523 12.683
      vertex -2 -8.75081 12.6323
    endloop
  endfacet
  facet normal 0 0.167446 -0.985881
    outer loop
      vertex -2 -8.4523 12.683
      vertex -4 -8.75081 12.6323
      vertex -4 -8.4523 12.683
    endloop
  endfacet
  facet normal 0 0.0561468 -0.998423
    outer loop
      vertex -4 -8.4523 12.683
      vertex -2 -8.15 12.7
      vertex -2 -8.4523 12.683
    endloop
  endfacet
  facet normal 0 0.0561468 -0.998423
    outer loop
      vertex -2 -8.15 12.7
      vertex -4 -8.4523 12.683
      vertex -4 -8.15 12.7
    endloop
  endfacet
  facet normal 0 -0.0561468 -0.998423
    outer loop
      vertex -4 -8.15 12.7
      vertex -2 -7.8477 12.683
      vertex -2 -8.15 12.7
    endloop
  endfacet
  facet normal -0 -0.0561468 -0.998423
    outer loop
      vertex -2 -7.8477 12.683
      vertex -4 -8.15 12.7
      vertex -4 -7.8477 12.683
    endloop
  endfacet
  facet normal 0 -0.167446 -0.985881
    outer loop
      vertex -4 -7.8477 12.683
      vertex -2 -7.54919 12.6323
      vertex -2 -7.8477 12.683
    endloop
  endfacet
  facet normal -0 -0.167446 -0.985881
    outer loop
      vertex -2 -7.54919 12.6323
      vertex -4 -7.8477 12.683
      vertex -4 -7.54919 12.6323
    endloop
  endfacet
  facet normal 0 -0.276779 -0.960933
    outer loop
      vertex -4 -7.54919 12.6323
      vertex -2 -7.25825 12.5485
      vertex -2 -7.54919 12.6323
    endloop
  endfacet
  facet normal -0 -0.276779 -0.960933
    outer loop
      vertex -2 -7.25825 12.5485
      vertex -4 -7.54919 12.6323
      vertex -4 -7.25825 12.5485
    endloop
  endfacet
  facet normal 0 -0.382762 -0.923847
    outer loop
      vertex -4 -7.25825 12.5485
      vertex -2 -6.97851 12.4326
      vertex -2 -7.25825 12.5485
    endloop
  endfacet
  facet normal -0 -0.382762 -0.923847
    outer loop
      vertex -2 -6.97851 12.4326
      vertex -4 -7.25825 12.5485
      vertex -4 -6.97851 12.4326
    endloop
  endfacet
  facet normal 0 -0.483566 -0.875308
    outer loop
      vertex -4 -6.97851 12.4326
      vertex -2 -6.71351 12.2862
      vertex -2 -6.97851 12.4326
    endloop
  endfacet
  facet normal -0 -0.483566 -0.875308
    outer loop
      vertex -2 -6.71351 12.2862
      vertex -4 -6.97851 12.4326
      vertex -4 -6.71351 12.2862
    endloop
  endfacet
  facet normal 0 -0.578877 -0.815415
    outer loop
      vertex -4 -6.71351 12.2862
      vertex -2 -6.46658 12.1109
      vertex -2 -6.71351 12.2862
    endloop
  endfacet
  facet normal -0 -0.578877 -0.815415
    outer loop
      vertex -2 -6.46658 12.1109
      vertex -4 -6.71351 12.2862
      vertex -4 -6.46658 12.1109
    endloop
  endfacet
  facet normal 0 -0.666236 -0.745741
    outer loop
      vertex -4 -6.46658 12.1109
      vertex -2 -6.24081 11.9092
      vertex -2 -6.46658 12.1109
    endloop
  endfacet
  facet normal -0 -0.666236 -0.745741
    outer loop
      vertex -2 -6.24081 11.9092
      vertex -4 -6.46658 12.1109
      vertex -4 -6.24081 11.9092
    endloop
  endfacet
  facet normal 0 -0.745687 -0.666297
    outer loop
      vertex -4 -6.03905 11.6834
      vertex -2 -6.24081 11.9092
      vertex -4 -6.24081 11.9092
    endloop
  endfacet
  facet normal 0 -0.745687 -0.666297
    outer loop
      vertex -2 -6.24081 11.9092
      vertex -4 -6.03905 11.6834
      vertex -2 -6.03905 11.6834
    endloop
  endfacet
  facet normal 0 -0.815522 -0.578726
    outer loop
      vertex -4 -5.86384 11.4365
      vertex -2 -6.03905 11.6834
      vertex -4 -6.03905 11.6834
    endloop
  endfacet
  facet normal 0 -0.815522 -0.578726
    outer loop
      vertex -2 -6.03905 11.6834
      vertex -4 -5.86384 11.4365
      vertex -2 -5.86384 11.4365
    endloop
  endfacet
  facet normal 0 -0.875224 -0.483718
    outer loop
      vertex -4 -5.71738 11.1715
      vertex -2 -5.86384 11.4365
      vertex -4 -5.86384 11.4365
    endloop
  endfacet
  facet normal 0 -0.875224 -0.483718
    outer loop
      vertex -2 -5.86384 11.4365
      vertex -4 -5.71738 11.1715
      vertex -2 -5.71738 11.1715
    endloop
  endfacet
  facet normal 0 -0.923863 -0.382724
    outer loop
      vertex -4 -5.60151 10.8918
      vertex -2 -5.71738 11.1715
      vertex -4 -5.71738 11.1715
    endloop
  endfacet
  facet normal 0 -0.923863 -0.382724
    outer loop
      vertex -2 -5.71738 11.1715
      vertex -4 -5.60151 10.8918
      vertex -2 -5.60151 10.8918
    endloop
  endfacet
  facet normal 0 -0.960931 -0.276788
    outer loop
      vertex -4 -5.51769 10.6008
      vertex -2 -5.60151 10.8918
      vertex -4 -5.60151 10.8918
    endloop
  endfacet
  facet normal 0 -0.960931 -0.276788
    outer loop
      vertex -2 -5.60151 10.8918
      vertex -4 -5.51769 10.6008
      vertex -2 -5.51769 10.6008
    endloop
  endfacet
  facet normal 0 -0.985875 -0.167483
    outer loop
      vertex -4 -5.46698 10.3023
      vertex -2 -5.51769 10.6008
      vertex -4 -5.51769 10.6008
    endloop
  endfacet
  facet normal 0 -0.985875 -0.167483
    outer loop
      vertex -2 -5.51769 10.6008
      vertex -4 -5.46698 10.3023
      vertex -2 -5.46698 10.3023
    endloop
  endfacet
  facet normal -1 0 0
    outer loop
      vertex -2 -6.5 10
      vertex -2 -5.45 10
      vertex -2 -5.46698 9.6977
    endloop
  endfacet
  facet normal -1 0 0
    outer loop
      vertex -2 -6.51679 9.76518
      vertex -2 -5.46698 9.6977
      vertex -2 -5.51769 9.39919
    endloop
  endfacet
  facet normal -1 0 0
    outer loop
      vertex -2 -5.45 10
      vertex -2 -6.5 10
      vertex -2 -5.46698 10.3023
    endloop
  endfacet
  facet normal -1 0 0
    outer loop
      vertex -2 -6.56684 9.53514
      vertex -2 -5.51769 9.39919
      vertex -2 -5.60151 9.10825
    endloop
  endfacet
  facet normal -1 0 0
    outer loop
      vertex -2 -6.51679 10.2348
      vertex -2 -5.46698 10.3023
      vertex -2 -6.5 10
    endloop
  endfacet
  facet normal -1 0 0
    outer loop
      vertex -2 -6.64911 9.31457
      vertex -2 -5.60151 9.10825
      vertex -2 -5.71738 8.82851
    endloop
  endfacet
  facet normal -1 -0 0
    outer loop
      vertex -2 -5.46698 10.3023
      vertex -2 -6.51679 10.2348
      vertex -2 -5.51769 10.6008
    endloop
  endfacet
  facet normal -1 0 0
    outer loop
      vertex -2 -6.76193 9.10794
      vertex -2 -5.71738 8.82851
      vertex -2 -5.86384 8.56351
    endloop
  endfacet
  facet normal -1 0 0
    outer loop
      vertex -2 -6.56684 10.4649
      vertex -2 -5.51769 10.6008
      vertex -2 -6.51679 10.2348
    endloop
  endfacet
  facet normal -1 0 0
    outer loop
      vertex -2 -6.76193 9.10794
      vertex -2 -5.86384 8.56351
      vertex -2 -6.03905 8.31658
    endloop
  endfacet
  facet normal -1 -0 0
    outer loop
      vertex -2 -5.51769 10.6008
      vertex -2 -6.56684 10.4649
      vertex -2 -5.60151 10.8918
    endloop
  endfacet
  facet normal -1 0 0
    outer loop
      vertex -2 -6.90301 8.91948
      vertex -2 -6.03905 8.31658
      vertex -2 -6.24081 8.09081
    endloop
  endfacet
  facet normal -1 0 0
    outer loop
      vertex -2 -6.64911 10.6854
      vertex -2 -5.60151 10.8918
      vertex -2 -6.56684 10.4649
    endloop
  endfacet
  facet normal -1 0 0
    outer loop
      vertex -2 -7.06948 8.75301
      vertex -2 -6.24081 8.09081
      vertex -2 -6.46658 7.88905
    endloop
  endfacet
  facet normal -1 -0 0
    outer loop
      vertex -2 -5.60151 10.8918
      vertex -2 -6.64911 10.6854
      vertex -2 -5.71738 11.1715
    endloop
  endfacet
  facet normal -1 0 0
    outer loop
      vertex -2 -6.76193 10.8921
      vertex -2 -5.71738 11.1715
      vertex -2 -6.64911 10.6854
    endloop
  endfacet
  facet normal -1 0 0
    outer loop
      vertex -2 -5.46698 9.6977
      vertex -2 -6.51679 9.76518
      vertex -2 -6.5 10
    endloop
  endfacet
  facet normal -1 0 0
    outer loop
      vertex -2 -5.51769 9.39919
      vertex -2 -6.56684 9.53514
      vertex -2 -6.51679 9.76518
    endloop
  endfacet
  facet normal -1 0 0
    outer loop
      vertex -2 -5.60151 9.10825
      vertex -2 -6.64911 9.31457
      vertex -2 -6.56684 9.53514
    endloop
  endfacet
  facet normal -1 0 0
    outer loop
      vertex -2 -7.25794 8.61193
      vertex -2 -6.46658 7.88905
      vertex -2 -6.71351 7.71384
    endloop
  endfacet
  facet normal -1 0 0
    outer loop
      vertex -2 -5.71738 8.82851
      vertex -2 -6.76193 9.10794
      vertex -2 -6.64911 9.31457
    endloop
  endfacet
  facet normal -1 0 0
    outer loop
      vertex -2 -6.03905 8.31658
      vertex -2 -6.90301 8.91948
      vertex -2 -6.76193 9.10794
    endloop
  endfacet
  facet normal -1 0 0
    outer loop
      vertex -2 -7.25794 8.61193
      vertex -2 -6.71351 7.71384
      vertex -2 -6.97851 7.56738
    endloop
  endfacet
  facet normal -1 0 0
    outer loop
      vertex -2 -6.24081 8.09081
      vertex -2 -7.06948 8.75301
      vertex -2 -6.90301 8.91948
    endloop
  endfacet
  facet normal -1 0 0
    outer loop
      vertex -2 -6.46658 7.88905
      vertex -2 -7.25794 8.61193
      vertex -2 -7.06948 8.75301
    endloop
  endfacet
  facet normal -1 0 0
    outer loop
      vertex -2 -7.46457 8.49911
      vertex -2 -6.97851 7.56738
      vertex -2 -7.25825 7.45152
    endloop
  endfacet
  facet normal -1 0 0
    outer loop
      vertex -2 -6.97851 7.56738
      vertex -2 -7.46457 8.49911
      vertex -2 -7.25794 8.61193
    endloop
  endfacet
  facet normal -1 0 0
    outer loop
      vertex -2 -7.68514 8.41684
      vertex -2 -7.25825 7.45152
      vertex -2 -7.54919 7.36769
    endloop
  endfacet
  facet normal -1 0 0
    outer loop
      vertex -2 -7.25825 7.45152
      vertex -2 -7.68514 8.41684
      vertex -2 -7.46457 8.49911
    endloop
  endfacet
  facet normal -1 0 0
    outer loop
      vertex -2 -7.91518 8.36679
      vertex -2 -7.54919 7.36769
      vertex -2 -7.8477 7.31698
    endloop
  endfacet
  facet normal -1 0 0
    outer loop
      vertex -2 -7.54919 7.36769
      vertex -2 -7.91518 8.36679
      vertex -2 -7.68514 8.41684
    endloop
  endfacet
  facet normal -1 0 0
    outer loop
      vertex -2 -8.15 8.35
      vertex -2 -7.8477 7.31698
      vertex -2 -8.15 7.3
    endloop
  endfacet
  facet normal -1 0 0
    outer loop
      vertex -2 -7.8477 7.31698
      vertex -2 -8.15 8.35
      vertex -2 -7.91518 8.36679
    endloop
  endfacet
  facet normal -1 0 0
    outer loop
      vertex -2 -8.4523 7.31698
      vertex -2 -8.15 8.35
      vertex -2 -8.15 7.3
    endloop
  endfacet
  facet normal -1 -0 0
    outer loop
      vertex -2 -8.15 8.35
      vertex -2 -8.4523 7.31698
      vertex -2 -8.38482 8.36679
    endloop
  endfacet
  facet normal -1 0 0
    outer loop
      vertex -2 -8.75081 7.36769
      vertex -2 -8.38482 8.36679
      vertex -2 -8.4523 7.31698
    endloop
  endfacet
  facet normal -1 -0 0
    outer loop
      vertex -2 -8.38482 8.36679
      vertex -2 -8.75081 7.36769
      vertex -2 -8.61486 8.41684
    endloop
  endfacet
  facet normal -1 0 0
    outer loop
      vertex -2 -9.04175 7.45152
      vertex -2 -8.61486 8.41684
      vertex -2 -8.75081 7.36769
    endloop
  endfacet
  facet normal -1 -0 0
    outer loop
      vertex -2 -8.61486 8.41684
      vertex -2 -9.04175 7.45152
      vertex -2 -8.83543 8.49911
    endloop
  endfacet
  facet normal -1 0 0
    outer loop
      vertex -2 -9.32149 7.56738
      vertex -2 -8.83543 8.49911
      vertex -2 -9.04175 7.45152
    endloop
  endfacet
  facet normal -1 -0 0
    outer loop
      vertex -2 -8.83543 8.49911
      vertex -2 -9.32149 7.56738
      vertex -2 -9.04206 8.61193
    endloop
  endfacet
  facet normal -1 0 0
    outer loop
      vertex -2 -9.58649 7.71384
      vertex -2 -9.04206 8.61193
      vertex -2 -9.32149 7.56738
    endloop
  endfacet
  facet normal -1 0 0
    outer loop
      vertex -2 -9.83342 7.88905
      vertex -2 -9.04206 8.61193
      vertex -2 -9.58649 7.71384
    endloop
  endfacet
  facet normal -1 -0 0
    outer loop
      vertex -2 -9.04206 8.61193
      vertex -2 -9.83342 7.88905
      vertex -2 -9.23052 8.75301
    endloop
  endfacet
  facet normal -1 0 0
    outer loop
      vertex -2 -10.0592 8.09081
      vertex -2 -9.23052 8.75301
      vertex -2 -9.83342 7.88905
    endloop
  endfacet
  facet normal -1 -0 0
    outer loop
      vertex -2 -9.23052 8.75301
      vertex -2 -10.0592 8.09081
      vertex -2 -9.39699 8.91948
    endloop
  endfacet
  facet normal -1 0 0
    outer loop
      vertex -2 -10.2609 8.31658
      vertex -2 -9.39699 8.91948
      vertex -2 -10.0592 8.09081
    endloop
  endfacet
  facet normal -1 -0 0
    outer loop
      vertex -2 -9.39699 8.91948
      vertex -2 -10.2609 8.31658
      vertex -2 -9.53807 9.10794
    endloop
  endfacet
  facet normal -1 0 0
    outer loop
      vertex -2 -10.5826 8.82851
      vertex -2 -9.53807 9.10794
      vertex -2 -10.4362 8.56351
    endloop
  endfacet
  facet normal -1 0 0
    outer loop
      vertex -2 -10.4362 8.56351
      vertex -2 -9.53807 9.10794
      vertex -2 -10.2609 8.31658
    endloop
  endfacet
  facet normal -1 -0 0
    outer loop
      vertex -2 -5.71738 11.1715
      vertex -2 -6.76193 10.8921
      vertex -2 -5.86384 11.4365
    endloop
  endfacet
  facet normal -1 -0 0
    outer loop
      vertex -2 -5.86384 11.4365
      vertex -2 -6.76193 10.8921
      vertex -2 -6.03905 11.6834
    endloop
  endfacet
  facet normal -1 0 0
    outer loop
      vertex -2 -6.90301 11.0805
      vertex -2 -6.03905 11.6834
      vertex -2 -6.76193 10.8921
    endloop
  endfacet
  facet normal -1 -0 0
    outer loop
      vertex -2 -6.03905 11.6834
      vertex -2 -6.90301 11.0805
      vertex -2 -6.24081 11.9092
    endloop
  endfacet
  facet normal -1 0 0
    outer loop
      vertex -2 -7.06948 11.247
      vertex -2 -6.24081 11.9092
      vertex -2 -6.90301 11.0805
    endloop
  endfacet
  facet normal -1 -0 0
    outer loop
      vertex -2 -6.24081 11.9092
      vertex -2 -7.06948 11.247
      vertex -2 -6.46658 12.1109
    endloop
  endfacet
  facet normal -1 0 0
    outer loop
      vertex -2 -7.25794 11.3881
      vertex -2 -6.46658 12.1109
      vertex -2 -7.06948 11.247
    endloop
  endfacet
  facet normal -1 -0 0
    outer loop
      vertex -2 -6.46658 12.1109
      vertex -2 -7.25794 11.3881
      vertex -2 -6.71351 12.2862
    endloop
  endfacet
  facet normal -1 -0 0
    outer loop
      vertex -2 -6.71351 12.2862
      vertex -2 -7.25794 11.3881
      vertex -2 -6.97851 12.4326
    endloop
  endfacet
  facet normal -1 0 0
    outer loop
      vertex -2 -7.46457 11.5009
      vertex -2 -6.97851 12.4326
      vertex -2 -7.25794 11.3881
    endloop
  endfacet
  facet normal -1 -0 0
    outer loop
      vertex -2 -6.97851 12.4326
      vertex -2 -7.46457 11.5009
      vertex -2 -7.25825 12.5485
    endloop
  endfacet
  facet normal -1 0 0
    outer loop
      vertex -2 -7.68514 11.5832
      vertex -2 -7.25825 12.5485
      vertex -2 -7.46457 11.5009
    endloop
  endfacet
  facet normal -1 -0 0
    outer loop
      vertex -2 -7.25825 12.5485
      vertex -2 -7.68514 11.5832
      vertex -2 -7.54919 12.6323
    endloop
  endfacet
  facet normal -1 0 0
    outer loop
      vertex -2 -7.91518 11.6332
      vertex -2 -7.54919 12.6323
      vertex -2 -7.68514 11.5832
    endloop
  endfacet
  facet normal -1 -0 0
    outer loop
      vertex -2 -7.54919 12.6323
      vertex -2 -7.91518 11.6332
      vertex -2 -7.8477 12.683
    endloop
  endfacet
  facet normal -1 0 0
    outer loop
      vertex -2 -8.15 11.65
      vertex -2 -7.8477 12.683
      vertex -2 -7.91518 11.6332
    endloop
  endfacet
  facet normal -1 0 0
    outer loop
      vertex -2 -8.15 11.65
      vertex -2 -8.15 12.7
      vertex -2 -7.8477 12.683
    endloop
  endfacet
  facet normal -1 0 0
    outer loop
      vertex -2 -8.4523 12.683
      vertex -2 -8.15 11.65
      vertex -2 -8.38482 11.6332
    endloop
  endfacet
  facet normal -1 0 0
    outer loop
      vertex -2 -8.15 11.65
      vertex -2 -8.4523 12.683
      vertex -2 -8.15 12.7
    endloop
  endfacet
  facet normal -1 0 0
    outer loop
      vertex -2 -8.75081 12.6323
      vertex -2 -8.38482 11.6332
      vertex -2 -8.61486 11.5832
    endloop
  endfacet
  facet normal -1 0 0
    outer loop
      vertex -2 -8.38482 11.6332
      vertex -2 -8.75081 12.6323
      vertex -2 -8.4523 12.683
    endloop
  endfacet
  facet normal -1 0 0
    outer loop
      vertex -2 -9.04175 12.5485
      vertex -2 -8.61486 11.5832
      vertex -2 -8.83543 11.5009
    endloop
  endfacet
  facet normal -1 0 0
    outer loop
      vertex -2 -8.61486 11.5832
      vertex -2 -9.04175 12.5485
      vertex -2 -8.75081 12.6323
    endloop
  endfacet
  facet normal -1 0 0
    outer loop
      vertex -2 -9.32149 12.4326
      vertex -2 -8.83543 11.5009
      vertex -2 -9.04206 11.3881
    endloop
  endfacet
  facet normal -1 0 0
    outer loop
      vertex -2 -9.83342 12.1109
      vertex -2 -9.04206 11.3881
      vertex -2 -9.23052 11.247
    endloop
  endfacet
  facet normal -1 0 0
    outer loop
      vertex -2 -8.83543 11.5009
      vertex -2 -9.32149 12.4326
      vertex -2 -9.04175 12.5485
    endloop
  endfacet
  facet normal -1 0 0
    outer loop
      vertex -2 -10.0592 11.9092
      vertex -2 -9.23052 11.247
      vertex -2 -9.39699 11.0805
    endloop
  endfacet
  facet normal -1 0 0
    outer loop
      vertex -2 -10.2609 11.6834
      vertex -2 -9.39699 11.0805
      vertex -2 -9.53807 10.8921
    endloop
  endfacet
  facet normal -1 0 0
    outer loop
      vertex -2 -9.04206 11.3881
      vertex -2 -9.58649 12.2862
      vertex -2 -9.32149 12.4326
    endloop
  endfacet
  facet normal -1 0 0
    outer loop
      vertex -2 -10.5826 11.1715
      vertex -2 -9.53807 10.8921
      vertex -2 -9.65089 10.6854
    endloop
  endfacet
  facet normal -1 0 0
    outer loop
      vertex -2 -10.6985 10.8918
      vertex -2 -9.65089 10.6854
      vertex -2 -9.73316 10.4649
    endloop
  endfacet
  facet normal -1 0 0
    outer loop
      vertex -2 -10.7823 10.6008
      vertex -2 -9.73316 10.4649
      vertex -2 -9.78321 10.2348
    endloop
  endfacet
  facet normal -1 0 0
    outer loop
      vertex -2 -9.04206 11.3881
      vertex -2 -9.83342 12.1109
      vertex -2 -9.58649 12.2862
    endloop
  endfacet
  facet normal -1 0 0
    outer loop
      vertex -2 -10.833 10.3023
      vertex -2 -9.78321 10.2348
      vertex -2 -9.8 10
    endloop
  endfacet
  facet normal -1 -0 0
    outer loop
      vertex -2 -9.53807 9.10794
      vertex -2 -10.5826 8.82851
      vertex -2 -9.65089 9.31457
    endloop
  endfacet
  facet normal -1 0 0
    outer loop
      vertex -2 -10.6985 9.10825
      vertex -2 -9.65089 9.31457
      vertex -2 -10.5826 8.82851
    endloop
  endfacet
  facet normal -1 0 0
    outer loop
      vertex -2 -9.23052 11.247
      vertex -2 -10.0592 11.9092
      vertex -2 -9.83342 12.1109
    endloop
  endfacet
  facet normal -1 -0 0
    outer loop
      vertex -2 -9.65089 9.31457
      vertex -2 -10.6985 9.10825
      vertex -2 -9.73316 9.53514
    endloop
  endfacet
  facet normal -1 0 0
    outer loop
      vertex -2 -9.39699 11.0805
      vertex -2 -10.2609 11.6834
      vertex -2 -10.0592 11.9092
    endloop
  endfacet
  facet normal -1 0 0
    outer loop
      vertex -2 -10.7823 9.39919
      vertex -2 -9.73316 9.53514
      vertex -2 -10.6985 9.10825
    endloop
  endfacet
  facet normal -1 0 0
    outer loop
      vertex -2 -9.53807 10.8921
      vertex -2 -10.4362 11.4365
      vertex -2 -10.2609 11.6834
    endloop
  endfacet
  facet normal -1 -0 0
    outer loop
      vertex -2 -9.73316 9.53514
      vertex -2 -10.7823 9.39919
      vertex -2 -9.78321 9.76518
    endloop
  endfacet
  facet normal -1 0 0
    outer loop
      vertex -2 -9.53807 10.8921
      vertex -2 -10.5826 11.1715
      vertex -2 -10.4362 11.4365
    endloop
  endfacet
  facet normal -1 0 0
    outer loop
      vertex -2 -10.833 9.6977
      vertex -2 -9.78321 9.76518
      vertex -2 -10.7823 9.39919
    endloop
  endfacet
  facet normal -1 0 0
    outer loop
      vertex -2 -9.65089 10.6854
      vertex -2 -10.6985 10.8918
      vertex -2 -10.5826 11.1715
    endloop
  endfacet
  facet normal -1 -0 0
    outer loop
      vertex -2 -9.78321 9.76518
      vertex -2 -10.833 9.6977
      vertex -2 -9.8 10
    endloop
  endfacet
  facet normal -1 0 0
    outer loop
      vertex -2 -9.73316 10.4649
      vertex -2 -10.7823 10.6008
      vertex -2 -10.6985 10.8918
    endloop
  endfacet
  facet normal -1 0 0
    outer loop
      vertex -2 -10.85 10
      vertex -2 -9.8 10
      vertex -2 -10.833 9.6977
    endloop
  endfacet
  facet normal -1 0 0
    outer loop
      vertex -2 -9.78321 10.2348
      vertex -2 -10.833 10.3023
      vertex -2 -10.7823 10.6008
    endloop
  endfacet
  facet normal -1 0 0
    outer loop
      vertex -2 -9.8 10
      vertex -2 -10.85 10
      vertex -2 -10.833 10.3023
    endloop
  endfacet
  facet normal 0 -0.997453 0.0713255
    outer loop
      vertex -2 -6.51679 17.8652
      vertex 0 -6.5 18.1
      vertex -2 -6.5 18.1
    endloop
  endfacet
  facet normal 0 -0.997453 0.0713255
    outer loop
      vertex 0 -6.5 18.1
      vertex -2 -6.51679 17.8652
      vertex 0 -6.51679 17.8652
    endloop
  endfacet
  facet normal 0 -0.997453 -0.0713255
    outer loop
      vertex -2 -6.5 18.1
      vertex 0 -6.51679 18.3348
      vertex -2 -6.51679 18.3348
    endloop
  endfacet
  facet normal 0 -0.997453 -0.0713255
    outer loop
      vertex 0 -6.51679 18.3348
      vertex -2 -6.5 18.1
      vertex 0 -6.5 18.1
    endloop
  endfacet
  facet normal 0 -0.977151 -0.212544
    outer loop
      vertex -2 -6.51679 18.3348
      vertex 0 -6.56684 18.5649
      vertex -2 -6.56684 18.5649
    endloop
  endfacet
  facet normal 0 -0.977151 -0.212544
    outer loop
      vertex 0 -6.56684 18.5649
      vertex -2 -6.51679 18.3348
      vertex 0 -6.51679 18.3348
    endloop
  endfacet
  facet normal 0 -0.936911 -0.349568
    outer loop
      vertex -2 -6.56684 18.5649
      vertex 0 -6.64911 18.7854
      vertex -2 -6.64911 18.7854
    endloop
  endfacet
  facet normal 0 -0.936911 -0.349568
    outer loop
      vertex 0 -6.64911 18.7854
      vertex -2 -6.56684 18.5649
      vertex 0 -6.56684 18.5649
    endloop
  endfacet
  facet normal 0 -0.877762 -0.479096
    outer loop
      vertex -2 -6.64911 18.7854
      vertex 0 -6.76193 18.9921
      vertex -2 -6.76193 18.9921
    endloop
  endfacet
  facet normal 0 -0.877762 -0.479096
    outer loop
      vertex 0 -6.76193 18.9921
      vertex -2 -6.64911 18.7854
      vertex 0 -6.64911 18.7854
    endloop
  endfacet
  facet normal 0 -0.800448 -0.599402
    outer loop
      vertex -2 -6.76193 18.9921
      vertex 0 -6.90301 19.1805
      vertex -2 -6.90301 19.1805
    endloop
  endfacet
  facet normal 0 -0.800448 -0.599402
    outer loop
      vertex 0 -6.90301 19.1805
      vertex -2 -6.76193 18.9921
      vertex 0 -6.76193 18.9921
    endloop
  endfacet
  facet normal 0 -0.70717 -0.707043
    outer loop
      vertex -2 -7.06948 19.347
      vertex 0 -6.90301 19.1805
      vertex 0 -7.06948 19.347
    endloop
  endfacet
  facet normal -0 -0.70717 -0.707043
    outer loop
      vertex 0 -6.90301 19.1805
      vertex -2 -7.06948 19.347
      vertex -2 -6.90301 19.1805
    endloop
  endfacet
  facet normal 0 -0.599334 -0.800499
    outer loop
      vertex -2 -7.25794 19.4881
      vertex 0 -7.06948 19.347
      vertex 0 -7.25794 19.4881
    endloop
  endfacet
  facet normal -0 -0.599334 -0.800499
    outer loop
      vertex 0 -7.06948 19.347
      vertex -2 -7.25794 19.4881
      vertex -2 -7.06948 19.347
    endloop
  endfacet
  facet normal 0 -0.479156 -0.87773
    outer loop
      vertex -2 -7.46457 19.6009
      vertex 0 -7.25794 19.4881
      vertex 0 -7.46457 19.6009
    endloop
  endfacet
  facet normal -0 -0.479156 -0.87773
    outer loop
      vertex 0 -7.25794 19.4881
      vertex -2 -7.46457 19.6009
      vertex -2 -7.25794 19.4881
    endloop
  endfacet
  facet normal 0 -0.349582 -0.936906
    outer loop
      vertex -2 -7.68514 19.6832
      vertex 0 -7.46457 19.6009
      vertex 0 -7.68514 19.6832
    endloop
  endfacet
  facet normal -0 -0.349582 -0.936906
    outer loop
      vertex 0 -7.46457 19.6009
      vertex -2 -7.68514 19.6832
      vertex -2 -7.46457 19.6009
    endloop
  endfacet
  facet normal 0 -0.212394 -0.977184
    outer loop
      vertex -2 -7.91518 19.7332
      vertex 0 -7.68514 19.6832
      vertex 0 -7.91518 19.7332
    endloop
  endfacet
  facet normal -0 -0.212394 -0.977184
    outer loop
      vertex 0 -7.68514 19.6832
      vertex -2 -7.91518 19.7332
      vertex -2 -7.68514 19.6832
    endloop
  endfacet
  facet normal 0 -0.0713618 -0.99745
    outer loop
      vertex -2 -8.15 19.75
      vertex 0 -7.91518 19.7332
      vertex 0 -8.15 19.75
    endloop
  endfacet
  facet normal -0 -0.0713618 -0.99745
    outer loop
      vertex 0 -7.91518 19.7332
      vertex -2 -8.15 19.75
      vertex -2 -7.91518 19.7332
    endloop
  endfacet
  facet normal 0 0.0713618 -0.99745
    outer loop
      vertex -2 -8.38482 19.7332
      vertex 0 -8.15 19.75
      vertex 0 -8.38482 19.7332
    endloop
  endfacet
  facet normal 0 0.0713618 -0.99745
    outer loop
      vertex 0 -8.15 19.75
      vertex -2 -8.38482 19.7332
      vertex -2 -8.15 19.75
    endloop
  endfacet
  facet normal 0 0.212394 -0.977184
    outer loop
      vertex -2 -8.61486 19.6832
      vertex 0 -8.38482 19.7332
      vertex 0 -8.61486 19.6832
    endloop
  endfacet
  facet normal 0 0.212394 -0.977184
    outer loop
      vertex 0 -8.38482 19.7332
      vertex -2 -8.61486 19.6832
      vertex -2 -8.38482 19.7332
    endloop
  endfacet
  facet normal 0 0.349582 -0.936906
    outer loop
      vertex -2 -8.83543 19.6009
      vertex 0 -8.61486 19.6832
      vertex 0 -8.83543 19.6009
    endloop
  endfacet
  facet normal 0 0.349582 -0.936906
    outer loop
      vertex 0 -8.61486 19.6832
      vertex -2 -8.83543 19.6009
      vertex -2 -8.61486 19.6832
    endloop
  endfacet
  facet normal 0 0.479156 -0.87773
    outer loop
      vertex -2 -9.04206 19.4881
      vertex 0 -8.83543 19.6009
      vertex 0 -9.04206 19.4881
    endloop
  endfacet
  facet normal 0 0.479156 -0.87773
    outer loop
      vertex 0 -8.83543 19.6009
      vertex -2 -9.04206 19.4881
      vertex -2 -8.83543 19.6009
    endloop
  endfacet
  facet normal 0 0.599334 -0.800499
    outer loop
      vertex -2 -9.23052 19.347
      vertex 0 -9.04206 19.4881
      vertex 0 -9.23052 19.347
    endloop
  endfacet
  facet normal 0 0.599334 -0.800499
    outer loop
      vertex 0 -9.04206 19.4881
      vertex -2 -9.23052 19.347
      vertex -2 -9.04206 19.4881
    endloop
  endfacet
  facet normal 0 0.70717 -0.707043
    outer loop
      vertex -2 -9.39699 19.1805
      vertex 0 -9.23052 19.347
      vertex 0 -9.39699 19.1805
    endloop
  endfacet
  facet normal 0 0.70717 -0.707043
    outer loop
      vertex 0 -9.23052 19.347
      vertex -2 -9.39699 19.1805
      vertex -2 -9.23052 19.347
    endloop
  endfacet
  facet normal 0 0.800448 -0.599402
    outer loop
      vertex 0 -9.53807 18.9921
      vertex -2 -9.39699 19.1805
      vertex 0 -9.39699 19.1805
    endloop
  endfacet
  facet normal 0 0.800448 -0.599402
    outer loop
      vertex -2 -9.39699 19.1805
      vertex 0 -9.53807 18.9921
      vertex -2 -9.53807 18.9921
    endloop
  endfacet
  facet normal 0 0.877762 -0.479096
    outer loop
      vertex 0 -9.65089 18.7854
      vertex -2 -9.53807 18.9921
      vertex 0 -9.53807 18.9921
    endloop
  endfacet
  facet normal 0 0.877762 -0.479096
    outer loop
      vertex -2 -9.53807 18.9921
      vertex 0 -9.65089 18.7854
      vertex -2 -9.65089 18.7854
    endloop
  endfacet
  facet normal 0 0.936911 -0.349568
    outer loop
      vertex 0 -9.73316 18.5649
      vertex -2 -9.65089 18.7854
      vertex 0 -9.65089 18.7854
    endloop
  endfacet
  facet normal 0 0.936911 -0.349568
    outer loop
      vertex -2 -9.65089 18.7854
      vertex 0 -9.73316 18.5649
      vertex -2 -9.73316 18.5649
    endloop
  endfacet
  facet normal 0 0.977151 -0.212544
    outer loop
      vertex 0 -9.78321 18.3348
      vertex -2 -9.73316 18.5649
      vertex 0 -9.73316 18.5649
    endloop
  endfacet
  facet normal 0 0.977151 -0.212544
    outer loop
      vertex -2 -9.73316 18.5649
      vertex 0 -9.78321 18.3348
      vertex -2 -9.78321 18.3348
    endloop
  endfacet
  facet normal 0 0.997453 -0.0713255
    outer loop
      vertex 0 -9.8 18.1
      vertex -2 -9.78321 18.3348
      vertex 0 -9.78321 18.3348
    endloop
  endfacet
  facet normal 0 0.997453 -0.0713255
    outer loop
      vertex -2 -9.78321 18.3348
      vertex 0 -9.8 18.1
      vertex -2 -9.8 18.1
    endloop
  endfacet
  facet normal 0 0.997453 0.0713255
    outer loop
      vertex 0 -9.78321 17.8652
      vertex -2 -9.8 18.1
      vertex 0 -9.8 18.1
    endloop
  endfacet
  facet normal 0 0.997453 0.0713255
    outer loop
      vertex -2 -9.8 18.1
      vertex 0 -9.78321 17.8652
      vertex -2 -9.78321 17.8652
    endloop
  endfacet
  facet normal 0 0.977151 0.212544
    outer loop
      vertex 0 -9.73316 17.6351
      vertex -2 -9.78321 17.8652
      vertex 0 -9.78321 17.8652
    endloop
  endfacet
  facet normal 0 0.977151 0.212544
    outer loop
      vertex -2 -9.78321 17.8652
      vertex 0 -9.73316 17.6351
      vertex -2 -9.73316 17.6351
    endloop
  endfacet
  facet normal 0 0.936911 0.349568
    outer loop
      vertex 0 -9.65089 17.4146
      vertex -2 -9.73316 17.6351
      vertex 0 -9.73316 17.6351
    endloop
  endfacet
  facet normal 0 0.936911 0.349568
    outer loop
      vertex -2 -9.73316 17.6351
      vertex 0 -9.65089 17.4146
      vertex -2 -9.65089 17.4146
    endloop
  endfacet
  facet normal 0 0.877762 0.479096
    outer loop
      vertex 0 -9.53807 17.2079
      vertex -2 -9.65089 17.4146
      vertex 0 -9.65089 17.4146
    endloop
  endfacet
  facet normal 0 0.877762 0.479096
    outer loop
      vertex -2 -9.65089 17.4146
      vertex 0 -9.53807 17.2079
      vertex -2 -9.53807 17.2079
    endloop
  endfacet
  facet normal 0 0.800448 0.599402
    outer loop
      vertex 0 -9.39699 17.0195
      vertex -2 -9.53807 17.2079
      vertex 0 -9.53807 17.2079
    endloop
  endfacet
  facet normal 0 0.800448 0.599402
    outer loop
      vertex -2 -9.53807 17.2079
      vertex 0 -9.39699 17.0195
      vertex -2 -9.39699 17.0195
    endloop
  endfacet
  facet normal -0 0.70717 0.707043
    outer loop
      vertex -2 -9.23052 16.853
      vertex 0 -9.39699 17.0195
      vertex 0 -9.23052 16.853
    endloop
  endfacet
  facet normal 0 0.70717 0.707043
    outer loop
      vertex 0 -9.39699 17.0195
      vertex -2 -9.23052 16.853
      vertex -2 -9.39699 17.0195
    endloop
  endfacet
  facet normal -0 0.599334 0.800499
    outer loop
      vertex -2 -9.04206 16.7119
      vertex 0 -9.23052 16.853
      vertex 0 -9.04206 16.7119
    endloop
  endfacet
  facet normal 0 0.599334 0.800499
    outer loop
      vertex 0 -9.23052 16.853
      vertex -2 -9.04206 16.7119
      vertex -2 -9.23052 16.853
    endloop
  endfacet
  facet normal -0 0.479156 0.87773
    outer loop
      vertex -2 -8.83543 16.5991
      vertex 0 -9.04206 16.7119
      vertex 0 -8.83543 16.5991
    endloop
  endfacet
  facet normal 0 0.479156 0.87773
    outer loop
      vertex 0 -9.04206 16.7119
      vertex -2 -8.83543 16.5991
      vertex -2 -9.04206 16.7119
    endloop
  endfacet
  facet normal -0 0.349582 0.936906
    outer loop
      vertex -2 -8.61486 16.5168
      vertex 0 -8.83543 16.5991
      vertex 0 -8.61486 16.5168
    endloop
  endfacet
  facet normal 0 0.349582 0.936906
    outer loop
      vertex 0 -8.83543 16.5991
      vertex -2 -8.61486 16.5168
      vertex -2 -8.83543 16.5991
    endloop
  endfacet
  facet normal -0 0.212394 0.977184
    outer loop
      vertex -2 -8.38482 16.4668
      vertex 0 -8.61486 16.5168
      vertex 0 -8.38482 16.4668
    endloop
  endfacet
  facet normal 0 0.212394 0.977184
    outer loop
      vertex 0 -8.61486 16.5168
      vertex -2 -8.38482 16.4668
      vertex -2 -8.61486 16.5168
    endloop
  endfacet
  facet normal -0 0.0713618 0.99745
    outer loop
      vertex -2 -8.15 16.45
      vertex 0 -8.38482 16.4668
      vertex 0 -8.15 16.45
    endloop
  endfacet
  facet normal 0 0.0713618 0.99745
    outer loop
      vertex 0 -8.38482 16.4668
      vertex -2 -8.15 16.45
      vertex -2 -8.38482 16.4668
    endloop
  endfacet
  facet normal 0 -0.0713618 0.99745
    outer loop
      vertex -2 -7.91518 16.4668
      vertex 0 -8.15 16.45
      vertex 0 -7.91518 16.4668
    endloop
  endfacet
  facet normal 0 -0.0713618 0.99745
    outer loop
      vertex 0 -8.15 16.45
      vertex -2 -7.91518 16.4668
      vertex -2 -8.15 16.45
    endloop
  endfacet
  facet normal 0 -0.212394 0.977184
    outer loop
      vertex -2 -7.68514 16.5168
      vertex 0 -7.91518 16.4668
      vertex 0 -7.68514 16.5168
    endloop
  endfacet
  facet normal 0 -0.212394 0.977184
    outer loop
      vertex 0 -7.91518 16.4668
      vertex -2 -7.68514 16.5168
      vertex -2 -7.91518 16.4668
    endloop
  endfacet
  facet normal 0 -0.349582 0.936906
    outer loop
      vertex -2 -7.46457 16.5991
      vertex 0 -7.68514 16.5168
      vertex 0 -7.46457 16.5991
    endloop
  endfacet
  facet normal 0 -0.349582 0.936906
    outer loop
      vertex 0 -7.68514 16.5168
      vertex -2 -7.46457 16.5991
      vertex -2 -7.68514 16.5168
    endloop
  endfacet
  facet normal 0 -0.479156 0.87773
    outer loop
      vertex -2 -7.25794 16.7119
      vertex 0 -7.46457 16.5991
      vertex 0 -7.25794 16.7119
    endloop
  endfacet
  facet normal 0 -0.479156 0.87773
    outer loop
      vertex 0 -7.46457 16.5991
      vertex -2 -7.25794 16.7119
      vertex -2 -7.46457 16.5991
    endloop
  endfacet
  facet normal 0 -0.599334 0.800499
    outer loop
      vertex -2 -7.06948 16.853
      vertex 0 -7.25794 16.7119
      vertex 0 -7.06948 16.853
    endloop
  endfacet
  facet normal 0 -0.599334 0.800499
    outer loop
      vertex 0 -7.25794 16.7119
      vertex -2 -7.06948 16.853
      vertex -2 -7.25794 16.7119
    endloop
  endfacet
  facet normal 0 -0.70717 0.707043
    outer loop
      vertex -2 -6.90301 17.0195
      vertex 0 -7.06948 16.853
      vertex 0 -6.90301 17.0195
    endloop
  endfacet
  facet normal 0 -0.70717 0.707043
    outer loop
      vertex 0 -7.06948 16.853
      vertex -2 -6.90301 17.0195
      vertex -2 -7.06948 16.853
    endloop
  endfacet
  facet normal 0 -0.800448 0.599402
    outer loop
      vertex -2 -6.90301 17.0195
      vertex 0 -6.76193 17.2079
      vertex -2 -6.76193 17.2079
    endloop
  endfacet
  facet normal 0 -0.800448 0.599402
    outer loop
      vertex 0 -6.76193 17.2079
      vertex -2 -6.90301 17.0195
      vertex 0 -6.90301 17.0195
    endloop
  endfacet
  facet normal 0 -0.877762 0.479096
    outer loop
      vertex -2 -6.76193 17.2079
      vertex 0 -6.64911 17.4146
      vertex -2 -6.64911 17.4146
    endloop
  endfacet
  facet normal 0 -0.877762 0.479096
    outer loop
      vertex 0 -6.64911 17.4146
      vertex -2 -6.76193 17.2079
      vertex 0 -6.76193 17.2079
    endloop
  endfacet
  facet normal 0 -0.936911 0.349568
    outer loop
      vertex -2 -6.64911 17.4146
      vertex 0 -6.56684 17.6351
      vertex -2 -6.56684 17.6351
    endloop
  endfacet
  facet normal 0 -0.936911 0.349568
    outer loop
      vertex 0 -6.56684 17.6351
      vertex -2 -6.64911 17.4146
      vertex 0 -6.64911 17.4146
    endloop
  endfacet
  facet normal 0 -0.977151 0.212544
    outer loop
      vertex -2 -6.56684 17.6351
      vertex 0 -6.51679 17.8652
      vertex -2 -6.51679 17.8652
    endloop
  endfacet
  facet normal 0 -0.977151 0.212544
    outer loop
      vertex 0 -6.51679 17.8652
      vertex -2 -6.56684 17.6351
      vertex 0 -6.56684 17.6351
    endloop
  endfacet
  facet normal 0 -0.997454 0.0713195
    outer loop
      vertex -2 -6.51679 9.76518
      vertex 0 -6.5 10
      vertex -2 -6.5 10
    endloop
  endfacet
  facet normal 0 -0.997454 0.0713195
    outer loop
      vertex 0 -6.5 10
      vertex -2 -6.51679 9.76518
      vertex 0 -6.51679 9.76518
    endloop
  endfacet
  facet normal 0 -0.997453 -0.0713255
    outer loop
      vertex -2 -6.5 10
      vertex 0 -6.51679 10.2348
      vertex -2 -6.51679 10.2348
    endloop
  endfacet
  facet normal 0 -0.997453 -0.0713255
    outer loop
      vertex 0 -6.51679 10.2348
      vertex -2 -6.5 10
      vertex 0 -6.5 10
    endloop
  endfacet
  facet normal 0 -0.977151 -0.212544
    outer loop
      vertex -2 -6.51679 10.2348
      vertex 0 -6.56684 10.4649
      vertex -2 -6.56684 10.4649
    endloop
  endfacet
  facet normal 0 -0.977151 -0.212544
    outer loop
      vertex 0 -6.56684 10.4649
      vertex -2 -6.51679 10.2348
      vertex 0 -6.51679 10.2348
    endloop
  endfacet
  facet normal 0 -0.936911 -0.349568
    outer loop
      vertex -2 -6.56684 10.4649
      vertex 0 -6.64911 10.6854
      vertex -2 -6.64911 10.6854
    endloop
  endfacet
  facet normal 0 -0.936911 -0.349568
    outer loop
      vertex 0 -6.64911 10.6854
      vertex -2 -6.56684 10.4649
      vertex 0 -6.56684 10.4649
    endloop
  endfacet
  facet normal 0 -0.877762 -0.479096
    outer loop
      vertex -2 -6.64911 10.6854
      vertex 0 -6.76193 10.8921
      vertex -2 -6.76193 10.8921
    endloop
  endfacet
  facet normal 0 -0.877762 -0.479096
    outer loop
      vertex 0 -6.76193 10.8921
      vertex -2 -6.64911 10.6854
      vertex 0 -6.64911 10.6854
    endloop
  endfacet
  facet normal 0 -0.800448 -0.599402
    outer loop
      vertex -2 -6.76193 10.8921
      vertex 0 -6.90301 11.0805
      vertex -2 -6.90301 11.0805
    endloop
  endfacet
  facet normal 0 -0.800448 -0.599402
    outer loop
      vertex 0 -6.90301 11.0805
      vertex -2 -6.76193 10.8921
      vertex 0 -6.76193 10.8921
    endloop
  endfacet
  facet normal 0 -0.70717 -0.707043
    outer loop
      vertex -2 -7.06948 11.247
      vertex 0 -6.90301 11.0805
      vertex 0 -7.06948 11.247
    endloop
  endfacet
  facet normal -0 -0.70717 -0.707043
    outer loop
      vertex 0 -6.90301 11.0805
      vertex -2 -7.06948 11.247
      vertex -2 -6.90301 11.0805
    endloop
  endfacet
  facet normal 0 -0.599334 -0.800499
    outer loop
      vertex -2 -7.25794 11.3881
      vertex 0 -7.06948 11.247
      vertex 0 -7.25794 11.3881
    endloop
  endfacet
  facet normal -0 -0.599334 -0.800499
    outer loop
      vertex 0 -7.06948 11.247
      vertex -2 -7.25794 11.3881
      vertex -2 -7.06948 11.247
    endloop
  endfacet
  facet normal 0 -0.479156 -0.87773
    outer loop
      vertex -2 -7.46457 11.5009
      vertex 0 -7.25794 11.3881
      vertex 0 -7.46457 11.5009
    endloop
  endfacet
  facet normal -0 -0.479156 -0.87773
    outer loop
      vertex 0 -7.25794 11.3881
      vertex -2 -7.46457 11.5009
      vertex -2 -7.25794 11.3881
    endloop
  endfacet
  facet normal 0 -0.349582 -0.936906
    outer loop
      vertex -2 -7.68514 11.5832
      vertex 0 -7.46457 11.5009
      vertex 0 -7.68514 11.5832
    endloop
  endfacet
  facet normal -0 -0.349582 -0.936906
    outer loop
      vertex 0 -7.46457 11.5009
      vertex -2 -7.68514 11.5832
      vertex -2 -7.46457 11.5009
    endloop
  endfacet
  facet normal 0 -0.212394 -0.977184
    outer loop
      vertex -2 -7.91518 11.6332
      vertex 0 -7.68514 11.5832
      vertex 0 -7.91518 11.6332
    endloop
  endfacet
  facet normal -0 -0.212394 -0.977184
    outer loop
      vertex 0 -7.68514 11.5832
      vertex -2 -7.91518 11.6332
      vertex -2 -7.68514 11.5832
    endloop
  endfacet
  facet normal 0 -0.0713618 -0.99745
    outer loop
      vertex -2 -8.15 11.65
      vertex 0 -7.91518 11.6332
      vertex 0 -8.15 11.65
    endloop
  endfacet
  facet normal -0 -0.0713618 -0.99745
    outer loop
      vertex 0 -7.91518 11.6332
      vertex -2 -8.15 11.65
      vertex -2 -7.91518 11.6332
    endloop
  endfacet
  facet normal 0 0.0713618 -0.99745
    outer loop
      vertex -2 -8.38482 11.6332
      vertex 0 -8.15 11.65
      vertex 0 -8.38482 11.6332
    endloop
  endfacet
  facet normal 0 0.0713618 -0.99745
    outer loop
      vertex 0 -8.15 11.65
      vertex -2 -8.38482 11.6332
      vertex -2 -8.15 11.65
    endloop
  endfacet
  facet normal 0 0.212394 -0.977184
    outer loop
      vertex -2 -8.61486 11.5832
      vertex 0 -8.38482 11.6332
      vertex 0 -8.61486 11.5832
    endloop
  endfacet
  facet normal 0 0.212394 -0.977184
    outer loop
      vertex 0 -8.38482 11.6332
      vertex -2 -8.61486 11.5832
      vertex -2 -8.38482 11.6332
    endloop
  endfacet
  facet normal 0 0.349582 -0.936906
    outer loop
      vertex -2 -8.83543 11.5009
      vertex 0 -8.61486 11.5832
      vertex 0 -8.83543 11.5009
    endloop
  endfacet
  facet normal 0 0.349582 -0.936906
    outer loop
      vertex 0 -8.61486 11.5832
      vertex -2 -8.83543 11.5009
      vertex -2 -8.61486 11.5832
    endloop
  endfacet
  facet normal 0 0.479156 -0.87773
    outer loop
      vertex -2 -9.04206 11.3881
      vertex 0 -8.83543 11.5009
      vertex 0 -9.04206 11.3881
    endloop
  endfacet
  facet normal 0 0.479156 -0.87773
    outer loop
      vertex 0 -8.83543 11.5009
      vertex -2 -9.04206 11.3881
      vertex -2 -8.83543 11.5009
    endloop
  endfacet
  facet normal 0 0.599334 -0.800499
    outer loop
      vertex -2 -9.23052 11.247
      vertex 0 -9.04206 11.3881
      vertex 0 -9.23052 11.247
    endloop
  endfacet
  facet normal 0 0.599334 -0.800499
    outer loop
      vertex 0 -9.04206 11.3881
      vertex -2 -9.23052 11.247
      vertex -2 -9.04206 11.3881
    endloop
  endfacet
  facet normal 0 0.70717 -0.707043
    outer loop
      vertex -2 -9.39699 11.0805
      vertex 0 -9.23052 11.247
      vertex 0 -9.39699 11.0805
    endloop
  endfacet
  facet normal 0 0.70717 -0.707043
    outer loop
      vertex 0 -9.23052 11.247
      vertex -2 -9.39699 11.0805
      vertex -2 -9.23052 11.247
    endloop
  endfacet
  facet normal 0 0.800448 -0.599402
    outer loop
      vertex 0 -9.53807 10.8921
      vertex -2 -9.39699 11.0805
      vertex 0 -9.39699 11.0805
    endloop
  endfacet
  facet normal 0 0.800448 -0.599402
    outer loop
      vertex -2 -9.39699 11.0805
      vertex 0 -9.53807 10.8921
      vertex -2 -9.53807 10.8921
    endloop
  endfacet
  facet normal 0 0.877762 -0.479096
    outer loop
      vertex 0 -9.65089 10.6854
      vertex -2 -9.53807 10.8921
      vertex 0 -9.53807 10.8921
    endloop
  endfacet
  facet normal 0 0.877762 -0.479096
    outer loop
      vertex -2 -9.53807 10.8921
      vertex 0 -9.65089 10.6854
      vertex -2 -9.65089 10.6854
    endloop
  endfacet
  facet normal 0 0.936911 -0.349568
    outer loop
      vertex 0 -9.73316 10.4649
      vertex -2 -9.65089 10.6854
      vertex 0 -9.65089 10.6854
    endloop
  endfacet
  facet normal 0 0.936911 -0.349568
    outer loop
      vertex -2 -9.65089 10.6854
      vertex 0 -9.73316 10.4649
      vertex -2 -9.73316 10.4649
    endloop
  endfacet
  facet normal 0 0.977151 -0.212544
    outer loop
      vertex 0 -9.78321 10.2348
      vertex -2 -9.73316 10.4649
      vertex 0 -9.73316 10.4649
    endloop
  endfacet
  facet normal 0 0.977151 -0.212544
    outer loop
      vertex -2 -9.73316 10.4649
      vertex 0 -9.78321 10.2348
      vertex -2 -9.78321 10.2348
    endloop
  endfacet
  facet normal 0 0.997453 -0.0713255
    outer loop
      vertex 0 -9.8 10
      vertex -2 -9.78321 10.2348
      vertex 0 -9.78321 10.2348
    endloop
  endfacet
  facet normal 0 0.997453 -0.0713255
    outer loop
      vertex -2 -9.78321 10.2348
      vertex 0 -9.8 10
      vertex -2 -9.8 10
    endloop
  endfacet
  facet normal 0 0.997454 0.0713195
    outer loop
      vertex 0 -9.78321 9.76518
      vertex -2 -9.8 10
      vertex 0 -9.8 10
    endloop
  endfacet
  facet normal 0 0.997454 0.0713195
    outer loop
      vertex -2 -9.8 10
      vertex 0 -9.78321 9.76518
      vertex -2 -9.78321 9.76518
    endloop
  endfacet
  facet normal 0 0.97714 0.212597
    outer loop
      vertex 0 -9.73316 9.53514
      vertex -2 -9.78321 9.76518
      vertex 0 -9.78321 9.76518
    endloop
  endfacet
  facet normal 0 0.97714 0.212597
    outer loop
      vertex -2 -9.78321 9.76518
      vertex 0 -9.73316 9.53514
      vertex -2 -9.73316 9.53514
    endloop
  endfacet
  facet normal 0 0.936947 0.34947
    outer loop
      vertex 0 -9.65089 9.31457
      vertex -2 -9.73316 9.53514
      vertex 0 -9.73316 9.53514
    endloop
  endfacet
  facet normal 0 0.936947 0.34947
    outer loop
      vertex -2 -9.73316 9.53514
      vertex 0 -9.65089 9.31457
      vertex -2 -9.65089 9.31457
    endloop
  endfacet
  facet normal 0 0.877694 0.479221
    outer loop
      vertex 0 -9.53807 9.10794
      vertex -2 -9.65089 9.31457
      vertex 0 -9.65089 9.31457
    endloop
  endfacet
  facet normal 0 0.877694 0.479221
    outer loop
      vertex -2 -9.65089 9.31457
      vertex 0 -9.53807 9.10794
      vertex -2 -9.53807 9.10794
    endloop
  endfacet
  facet normal 0 0.80054 0.599279
    outer loop
      vertex 0 -9.39699 8.91948
      vertex -2 -9.53807 9.10794
      vertex 0 -9.53807 9.10794
    endloop
  endfacet
  facet normal 0 0.80054 0.599279
    outer loop
      vertex -2 -9.53807 9.10794
      vertex 0 -9.39699 8.91948
      vertex -2 -9.39699 8.91948
    endloop
  endfacet
  facet normal -0 0.707107 0.707107
    outer loop
      vertex -2 -9.23052 8.75301
      vertex 0 -9.39699 8.91948
      vertex 0 -9.23052 8.75301
    endloop
  endfacet
  facet normal 0 0.707107 0.707107
    outer loop
      vertex 0 -9.39699 8.91948
      vertex -2 -9.23052 8.75301
      vertex -2 -9.39699 8.91948
    endloop
  endfacet
  facet normal -0 0.599279 0.80054
    outer loop
      vertex -2 -9.04206 8.61193
      vertex 0 -9.23052 8.75301
      vertex 0 -9.04206 8.61193
    endloop
  endfacet
  facet normal 0 0.599279 0.80054
    outer loop
      vertex 0 -9.23052 8.75301
      vertex -2 -9.04206 8.61193
      vertex -2 -9.23052 8.75301
    endloop
  endfacet
  facet normal -0 0.479221 0.877694
    outer loop
      vertex -2 -8.83543 8.49911
      vertex 0 -9.04206 8.61193
      vertex 0 -8.83543 8.49911
    endloop
  endfacet
  facet normal 0 0.479221 0.877694
    outer loop
      vertex 0 -9.04206 8.61193
      vertex -2 -8.83543 8.49911
      vertex -2 -9.04206 8.61193
    endloop
  endfacet
  facet normal -0 0.34947 0.936947
    outer loop
      vertex -2 -8.61486 8.41684
      vertex 0 -8.83543 8.49911
      vertex 0 -8.61486 8.41684
    endloop
  endfacet
  facet normal 0 0.34947 0.936947
    outer loop
      vertex 0 -8.83543 8.49911
      vertex -2 -8.61486 8.41684
      vertex -2 -8.83543 8.49911
    endloop
  endfacet
  facet normal -0 0.212597 0.97714
    outer loop
      vertex -2 -8.38482 8.36679
      vertex 0 -8.61486 8.41684
      vertex 0 -8.38482 8.36679
    endloop
  endfacet
  facet normal 0 0.212597 0.97714
    outer loop
      vertex 0 -8.61486 8.41684
      vertex -2 -8.38482 8.36679
      vertex -2 -8.61486 8.41684
    endloop
  endfacet
  facet normal -0 0.0713195 0.997454
    outer loop
      vertex -2 -8.15 8.35
      vertex 0 -8.38482 8.36679
      vertex 0 -8.15 8.35
    endloop
  endfacet
  facet normal 0 0.0713195 0.997454
    outer loop
      vertex 0 -8.38482 8.36679
      vertex -2 -8.15 8.35
      vertex -2 -8.38482 8.36679
    endloop
  endfacet
  facet normal 0 -0.0713195 0.997454
    outer loop
      vertex -2 -7.91518 8.36679
      vertex 0 -8.15 8.35
      vertex 0 -7.91518 8.36679
    endloop
  endfacet
  facet normal 0 -0.0713195 0.997454
    outer loop
      vertex 0 -8.15 8.35
      vertex -2 -7.91518 8.36679
      vertex -2 -8.15 8.35
    endloop
  endfacet
  facet normal 0 -0.212597 0.97714
    outer loop
      vertex -2 -7.68514 8.41684
      vertex 0 -7.91518 8.36679
      vertex 0 -7.68514 8.41684
    endloop
  endfacet
  facet normal 0 -0.212597 0.97714
    outer loop
      vertex 0 -7.91518 8.36679
      vertex -2 -7.68514 8.41684
      vertex -2 -7.91518 8.36679
    endloop
  endfacet
  facet normal 0 -0.34947 0.936947
    outer loop
      vertex -2 -7.46457 8.49911
      vertex 0 -7.68514 8.41684
      vertex 0 -7.46457 8.49911
    endloop
  endfacet
  facet normal 0 -0.34947 0.936947
    outer loop
      vertex 0 -7.68514 8.41684
      vertex -2 -7.46457 8.49911
      vertex -2 -7.68514 8.41684
    endloop
  endfacet
  facet normal 0 -0.479221 0.877694
    outer loop
      vertex -2 -7.25794 8.61193
      vertex 0 -7.46457 8.49911
      vertex 0 -7.25794 8.61193
    endloop
  endfacet
  facet normal 0 -0.479221 0.877694
    outer loop
      vertex 0 -7.46457 8.49911
      vertex -2 -7.25794 8.61193
      vertex -2 -7.46457 8.49911
    endloop
  endfacet
  facet normal 0 -0.599279 0.80054
    outer loop
      vertex -2 -7.06948 8.75301
      vertex 0 -7.25794 8.61193
      vertex 0 -7.06948 8.75301
    endloop
  endfacet
  facet normal 0 -0.599279 0.80054
    outer loop
      vertex 0 -7.25794 8.61193
      vertex -2 -7.06948 8.75301
      vertex -2 -7.25794 8.61193
    endloop
  endfacet
  facet normal 0 -0.707107 0.707107
    outer loop
      vertex -2 -6.90301 8.91948
      vertex 0 -7.06948 8.75301
      vertex 0 -6.90301 8.91948
    endloop
  endfacet
  facet normal 0 -0.707107 0.707107
    outer loop
      vertex 0 -7.06948 8.75301
      vertex -2 -6.90301 8.91948
      vertex -2 -7.06948 8.75301
    endloop
  endfacet
  facet normal 0 -0.80054 0.599279
    outer loop
      vertex -2 -6.90301 8.91948
      vertex 0 -6.76193 9.10794
      vertex -2 -6.76193 9.10794
    endloop
  endfacet
  facet normal 0 -0.80054 0.599279
    outer loop
      vertex 0 -6.76193 9.10794
      vertex -2 -6.90301 8.91948
      vertex 0 -6.90301 8.91948
    endloop
  endfacet
  facet normal 0 -0.877694 0.479221
    outer loop
      vertex -2 -6.76193 9.10794
      vertex 0 -6.64911 9.31457
      vertex -2 -6.64911 9.31457
    endloop
  endfacet
  facet normal 0 -0.877694 0.479221
    outer loop
      vertex 0 -6.64911 9.31457
      vertex -2 -6.76193 9.10794
      vertex 0 -6.76193 9.10794
    endloop
  endfacet
  facet normal 0 -0.936947 0.34947
    outer loop
      vertex -2 -6.64911 9.31457
      vertex 0 -6.56684 9.53514
      vertex -2 -6.56684 9.53514
    endloop
  endfacet
  facet normal 0 -0.936947 0.34947
    outer loop
      vertex 0 -6.56684 9.53514
      vertex -2 -6.64911 9.31457
      vertex 0 -6.64911 9.31457
    endloop
  endfacet
  facet normal 0 -0.97714 0.212597
    outer loop
      vertex -2 -6.56684 9.53514
      vertex 0 -6.51679 9.76518
      vertex -2 -6.51679 9.76518
    endloop
  endfacet
  facet normal 0 -0.97714 0.212597
    outer loop
      vertex 0 -6.51679 9.76518
      vertex -2 -6.56684 9.53514
      vertex 0 -6.56684 9.53514
    endloop
  endfacet
endsolid OpenSCAD_Model
