solid OpenSCAD_Model
  facet normal 0 0 -1
    outer loop
      vertex 17.193 -13.4983 0
      vertex -17.193 -13.4983 0
      vertex 17.221 -13.4306 0
    endloop
  endfacet
  facet normal 0 0 -1
    outer loop
      vertex 17.3674 13.1771 0
      vertex -17.1019 13.9267 0
      vertex -17.1 14 0
    endloop
  endfacet
  facet normal 0 0 -1
    outer loop
      vertex -17.221 -13.4306 0
      vertex 17.221 -13.4306 0
      vertex -17.193 -13.4983 0
    endloop
  endfacet
  facet normal 0 0 -1
    outer loop
      vertex 17.3674 13.1771 0
      vertex -17.1077 13.8537 0
      vertex -17.1019 13.9267 0
    endloop
  endfacet
  facet normal 0 0 -1
    outer loop
      vertex 17.221 -13.4306 0
      vertex -17.221 -13.4306 0
      vertex 17.2526 -13.3644 0
    endloop
  endfacet
  facet normal 0 0 -1
    outer loop
      vertex 17.3674 13.1771 0
      vertex -17.1172 13.781 0
      vertex -17.1077 13.8537 0
    endloop
  endfacet
  facet normal 0 0 -1
    outer loop
      vertex -17.2526 -13.3644 0
      vertex 17.2526 -13.3644 0
      vertex -17.221 -13.4306 0
    endloop
  endfacet
  facet normal 0 0 -1
    outer loop
      vertex 17.3674 13.1771 0
      vertex -17.1306 13.7089 0
      vertex -17.1172 13.781 0
    endloop
  endfacet
  facet normal 0 0 -1
    outer loop
      vertex 17.2526 -13.3644 0
      vertex -17.2526 -13.3644 0
      vertex 17.2876 -13.3 0
    endloop
  endfacet
  facet normal 0 0 -1
    outer loop
      vertex 17.3674 13.1771 0
      vertex -17.1477 13.6377 0
      vertex -17.1306 13.7089 0
    endloop
  endfacet
  facet normal 0 0 -1
    outer loop
      vertex -17.2876 -13.3 0
      vertex 17.2876 -13.3 0
      vertex -17.2526 -13.3644 0
    endloop
  endfacet
  facet normal 0 0 -1
    outer loop
      vertex 17.3674 13.1771 0
      vertex -17.1685 13.5674 0
      vertex -17.1477 13.6377 0
    endloop
  endfacet
  facet normal 0 0 -1
    outer loop
      vertex 17.2876 -13.3 0
      vertex -17.2876 -13.3 0
      vertex 17.3259 -13.2375 0
    endloop
  endfacet
  facet normal 0 0 -1
    outer loop
      vertex 17.3674 13.1771 0
      vertex -17.193 13.4983 0
      vertex -17.1685 13.5674 0
    endloop
  endfacet
  facet normal 0 0 -1
    outer loop
      vertex -17.3259 -13.2375 0
      vertex 17.3259 -13.2375 0
      vertex -17.2876 -13.3 0
    endloop
  endfacet
  facet normal 0 0 -1
    outer loop
      vertex 17.3674 13.1771 0
      vertex -17.221 13.4306 0
      vertex -17.193 13.4983 0
    endloop
  endfacet
  facet normal 0 0 -1
    outer loop
      vertex 17.3259 -13.2375 0
      vertex -17.3259 -13.2375 0
      vertex 17.3674 -13.1771 0
    endloop
  endfacet
  facet normal 0 0 -1
    outer loop
      vertex 17.3674 13.1771 0
      vertex -17.2526 13.3644 0
      vertex -17.221 13.4306 0
    endloop
  endfacet
  facet normal 0 0 -1
    outer loop
      vertex -17.3674 -13.1771 0
      vertex 17.3674 -13.1771 0
      vertex -17.3259 -13.2375 0
    endloop
  endfacet
  facet normal 0 0 -1
    outer loop
      vertex 17.3674 13.1771 0
      vertex -17.2876 13.3 0
      vertex -17.2526 13.3644 0
    endloop
  endfacet
  facet normal 0 0 -1
    outer loop
      vertex 17.3674 -13.1771 0
      vertex -17.3674 -13.1771 0
      vertex 17.3674 13.1771 0
    endloop
  endfacet
  facet normal 0 0 -1
    outer loop
      vertex 17.3674 13.1771 0
      vertex -17.3259 13.2375 0
      vertex -17.2876 13.3 0
    endloop
  endfacet
  facet normal 0 0 -1
    outer loop
      vertex -17.3674 13.1771 0
      vertex 17.3674 13.1771 0
      vertex -17.3674 -13.1771 0
    endloop
  endfacet
  facet normal 0 0 -1
    outer loop
      vertex 17.3674 13.1771 0
      vertex -17.3674 13.1771 0
      vertex -17.3259 13.2375 0
    endloop
  endfacet
  facet normal 0 0 -1
    outer loop
      vertex -17.412 -13.119 0
      vertex -17.3674 13.1771 0
      vertex -17.3674 -13.1771 0
    endloop
  endfacet
  facet normal 0 0 -1
    outer loop
      vertex -17.412 -13.119 0
      vertex -17.412 13.119 0
      vertex -17.3674 13.1771 0
    endloop
  endfacet
  facet normal 0 0 -1
    outer loop
      vertex -17.4596 -13.0632 0
      vertex -17.412 13.119 0
      vertex -17.412 -13.119 0
    endloop
  endfacet
  facet normal 0 0 -1
    outer loop
      vertex -17.4596 -13.0632 0
      vertex -17.4596 13.0632 0
      vertex -17.412 13.119 0
    endloop
  endfacet
  facet normal 0 0 -1
    outer loop
      vertex -17.5101 -13.0101 0
      vertex -17.4596 13.0632 0
      vertex -17.4596 -13.0632 0
    endloop
  endfacet
  facet normal 0 0 -1
    outer loop
      vertex -17.5101 -13.0101 0
      vertex -17.5101 13.0101 0
      vertex -17.4596 13.0632 0
    endloop
  endfacet
  facet normal 0 0 -1
    outer loop
      vertex -17.5632 -12.9596 0
      vertex -17.5101 13.0101 0
      vertex -17.5101 -13.0101 0
    endloop
  endfacet
  facet normal 0 0 -1
    outer loop
      vertex -17.5632 -12.9596 0
      vertex -17.5632 12.9596 0
      vertex -17.5101 13.0101 0
    endloop
  endfacet
  facet normal 0 0 -1
    outer loop
      vertex -17.619 -12.912 0
      vertex -17.5632 12.9596 0
      vertex -17.5632 -12.9596 0
    endloop
  endfacet
  facet normal 0 0 -1
    outer loop
      vertex -17.619 -12.912 0
      vertex -17.619 12.912 0
      vertex -17.5632 12.9596 0
    endloop
  endfacet
  facet normal 0 0 -1
    outer loop
      vertex -17.6771 -12.8674 0
      vertex -17.619 12.912 0
      vertex -17.619 -12.912 0
    endloop
  endfacet
  facet normal 0 0 -1
    outer loop
      vertex -17.6771 -12.8674 0
      vertex -17.6771 12.8674 0
      vertex -17.619 12.912 0
    endloop
  endfacet
  facet normal 0 0 -1
    outer loop
      vertex -17.7375 -12.8259 0
      vertex -17.6771 12.8674 0
      vertex -17.6771 -12.8674 0
    endloop
  endfacet
  facet normal 0 0 -1
    outer loop
      vertex -17.7375 -12.8259 0
      vertex -17.7375 12.8259 0
      vertex -17.6771 12.8674 0
    endloop
  endfacet
  facet normal 0 0 -1
    outer loop
      vertex -17.8 -12.7876 0
      vertex -17.7375 12.8259 0
      vertex -17.7375 -12.8259 0
    endloop
  endfacet
  facet normal 0 0 -1
    outer loop
      vertex -17.8 -12.7876 0
      vertex -17.8 12.7876 0
      vertex -17.7375 12.8259 0
    endloop
  endfacet
  facet normal 0 0 -1
    outer loop
      vertex -17.8644 -12.7526 0
      vertex -17.8 12.7876 0
      vertex -17.8 -12.7876 0
    endloop
  endfacet
  facet normal 0 0 -1
    outer loop
      vertex -17.8644 -12.7526 0
      vertex -17.8644 12.7526 0
      vertex -17.8 12.7876 0
    endloop
  endfacet
  facet normal 0 0 -1
    outer loop
      vertex -17.9306 -12.721 0
      vertex -17.8644 12.7526 0
      vertex -17.8644 -12.7526 0
    endloop
  endfacet
  facet normal 0 0 -1
    outer loop
      vertex -17.9306 -12.721 0
      vertex -17.9306 12.721 0
      vertex -17.8644 12.7526 0
    endloop
  endfacet
  facet normal 0 0 -1
    outer loop
      vertex -17.9983 -12.693 0
      vertex -17.9306 12.721 0
      vertex -17.9306 -12.721 0
    endloop
  endfacet
  facet normal 0 0 -1
    outer loop
      vertex -17.9983 -12.693 0
      vertex -17.9983 12.693 0
      vertex -17.9306 12.721 0
    endloop
  endfacet
  facet normal 0 0 -1
    outer loop
      vertex -18.0674 -12.6685 0
      vertex -17.9983 12.693 0
      vertex -17.9983 -12.693 0
    endloop
  endfacet
  facet normal 0 0 -1
    outer loop
      vertex -18.0674 -12.6685 0
      vertex -18.0674 12.6685 0
      vertex -17.9983 12.693 0
    endloop
  endfacet
  facet normal 0 0 -1
    outer loop
      vertex -18.1377 -12.6477 0
      vertex -18.0674 12.6685 0
      vertex -18.0674 -12.6685 0
    endloop
  endfacet
  facet normal 0 0 -1
    outer loop
      vertex -18.1377 -12.6477 0
      vertex -18.1377 12.6477 0
      vertex -18.0674 12.6685 0
    endloop
  endfacet
  facet normal 0 0 -1
    outer loop
      vertex -18.2089 -12.6306 0
      vertex -18.1377 12.6477 0
      vertex -18.1377 -12.6477 0
    endloop
  endfacet
  facet normal 0 0 -1
    outer loop
      vertex -18.2089 -12.6306 0
      vertex -18.2089 12.6306 0
      vertex -18.1377 12.6477 0
    endloop
  endfacet
  facet normal 0 0 -1
    outer loop
      vertex -18.281 -12.6172 0
      vertex -18.2089 12.6306 0
      vertex -18.2089 -12.6306 0
    endloop
  endfacet
  facet normal 0 0 -1
    outer loop
      vertex -18.281 -12.6172 0
      vertex -18.281 12.6172 0
      vertex -18.2089 12.6306 0
    endloop
  endfacet
  facet normal 0 0 -1
    outer loop
      vertex -18.3537 -12.6077 0
      vertex -18.281 12.6172 0
      vertex -18.281 -12.6172 0
    endloop
  endfacet
  facet normal 0 0 -1
    outer loop
      vertex -18.3537 -12.6077 0
      vertex -18.3537 12.6077 0
      vertex -18.281 12.6172 0
    endloop
  endfacet
  facet normal 0 0 -1
    outer loop
      vertex -18.4267 -12.6019 0
      vertex -18.3537 12.6077 0
      vertex -18.3537 -12.6077 0
    endloop
  endfacet
  facet normal 0 0 -1
    outer loop
      vertex -18.4267 -12.6019 0
      vertex -18.4267 12.6019 0
      vertex -18.3537 12.6077 0
    endloop
  endfacet
  facet normal 0 0 -1
    outer loop
      vertex -18.5 -12.6 0
      vertex -18.4267 12.6019 0
      vertex -18.4267 -12.6019 0
    endloop
  endfacet
  facet normal 0 0 -1
    outer loop
      vertex -18.5 -12.6 0
      vertex -18.5 12.6 0
      vertex -18.4267 12.6019 0
    endloop
  endfacet
  facet normal 0 0 -1
    outer loop
      vertex -18.5733 -12.6019 0
      vertex -18.5 12.6 0
      vertex -18.5 -12.6 0
    endloop
  endfacet
  facet normal 0 0 -1
    outer loop
      vertex -18.5733 -12.6019 0
      vertex -18.5733 12.6019 0
      vertex -18.5 12.6 0
    endloop
  endfacet
  facet normal 0 0 -1
    outer loop
      vertex -18.6463 -12.6077 0
      vertex -18.5733 12.6019 0
      vertex -18.5733 -12.6019 0
    endloop
  endfacet
  facet normal 0 0 -1
    outer loop
      vertex -18.6463 -12.6077 0
      vertex -18.6463 12.6077 0
      vertex -18.5733 12.6019 0
    endloop
  endfacet
  facet normal 0 0 -1
    outer loop
      vertex -18.719 -12.6172 0
      vertex -18.6463 12.6077 0
      vertex -18.6463 -12.6077 0
    endloop
  endfacet
  facet normal 0 0 -1
    outer loop
      vertex -18.719 -12.6172 0
      vertex -18.719 12.6172 0
      vertex -18.6463 12.6077 0
    endloop
  endfacet
  facet normal 0 0 -1
    outer loop
      vertex -18.7911 -12.6306 0
      vertex -18.719 12.6172 0
      vertex -18.719 -12.6172 0
    endloop
  endfacet
  facet normal 0 0 -1
    outer loop
      vertex -18.7911 -12.6306 0
      vertex -18.7911 12.6306 0
      vertex -18.719 12.6172 0
    endloop
  endfacet
  facet normal 0 0 -1
    outer loop
      vertex -18.8623 -12.6477 0
      vertex -18.7911 12.6306 0
      vertex -18.7911 -12.6306 0
    endloop
  endfacet
  facet normal 0 0 -1
    outer loop
      vertex -18.8623 -12.6477 0
      vertex -18.8623 12.6477 0
      vertex -18.7911 12.6306 0
    endloop
  endfacet
  facet normal 0 0 -1
    outer loop
      vertex -18.9326 -12.6685 0
      vertex -18.8623 12.6477 0
      vertex -18.8623 -12.6477 0
    endloop
  endfacet
  facet normal 0 0 -1
    outer loop
      vertex -18.9326 -12.6685 0
      vertex -18.9326 12.6685 0
      vertex -18.8623 12.6477 0
    endloop
  endfacet
  facet normal 0 0 -1
    outer loop
      vertex -19.0017 -12.693 0
      vertex -18.9326 12.6685 0
      vertex -18.9326 -12.6685 0
    endloop
  endfacet
  facet normal 0 0 -1
    outer loop
      vertex -19.0017 -12.693 0
      vertex -19.0017 12.693 0
      vertex -18.9326 12.6685 0
    endloop
  endfacet
  facet normal 0 0 -1
    outer loop
      vertex -19.0694 -12.721 0
      vertex -19.0017 12.693 0
      vertex -19.0017 -12.693 0
    endloop
  endfacet
  facet normal 0 0 -1
    outer loop
      vertex -19.0694 -12.721 0
      vertex -19.0694 12.721 0
      vertex -19.0017 12.693 0
    endloop
  endfacet
  facet normal 0 0 -1
    outer loop
      vertex -25.5 -14 0
      vertex -19.0694 -12.721 0
      vertex -19.1356 -12.7526 0
    endloop
  endfacet
  facet normal -0 0 -1
    outer loop
      vertex -19.0694 -12.721 0
      vertex -25.5 -14 0
      vertex -19.0694 12.721 0
    endloop
  endfacet
  facet normal 0 0 -1
    outer loop
      vertex -25.5 -14 0
      vertex -19.1356 -12.7526 0
      vertex -19.2 -12.7876 0
    endloop
  endfacet
  facet normal 0 0 -1
    outer loop
      vertex -25.5 14 0
      vertex -19.0694 12.721 0
      vertex -25.5 -14 0
    endloop
  endfacet
  facet normal 0 0 -1
    outer loop
      vertex -25.5 -14 0
      vertex -19.2 -12.7876 0
      vertex -19.2625 -12.8259 0
    endloop
  endfacet
  facet normal 0 0 -1
    outer loop
      vertex -19.0694 12.721 0
      vertex -25.5 14 0
      vertex -19.1356 12.7526 0
    endloop
  endfacet
  facet normal 0 0 -1
    outer loop
      vertex -25.5 -14 0
      vertex -19.2625 -12.8259 0
      vertex -19.3229 -12.8674 0
    endloop
  endfacet
  facet normal 0 0 -1
    outer loop
      vertex -19.1356 12.7526 0
      vertex -25.5 14 0
      vertex -19.2 12.7876 0
    endloop
  endfacet
  facet normal 0 0 -1
    outer loop
      vertex -25.5 -14 0
      vertex -19.3229 -12.8674 0
      vertex -19.381 -12.912 0
    endloop
  endfacet
  facet normal 0 0 -1
    outer loop
      vertex -19.2 12.7876 0
      vertex -25.5 14 0
      vertex -19.2625 12.8259 0
    endloop
  endfacet
  facet normal 0 0 -1
    outer loop
      vertex -25.5 -14 0
      vertex -19.381 -12.912 0
      vertex -19.4368 -12.9596 0
    endloop
  endfacet
  facet normal 0 0 -1
    outer loop
      vertex -19.2625 12.8259 0
      vertex -25.5 14 0
      vertex -19.3229 12.8674 0
    endloop
  endfacet
  facet normal 0 0 -1
    outer loop
      vertex -25.5 -14 0
      vertex -19.4368 -12.9596 0
      vertex -19.4899 -13.0101 0
    endloop
  endfacet
  facet normal 0 0 -1
    outer loop
      vertex -19.3229 12.8674 0
      vertex -25.5 14 0
      vertex -19.381 12.912 0
    endloop
  endfacet
  facet normal 0 0 -1
    outer loop
      vertex -25.5 -14 0
      vertex -19.4899 -13.0101 0
      vertex -19.5404 -13.0632 0
    endloop
  endfacet
  facet normal 0 0 -1
    outer loop
      vertex -19.381 12.912 0
      vertex -25.5 14 0
      vertex -19.4368 12.9596 0
    endloop
  endfacet
  facet normal 0 0 -1
    outer loop
      vertex -25.5 -14 0
      vertex -19.5404 -13.0632 0
      vertex -19.588 -13.119 0
    endloop
  endfacet
  facet normal 0 0 -1
    outer loop
      vertex -19.4368 12.9596 0
      vertex -25.5 14 0
      vertex -19.4899 13.0101 0
    endloop
  endfacet
  facet normal 0 0 -1
    outer loop
      vertex -25.5 -14 0
      vertex -19.588 -13.119 0
      vertex -19.6326 -13.1771 0
    endloop
  endfacet
  facet normal 0 0 -1
    outer loop
      vertex -19.4899 13.0101 0
      vertex -25.5 14 0
      vertex -19.5404 13.0632 0
    endloop
  endfacet
  facet normal 0 0 -1
    outer loop
      vertex -25.5 -14 0
      vertex -19.6326 -13.1771 0
      vertex -19.6741 -13.2375 0
    endloop
  endfacet
  facet normal 0 0 -1
    outer loop
      vertex -19.5404 13.0632 0
      vertex -25.5 14 0
      vertex -19.588 13.119 0
    endloop
  endfacet
  facet normal 0 0 -1
    outer loop
      vertex -25.5 -14 0
      vertex -19.6741 -13.2375 0
      vertex -19.7124 -13.3 0
    endloop
  endfacet
  facet normal 0 0 -1
    outer loop
      vertex -19.588 13.119 0
      vertex -25.5 14 0
      vertex -19.6326 13.1771 0
    endloop
  endfacet
  facet normal 0 0 -1
    outer loop
      vertex -25.5 -14 0
      vertex -19.7124 -13.3 0
      vertex -19.7474 -13.3644 0
    endloop
  endfacet
  facet normal 0 0 -1
    outer loop
      vertex -19.6326 13.1771 0
      vertex -25.5 14 0
      vertex -19.6741 13.2375 0
    endloop
  endfacet
  facet normal 0 0 -1
    outer loop
      vertex -25.5 -14 0
      vertex -19.7474 -13.3644 0
      vertex -19.779 -13.4306 0
    endloop
  endfacet
  facet normal 0 0 -1
    outer loop
      vertex -19.6741 13.2375 0
      vertex -25.5 14 0
      vertex -19.7124 13.3 0
    endloop
  endfacet
  facet normal 0 0 -1
    outer loop
      vertex -25.5 -14 0
      vertex -19.779 -13.4306 0
      vertex -19.807 -13.4983 0
    endloop
  endfacet
  facet normal 0 0 -1
    outer loop
      vertex -19.7124 13.3 0
      vertex -25.5 14 0
      vertex -19.7474 13.3644 0
    endloop
  endfacet
  facet normal 0 0 -1
    outer loop
      vertex -25.5 -14 0
      vertex -19.807 -13.4983 0
      vertex -19.8315 -13.5674 0
    endloop
  endfacet
  facet normal 0 0 -1
    outer loop
      vertex -19.7474 13.3644 0
      vertex -25.5 14 0
      vertex -19.779 13.4306 0
    endloop
  endfacet
  facet normal 0 0 -1
    outer loop
      vertex -25.5 -14 0
      vertex -19.8315 -13.5674 0
      vertex -19.8523 -13.6377 0
    endloop
  endfacet
  facet normal 0 0 -1
    outer loop
      vertex -19.779 13.4306 0
      vertex -25.5 14 0
      vertex -19.807 13.4983 0
    endloop
  endfacet
  facet normal 0 0 -1
    outer loop
      vertex -25.5 -14 0
      vertex -19.8523 -13.6377 0
      vertex -19.8694 -13.7089 0
    endloop
  endfacet
  facet normal 0 0 -1
    outer loop
      vertex -19.807 13.4983 0
      vertex -25.5 14 0
      vertex -19.8315 13.5674 0
    endloop
  endfacet
  facet normal 0 0 -1
    outer loop
      vertex -25.5 -14 0
      vertex -19.8694 -13.7089 0
      vertex -19.8828 -13.781 0
    endloop
  endfacet
  facet normal 0 0 -1
    outer loop
      vertex -19.8315 13.5674 0
      vertex -25.5 14 0
      vertex -19.8523 13.6377 0
    endloop
  endfacet
  facet normal 0 0 -1
    outer loop
      vertex -25.5 -14 0
      vertex -19.8828 -13.781 0
      vertex -19.8923 -13.8537 0
    endloop
  endfacet
  facet normal 0 0 -1
    outer loop
      vertex -19.8523 13.6377 0
      vertex -25.5 14 0
      vertex -19.8694 13.7089 0
    endloop
  endfacet
  facet normal 0 0 -1
    outer loop
      vertex -25.5 -14 0
      vertex -19.8923 -13.8537 0
      vertex -19.8981 -13.9267 0
    endloop
  endfacet
  facet normal 0 0 -1
    outer loop
      vertex -19.8694 13.7089 0
      vertex -25.5 14 0
      vertex -19.8828 13.781 0
    endloop
  endfacet
  facet normal 0 0 -1
    outer loop
      vertex -25.5 -14 0
      vertex -19.8981 -13.9267 0
      vertex -19.9 -14 0
    endloop
  endfacet
  facet normal 0 0 -1
    outer loop
      vertex -19.8828 13.781 0
      vertex -25.5 14 0
      vertex -19.8923 13.8537 0
    endloop
  endfacet
  facet normal 0 0 -1
    outer loop
      vertex 19.8828 -13.781 0
      vertex 25.5 -14 0
      vertex 19.8923 -13.8537 0
    endloop
  endfacet
  facet normal -0 0 -1
    outer loop
      vertex 25.5 14 0
      vertex 19.8981 13.9267 0
      vertex 19.9 14 0
    endloop
  endfacet
  facet normal 0 0 -1
    outer loop
      vertex 19.8694 -13.7089 0
      vertex 25.5 -14 0
      vertex 19.8828 -13.781 0
    endloop
  endfacet
  facet normal 0 0 -1
    outer loop
      vertex 25.5 14 0
      vertex 19.8923 13.8537 0
      vertex 19.8981 13.9267 0
    endloop
  endfacet
  facet normal 0 0 -1
    outer loop
      vertex 19.8523 -13.6377 0
      vertex 25.5 -14 0
      vertex 19.8694 -13.7089 0
    endloop
  endfacet
  facet normal 0 0 -1
    outer loop
      vertex 25.5 14 0
      vertex 19.8828 13.781 0
      vertex 19.8923 13.8537 0
    endloop
  endfacet
  facet normal 0 0 -1
    outer loop
      vertex 19.8315 -13.5674 0
      vertex 25.5 -14 0
      vertex 19.8523 -13.6377 0
    endloop
  endfacet
  facet normal 0 0 -1
    outer loop
      vertex 25.5 14 0
      vertex 19.8694 13.7089 0
      vertex 19.8828 13.781 0
    endloop
  endfacet
  facet normal 0 0 -1
    outer loop
      vertex 19.807 -13.4983 0
      vertex 25.5 -14 0
      vertex 19.8315 -13.5674 0
    endloop
  endfacet
  facet normal 0 0 -1
    outer loop
      vertex 25.5 14 0
      vertex 19.8523 13.6377 0
      vertex 19.8694 13.7089 0
    endloop
  endfacet
  facet normal 0 0 -1
    outer loop
      vertex 19.779 -13.4306 0
      vertex 25.5 -14 0
      vertex 19.807 -13.4983 0
    endloop
  endfacet
  facet normal 0 0 -1
    outer loop
      vertex 25.5 14 0
      vertex 19.8315 13.5674 0
      vertex 19.8523 13.6377 0
    endloop
  endfacet
  facet normal 0 0 -1
    outer loop
      vertex 19.7474 -13.3644 0
      vertex 25.5 -14 0
      vertex 19.779 -13.4306 0
    endloop
  endfacet
  facet normal 0 0 -1
    outer loop
      vertex 25.5 14 0
      vertex 19.807 13.4983 0
      vertex 19.8315 13.5674 0
    endloop
  endfacet
  facet normal 0 0 -1
    outer loop
      vertex 19.7124 -13.3 0
      vertex 25.5 -14 0
      vertex 19.7474 -13.3644 0
    endloop
  endfacet
  facet normal 0 0 -1
    outer loop
      vertex 25.5 14 0
      vertex 19.779 13.4306 0
      vertex 19.807 13.4983 0
    endloop
  endfacet
  facet normal 0 0 -1
    outer loop
      vertex 19.6741 -13.2375 0
      vertex 25.5 -14 0
      vertex 19.7124 -13.3 0
    endloop
  endfacet
  facet normal 0 0 -1
    outer loop
      vertex 25.5 14 0
      vertex 19.7474 13.3644 0
      vertex 19.779 13.4306 0
    endloop
  endfacet
  facet normal 0 0 -1
    outer loop
      vertex 19.6326 -13.1771 0
      vertex 25.5 -14 0
      vertex 19.6741 -13.2375 0
    endloop
  endfacet
  facet normal 0 0 -1
    outer loop
      vertex 25.5 14 0
      vertex 19.7124 13.3 0
      vertex 19.7474 13.3644 0
    endloop
  endfacet
  facet normal 0 0 -1
    outer loop
      vertex 19.588 -13.119 0
      vertex 25.5 -14 0
      vertex 19.6326 -13.1771 0
    endloop
  endfacet
  facet normal 0 0 -1
    outer loop
      vertex 25.5 14 0
      vertex 19.6741 13.2375 0
      vertex 19.7124 13.3 0
    endloop
  endfacet
  facet normal 0 0 -1
    outer loop
      vertex 19.5404 -13.0632 0
      vertex 25.5 -14 0
      vertex 19.588 -13.119 0
    endloop
  endfacet
  facet normal 0 0 -1
    outer loop
      vertex 25.5 14 0
      vertex 19.6326 13.1771 0
      vertex 19.6741 13.2375 0
    endloop
  endfacet
  facet normal 0 0 -1
    outer loop
      vertex 19.4899 -13.0101 0
      vertex 25.5 -14 0
      vertex 19.5404 -13.0632 0
    endloop
  endfacet
  facet normal 0 0 -1
    outer loop
      vertex 25.5 14 0
      vertex 19.588 13.119 0
      vertex 19.6326 13.1771 0
    endloop
  endfacet
  facet normal 0 0 -1
    outer loop
      vertex 19.4368 -12.9596 0
      vertex 25.5 -14 0
      vertex 19.4899 -13.0101 0
    endloop
  endfacet
  facet normal 0 0 -1
    outer loop
      vertex 25.5 14 0
      vertex 19.5404 13.0632 0
      vertex 19.588 13.119 0
    endloop
  endfacet
  facet normal 0 0 -1
    outer loop
      vertex 19.381 -12.912 0
      vertex 25.5 -14 0
      vertex 19.4368 -12.9596 0
    endloop
  endfacet
  facet normal 0 0 -1
    outer loop
      vertex 25.5 14 0
      vertex 19.4899 13.0101 0
      vertex 19.5404 13.0632 0
    endloop
  endfacet
  facet normal 0 0 -1
    outer loop
      vertex 19.3229 -12.8674 0
      vertex 25.5 -14 0
      vertex 19.381 -12.912 0
    endloop
  endfacet
  facet normal 0 0 -1
    outer loop
      vertex 25.5 14 0
      vertex 19.4368 12.9596 0
      vertex 19.4899 13.0101 0
    endloop
  endfacet
  facet normal 0 0 -1
    outer loop
      vertex 19.2625 -12.8259 0
      vertex 25.5 -14 0
      vertex 19.3229 -12.8674 0
    endloop
  endfacet
  facet normal 0 0 -1
    outer loop
      vertex 25.5 14 0
      vertex 19.381 12.912 0
      vertex 19.4368 12.9596 0
    endloop
  endfacet
  facet normal 0 0 -1
    outer loop
      vertex 19.2 -12.7876 0
      vertex 25.5 -14 0
      vertex 19.2625 -12.8259 0
    endloop
  endfacet
  facet normal 0 0 -1
    outer loop
      vertex 25.5 14 0
      vertex 19.3229 12.8674 0
      vertex 19.381 12.912 0
    endloop
  endfacet
  facet normal 0 0 -1
    outer loop
      vertex 19.1356 -12.7526 0
      vertex 25.5 -14 0
      vertex 19.2 -12.7876 0
    endloop
  endfacet
  facet normal 0 0 -1
    outer loop
      vertex 25.5 14 0
      vertex 19.2625 12.8259 0
      vertex 19.3229 12.8674 0
    endloop
  endfacet
  facet normal 0 0 -1
    outer loop
      vertex 19.0694 -12.721 0
      vertex 25.5 -14 0
      vertex 19.1356 -12.7526 0
    endloop
  endfacet
  facet normal 0 0 -1
    outer loop
      vertex 25.5 14 0
      vertex 19.2 12.7876 0
      vertex 19.2625 12.8259 0
    endloop
  endfacet
  facet normal 0 0 -1
    outer loop
      vertex 25.5 -14 0
      vertex 19.0694 -12.721 0
      vertex 25.5 14 0
    endloop
  endfacet
  facet normal 0 0 -1
    outer loop
      vertex 25.5 14 0
      vertex 19.1356 12.7526 0
      vertex 19.2 12.7876 0
    endloop
  endfacet
  facet normal 0 0 -1
    outer loop
      vertex 19.0694 12.721 0
      vertex 25.5 14 0
      vertex 19.0694 -12.721 0
    endloop
  endfacet
  facet normal 0 0 -1
    outer loop
      vertex 25.5 14 0
      vertex 19.0694 12.721 0
      vertex 19.1356 12.7526 0
    endloop
  endfacet
  facet normal 0 0 -1
    outer loop
      vertex 19.0017 -12.693 0
      vertex 19.0694 12.721 0
      vertex 19.0694 -12.721 0
    endloop
  endfacet
  facet normal 0 0 -1
    outer loop
      vertex 19.0017 -12.693 0
      vertex 19.0017 12.693 0
      vertex 19.0694 12.721 0
    endloop
  endfacet
  facet normal 0 0 -1
    outer loop
      vertex 18.9326 -12.6685 0
      vertex 19.0017 12.693 0
      vertex 19.0017 -12.693 0
    endloop
  endfacet
  facet normal 0 0 -1
    outer loop
      vertex 18.9326 -12.6685 0
      vertex 18.9326 12.6685 0
      vertex 19.0017 12.693 0
    endloop
  endfacet
  facet normal 0 0 -1
    outer loop
      vertex 18.8623 -12.6477 0
      vertex 18.9326 12.6685 0
      vertex 18.9326 -12.6685 0
    endloop
  endfacet
  facet normal 0 0 -1
    outer loop
      vertex 18.8623 -12.6477 0
      vertex 18.8623 12.6477 0
      vertex 18.9326 12.6685 0
    endloop
  endfacet
  facet normal 0 0 -1
    outer loop
      vertex 18.7911 -12.6306 0
      vertex 18.8623 12.6477 0
      vertex 18.8623 -12.6477 0
    endloop
  endfacet
  facet normal 0 0 -1
    outer loop
      vertex 18.7911 -12.6306 0
      vertex 18.7911 12.6306 0
      vertex 18.8623 12.6477 0
    endloop
  endfacet
  facet normal 0 0 -1
    outer loop
      vertex 18.719 -12.6172 0
      vertex 18.7911 12.6306 0
      vertex 18.7911 -12.6306 0
    endloop
  endfacet
  facet normal 0 0 -1
    outer loop
      vertex 18.719 -12.6172 0
      vertex 18.719 12.6172 0
      vertex 18.7911 12.6306 0
    endloop
  endfacet
  facet normal 0 0 -1
    outer loop
      vertex 18.6463 -12.6077 0
      vertex 18.719 12.6172 0
      vertex 18.719 -12.6172 0
    endloop
  endfacet
  facet normal 0 0 -1
    outer loop
      vertex 18.6463 -12.6077 0
      vertex 18.6463 12.6077 0
      vertex 18.719 12.6172 0
    endloop
  endfacet
  facet normal 0 0 -1
    outer loop
      vertex 18.5733 -12.6019 0
      vertex 18.6463 12.6077 0
      vertex 18.6463 -12.6077 0
    endloop
  endfacet
  facet normal 0 0 -1
    outer loop
      vertex 18.5733 -12.6019 0
      vertex 18.5733 12.6019 0
      vertex 18.6463 12.6077 0
    endloop
  endfacet
  facet normal 0 0 -1
    outer loop
      vertex 18.5 -12.6 0
      vertex 18.5733 12.6019 0
      vertex 18.5733 -12.6019 0
    endloop
  endfacet
  facet normal 0 0 -1
    outer loop
      vertex 18.5 -12.6 0
      vertex 18.5 12.6 0
      vertex 18.5733 12.6019 0
    endloop
  endfacet
  facet normal 0 0 -1
    outer loop
      vertex 18.4267 -12.6019 0
      vertex 18.5 12.6 0
      vertex 18.5 -12.6 0
    endloop
  endfacet
  facet normal 0 0 -1
    outer loop
      vertex 18.4267 -12.6019 0
      vertex 18.4267 12.6019 0
      vertex 18.5 12.6 0
    endloop
  endfacet
  facet normal 0 0 -1
    outer loop
      vertex 18.3537 -12.6077 0
      vertex 18.4267 12.6019 0
      vertex 18.4267 -12.6019 0
    endloop
  endfacet
  facet normal 0 0 -1
    outer loop
      vertex 18.3537 -12.6077 0
      vertex 18.3537 12.6077 0
      vertex 18.4267 12.6019 0
    endloop
  endfacet
  facet normal 0 0 -1
    outer loop
      vertex 18.281 -12.6172 0
      vertex 18.3537 12.6077 0
      vertex 18.3537 -12.6077 0
    endloop
  endfacet
  facet normal 0 0 -1
    outer loop
      vertex 18.281 -12.6172 0
      vertex 18.281 12.6172 0
      vertex 18.3537 12.6077 0
    endloop
  endfacet
  facet normal 0 0 -1
    outer loop
      vertex 18.2089 -12.6306 0
      vertex 18.281 12.6172 0
      vertex 18.281 -12.6172 0
    endloop
  endfacet
  facet normal 0 0 -1
    outer loop
      vertex 18.2089 -12.6306 0
      vertex 18.2089 12.6306 0
      vertex 18.281 12.6172 0
    endloop
  endfacet
  facet normal 0 0 -1
    outer loop
      vertex 18.1377 -12.6477 0
      vertex 18.2089 12.6306 0
      vertex 18.2089 -12.6306 0
    endloop
  endfacet
  facet normal 0 0 -1
    outer loop
      vertex 18.1377 -12.6477 0
      vertex 18.1377 12.6477 0
      vertex 18.2089 12.6306 0
    endloop
  endfacet
  facet normal 0 0 -1
    outer loop
      vertex 18.0674 -12.6685 0
      vertex 18.1377 12.6477 0
      vertex 18.1377 -12.6477 0
    endloop
  endfacet
  facet normal 0 0 -1
    outer loop
      vertex 18.0674 -12.6685 0
      vertex 18.0674 12.6685 0
      vertex 18.1377 12.6477 0
    endloop
  endfacet
  facet normal 0 0 -1
    outer loop
      vertex 17.9983 -12.693 0
      vertex 18.0674 12.6685 0
      vertex 18.0674 -12.6685 0
    endloop
  endfacet
  facet normal 0 0 -1
    outer loop
      vertex 17.9983 -12.693 0
      vertex 17.9983 12.693 0
      vertex 18.0674 12.6685 0
    endloop
  endfacet
  facet normal 0 0 -1
    outer loop
      vertex 17.9306 -12.721 0
      vertex 17.9983 12.693 0
      vertex 17.9983 -12.693 0
    endloop
  endfacet
  facet normal 0 0 -1
    outer loop
      vertex 17.9306 -12.721 0
      vertex 17.9306 12.721 0
      vertex 17.9983 12.693 0
    endloop
  endfacet
  facet normal 0 0 -1
    outer loop
      vertex 17.8644 -12.7526 0
      vertex 17.9306 12.721 0
      vertex 17.9306 -12.721 0
    endloop
  endfacet
  facet normal 0 0 -1
    outer loop
      vertex 17.8644 -12.7526 0
      vertex 17.8644 12.7526 0
      vertex 17.9306 12.721 0
    endloop
  endfacet
  facet normal 0 0 -1
    outer loop
      vertex 17.8 -12.7876 0
      vertex 17.8644 12.7526 0
      vertex 17.8644 -12.7526 0
    endloop
  endfacet
  facet normal 0 0 -1
    outer loop
      vertex 17.8 -12.7876 0
      vertex 17.8 12.7876 0
      vertex 17.8644 12.7526 0
    endloop
  endfacet
  facet normal 0 0 -1
    outer loop
      vertex 17.7375 -12.8259 0
      vertex 17.8 12.7876 0
      vertex 17.8 -12.7876 0
    endloop
  endfacet
  facet normal 0 0 -1
    outer loop
      vertex 17.7375 -12.8259 0
      vertex 17.7375 12.8259 0
      vertex 17.8 12.7876 0
    endloop
  endfacet
  facet normal 0 0 -1
    outer loop
      vertex 17.6771 -12.8674 0
      vertex 17.7375 12.8259 0
      vertex 17.7375 -12.8259 0
    endloop
  endfacet
  facet normal 0 0 -1
    outer loop
      vertex 17.6771 -12.8674 0
      vertex 17.6771 12.8674 0
      vertex 17.7375 12.8259 0
    endloop
  endfacet
  facet normal 0 0 -1
    outer loop
      vertex 17.619 -12.912 0
      vertex 17.6771 12.8674 0
      vertex 17.6771 -12.8674 0
    endloop
  endfacet
  facet normal 0 0 -1
    outer loop
      vertex 17.619 -12.912 0
      vertex 17.619 12.912 0
      vertex 17.6771 12.8674 0
    endloop
  endfacet
  facet normal 0 0 -1
    outer loop
      vertex 17.5632 -12.9596 0
      vertex 17.619 12.912 0
      vertex 17.619 -12.912 0
    endloop
  endfacet
  facet normal 0 0 -1
    outer loop
      vertex 17.5632 -12.9596 0
      vertex 17.5632 12.9596 0
      vertex 17.619 12.912 0
    endloop
  endfacet
  facet normal 0 0 -1
    outer loop
      vertex 17.5101 -13.0101 0
      vertex 17.5632 12.9596 0
      vertex 17.5632 -12.9596 0
    endloop
  endfacet
  facet normal 0 0 -1
    outer loop
      vertex 17.5101 -13.0101 0
      vertex 17.5101 13.0101 0
      vertex 17.5632 12.9596 0
    endloop
  endfacet
  facet normal 0 0 -1
    outer loop
      vertex 17.4596 -13.0632 0
      vertex 17.5101 13.0101 0
      vertex 17.5101 -13.0101 0
    endloop
  endfacet
  facet normal 0 0 -1
    outer loop
      vertex 17.4596 -13.0632 0
      vertex 17.4596 13.0632 0
      vertex 17.5101 13.0101 0
    endloop
  endfacet
  facet normal 0 0 -1
    outer loop
      vertex 17.412 -13.119 0
      vertex 17.4596 13.0632 0
      vertex 17.4596 -13.0632 0
    endloop
  endfacet
  facet normal 0 0 -1
    outer loop
      vertex 17.412 -13.119 0
      vertex 17.412 13.119 0
      vertex 17.4596 13.0632 0
    endloop
  endfacet
  facet normal 0 0 -1
    outer loop
      vertex 17.3674 -13.1771 0
      vertex 17.412 13.119 0
      vertex 17.412 -13.119 0
    endloop
  endfacet
  facet normal 0 0 -1
    outer loop
      vertex 17.3674 -13.1771 0
      vertex 17.3674 13.1771 0
      vertex 17.412 13.119 0
    endloop
  endfacet
  facet normal 0 0 -1
    outer loop
      vertex -17.1685 -13.5674 0
      vertex 17.1685 -13.5674 0
      vertex -17.1477 -13.6377 0
    endloop
  endfacet
  facet normal 0 0 -1
    outer loop
      vertex 17.1685 -13.5674 0
      vertex -17.1685 -13.5674 0
      vertex 17.193 -13.4983 0
    endloop
  endfacet
  facet normal 0 0 -1
    outer loop
      vertex 17.1477 -13.6377 0
      vertex -17.1477 -13.6377 0
      vertex 17.1685 -13.5674 0
    endloop
  endfacet
  facet normal 0 0 -1
    outer loop
      vertex -17.193 -13.4983 0
      vertex 17.193 -13.4983 0
      vertex -17.1685 -13.5674 0
    endloop
  endfacet
  facet normal 0 0 -1
    outer loop
      vertex -17.1477 -13.6377 0
      vertex 17.1477 -13.6377 0
      vertex -17.1306 -13.7089 0
    endloop
  endfacet
  facet normal 0 0 -1
    outer loop
      vertex 17.3674 13.1771 0
      vertex -17.1 14 0
      vertex 17.3259 13.2375 0
    endloop
  endfacet
  facet normal 0 0 -1
    outer loop
      vertex 17.1306 -13.7089 0
      vertex -17.1306 -13.7089 0
      vertex 17.1477 -13.6377 0
    endloop
  endfacet
  facet normal 0 0 -1
    outer loop
      vertex 17.3259 13.2375 0
      vertex -17.1 14 0
      vertex 17.2876 13.3 0
    endloop
  endfacet
  facet normal 0 0 -1
    outer loop
      vertex -17.1306 -13.7089 0
      vertex 17.1306 -13.7089 0
      vertex -17.1172 -13.781 0
    endloop
  endfacet
  facet normal 0 0 -1
    outer loop
      vertex 17.2876 13.3 0
      vertex -17.1 14 0
      vertex 17.2526 13.3644 0
    endloop
  endfacet
  facet normal 0 0 -1
    outer loop
      vertex 17.1172 -13.781 0
      vertex -17.1172 -13.781 0
      vertex 17.1306 -13.7089 0
    endloop
  endfacet
  facet normal 0 0 -1
    outer loop
      vertex 17.2526 13.3644 0
      vertex -17.1 14 0
      vertex 17.221 13.4306 0
    endloop
  endfacet
  facet normal 0 0 -1
    outer loop
      vertex -17.1172 -13.781 0
      vertex 17.1172 -13.781 0
      vertex -17.1077 -13.8537 0
    endloop
  endfacet
  facet normal 0 0 -1
    outer loop
      vertex 17.221 13.4306 0
      vertex -17.1 14 0
      vertex 17.193 13.4983 0
    endloop
  endfacet
  facet normal 0 0 -1
    outer loop
      vertex 17.1077 -13.8537 0
      vertex -17.1077 -13.8537 0
      vertex 17.1172 -13.781 0
    endloop
  endfacet
  facet normal 0 0 -1
    outer loop
      vertex 17.193 13.4983 0
      vertex -17.1 14 0
      vertex 17.1685 13.5674 0
    endloop
  endfacet
  facet normal 0 0 -1
    outer loop
      vertex -17.1077 -13.8537 0
      vertex 17.1077 -13.8537 0
      vertex -17.1019 -13.9267 0
    endloop
  endfacet
  facet normal 0 0 -1
    outer loop
      vertex 17.1685 13.5674 0
      vertex -17.1 14 0
      vertex 17.1477 13.6377 0
    endloop
  endfacet
  facet normal 0 0 -1
    outer loop
      vertex 17.1019 -13.9267 0
      vertex -17.1019 -13.9267 0
      vertex 17.1077 -13.8537 0
    endloop
  endfacet
  facet normal 0 0 -1
    outer loop
      vertex 17.1477 13.6377 0
      vertex -17.1 14 0
      vertex 17.1306 13.7089 0
    endloop
  endfacet
  facet normal 0 0 -1
    outer loop
      vertex -17.1019 -13.9267 0
      vertex 17.1019 -13.9267 0
      vertex -17.1 -14 0
    endloop
  endfacet
  facet normal 0 0 -1
    outer loop
      vertex 17.1306 13.7089 0
      vertex -17.1 14 0
      vertex 17.1172 13.781 0
    endloop
  endfacet
  facet normal 0 0 -1
    outer loop
      vertex -17.1 -14 0
      vertex 17.1019 -13.9267 0
      vertex 17.1 -14 0
    endloop
  endfacet
  facet normal 0 0 -1
    outer loop
      vertex 17.1172 13.781 0
      vertex -17.1 14 0
      vertex 17.1077 13.8537 0
    endloop
  endfacet
  facet normal 0 0 -1
    outer loop
      vertex 19.8981 -14.0733 0
      vertex 25.5 -14 0
      vertex 25.4617 -14.7317 0
    endloop
  endfacet
  facet normal 0 0 -1
    outer loop
      vertex 19.8981 -13.9267 0
      vertex 25.5 -14 0
      vertex 19.9 -14 0
    endloop
  endfacet
  facet normal 0 0 -1
    outer loop
      vertex 19.8828 -14.219 0
      vertex 25.4617 -14.7317 0
      vertex 25.347 -15.4554 0
    endloop
  endfacet
  facet normal 0 0 -1
    outer loop
      vertex 19.8923 -13.8537 0
      vertex 25.5 -14 0
      vertex 19.8981 -13.9267 0
    endloop
  endfacet
  facet normal 0 0 -1
    outer loop
      vertex 19.8523 -14.3623 0
      vertex 25.347 -15.4554 0
      vertex 25.1574 -16.1631 0
    endloop
  endfacet
  facet normal 0 0 -1
    outer loop
      vertex 19.8981 14.0733 0
      vertex 25.5 14 0
      vertex 19.9 14 0
    endloop
  endfacet
  facet normal 0 0 -1
    outer loop
      vertex 19.807 -14.5017 0
      vertex 25.1574 -16.1631 0
      vertex 24.8948 -16.8472 0
    endloop
  endfacet
  facet normal 0 0 -1
    outer loop
      vertex 25.5 14 0
      vertex 19.8981 14.0733 0
      vertex 25.4617 14.7317 0
    endloop
  endfacet
  facet normal 0 0 -1
    outer loop
      vertex 19.7474 -14.6356 0
      vertex 24.8948 -16.8472 0
      vertex 24.5622 -17.5 0
    endloop
  endfacet
  facet normal 0 0 -1
    outer loop
      vertex 19.8923 14.1463 0
      vertex 25.4617 14.7317 0
      vertex 19.8981 14.0733 0
    endloop
  endfacet
  facet normal 0 0 -1
    outer loop
      vertex 19.6741 -14.7625 0
      vertex 24.5622 -17.5 0
      vertex 24.1631 -18.1145 0
    endloop
  endfacet
  facet normal 0 0 -1
    outer loop
      vertex 19.8828 14.219 0
      vertex 25.4617 14.7317 0
      vertex 19.8923 14.1463 0
    endloop
  endfacet
  facet normal 0 0 -1
    outer loop
      vertex 19.588 -14.881 0
      vertex 24.1631 -18.1145 0
      vertex 23.702 -18.6839 0
    endloop
  endfacet
  facet normal -0 0 -1
    outer loop
      vertex 25.4617 14.7317 0
      vertex 19.8828 14.219 0
      vertex 25.347 15.4554 0
    endloop
  endfacet
  facet normal 0 0 -1
    outer loop
      vertex 19.4899 -14.9899 0
      vertex 23.702 -18.6839 0
      vertex 23.1839 -19.202 0
    endloop
  endfacet
  facet normal 0 0 -1
    outer loop
      vertex 19.8694 14.2911 0
      vertex 25.347 15.4554 0
      vertex 19.8828 14.219 0
    endloop
  endfacet
  facet normal 0 0 -1
    outer loop
      vertex 19.381 -15.088 0
      vertex 23.1839 -19.202 0
      vertex 22.6145 -19.6631 0
    endloop
  endfacet
  facet normal 0 0 -1
    outer loop
      vertex 19.8523 14.3623 0
      vertex 25.347 15.4554 0
      vertex 19.8694 14.2911 0
    endloop
  endfacet
  facet normal 0 0 -1
    outer loop
      vertex 19.2625 -15.1741 0
      vertex 22.6145 -19.6631 0
      vertex 22 -20.0622 0
    endloop
  endfacet
  facet normal -0 0 -1
    outer loop
      vertex 25.347 15.4554 0
      vertex 19.8523 14.3623 0
      vertex 25.1574 16.1631 0
    endloop
  endfacet
  facet normal 0 0 -1
    outer loop
      vertex 19.1356 -15.2474 0
      vertex 22 -20.0622 0
      vertex 21.3472 -20.3948 0
    endloop
  endfacet
  facet normal 0 0 -1
    outer loop
      vertex 19.8315 14.4326 0
      vertex 25.1574 16.1631 0
      vertex 19.8523 14.3623 0
    endloop
  endfacet
  facet normal 0 0 -1
    outer loop
      vertex 19.0017 -15.307 0
      vertex 21.3472 -20.3948 0
      vertex 20.6631 -20.6574 0
    endloop
  endfacet
  facet normal 0 0 -1
    outer loop
      vertex 19.807 14.5017 0
      vertex 25.1574 16.1631 0
      vertex 19.8315 14.4326 0
    endloop
  endfacet
  facet normal 0 0 -1
    outer loop
      vertex 18.8623 -15.3523 0
      vertex 20.6631 -20.6574 0
      vertex 19.9554 -20.847 0
    endloop
  endfacet
  facet normal -0 0 -1
    outer loop
      vertex 25.1574 16.1631 0
      vertex 19.807 14.5017 0
      vertex 24.8948 16.8472 0
    endloop
  endfacet
  facet normal 0 0 -1
    outer loop
      vertex 19.779 14.5694 0
      vertex 24.8948 16.8472 0
      vertex 19.807 14.5017 0
    endloop
  endfacet
  facet normal -0 0 -1
    outer loop
      vertex 25.5 -14 0
      vertex 19.8981 -14.0733 0
      vertex 19.9 -14 0
    endloop
  endfacet
  facet normal 0 0 -1
    outer loop
      vertex 25.4617 -14.7317 0
      vertex 19.8923 -14.1463 0
      vertex 19.8981 -14.0733 0
    endloop
  endfacet
  facet normal 0 0 -1
    outer loop
      vertex 25.4617 -14.7317 0
      vertex 19.8828 -14.219 0
      vertex 19.8923 -14.1463 0
    endloop
  endfacet
  facet normal 0 0 -1
    outer loop
      vertex 25.347 -15.4554 0
      vertex 19.8694 -14.2911 0
      vertex 19.8828 -14.219 0
    endloop
  endfacet
  facet normal 0 0 -1
    outer loop
      vertex 25.347 -15.4554 0
      vertex 19.8523 -14.3623 0
      vertex 19.8694 -14.2911 0
    endloop
  endfacet
  facet normal 0 0 -1
    outer loop
      vertex 25.1574 -16.1631 0
      vertex 19.8315 -14.4326 0
      vertex 19.8523 -14.3623 0
    endloop
  endfacet
  facet normal 0 0 -1
    outer loop
      vertex 25.1574 -16.1631 0
      vertex 19.807 -14.5017 0
      vertex 19.8315 -14.4326 0
    endloop
  endfacet
  facet normal 0 0 -1
    outer loop
      vertex 24.8948 -16.8472 0
      vertex 19.779 -14.5694 0
      vertex 19.807 -14.5017 0
    endloop
  endfacet
  facet normal 0 0 -1
    outer loop
      vertex 24.8948 -16.8472 0
      vertex 19.7474 -14.6356 0
      vertex 19.779 -14.5694 0
    endloop
  endfacet
  facet normal 0 0 -1
    outer loop
      vertex 24.5622 -17.5 0
      vertex 19.7124 -14.7 0
      vertex 19.7474 -14.6356 0
    endloop
  endfacet
  facet normal 0 0 -1
    outer loop
      vertex 24.5622 -17.5 0
      vertex 19.6741 -14.7625 0
      vertex 19.7124 -14.7 0
    endloop
  endfacet
  facet normal 0 0 -1
    outer loop
      vertex 24.1631 -18.1145 0
      vertex 19.6326 -14.8229 0
      vertex 19.6741 -14.7625 0
    endloop
  endfacet
  facet normal 0 0 -1
    outer loop
      vertex 24.1631 -18.1145 0
      vertex 19.588 -14.881 0
      vertex 19.6326 -14.8229 0
    endloop
  endfacet
  facet normal 0 0 -1
    outer loop
      vertex 23.702 -18.6839 0
      vertex 19.5404 -14.9368 0
      vertex 19.588 -14.881 0
    endloop
  endfacet
  facet normal 0 0 -1
    outer loop
      vertex 23.702 -18.6839 0
      vertex 19.4899 -14.9899 0
      vertex 19.5404 -14.9368 0
    endloop
  endfacet
  facet normal 0 0 -1
    outer loop
      vertex 23.1839 -19.202 0
      vertex 19.4368 -15.0404 0
      vertex 19.4899 -14.9899 0
    endloop
  endfacet
  facet normal 0 0 -1
    outer loop
      vertex 23.1839 -19.202 0
      vertex 19.381 -15.088 0
      vertex 19.4368 -15.0404 0
    endloop
  endfacet
  facet normal 0 0 -1
    outer loop
      vertex 22.6145 -19.6631 0
      vertex 19.3229 -15.1326 0
      vertex 19.381 -15.088 0
    endloop
  endfacet
  facet normal 0 0 -1
    outer loop
      vertex 22.6145 -19.6631 0
      vertex 19.2625 -15.1741 0
      vertex 19.3229 -15.1326 0
    endloop
  endfacet
  facet normal 0 0 -1
    outer loop
      vertex 18.719 -15.3828 0
      vertex 19.9554 -20.847 0
      vertex 19.2317 -20.9617 0
    endloop
  endfacet
  facet normal 0 0 -1
    outer loop
      vertex 22 -20.0622 0
      vertex 19.2 -15.2124 0
      vertex 19.2625 -15.1741 0
    endloop
  endfacet
  facet normal 0 0 -1
    outer loop
      vertex 22 -20.0622 0
      vertex 19.1356 -15.2474 0
      vertex 19.2 -15.2124 0
    endloop
  endfacet
  facet normal 0 0 -1
    outer loop
      vertex 21.3472 -20.3948 0
      vertex 19.0694 -15.279 0
      vertex 19.1356 -15.2474 0
    endloop
  endfacet
  facet normal 0 0 -1
    outer loop
      vertex 21.3472 -20.3948 0
      vertex 19.0017 -15.307 0
      vertex 19.0694 -15.279 0
    endloop
  endfacet
  facet normal 0 0 -1
    outer loop
      vertex 20.6631 -20.6574 0
      vertex 18.9326 -15.3315 0
      vertex 19.0017 -15.307 0
    endloop
  endfacet
  facet normal 0 0 -1
    outer loop
      vertex 20.6631 -20.6574 0
      vertex 18.8623 -15.3523 0
      vertex 18.9326 -15.3315 0
    endloop
  endfacet
  facet normal 0 0 -1
    outer loop
      vertex 19.9554 -20.847 0
      vertex 18.7911 -15.3694 0
      vertex 18.8623 -15.3523 0
    endloop
  endfacet
  facet normal 0 0 -1
    outer loop
      vertex 19.9554 -20.847 0
      vertex 18.719 -15.3828 0
      vertex 18.7911 -15.3694 0
    endloop
  endfacet
  facet normal 0 0 -1
    outer loop
      vertex 19.2317 -20.9617 0
      vertex 18.6463 -15.3923 0
      vertex 18.719 -15.3828 0
    endloop
  endfacet
  facet normal 0 0 -1
    outer loop
      vertex 19.2317 -20.9617 0
      vertex 18.5733 -15.3981 0
      vertex 18.6463 -15.3923 0
    endloop
  endfacet
  facet normal 0 0 -1
    outer loop
      vertex 18.5 -21 0
      vertex 18.5733 -15.3981 0
      vertex 19.2317 -20.9617 0
    endloop
  endfacet
  facet normal 0 0 -1
    outer loop
      vertex 18.5 -21 0
      vertex 18.5 -15.4 0
      vertex 18.5733 -15.3981 0
    endloop
  endfacet
  facet normal 0 0 -1
    outer loop
      vertex 18.5 -21 0
      vertex 18.4267 -15.3981 0
      vertex 18.5 -15.4 0
    endloop
  endfacet
  facet normal 0 0 -1
    outer loop
      vertex 18.5 -21 0
      vertex 18.3537 -15.3923 0
      vertex 18.4267 -15.3981 0
    endloop
  endfacet
  facet normal 0 0 -1
    outer loop
      vertex 18.5 -21 0
      vertex 18.281 -15.3828 0
      vertex 18.3537 -15.3923 0
    endloop
  endfacet
  facet normal 0 0 -1
    outer loop
      vertex 18.5 -21 0
      vertex 18.2089 -15.3694 0
      vertex 18.281 -15.3828 0
    endloop
  endfacet
  facet normal 0 0 -1
    outer loop
      vertex 18.5 -21 0
      vertex 18.1377 -15.3523 0
      vertex 18.2089 -15.3694 0
    endloop
  endfacet
  facet normal 0 0 -1
    outer loop
      vertex 18.5 -21 0
      vertex 18.0674 -15.3315 0
      vertex 18.1377 -15.3523 0
    endloop
  endfacet
  facet normal 0 0 -1
    outer loop
      vertex 18.5 -21 0
      vertex 17.9983 -15.307 0
      vertex 18.0674 -15.3315 0
    endloop
  endfacet
  facet normal 0 0 -1
    outer loop
      vertex 18.5 -21 0
      vertex 17.9306 -15.279 0
      vertex 17.9983 -15.307 0
    endloop
  endfacet
  facet normal 0 0 -1
    outer loop
      vertex 18.5 -21 0
      vertex 17.8644 -15.2474 0
      vertex 17.9306 -15.279 0
    endloop
  endfacet
  facet normal 0 0 -1
    outer loop
      vertex 18.5 -21 0
      vertex 17.8 -15.2124 0
      vertex 17.8644 -15.2474 0
    endloop
  endfacet
  facet normal 0 0 -1
    outer loop
      vertex 18.5 -21 0
      vertex 17.7375 -15.1741 0
      vertex 17.8 -15.2124 0
    endloop
  endfacet
  facet normal 0 0 -1
    outer loop
      vertex 18.5 -21 0
      vertex 17.6771 -15.1326 0
      vertex 17.7375 -15.1741 0
    endloop
  endfacet
  facet normal 0 0 -1
    outer loop
      vertex 18.5 -21 0
      vertex 17.619 -15.088 0
      vertex 17.6771 -15.1326 0
    endloop
  endfacet
  facet normal 0 0 -1
    outer loop
      vertex 18.5 -21 0
      vertex 17.5632 -15.0404 0
      vertex 17.619 -15.088 0
    endloop
  endfacet
  facet normal 0 0 -1
    outer loop
      vertex 18.5 -21 0
      vertex 17.5101 -14.9899 0
      vertex 17.5632 -15.0404 0
    endloop
  endfacet
  facet normal 0 0 -1
    outer loop
      vertex 18.5 -21 0
      vertex 17.4596 -14.9368 0
      vertex 17.5101 -14.9899 0
    endloop
  endfacet
  facet normal 0 0 -1
    outer loop
      vertex 18.5 -21 0
      vertex 17.412 -14.881 0
      vertex 17.4596 -14.9368 0
    endloop
  endfacet
  facet normal 0 0 -1
    outer loop
      vertex 18.5 -21 0
      vertex 17.3674 -14.8229 0
      vertex 17.412 -14.881 0
    endloop
  endfacet
  facet normal 0 0 -1
    outer loop
      vertex 18.5 -21 0
      vertex 17.3259 -14.7625 0
      vertex 17.3674 -14.8229 0
    endloop
  endfacet
  facet normal 0 0 -1
    outer loop
      vertex 18.5 -21 0
      vertex 17.2876 -14.7 0
      vertex 17.3259 -14.7625 0
    endloop
  endfacet
  facet normal 0 0 -1
    outer loop
      vertex 18.5 -21 0
      vertex 17.2526 -14.6356 0
      vertex 17.2876 -14.7 0
    endloop
  endfacet
  facet normal 0 0 -1
    outer loop
      vertex 18.5 -21 0
      vertex 17.221 -14.5694 0
      vertex 17.2526 -14.6356 0
    endloop
  endfacet
  facet normal 0 0 -1
    outer loop
      vertex 18.5 -21 0
      vertex 17.193 -14.5017 0
      vertex 17.221 -14.5694 0
    endloop
  endfacet
  facet normal 0 0 -1
    outer loop
      vertex -17.193 -14.5017 0
      vertex 17.193 -14.5017 0
      vertex 18.5 -21 0
    endloop
  endfacet
  facet normal 0 0 -1
    outer loop
      vertex 17.193 -14.5017 0
      vertex -17.193 -14.5017 0
      vertex 17.1685 -14.4326 0
    endloop
  endfacet
  facet normal 0 -0 -1
    outer loop
      vertex -17.1685 -14.4326 0
      vertex 17.1685 -14.4326 0
      vertex -17.193 -14.5017 0
    endloop
  endfacet
  facet normal 0 0 -1
    outer loop
      vertex 17.1077 13.8537 0
      vertex -17.1 14 0
      vertex 17.1019 13.9267 0
    endloop
  endfacet
  facet normal 0 0 -1
    outer loop
      vertex 17.1019 -14.0733 0
      vertex -17.1 -14 0
      vertex 17.1 -14 0
    endloop
  endfacet
  facet normal 0 0 -1
    outer loop
      vertex -17.1019 -14.0733 0
      vertex 17.1019 -14.0733 0
      vertex 17.1077 -14.1463 0
    endloop
  endfacet
  facet normal 0 0 -1
    outer loop
      vertex -17.1077 -14.1463 0
      vertex 17.1077 -14.1463 0
      vertex 17.1172 -14.219 0
    endloop
  endfacet
  facet normal 0 0 -1
    outer loop
      vertex -17.1172 -14.219 0
      vertex 17.1172 -14.219 0
      vertex 17.1306 -14.2911 0
    endloop
  endfacet
  facet normal 0 0 -1
    outer loop
      vertex 17.1685 -14.4326 0
      vertex -17.1685 -14.4326 0
      vertex 17.1477 -14.3623 0
    endloop
  endfacet
  facet normal 0 0 -1
    outer loop
      vertex 17.1019 -14.0733 0
      vertex -17.1019 -14.0733 0
      vertex -17.1 -14 0
    endloop
  endfacet
  facet normal 0 0 -1
    outer loop
      vertex 17.1077 -14.1463 0
      vertex -17.1077 -14.1463 0
      vertex -17.1019 -14.0733 0
    endloop
  endfacet
  facet normal 0 0 -1
    outer loop
      vertex 17.1172 -14.219 0
      vertex -17.1172 -14.219 0
      vertex -17.1077 -14.1463 0
    endloop
  endfacet
  facet normal 0 0 -1
    outer loop
      vertex 17.1306 -14.2911 0
      vertex -17.1306 -14.2911 0
      vertex -17.1172 -14.219 0
    endloop
  endfacet
  facet normal -0 0 -1
    outer loop
      vertex 17.1306 -14.2911 0
      vertex -17.1477 -14.3623 0
      vertex -17.1306 -14.2911 0
    endloop
  endfacet
  facet normal 0 0 -1
    outer loop
      vertex 17.1477 -14.3623 0
      vertex -17.1477 -14.3623 0
      vertex 17.1306 -14.2911 0
    endloop
  endfacet
  facet normal 0 -0 -1
    outer loop
      vertex -17.1477 -14.3623 0
      vertex 17.1477 -14.3623 0
      vertex -17.1685 -14.4326 0
    endloop
  endfacet
  facet normal 0 0 -1
    outer loop
      vertex -18.5 -21 0
      vertex -17.193 -14.5017 0
      vertex 18.5 -21 0
    endloop
  endfacet
  facet normal 0 0 -1
    outer loop
      vertex -17.193 -14.5017 0
      vertex -18.5 -21 0
      vertex -17.221 -14.5694 0
    endloop
  endfacet
  facet normal 0 0 -1
    outer loop
      vertex -17.221 -14.5694 0
      vertex -18.5 -21 0
      vertex -17.2526 -14.6356 0
    endloop
  endfacet
  facet normal 0 0 -1
    outer loop
      vertex -17.2526 -14.6356 0
      vertex -18.5 -21 0
      vertex -17.2876 -14.7 0
    endloop
  endfacet
  facet normal 0 0 -1
    outer loop
      vertex -17.2876 -14.7 0
      vertex -18.5 -21 0
      vertex -17.3259 -14.7625 0
    endloop
  endfacet
  facet normal 0 0 -1
    outer loop
      vertex -17.3259 -14.7625 0
      vertex -18.5 -21 0
      vertex -17.3674 -14.8229 0
    endloop
  endfacet
  facet normal 0 0 -1
    outer loop
      vertex -17.3674 -14.8229 0
      vertex -18.5 -21 0
      vertex -17.412 -14.881 0
    endloop
  endfacet
  facet normal 0 0 -1
    outer loop
      vertex -17.412 -14.881 0
      vertex -18.5 -21 0
      vertex -17.4596 -14.9368 0
    endloop
  endfacet
  facet normal 0 0 -1
    outer loop
      vertex -17.4596 -14.9368 0
      vertex -18.5 -21 0
      vertex -17.5101 -14.9899 0
    endloop
  endfacet
  facet normal 0 0 -1
    outer loop
      vertex -17.5101 -14.9899 0
      vertex -18.5 -21 0
      vertex -17.5632 -15.0404 0
    endloop
  endfacet
  facet normal 0 0 -1
    outer loop
      vertex -17.5632 -15.0404 0
      vertex -18.5 -21 0
      vertex -17.619 -15.088 0
    endloop
  endfacet
  facet normal 0 0 -1
    outer loop
      vertex -17.619 -15.088 0
      vertex -18.5 -21 0
      vertex -17.6771 -15.1326 0
    endloop
  endfacet
  facet normal 0 0 -1
    outer loop
      vertex -17.6771 -15.1326 0
      vertex -18.5 -21 0
      vertex -17.7375 -15.1741 0
    endloop
  endfacet
  facet normal 0 0 -1
    outer loop
      vertex -17.7375 -15.1741 0
      vertex -18.5 -21 0
      vertex -17.8 -15.2124 0
    endloop
  endfacet
  facet normal 0 0 -1
    outer loop
      vertex -17.8 -15.2124 0
      vertex -18.5 -21 0
      vertex -17.8644 -15.2474 0
    endloop
  endfacet
  facet normal 0 0 -1
    outer loop
      vertex -17.8644 -15.2474 0
      vertex -18.5 -21 0
      vertex -17.9306 -15.279 0
    endloop
  endfacet
  facet normal 0 0 -1
    outer loop
      vertex -17.9306 -15.279 0
      vertex -18.5 -21 0
      vertex -17.9983 -15.307 0
    endloop
  endfacet
  facet normal 0 0 -1
    outer loop
      vertex -17.9983 -15.307 0
      vertex -18.5 -21 0
      vertex -18.0674 -15.3315 0
    endloop
  endfacet
  facet normal 0 0 -1
    outer loop
      vertex -18.0674 -15.3315 0
      vertex -18.5 -21 0
      vertex -18.1377 -15.3523 0
    endloop
  endfacet
  facet normal 0 0 -1
    outer loop
      vertex -18.1377 -15.3523 0
      vertex -18.5 -21 0
      vertex -18.2089 -15.3694 0
    endloop
  endfacet
  facet normal 0 0 -1
    outer loop
      vertex -18.2089 -15.3694 0
      vertex -18.5 -21 0
      vertex -18.281 -15.3828 0
    endloop
  endfacet
  facet normal 0 0 -1
    outer loop
      vertex -18.281 -15.3828 0
      vertex -18.5 -21 0
      vertex -18.3537 -15.3923 0
    endloop
  endfacet
  facet normal 0 0 -1
    outer loop
      vertex -18.3537 -15.3923 0
      vertex -18.5 -21 0
      vertex -18.4267 -15.3981 0
    endloop
  endfacet
  facet normal 0 0 -1
    outer loop
      vertex -18.5 -21 0
      vertex -18.5 -15.4 0
      vertex -18.4267 -15.3981 0
    endloop
  endfacet
  facet normal 0 0 -1
    outer loop
      vertex -18.5 -21 0
      vertex -18.5733 -15.3981 0
      vertex -18.5 -15.4 0
    endloop
  endfacet
  facet normal 0 0 -1
    outer loop
      vertex -19.2317 -20.9617 0
      vertex -18.5733 -15.3981 0
      vertex -18.5 -21 0
    endloop
  endfacet
  facet normal -0 0 -1
    outer loop
      vertex -18.5733 -15.3981 0
      vertex -19.2317 -20.9617 0
      vertex -18.6463 -15.3923 0
    endloop
  endfacet
  facet normal -0 0 -1
    outer loop
      vertex -18.6463 -15.3923 0
      vertex -19.2317 -20.9617 0
      vertex -18.719 -15.3828 0
    endloop
  endfacet
  facet normal 0 0 -1
    outer loop
      vertex -19.9554 -20.847 0
      vertex -18.719 -15.3828 0
      vertex -19.2317 -20.9617 0
    endloop
  endfacet
  facet normal -0 0 -1
    outer loop
      vertex -18.719 -15.3828 0
      vertex -19.9554 -20.847 0
      vertex -18.7911 -15.3694 0
    endloop
  endfacet
  facet normal -0 0 -1
    outer loop
      vertex -18.7911 -15.3694 0
      vertex -19.9554 -20.847 0
      vertex -18.8623 -15.3523 0
    endloop
  endfacet
  facet normal 0 0 -1
    outer loop
      vertex -20.6631 -20.6574 0
      vertex -18.8623 -15.3523 0
      vertex -19.9554 -20.847 0
    endloop
  endfacet
  facet normal -0 0 -1
    outer loop
      vertex -18.8623 -15.3523 0
      vertex -20.6631 -20.6574 0
      vertex -18.9326 -15.3315 0
    endloop
  endfacet
  facet normal -0 0 -1
    outer loop
      vertex -18.9326 -15.3315 0
      vertex -20.6631 -20.6574 0
      vertex -19.0017 -15.307 0
    endloop
  endfacet
  facet normal 0 0 -1
    outer loop
      vertex -21.3472 -20.3948 0
      vertex -19.0017 -15.307 0
      vertex -20.6631 -20.6574 0
    endloop
  endfacet
  facet normal -0 0 -1
    outer loop
      vertex -19.0017 -15.307 0
      vertex -21.3472 -20.3948 0
      vertex -19.0694 -15.279 0
    endloop
  endfacet
  facet normal -0 0 -1
    outer loop
      vertex -19.0694 -15.279 0
      vertex -21.3472 -20.3948 0
      vertex -19.1356 -15.2474 0
    endloop
  endfacet
  facet normal 0 0 -1
    outer loop
      vertex -22 -20.0622 0
      vertex -19.1356 -15.2474 0
      vertex -21.3472 -20.3948 0
    endloop
  endfacet
  facet normal -0 0 -1
    outer loop
      vertex -19.1356 -15.2474 0
      vertex -22 -20.0622 0
      vertex -19.2 -15.2124 0
    endloop
  endfacet
  facet normal -0 0 -1
    outer loop
      vertex -19.2 -15.2124 0
      vertex -22 -20.0622 0
      vertex -19.2625 -15.1741 0
    endloop
  endfacet
  facet normal 0 0 -1
    outer loop
      vertex -22.6145 -19.6631 0
      vertex -19.2625 -15.1741 0
      vertex -22 -20.0622 0
    endloop
  endfacet
  facet normal -0 0 -1
    outer loop
      vertex -19.2625 -15.1741 0
      vertex -22.6145 -19.6631 0
      vertex -19.3229 -15.1326 0
    endloop
  endfacet
  facet normal -0 0 -1
    outer loop
      vertex -19.3229 -15.1326 0
      vertex -22.6145 -19.6631 0
      vertex -19.381 -15.088 0
    endloop
  endfacet
  facet normal 0 0 -1
    outer loop
      vertex -23.1839 -19.202 0
      vertex -19.381 -15.088 0
      vertex -22.6145 -19.6631 0
    endloop
  endfacet
  facet normal -0 0 -1
    outer loop
      vertex -19.381 -15.088 0
      vertex -23.1839 -19.202 0
      vertex -19.4368 -15.0404 0
    endloop
  endfacet
  facet normal -0 0 -1
    outer loop
      vertex -19.4368 -15.0404 0
      vertex -23.1839 -19.202 0
      vertex -19.4899 -14.9899 0
    endloop
  endfacet
  facet normal 0 0 -1
    outer loop
      vertex -23.702 -18.6839 0
      vertex -19.4899 -14.9899 0
      vertex -23.1839 -19.202 0
    endloop
  endfacet
  facet normal -0 0 -1
    outer loop
      vertex -19.4899 -14.9899 0
      vertex -23.702 -18.6839 0
      vertex -19.5404 -14.9368 0
    endloop
  endfacet
  facet normal -0 0 -1
    outer loop
      vertex -19.5404 -14.9368 0
      vertex -23.702 -18.6839 0
      vertex -19.588 -14.881 0
    endloop
  endfacet
  facet normal 0 0 -1
    outer loop
      vertex -24.1631 -18.1145 0
      vertex -19.588 -14.881 0
      vertex -23.702 -18.6839 0
    endloop
  endfacet
  facet normal -0 0 -1
    outer loop
      vertex -19.588 -14.881 0
      vertex -24.1631 -18.1145 0
      vertex -19.6326 -14.8229 0
    endloop
  endfacet
  facet normal -0 0 -1
    outer loop
      vertex -19.6326 -14.8229 0
      vertex -24.1631 -18.1145 0
      vertex -19.6741 -14.7625 0
    endloop
  endfacet
  facet normal 0 0 -1
    outer loop
      vertex -24.5622 -17.5 0
      vertex -19.6741 -14.7625 0
      vertex -24.1631 -18.1145 0
    endloop
  endfacet
  facet normal -0 0 -1
    outer loop
      vertex -19.7474 -14.6356 0
      vertex -24.8948 -16.8472 0
      vertex -19.779 -14.5694 0
    endloop
  endfacet
  facet normal 0 0 -1
    outer loop
      vertex -24.8948 -16.8472 0
      vertex -19.7474 -14.6356 0
      vertex -24.5622 -17.5 0
    endloop
  endfacet
  facet normal -0 0 -1
    outer loop
      vertex -19.7124 -14.7 0
      vertex -24.5622 -17.5 0
      vertex -19.7474 -14.6356 0
    endloop
  endfacet
  facet normal -0 0 -1
    outer loop
      vertex -19.6741 -14.7625 0
      vertex -24.5622 -17.5 0
      vertex -19.7124 -14.7 0
    endloop
  endfacet
  facet normal 0 0 -1
    outer loop
      vertex 19.7474 14.6356 0
      vertex 24.8948 16.8472 0
      vertex 19.779 14.5694 0
    endloop
  endfacet
  facet normal -0 0 -1
    outer loop
      vertex 24.8948 16.8472 0
      vertex 19.7474 14.6356 0
      vertex 24.5622 17.5 0
    endloop
  endfacet
  facet normal 0 0 -1
    outer loop
      vertex 19.7124 14.7 0
      vertex 24.5622 17.5 0
      vertex 19.7474 14.6356 0
    endloop
  endfacet
  facet normal 0 0 -1
    outer loop
      vertex 19.6741 14.7625 0
      vertex 24.5622 17.5 0
      vertex 19.7124 14.7 0
    endloop
  endfacet
  facet normal -0 0 -1
    outer loop
      vertex 24.5622 17.5 0
      vertex 19.6741 14.7625 0
      vertex 24.1631 18.1145 0
    endloop
  endfacet
  facet normal 0 0 -1
    outer loop
      vertex 19.6326 14.8229 0
      vertex 24.1631 18.1145 0
      vertex 19.6741 14.7625 0
    endloop
  endfacet
  facet normal 0 0 -1
    outer loop
      vertex 19.588 14.881 0
      vertex 24.1631 18.1145 0
      vertex 19.6326 14.8229 0
    endloop
  endfacet
  facet normal -0 0 -1
    outer loop
      vertex 24.1631 18.1145 0
      vertex 19.588 14.881 0
      vertex 23.702 18.6839 0
    endloop
  endfacet
  facet normal 0 0 -1
    outer loop
      vertex 19.5404 14.9368 0
      vertex 23.702 18.6839 0
      vertex 19.588 14.881 0
    endloop
  endfacet
  facet normal 0 0 -1
    outer loop
      vertex 19.4899 14.9899 0
      vertex 23.702 18.6839 0
      vertex 19.5404 14.9368 0
    endloop
  endfacet
  facet normal -0 0 -1
    outer loop
      vertex 23.702 18.6839 0
      vertex 19.4899 14.9899 0
      vertex 23.1839 19.202 0
    endloop
  endfacet
  facet normal 0 0 -1
    outer loop
      vertex 19.4368 15.0404 0
      vertex 23.1839 19.202 0
      vertex 19.4899 14.9899 0
    endloop
  endfacet
  facet normal 0 0 -1
    outer loop
      vertex 19.381 15.088 0
      vertex 23.1839 19.202 0
      vertex 19.4368 15.0404 0
    endloop
  endfacet
  facet normal -0 0 -1
    outer loop
      vertex 23.1839 19.202 0
      vertex 19.381 15.088 0
      vertex 22.6145 19.6631 0
    endloop
  endfacet
  facet normal 0 0 -1
    outer loop
      vertex 19.3229 15.1326 0
      vertex 22.6145 19.6631 0
      vertex 19.381 15.088 0
    endloop
  endfacet
  facet normal 0 0 -1
    outer loop
      vertex 19.2625 15.1741 0
      vertex 22.6145 19.6631 0
      vertex 19.3229 15.1326 0
    endloop
  endfacet
  facet normal -0 0 -1
    outer loop
      vertex 22.6145 19.6631 0
      vertex 19.2625 15.1741 0
      vertex 22 20.0622 0
    endloop
  endfacet
  facet normal 0 0 -1
    outer loop
      vertex 19.2 15.2124 0
      vertex 22 20.0622 0
      vertex 19.2625 15.1741 0
    endloop
  endfacet
  facet normal 0 0 -1
    outer loop
      vertex 19.1356 15.2474 0
      vertex 22 20.0622 0
      vertex 19.2 15.2124 0
    endloop
  endfacet
  facet normal -0 0 -1
    outer loop
      vertex 22 20.0622 0
      vertex 19.1356 15.2474 0
      vertex 21.3472 20.3948 0
    endloop
  endfacet
  facet normal 0 0 -1
    outer loop
      vertex 19.0694 15.279 0
      vertex 21.3472 20.3948 0
      vertex 19.1356 15.2474 0
    endloop
  endfacet
  facet normal 0 0 -1
    outer loop
      vertex 19.0017 15.307 0
      vertex 21.3472 20.3948 0
      vertex 19.0694 15.279 0
    endloop
  endfacet
  facet normal -0 0 -1
    outer loop
      vertex 21.3472 20.3948 0
      vertex 19.0017 15.307 0
      vertex 20.6631 20.6574 0
    endloop
  endfacet
  facet normal 0 0 -1
    outer loop
      vertex 18.9326 15.3315 0
      vertex 20.6631 20.6574 0
      vertex 19.0017 15.307 0
    endloop
  endfacet
  facet normal 0 0 -1
    outer loop
      vertex 18.8623 15.3523 0
      vertex 20.6631 20.6574 0
      vertex 18.9326 15.3315 0
    endloop
  endfacet
  facet normal -0 0 -1
    outer loop
      vertex 20.6631 20.6574 0
      vertex 18.8623 15.3523 0
      vertex 19.9554 20.847 0
    endloop
  endfacet
  facet normal 0 0 -1
    outer loop
      vertex 18.7911 15.3694 0
      vertex 19.9554 20.847 0
      vertex 18.8623 15.3523 0
    endloop
  endfacet
  facet normal 0 0 -1
    outer loop
      vertex 18.719 15.3828 0
      vertex 19.9554 20.847 0
      vertex 18.7911 15.3694 0
    endloop
  endfacet
  facet normal -0 0 -1
    outer loop
      vertex 19.9554 20.847 0
      vertex 18.719 15.3828 0
      vertex 19.2317 20.9617 0
    endloop
  endfacet
  facet normal 0 0 -1
    outer loop
      vertex 18.6463 15.3923 0
      vertex 19.2317 20.9617 0
      vertex 18.719 15.3828 0
    endloop
  endfacet
  facet normal 0 0 -1
    outer loop
      vertex 18.5733 15.3981 0
      vertex 19.2317 20.9617 0
      vertex 18.6463 15.3923 0
    endloop
  endfacet
  facet normal 0 0 -1
    outer loop
      vertex 18.5 21 0
      vertex 18.5733 15.3981 0
      vertex 18.5 15.4 0
    endloop
  endfacet
  facet normal 0 0 -1
    outer loop
      vertex 18.5733 15.3981 0
      vertex 18.5 21 0
      vertex 19.2317 20.9617 0
    endloop
  endfacet
  facet normal 0 0 -1
    outer loop
      vertex 18.4267 15.3981 0
      vertex 18.5 21 0
      vertex 18.5 15.4 0
    endloop
  endfacet
  facet normal 0 0 -1
    outer loop
      vertex 18.3537 15.3923 0
      vertex 18.5 21 0
      vertex 18.4267 15.3981 0
    endloop
  endfacet
  facet normal 0 0 -1
    outer loop
      vertex 18.281 15.3828 0
      vertex 18.5 21 0
      vertex 18.3537 15.3923 0
    endloop
  endfacet
  facet normal 0 0 -1
    outer loop
      vertex 18.2089 15.3694 0
      vertex 18.5 21 0
      vertex 18.281 15.3828 0
    endloop
  endfacet
  facet normal 0 0 -1
    outer loop
      vertex 18.1377 15.3523 0
      vertex 18.5 21 0
      vertex 18.2089 15.3694 0
    endloop
  endfacet
  facet normal 0 0 -1
    outer loop
      vertex 18.0674 15.3315 0
      vertex 18.5 21 0
      vertex 18.1377 15.3523 0
    endloop
  endfacet
  facet normal 0 0 -1
    outer loop
      vertex 17.9983 15.307 0
      vertex 18.5 21 0
      vertex 18.0674 15.3315 0
    endloop
  endfacet
  facet normal 0 0 -1
    outer loop
      vertex 17.9306 15.279 0
      vertex 18.5 21 0
      vertex 17.9983 15.307 0
    endloop
  endfacet
  facet normal 0 0 -1
    outer loop
      vertex 17.8644 15.2474 0
      vertex 18.5 21 0
      vertex 17.9306 15.279 0
    endloop
  endfacet
  facet normal 0 0 -1
    outer loop
      vertex 17.8 15.2124 0
      vertex 18.5 21 0
      vertex 17.8644 15.2474 0
    endloop
  endfacet
  facet normal 0 0 -1
    outer loop
      vertex 17.7375 15.1741 0
      vertex 18.5 21 0
      vertex 17.8 15.2124 0
    endloop
  endfacet
  facet normal 0 0 -1
    outer loop
      vertex 17.6771 15.1326 0
      vertex 18.5 21 0
      vertex 17.7375 15.1741 0
    endloop
  endfacet
  facet normal 0 0 -1
    outer loop
      vertex 17.619 15.088 0
      vertex 18.5 21 0
      vertex 17.6771 15.1326 0
    endloop
  endfacet
  facet normal 0 0 -1
    outer loop
      vertex 17.5632 15.0404 0
      vertex 18.5 21 0
      vertex 17.619 15.088 0
    endloop
  endfacet
  facet normal 0 0 -1
    outer loop
      vertex 17.5101 14.9899 0
      vertex 18.5 21 0
      vertex 17.5632 15.0404 0
    endloop
  endfacet
  facet normal 0 0 -1
    outer loop
      vertex 17.4596 14.9368 0
      vertex 18.5 21 0
      vertex 17.5101 14.9899 0
    endloop
  endfacet
  facet normal 0 0 -1
    outer loop
      vertex 17.412 14.881 0
      vertex 18.5 21 0
      vertex 17.4596 14.9368 0
    endloop
  endfacet
  facet normal 0 0 -1
    outer loop
      vertex 17.3674 14.8229 0
      vertex 18.5 21 0
      vertex 17.412 14.881 0
    endloop
  endfacet
  facet normal 0 0 -1
    outer loop
      vertex 17.3259 14.7625 0
      vertex 18.5 21 0
      vertex 17.3674 14.8229 0
    endloop
  endfacet
  facet normal 0 0 -1
    outer loop
      vertex 17.2876 14.7 0
      vertex 18.5 21 0
      vertex 17.3259 14.7625 0
    endloop
  endfacet
  facet normal 0 0 -1
    outer loop
      vertex 17.2526 14.6356 0
      vertex 18.5 21 0
      vertex 17.2876 14.7 0
    endloop
  endfacet
  facet normal 0 0 -1
    outer loop
      vertex 17.221 14.5694 0
      vertex 18.5 21 0
      vertex 17.2526 14.6356 0
    endloop
  endfacet
  facet normal 0 0 -1
    outer loop
      vertex 17.193 14.5017 0
      vertex 18.5 21 0
      vertex 17.221 14.5694 0
    endloop
  endfacet
  facet normal 0 0 -1
    outer loop
      vertex -17.193 14.5017 0
      vertex 17.193 14.5017 0
      vertex 17.1685 14.4326 0
    endloop
  endfacet
  facet normal 0 0 -1
    outer loop
      vertex -17.1685 14.4326 0
      vertex 17.1685 14.4326 0
      vertex 17.1477 14.3623 0
    endloop
  endfacet
  facet normal 0 0 -1
    outer loop
      vertex -17.1477 14.3623 0
      vertex 17.1477 14.3623 0
      vertex 17.1306 14.2911 0
    endloop
  endfacet
  facet normal 0 0 -1
    outer loop
      vertex 17.1019 13.9267 0
      vertex -17.1 14 0
      vertex 17.1 14 0
    endloop
  endfacet
  facet normal 0 0 -1
    outer loop
      vertex 17.1 14 0
      vertex -17.1 14 0
      vertex 17.1019 14.0733 0
    endloop
  endfacet
  facet normal 0 0 -1
    outer loop
      vertex -17.1019 14.0733 0
      vertex 17.1019 14.0733 0
      vertex -17.1 14 0
    endloop
  endfacet
  facet normal 0 0 -1
    outer loop
      vertex 17.1019 14.0733 0
      vertex -17.1019 14.0733 0
      vertex 17.1077 14.1463 0
    endloop
  endfacet
  facet normal 0 0 -1
    outer loop
      vertex -17.1077 14.1463 0
      vertex 17.1077 14.1463 0
      vertex -17.1019 14.0733 0
    endloop
  endfacet
  facet normal 0 0 -1
    outer loop
      vertex 17.1077 14.1463 0
      vertex -17.1077 14.1463 0
      vertex 17.1172 14.219 0
    endloop
  endfacet
  facet normal 0 0 -1
    outer loop
      vertex -17.1172 14.219 0
      vertex 17.1172 14.219 0
      vertex -17.1077 14.1463 0
    endloop
  endfacet
  facet normal 0 0 -1
    outer loop
      vertex 17.1172 14.219 0
      vertex -17.1172 14.219 0
      vertex 17.1306 14.2911 0
    endloop
  endfacet
  facet normal 0 0 -1
    outer loop
      vertex -17.1306 14.2911 0
      vertex 17.1306 14.2911 0
      vertex -17.1172 14.219 0
    endloop
  endfacet
  facet normal 0 0 -1
    outer loop
      vertex -17.1477 14.3623 0
      vertex 17.1306 14.2911 0
      vertex -17.1306 14.2911 0
    endloop
  endfacet
  facet normal 0 0 -1
    outer loop
      vertex 17.1477 14.3623 0
      vertex -17.1477 14.3623 0
      vertex -17.1685 14.4326 0
    endloop
  endfacet
  facet normal 0 0 -1
    outer loop
      vertex 17.1685 14.4326 0
      vertex -17.1685 14.4326 0
      vertex -17.193 14.5017 0
    endloop
  endfacet
  facet normal 0 0 -1
    outer loop
      vertex 17.193 14.5017 0
      vertex -17.193 14.5017 0
      vertex 18.5 21 0
    endloop
  endfacet
  facet normal 0 0 -1
    outer loop
      vertex -18.5 21 0
      vertex -17.193 14.5017 0
      vertex -17.221 14.5694 0
    endloop
  endfacet
  facet normal 0 0 -1
    outer loop
      vertex -18.5 21 0
      vertex -17.221 14.5694 0
      vertex -17.2526 14.6356 0
    endloop
  endfacet
  facet normal 0 0 -1
    outer loop
      vertex -18.5 21 0
      vertex -17.2526 14.6356 0
      vertex -17.2876 14.7 0
    endloop
  endfacet
  facet normal 0 0 -1
    outer loop
      vertex -18.5 21 0
      vertex -17.2876 14.7 0
      vertex -17.3259 14.7625 0
    endloop
  endfacet
  facet normal 0 0 -1
    outer loop
      vertex -18.5 21 0
      vertex -17.3259 14.7625 0
      vertex -17.3674 14.8229 0
    endloop
  endfacet
  facet normal 0 0 -1
    outer loop
      vertex -18.5 21 0
      vertex -17.3674 14.8229 0
      vertex -17.412 14.881 0
    endloop
  endfacet
  facet normal 0 0 -1
    outer loop
      vertex -18.5 21 0
      vertex -17.412 14.881 0
      vertex -17.4596 14.9368 0
    endloop
  endfacet
  facet normal 0 0 -1
    outer loop
      vertex -18.5 21 0
      vertex -17.4596 14.9368 0
      vertex -17.5101 14.9899 0
    endloop
  endfacet
  facet normal 0 0 -1
    outer loop
      vertex -18.5 21 0
      vertex -17.5101 14.9899 0
      vertex -17.5632 15.0404 0
    endloop
  endfacet
  facet normal 0 0 -1
    outer loop
      vertex -18.5 21 0
      vertex -17.5632 15.0404 0
      vertex -17.619 15.088 0
    endloop
  endfacet
  facet normal 0 0 -1
    outer loop
      vertex -18.5 21 0
      vertex -17.619 15.088 0
      vertex -17.6771 15.1326 0
    endloop
  endfacet
  facet normal 0 0 -1
    outer loop
      vertex -18.5 21 0
      vertex -17.6771 15.1326 0
      vertex -17.7375 15.1741 0
    endloop
  endfacet
  facet normal 0 0 -1
    outer loop
      vertex -18.5 21 0
      vertex -17.7375 15.1741 0
      vertex -17.8 15.2124 0
    endloop
  endfacet
  facet normal 0 0 -1
    outer loop
      vertex -18.5 21 0
      vertex -17.8 15.2124 0
      vertex -17.8644 15.2474 0
    endloop
  endfacet
  facet normal 0 0 -1
    outer loop
      vertex -18.5 21 0
      vertex -17.8644 15.2474 0
      vertex -17.9306 15.279 0
    endloop
  endfacet
  facet normal 0 0 -1
    outer loop
      vertex -18.5 21 0
      vertex -17.9306 15.279 0
      vertex -17.9983 15.307 0
    endloop
  endfacet
  facet normal 0 0 -1
    outer loop
      vertex -18.5 21 0
      vertex -17.9983 15.307 0
      vertex -18.0674 15.3315 0
    endloop
  endfacet
  facet normal 0 0 -1
    outer loop
      vertex -18.5 21 0
      vertex -18.0674 15.3315 0
      vertex -18.1377 15.3523 0
    endloop
  endfacet
  facet normal 0 0 -1
    outer loop
      vertex -18.5 21 0
      vertex -18.1377 15.3523 0
      vertex -18.2089 15.3694 0
    endloop
  endfacet
  facet normal 0 0 -1
    outer loop
      vertex -18.5 21 0
      vertex -18.2089 15.3694 0
      vertex -18.281 15.3828 0
    endloop
  endfacet
  facet normal 0 0 -1
    outer loop
      vertex -18.5 21 0
      vertex -18.281 15.3828 0
      vertex -18.3537 15.3923 0
    endloop
  endfacet
  facet normal 0 0 -1
    outer loop
      vertex -18.5 21 0
      vertex -18.3537 15.3923 0
      vertex -18.4267 15.3981 0
    endloop
  endfacet
  facet normal 0 0 -1
    outer loop
      vertex -18.5 21 0
      vertex -18.4267 15.3981 0
      vertex -18.5 15.4 0
    endloop
  endfacet
  facet normal 0 0 -1
    outer loop
      vertex -17.193 14.5017 0
      vertex -18.5 21 0
      vertex 18.5 21 0
    endloop
  endfacet
  facet normal 0 0 -1
    outer loop
      vertex -18.5733 15.3981 0
      vertex -18.5 21 0
      vertex -18.5 15.4 0
    endloop
  endfacet
  facet normal 0 0 -1
    outer loop
      vertex -19.2317 20.9617 0
      vertex -18.5733 15.3981 0
      vertex -18.6463 15.3923 0
    endloop
  endfacet
  facet normal 0 0 -1
    outer loop
      vertex -19.2317 20.9617 0
      vertex -18.6463 15.3923 0
      vertex -18.719 15.3828 0
    endloop
  endfacet
  facet normal 0 0 -1
    outer loop
      vertex -19.9554 20.847 0
      vertex -18.719 15.3828 0
      vertex -18.7911 15.3694 0
    endloop
  endfacet
  facet normal 0 0 -1
    outer loop
      vertex -19.9554 20.847 0
      vertex -18.7911 15.3694 0
      vertex -18.8623 15.3523 0
    endloop
  endfacet
  facet normal 0 0 -1
    outer loop
      vertex -20.6631 20.6574 0
      vertex -18.8623 15.3523 0
      vertex -18.9326 15.3315 0
    endloop
  endfacet
  facet normal 0 0 -1
    outer loop
      vertex -20.6631 20.6574 0
      vertex -18.9326 15.3315 0
      vertex -19.0017 15.307 0
    endloop
  endfacet
  facet normal 0 0 -1
    outer loop
      vertex -21.3472 20.3948 0
      vertex -19.0017 15.307 0
      vertex -19.0694 15.279 0
    endloop
  endfacet
  facet normal 0 0 -1
    outer loop
      vertex -21.3472 20.3948 0
      vertex -19.0694 15.279 0
      vertex -19.1356 15.2474 0
    endloop
  endfacet
  facet normal 0 0 -1
    outer loop
      vertex -22 20.0622 0
      vertex -19.1356 15.2474 0
      vertex -19.2 15.2124 0
    endloop
  endfacet
  facet normal 0 0 -1
    outer loop
      vertex -18.5733 15.3981 0
      vertex -19.2317 20.9617 0
      vertex -18.5 21 0
    endloop
  endfacet
  facet normal 0 0 -1
    outer loop
      vertex -22 20.0622 0
      vertex -19.2 15.2124 0
      vertex -19.2625 15.1741 0
    endloop
  endfacet
  facet normal 0 0 -1
    outer loop
      vertex -22.6145 19.6631 0
      vertex -19.2625 15.1741 0
      vertex -19.3229 15.1326 0
    endloop
  endfacet
  facet normal 0 0 -1
    outer loop
      vertex -22.6145 19.6631 0
      vertex -19.3229 15.1326 0
      vertex -19.381 15.088 0
    endloop
  endfacet
  facet normal 0 0 -1
    outer loop
      vertex -23.1839 19.202 0
      vertex -19.381 15.088 0
      vertex -19.4368 15.0404 0
    endloop
  endfacet
  facet normal 0 0 -1
    outer loop
      vertex -23.1839 19.202 0
      vertex -19.4368 15.0404 0
      vertex -19.4899 14.9899 0
    endloop
  endfacet
  facet normal 0 0 -1
    outer loop
      vertex -23.702 18.6839 0
      vertex -19.4899 14.9899 0
      vertex -19.5404 14.9368 0
    endloop
  endfacet
  facet normal 0 0 -1
    outer loop
      vertex -23.702 18.6839 0
      vertex -19.5404 14.9368 0
      vertex -19.588 14.881 0
    endloop
  endfacet
  facet normal 0 0 -1
    outer loop
      vertex -24.1631 18.1145 0
      vertex -19.588 14.881 0
      vertex -19.6326 14.8229 0
    endloop
  endfacet
  facet normal 0 0 -1
    outer loop
      vertex -24.1631 18.1145 0
      vertex -19.6326 14.8229 0
      vertex -19.6741 14.7625 0
    endloop
  endfacet
  facet normal 0 0 -1
    outer loop
      vertex -24.5622 17.5 0
      vertex -19.6741 14.7625 0
      vertex -19.7124 14.7 0
    endloop
  endfacet
  facet normal 0 0 -1
    outer loop
      vertex -24.5622 17.5 0
      vertex -19.7124 14.7 0
      vertex -19.7474 14.6356 0
    endloop
  endfacet
  facet normal 0 0 -1
    outer loop
      vertex -24.8948 16.8472 0
      vertex -19.7474 14.6356 0
      vertex -19.779 14.5694 0
    endloop
  endfacet
  facet normal 0 0 -1
    outer loop
      vertex -24.8948 16.8472 0
      vertex -19.779 14.5694 0
      vertex -19.807 14.5017 0
    endloop
  endfacet
  facet normal 0 0 -1
    outer loop
      vertex -25.1574 16.1631 0
      vertex -19.807 14.5017 0
      vertex -19.8315 14.4326 0
    endloop
  endfacet
  facet normal 0 0 -1
    outer loop
      vertex -25.1574 16.1631 0
      vertex -19.8315 14.4326 0
      vertex -19.8523 14.3623 0
    endloop
  endfacet
  facet normal 0 0 -1
    outer loop
      vertex -25.347 15.4554 0
      vertex -19.8523 14.3623 0
      vertex -19.8694 14.2911 0
    endloop
  endfacet
  facet normal 0 0 -1
    outer loop
      vertex -25.347 15.4554 0
      vertex -19.8694 14.2911 0
      vertex -19.8828 14.219 0
    endloop
  endfacet
  facet normal 0 0 -1
    outer loop
      vertex -25.4617 14.7317 0
      vertex -19.8828 14.219 0
      vertex -19.8923 14.1463 0
    endloop
  endfacet
  facet normal 0 0 -1
    outer loop
      vertex -18.719 15.3828 0
      vertex -19.9554 20.847 0
      vertex -19.2317 20.9617 0
    endloop
  endfacet
  facet normal 0 0 -1
    outer loop
      vertex -25.4617 14.7317 0
      vertex -19.8923 14.1463 0
      vertex -19.8981 14.0733 0
    endloop
  endfacet
  facet normal 0 0 -1
    outer loop
      vertex -25.5 14 0
      vertex -19.8981 14.0733 0
      vertex -19.9 14 0
    endloop
  endfacet
  facet normal 0 0 -1
    outer loop
      vertex -19.8923 13.8537 0
      vertex -25.5 14 0
      vertex -19.8981 13.9267 0
    endloop
  endfacet
  facet normal -0 0 -1
    outer loop
      vertex -19.779 -14.5694 0
      vertex -24.8948 -16.8472 0
      vertex -19.807 -14.5017 0
    endloop
  endfacet
  facet normal 0 0 -1
    outer loop
      vertex -19.8981 13.9267 0
      vertex -25.5 14 0
      vertex -19.9 14 0
    endloop
  endfacet
  facet normal 0 0 -1
    outer loop
      vertex -25.1574 -16.1631 0
      vertex -19.807 -14.5017 0
      vertex -24.8948 -16.8472 0
    endloop
  endfacet
  facet normal -0 0 -1
    outer loop
      vertex -19.8981 14.0733 0
      vertex -25.5 14 0
      vertex -25.4617 14.7317 0
    endloop
  endfacet
  facet normal -0 0 -1
    outer loop
      vertex -19.807 -14.5017 0
      vertex -25.1574 -16.1631 0
      vertex -19.8315 -14.4326 0
    endloop
  endfacet
  facet normal 0 0 -1
    outer loop
      vertex -18.8623 15.3523 0
      vertex -20.6631 20.6574 0
      vertex -19.9554 20.847 0
    endloop
  endfacet
  facet normal -0 0 -1
    outer loop
      vertex -19.8315 -14.4326 0
      vertex -25.1574 -16.1631 0
      vertex -19.8523 -14.3623 0
    endloop
  endfacet
  facet normal 0 0 -1
    outer loop
      vertex -19.0017 15.307 0
      vertex -21.3472 20.3948 0
      vertex -20.6631 20.6574 0
    endloop
  endfacet
  facet normal 0 0 -1
    outer loop
      vertex -25.347 -15.4554 0
      vertex -19.8523 -14.3623 0
      vertex -25.1574 -16.1631 0
    endloop
  endfacet
  facet normal 0 0 -1
    outer loop
      vertex -19.1356 15.2474 0
      vertex -22 20.0622 0
      vertex -21.3472 20.3948 0
    endloop
  endfacet
  facet normal -0 0 -1
    outer loop
      vertex -19.8523 -14.3623 0
      vertex -25.347 -15.4554 0
      vertex -19.8694 -14.2911 0
    endloop
  endfacet
  facet normal 0 0 -1
    outer loop
      vertex -19.2625 15.1741 0
      vertex -22.6145 19.6631 0
      vertex -22 20.0622 0
    endloop
  endfacet
  facet normal -0 0 -1
    outer loop
      vertex -19.8694 -14.2911 0
      vertex -25.347 -15.4554 0
      vertex -19.8828 -14.219 0
    endloop
  endfacet
  facet normal 0 0 -1
    outer loop
      vertex -19.381 15.088 0
      vertex -23.1839 19.202 0
      vertex -22.6145 19.6631 0
    endloop
  endfacet
  facet normal 0 0 -1
    outer loop
      vertex -25.4617 -14.7317 0
      vertex -19.8828 -14.219 0
      vertex -25.347 -15.4554 0
    endloop
  endfacet
  facet normal 0 0 -1
    outer loop
      vertex -19.4899 14.9899 0
      vertex -23.702 18.6839 0
      vertex -23.1839 19.202 0
    endloop
  endfacet
  facet normal -0 0 -1
    outer loop
      vertex -19.8828 -14.219 0
      vertex -25.4617 -14.7317 0
      vertex -19.8923 -14.1463 0
    endloop
  endfacet
  facet normal 0 0 -1
    outer loop
      vertex -19.588 14.881 0
      vertex -24.1631 18.1145 0
      vertex -23.702 18.6839 0
    endloop
  endfacet
  facet normal -0 0 -1
    outer loop
      vertex -19.8923 -14.1463 0
      vertex -25.4617 -14.7317 0
      vertex -19.8981 -14.0733 0
    endloop
  endfacet
  facet normal 0 0 -1
    outer loop
      vertex -19.6741 14.7625 0
      vertex -24.5622 17.5 0
      vertex -24.1631 18.1145 0
    endloop
  endfacet
  facet normal 0 0 -1
    outer loop
      vertex -25.5 -14 0
      vertex -19.8981 -14.0733 0
      vertex -25.4617 -14.7317 0
    endloop
  endfacet
  facet normal 0 0 -1
    outer loop
      vertex -19.7474 14.6356 0
      vertex -24.8948 16.8472 0
      vertex -24.5622 17.5 0
    endloop
  endfacet
  facet normal 0 0 -1
    outer loop
      vertex -19.8981 -14.0733 0
      vertex -25.5 -14 0
      vertex -19.9 -14 0
    endloop
  endfacet
  facet normal 0 0 -1
    outer loop
      vertex -19.807 14.5017 0
      vertex -25.1574 16.1631 0
      vertex -24.8948 16.8472 0
    endloop
  endfacet
  facet normal 0 0 -1
    outer loop
      vertex -19.8523 14.3623 0
      vertex -25.347 15.4554 0
      vertex -25.1574 16.1631 0
    endloop
  endfacet
  facet normal 0 0 -1
    outer loop
      vertex -19.8828 14.219 0
      vertex -25.4617 14.7317 0
      vertex -25.347 15.4554 0
    endloop
  endfacet
  facet normal -0 0 1
    outer loop
      vertex -15.8332 13.5776 4
      vertex -7.95 7.9 4
      vertex -15.8148 13.7178 4
    endloop
  endfacet
  facet normal 0 0 1
    outer loop
      vertex -7.95 -7.9 4
      vertex -15.8037 -13.8587 4
      vertex -15.8 -14 4
    endloop
  endfacet
  facet normal -0 0 1
    outer loop
      vertex -15.859 13.4386 4
      vertex -7.95 7.9 4
      vertex -15.8332 13.5776 4
    endloop
  endfacet
  facet normal 0 0 1
    outer loop
      vertex -7.95 -7.9 4
      vertex -15.8148 -13.7178 4
      vertex -15.8037 -13.8587 4
    endloop
  endfacet
  facet normal -0 0 1
    outer loop
      vertex -15.892 13.3012 4
      vertex -7.95 7.9 4
      vertex -15.859 13.4386 4
    endloop
  endfacet
  facet normal 0 0 1
    outer loop
      vertex -7.95 -7.9 4
      vertex -15.8332 -13.5776 4
      vertex -15.8148 -13.7178 4
    endloop
  endfacet
  facet normal -0 0 1
    outer loop
      vertex -15.9321 13.1657 4
      vertex -7.95 7.9 4
      vertex -15.892 13.3012 4
    endloop
  endfacet
  facet normal 0 0 1
    outer loop
      vertex -7.95 -7.9 4
      vertex -15.859 -13.4386 4
      vertex -15.8332 -13.5776 4
    endloop
  endfacet
  facet normal -0 0 1
    outer loop
      vertex -15.9793 13.0324 4
      vertex -7.95 7.9 4
      vertex -15.9321 13.1657 4
    endloop
  endfacet
  facet normal 0 0 1
    outer loop
      vertex -7.95 -7.9 4
      vertex -15.892 -13.3012 4
      vertex -15.859 -13.4386 4
    endloop
  endfacet
  facet normal -0 0 1
    outer loop
      vertex -16.0334 12.9018 4
      vertex -7.95 7.9 4
      vertex -15.9793 13.0324 4
    endloop
  endfacet
  facet normal 0 0 1
    outer loop
      vertex -7.95 -7.9 4
      vertex -15.9321 -13.1657 4
      vertex -15.892 -13.3012 4
    endloop
  endfacet
  facet normal -0 0 1
    outer loop
      vertex -16.0943 12.7742 4
      vertex -7.95 7.9 4
      vertex -16.0334 12.9018 4
    endloop
  endfacet
  facet normal 0 0 1
    outer loop
      vertex -7.95 -7.9 4
      vertex -15.9793 -13.0324 4
      vertex -15.9321 -13.1657 4
    endloop
  endfacet
  facet normal -0 0 1
    outer loop
      vertex -16.1617 12.65 4
      vertex -7.95 7.9 4
      vertex -16.0943 12.7742 4
    endloop
  endfacet
  facet normal 0 0 1
    outer loop
      vertex -7.95 -7.9 4
      vertex -16.0334 -12.9018 4
      vertex -15.9793 -13.0324 4
    endloop
  endfacet
  facet normal -0 0 1
    outer loop
      vertex -16.2356 12.5295 4
      vertex -7.95 7.9 4
      vertex -16.1617 12.65 4
    endloop
  endfacet
  facet normal 0 0 1
    outer loop
      vertex -7.95 -7.9 4
      vertex -16.0943 -12.7742 4
      vertex -16.0334 -12.9018 4
    endloop
  endfacet
  facet normal -0 0 1
    outer loop
      vertex -16.3157 12.413 4
      vertex -7.95 7.9 4
      vertex -16.2356 12.5295 4
    endloop
  endfacet
  facet normal 0 0 1
    outer loop
      vertex -7.95 -7.9 4
      vertex -16.1617 -12.65 4
      vertex -16.0943 -12.7742 4
    endloop
  endfacet
  facet normal -0 0 1
    outer loop
      vertex -16.4017 12.3008 4
      vertex -7.95 7.9 4
      vertex -16.3157 12.413 4
    endloop
  endfacet
  facet normal 0 0 1
    outer loop
      vertex -7.95 -7.9 4
      vertex -16.2356 -12.5295 4
      vertex -16.1617 -12.65 4
    endloop
  endfacet
  facet normal -0 0 1
    outer loop
      vertex -16.4935 12.1933 4
      vertex -7.95 7.9 4
      vertex -16.4017 12.3008 4
    endloop
  endfacet
  facet normal 0 0 1
    outer loop
      vertex -7.95 -7.9 4
      vertex -16.3157 -12.413 4
      vertex -16.2356 -12.5295 4
    endloop
  endfacet
  facet normal -0 0 1
    outer loop
      vertex -16.5908 12.0908 4
      vertex -7.95 7.9 4
      vertex -16.4935 12.1933 4
    endloop
  endfacet
  facet normal 0 0 1
    outer loop
      vertex -7.95 -7.9 4
      vertex -16.4017 -12.3008 4
      vertex -16.3157 -12.413 4
    endloop
  endfacet
  facet normal -0 0 1
    outer loop
      vertex -16.6933 11.9935 4
      vertex -7.95 7.9 4
      vertex -16.5908 12.0908 4
    endloop
  endfacet
  facet normal 0 0 1
    outer loop
      vertex -7.95 -7.9 4
      vertex -16.4935 -12.1933 4
      vertex -16.4017 -12.3008 4
    endloop
  endfacet
  facet normal -0 0 1
    outer loop
      vertex -16.8008 11.9017 4
      vertex -7.95 7.9 4
      vertex -16.6933 11.9935 4
    endloop
  endfacet
  facet normal 0 0 1
    outer loop
      vertex -7.95 -7.9 4
      vertex -16.5908 -12.0908 4
      vertex -16.4935 -12.1933 4
    endloop
  endfacet
  facet normal -0 0 1
    outer loop
      vertex -16.913 11.8157 4
      vertex -7.95 7.9 4
      vertex -16.8008 11.9017 4
    endloop
  endfacet
  facet normal 0 0 1
    outer loop
      vertex -7.95 -7.9 4
      vertex -16.6933 -11.9935 4
      vertex -16.5908 -12.0908 4
    endloop
  endfacet
  facet normal -0 0 1
    outer loop
      vertex -17.0295 11.7356 4
      vertex -7.95 7.9 4
      vertex -16.913 11.8157 4
    endloop
  endfacet
  facet normal 0 0 1
    outer loop
      vertex -7.95 -7.9 4
      vertex -16.8008 -11.9017 4
      vertex -16.6933 -11.9935 4
    endloop
  endfacet
  facet normal -0 0 1
    outer loop
      vertex -17.15 11.6617 4
      vertex -7.95 7.9 4
      vertex -17.0295 11.7356 4
    endloop
  endfacet
  facet normal 0 0 1
    outer loop
      vertex -7.95 -7.9 4
      vertex -16.913 -11.8157 4
      vertex -16.8008 -11.9017 4
    endloop
  endfacet
  facet normal -0 0 1
    outer loop
      vertex -17.2742 11.5943 4
      vertex -7.95 7.9 4
      vertex -17.15 11.6617 4
    endloop
  endfacet
  facet normal 0 0 1
    outer loop
      vertex -7.95 -7.9 4
      vertex -17.0295 -11.7356 4
      vertex -16.913 -11.8157 4
    endloop
  endfacet
  facet normal -0 0 1
    outer loop
      vertex -17.4018 11.5334 4
      vertex -7.95 7.9 4
      vertex -17.2742 11.5943 4
    endloop
  endfacet
  facet normal 0 0 1
    outer loop
      vertex -7.95 -7.9 4
      vertex -17.15 -11.6617 4
      vertex -17.0295 -11.7356 4
    endloop
  endfacet
  facet normal -0 0 1
    outer loop
      vertex -17.5324 11.4793 4
      vertex -7.95 7.9 4
      vertex -17.4018 11.5334 4
    endloop
  endfacet
  facet normal 0 0 1
    outer loop
      vertex -7.95 -7.9 4
      vertex -17.2742 -11.5943 4
      vertex -17.15 -11.6617 4
    endloop
  endfacet
  facet normal -0 0 1
    outer loop
      vertex -17.6657 11.4321 4
      vertex -7.95 7.9 4
      vertex -17.5324 11.4793 4
    endloop
  endfacet
  facet normal 0 0 1
    outer loop
      vertex -7.95 -7.9 4
      vertex -17.4018 -11.5334 4
      vertex -17.2742 -11.5943 4
    endloop
  endfacet
  facet normal -0 0 1
    outer loop
      vertex -17.8012 11.392 4
      vertex -7.95 7.9 4
      vertex -17.6657 11.4321 4
    endloop
  endfacet
  facet normal 0 0 1
    outer loop
      vertex -7.95 -7.9 4
      vertex -17.5324 -11.4793 4
      vertex -17.4018 -11.5334 4
    endloop
  endfacet
  facet normal -0 0 1
    outer loop
      vertex -17.9386 11.359 4
      vertex -7.95 7.9 4
      vertex -17.8012 11.392 4
    endloop
  endfacet
  facet normal 0 0 1
    outer loop
      vertex -7.95 -7.9 4
      vertex -17.6657 -11.4321 4
      vertex -17.5324 -11.4793 4
    endloop
  endfacet
  facet normal -0 0 1
    outer loop
      vertex -18.0776 11.3332 4
      vertex -7.95 7.9 4
      vertex -17.9386 11.359 4
    endloop
  endfacet
  facet normal 0 0 1
    outer loop
      vertex -7.95 -7.9 4
      vertex -17.8012 -11.392 4
      vertex -17.6657 -11.4321 4
    endloop
  endfacet
  facet normal 0 0 1
    outer loop
      vertex -7.95 7.9 4
      vertex -18.0776 11.3332 4
      vertex -7.95 -7.9 4
    endloop
  endfacet
  facet normal 0 0 1
    outer loop
      vertex -7.95 -7.9 4
      vertex -17.9386 -11.359 4
      vertex -17.8012 -11.392 4
    endloop
  endfacet
  facet normal 0 0 1
    outer loop
      vertex -18.0776 -11.3332 4
      vertex -7.95 -7.9 4
      vertex -18.0776 11.3332 4
    endloop
  endfacet
  facet normal 0 0 1
    outer loop
      vertex -7.95 -7.9 4
      vertex -18.0776 -11.3332 4
      vertex -17.9386 -11.359 4
    endloop
  endfacet
  facet normal -0 0 1
    outer loop
      vertex -18.2178 11.3148 4
      vertex -18.0776 -11.3332 4
      vertex -18.0776 11.3332 4
    endloop
  endfacet
  facet normal 0 0 1
    outer loop
      vertex -18.2178 11.3148 4
      vertex -18.2178 -11.3148 4
      vertex -18.0776 -11.3332 4
    endloop
  endfacet
  facet normal -0 0 1
    outer loop
      vertex -18.3587 11.3037 4
      vertex -18.2178 -11.3148 4
      vertex -18.2178 11.3148 4
    endloop
  endfacet
  facet normal 0 0 1
    outer loop
      vertex -18.3587 11.3037 4
      vertex -18.3587 -11.3037 4
      vertex -18.2178 -11.3148 4
    endloop
  endfacet
  facet normal -0 0 1
    outer loop
      vertex -18.5 11.3 4
      vertex -18.3587 -11.3037 4
      vertex -18.3587 11.3037 4
    endloop
  endfacet
  facet normal 0 0 1
    outer loop
      vertex -18.5 11.3 4
      vertex -18.5 -11.3 4
      vertex -18.3587 -11.3037 4
    endloop
  endfacet
  facet normal 0 0 1
    outer loop
      vertex -18.6413 11.3037 4
      vertex -18.5 -11.3 4
      vertex -18.5 11.3 4
    endloop
  endfacet
  facet normal 0 0 1
    outer loop
      vertex -18.6413 11.3037 4
      vertex -18.6413 -11.3037 4
      vertex -18.5 -11.3 4
    endloop
  endfacet
  facet normal 0 0 1
    outer loop
      vertex -18.7822 11.3148 4
      vertex -18.6413 -11.3037 4
      vertex -18.6413 11.3037 4
    endloop
  endfacet
  facet normal 0 0 1
    outer loop
      vertex -18.7822 11.3148 4
      vertex -18.7822 -11.3148 4
      vertex -18.6413 -11.3037 4
    endloop
  endfacet
  facet normal 0 0 1
    outer loop
      vertex -18.9224 11.3332 4
      vertex -18.7822 -11.3148 4
      vertex -18.7822 11.3148 4
    endloop
  endfacet
  facet normal 0 0 1
    outer loop
      vertex -18.9224 11.3332 4
      vertex -18.9224 -11.3332 4
      vertex -18.7822 -11.3148 4
    endloop
  endfacet
  facet normal 0 0 1
    outer loop
      vertex -19.0614 11.359 4
      vertex -18.9224 -11.3332 4
      vertex -18.9224 11.3332 4
    endloop
  endfacet
  facet normal 0 0 1
    outer loop
      vertex -19.0614 11.359 4
      vertex -19.0614 -11.359 4
      vertex -18.9224 -11.3332 4
    endloop
  endfacet
  facet normal 0 0 1
    outer loop
      vertex -19.1988 11.392 4
      vertex -19.0614 -11.359 4
      vertex -19.0614 11.359 4
    endloop
  endfacet
  facet normal 0 0 1
    outer loop
      vertex -19.1988 11.392 4
      vertex -19.1988 -11.392 4
      vertex -19.0614 -11.359 4
    endloop
  endfacet
  facet normal 0 0 1
    outer loop
      vertex -19.3343 11.4321 4
      vertex -19.1988 -11.392 4
      vertex -19.1988 11.392 4
    endloop
  endfacet
  facet normal 0 0 1
    outer loop
      vertex -19.3343 11.4321 4
      vertex -19.3343 -11.4321 4
      vertex -19.1988 -11.392 4
    endloop
  endfacet
  facet normal 0 0 1
    outer loop
      vertex -19.4676 11.4793 4
      vertex -19.3343 -11.4321 4
      vertex -19.3343 11.4321 4
    endloop
  endfacet
  facet normal 0 0 1
    outer loop
      vertex -19.4676 11.4793 4
      vertex -19.4676 -11.4793 4
      vertex -19.3343 -11.4321 4
    endloop
  endfacet
  facet normal 0 0 1
    outer loop
      vertex -19.5982 11.5334 4
      vertex -19.4676 -11.4793 4
      vertex -19.4676 11.4793 4
    endloop
  endfacet
  facet normal 0 0 1
    outer loop
      vertex -19.5982 11.5334 4
      vertex -19.5982 -11.5334 4
      vertex -19.4676 -11.4793 4
    endloop
  endfacet
  facet normal 0 0 1
    outer loop
      vertex -19.7258 11.5943 4
      vertex -19.5982 -11.5334 4
      vertex -19.5982 11.5334 4
    endloop
  endfacet
  facet normal 0 0 1
    outer loop
      vertex -19.7258 11.5943 4
      vertex -19.7258 -11.5943 4
      vertex -19.5982 -11.5334 4
    endloop
  endfacet
  facet normal 0 0 1
    outer loop
      vertex -19.85 11.6617 4
      vertex -19.7258 -11.5943 4
      vertex -19.7258 11.5943 4
    endloop
  endfacet
  facet normal 0 0 1
    outer loop
      vertex -19.85 11.6617 4
      vertex -19.85 -11.6617 4
      vertex -19.7258 -11.5943 4
    endloop
  endfacet
  facet normal 0 0 1
    outer loop
      vertex -19.9705 11.7356 4
      vertex -19.85 -11.6617 4
      vertex -19.85 11.6617 4
    endloop
  endfacet
  facet normal 0 0 1
    outer loop
      vertex -19.9705 11.7356 4
      vertex -19.9705 -11.7356 4
      vertex -19.85 -11.6617 4
    endloop
  endfacet
  facet normal 0 0 1
    outer loop
      vertex -20.087 11.8157 4
      vertex -19.9705 -11.7356 4
      vertex -19.9705 11.7356 4
    endloop
  endfacet
  facet normal 0 0 1
    outer loop
      vertex -20.087 11.8157 4
      vertex -20.087 -11.8157 4
      vertex -19.9705 -11.7356 4
    endloop
  endfacet
  facet normal 0 0 1
    outer loop
      vertex -25.5 14 4
      vertex -20.087 11.8157 4
      vertex -20.1992 11.9017 4
    endloop
  endfacet
  facet normal 0 0 1
    outer loop
      vertex -20.087 11.8157 4
      vertex -25.5 14 4
      vertex -20.087 -11.8157 4
    endloop
  endfacet
  facet normal 0 0 1
    outer loop
      vertex -25.5 14 4
      vertex -20.1992 11.9017 4
      vertex -20.3067 11.9935 4
    endloop
  endfacet
  facet normal 0 0 1
    outer loop
      vertex -25.5 -14 4
      vertex -20.087 -11.8157 4
      vertex -25.5 14 4
    endloop
  endfacet
  facet normal 0 0 1
    outer loop
      vertex -25.5 14 4
      vertex -20.3067 11.9935 4
      vertex -20.4092 12.0908 4
    endloop
  endfacet
  facet normal 0 0 1
    outer loop
      vertex -20.087 -11.8157 4
      vertex -25.5 -14 4
      vertex -20.1992 -11.9017 4
    endloop
  endfacet
  facet normal 0 0 1
    outer loop
      vertex -25.5 14 4
      vertex -20.4092 12.0908 4
      vertex -20.5065 12.1933 4
    endloop
  endfacet
  facet normal 0 0 1
    outer loop
      vertex -20.1992 -11.9017 4
      vertex -25.5 -14 4
      vertex -20.3067 -11.9935 4
    endloop
  endfacet
  facet normal 0 0 1
    outer loop
      vertex -25.5 14 4
      vertex -20.5065 12.1933 4
      vertex -20.5983 12.3008 4
    endloop
  endfacet
  facet normal 0 0 1
    outer loop
      vertex -20.3067 -11.9935 4
      vertex -25.5 -14 4
      vertex -20.4092 -12.0908 4
    endloop
  endfacet
  facet normal 0 0 1
    outer loop
      vertex -25.5 14 4
      vertex -20.5983 12.3008 4
      vertex -20.6843 12.413 4
    endloop
  endfacet
  facet normal 0 0 1
    outer loop
      vertex -20.4092 -12.0908 4
      vertex -25.5 -14 4
      vertex -20.5065 -12.1933 4
    endloop
  endfacet
  facet normal 0 0 1
    outer loop
      vertex -25.5 14 4
      vertex -20.6843 12.413 4
      vertex -20.7644 12.5295 4
    endloop
  endfacet
  facet normal 0 0 1
    outer loop
      vertex -20.5065 -12.1933 4
      vertex -25.5 -14 4
      vertex -20.5983 -12.3008 4
    endloop
  endfacet
  facet normal 0 0 1
    outer loop
      vertex -25.5 14 4
      vertex -20.7644 12.5295 4
      vertex -20.8383 12.65 4
    endloop
  endfacet
  facet normal 0 0 1
    outer loop
      vertex -20.5983 -12.3008 4
      vertex -25.5 -14 4
      vertex -20.6843 -12.413 4
    endloop
  endfacet
  facet normal 0 0 1
    outer loop
      vertex -25.5 14 4
      vertex -20.8383 12.65 4
      vertex -20.9057 12.7742 4
    endloop
  endfacet
  facet normal 0 0 1
    outer loop
      vertex -20.6843 -12.413 4
      vertex -25.5 -14 4
      vertex -20.7644 -12.5295 4
    endloop
  endfacet
  facet normal 0 0 1
    outer loop
      vertex -25.5 14 4
      vertex -20.9057 12.7742 4
      vertex -20.9666 12.9018 4
    endloop
  endfacet
  facet normal 0 0 1
    outer loop
      vertex -20.7644 -12.5295 4
      vertex -25.5 -14 4
      vertex -20.8383 -12.65 4
    endloop
  endfacet
  facet normal 0 0 1
    outer loop
      vertex -25.5 14 4
      vertex -20.9666 12.9018 4
      vertex -21.0207 13.0324 4
    endloop
  endfacet
  facet normal 0 0 1
    outer loop
      vertex -20.8383 -12.65 4
      vertex -25.5 -14 4
      vertex -20.9057 -12.7742 4
    endloop
  endfacet
  facet normal 0 0 1
    outer loop
      vertex -25.5 14 4
      vertex -21.0207 13.0324 4
      vertex -21.0679 13.1657 4
    endloop
  endfacet
  facet normal 0 0 1
    outer loop
      vertex -20.9057 -12.7742 4
      vertex -25.5 -14 4
      vertex -20.9666 -12.9018 4
    endloop
  endfacet
  facet normal 0 0 1
    outer loop
      vertex -25.5 14 4
      vertex -21.0679 13.1657 4
      vertex -21.108 13.3012 4
    endloop
  endfacet
  facet normal 0 0 1
    outer loop
      vertex -20.9666 -12.9018 4
      vertex -25.5 -14 4
      vertex -21.0207 -13.0324 4
    endloop
  endfacet
  facet normal 0 0 1
    outer loop
      vertex -25.5 14 4
      vertex -21.108 13.3012 4
      vertex -21.141 13.4386 4
    endloop
  endfacet
  facet normal 0 0 1
    outer loop
      vertex -21.0207 -13.0324 4
      vertex -25.5 -14 4
      vertex -21.0679 -13.1657 4
    endloop
  endfacet
  facet normal 0 0 1
    outer loop
      vertex -25.5 14 4
      vertex -21.141 13.4386 4
      vertex -21.1668 13.5776 4
    endloop
  endfacet
  facet normal 0 0 1
    outer loop
      vertex -21.0679 -13.1657 4
      vertex -25.5 -14 4
      vertex -21.108 -13.3012 4
    endloop
  endfacet
  facet normal 0 0 1
    outer loop
      vertex -25.5 14 4
      vertex -21.1668 13.5776 4
      vertex -21.1852 13.7178 4
    endloop
  endfacet
  facet normal 0 0 1
    outer loop
      vertex -21.108 -13.3012 4
      vertex -25.5 -14 4
      vertex -21.141 -13.4386 4
    endloop
  endfacet
  facet normal 0 0 1
    outer loop
      vertex -25.5 14 4
      vertex -21.1852 13.7178 4
      vertex -21.1963 13.8587 4
    endloop
  endfacet
  facet normal 0 0 1
    outer loop
      vertex -21.141 -13.4386 4
      vertex -25.5 -14 4
      vertex -21.1668 -13.5776 4
    endloop
  endfacet
  facet normal -0 0 1
    outer loop
      vertex -25.5 14 4
      vertex -21.1963 13.8587 4
      vertex -21.2 14 4
    endloop
  endfacet
  facet normal 0 0 1
    outer loop
      vertex -21.1668 -13.5776 4
      vertex -25.5 -14 4
      vertex -21.1852 -13.7178 4
    endloop
  endfacet
  facet normal 0 0 1
    outer loop
      vertex 21.1668 13.5776 4
      vertex 25.5 14 4
      vertex 21.1852 13.7178 4
    endloop
  endfacet
  facet normal 0 0 1
    outer loop
      vertex 25.5 -14 4
      vertex 21.1963 -13.8587 4
      vertex 21.2 -14 4
    endloop
  endfacet
  facet normal 0 0 1
    outer loop
      vertex 21.141 13.4386 4
      vertex 25.5 14 4
      vertex 21.1668 13.5776 4
    endloop
  endfacet
  facet normal 0 0 1
    outer loop
      vertex 25.5 -14 4
      vertex 21.1852 -13.7178 4
      vertex 21.1963 -13.8587 4
    endloop
  endfacet
  facet normal 0 0 1
    outer loop
      vertex 21.108 13.3012 4
      vertex 25.5 14 4
      vertex 21.141 13.4386 4
    endloop
  endfacet
  facet normal 0 0 1
    outer loop
      vertex 25.5 -14 4
      vertex 21.1668 -13.5776 4
      vertex 21.1852 -13.7178 4
    endloop
  endfacet
  facet normal 0 0 1
    outer loop
      vertex 21.0679 13.1657 4
      vertex 25.5 14 4
      vertex 21.108 13.3012 4
    endloop
  endfacet
  facet normal 0 0 1
    outer loop
      vertex 25.5 -14 4
      vertex 21.141 -13.4386 4
      vertex 21.1668 -13.5776 4
    endloop
  endfacet
  facet normal 0 0 1
    outer loop
      vertex 21.0207 13.0324 4
      vertex 25.5 14 4
      vertex 21.0679 13.1657 4
    endloop
  endfacet
  facet normal 0 0 1
    outer loop
      vertex 25.5 -14 4
      vertex 21.108 -13.3012 4
      vertex 21.141 -13.4386 4
    endloop
  endfacet
  facet normal 0 0 1
    outer loop
      vertex 20.9666 12.9018 4
      vertex 25.5 14 4
      vertex 21.0207 13.0324 4
    endloop
  endfacet
  facet normal 0 0 1
    outer loop
      vertex 25.5 -14 4
      vertex 21.0679 -13.1657 4
      vertex 21.108 -13.3012 4
    endloop
  endfacet
  facet normal 0 0 1
    outer loop
      vertex 20.9057 12.7742 4
      vertex 25.5 14 4
      vertex 20.9666 12.9018 4
    endloop
  endfacet
  facet normal 0 0 1
    outer loop
      vertex 25.5 -14 4
      vertex 21.0207 -13.0324 4
      vertex 21.0679 -13.1657 4
    endloop
  endfacet
  facet normal 0 0 1
    outer loop
      vertex 20.8383 12.65 4
      vertex 25.5 14 4
      vertex 20.9057 12.7742 4
    endloop
  endfacet
  facet normal 0 0 1
    outer loop
      vertex 25.5 -14 4
      vertex 20.9666 -12.9018 4
      vertex 21.0207 -13.0324 4
    endloop
  endfacet
  facet normal 0 0 1
    outer loop
      vertex 20.7644 12.5295 4
      vertex 25.5 14 4
      vertex 20.8383 12.65 4
    endloop
  endfacet
  facet normal 0 0 1
    outer loop
      vertex 25.5 -14 4
      vertex 20.9057 -12.7742 4
      vertex 20.9666 -12.9018 4
    endloop
  endfacet
  facet normal 0 0 1
    outer loop
      vertex 20.6843 12.413 4
      vertex 25.5 14 4
      vertex 20.7644 12.5295 4
    endloop
  endfacet
  facet normal 0 0 1
    outer loop
      vertex 25.5 -14 4
      vertex 20.8383 -12.65 4
      vertex 20.9057 -12.7742 4
    endloop
  endfacet
  facet normal 0 0 1
    outer loop
      vertex 20.5983 12.3008 4
      vertex 25.5 14 4
      vertex 20.6843 12.413 4
    endloop
  endfacet
  facet normal 0 0 1
    outer loop
      vertex 25.5 -14 4
      vertex 20.7644 -12.5295 4
      vertex 20.8383 -12.65 4
    endloop
  endfacet
  facet normal 0 0 1
    outer loop
      vertex 20.5065 12.1933 4
      vertex 25.5 14 4
      vertex 20.5983 12.3008 4
    endloop
  endfacet
  facet normal 0 0 1
    outer loop
      vertex 25.5 -14 4
      vertex 20.6843 -12.413 4
      vertex 20.7644 -12.5295 4
    endloop
  endfacet
  facet normal 0 0 1
    outer loop
      vertex 20.4092 12.0908 4
      vertex 25.5 14 4
      vertex 20.5065 12.1933 4
    endloop
  endfacet
  facet normal 0 0 1
    outer loop
      vertex 25.5 -14 4
      vertex 20.5983 -12.3008 4
      vertex 20.6843 -12.413 4
    endloop
  endfacet
  facet normal 0 0 1
    outer loop
      vertex 20.3067 11.9935 4
      vertex 25.5 14 4
      vertex 20.4092 12.0908 4
    endloop
  endfacet
  facet normal 0 0 1
    outer loop
      vertex 25.5 -14 4
      vertex 20.5065 -12.1933 4
      vertex 20.5983 -12.3008 4
    endloop
  endfacet
  facet normal 0 0 1
    outer loop
      vertex 20.1992 11.9017 4
      vertex 25.5 14 4
      vertex 20.3067 11.9935 4
    endloop
  endfacet
  facet normal 0 0 1
    outer loop
      vertex 25.5 -14 4
      vertex 20.4092 -12.0908 4
      vertex 20.5065 -12.1933 4
    endloop
  endfacet
  facet normal 0 0 1
    outer loop
      vertex 20.087 11.8157 4
      vertex 25.5 14 4
      vertex 20.1992 11.9017 4
    endloop
  endfacet
  facet normal 0 0 1
    outer loop
      vertex 25.5 -14 4
      vertex 20.3067 -11.9935 4
      vertex 20.4092 -12.0908 4
    endloop
  endfacet
  facet normal 0 0 1
    outer loop
      vertex 25.5 14 4
      vertex 20.087 11.8157 4
      vertex 25.5 -14 4
    endloop
  endfacet
  facet normal 0 0 1
    outer loop
      vertex 25.5 -14 4
      vertex 20.1992 -11.9017 4
      vertex 20.3067 -11.9935 4
    endloop
  endfacet
  facet normal -0 0 1
    outer loop
      vertex 20.087 -11.8157 4
      vertex 25.5 -14 4
      vertex 20.087 11.8157 4
    endloop
  endfacet
  facet normal 0 0 1
    outer loop
      vertex 25.5 -14 4
      vertex 20.087 -11.8157 4
      vertex 20.1992 -11.9017 4
    endloop
  endfacet
  facet normal -0 0 1
    outer loop
      vertex 19.9705 11.7356 4
      vertex 20.087 -11.8157 4
      vertex 20.087 11.8157 4
    endloop
  endfacet
  facet normal 0 0 1
    outer loop
      vertex 19.9705 11.7356 4
      vertex 19.9705 -11.7356 4
      vertex 20.087 -11.8157 4
    endloop
  endfacet
  facet normal -0 0 1
    outer loop
      vertex 19.85 11.6617 4
      vertex 19.9705 -11.7356 4
      vertex 19.9705 11.7356 4
    endloop
  endfacet
  facet normal 0 0 1
    outer loop
      vertex 19.85 11.6617 4
      vertex 19.85 -11.6617 4
      vertex 19.9705 -11.7356 4
    endloop
  endfacet
  facet normal -0 0 1
    outer loop
      vertex 19.7258 11.5943 4
      vertex 19.85 -11.6617 4
      vertex 19.85 11.6617 4
    endloop
  endfacet
  facet normal 0 0 1
    outer loop
      vertex 19.7258 11.5943 4
      vertex 19.7258 -11.5943 4
      vertex 19.85 -11.6617 4
    endloop
  endfacet
  facet normal -0 0 1
    outer loop
      vertex 19.5982 11.5334 4
      vertex 19.7258 -11.5943 4
      vertex 19.7258 11.5943 4
    endloop
  endfacet
  facet normal 0 0 1
    outer loop
      vertex 19.5982 11.5334 4
      vertex 19.5982 -11.5334 4
      vertex 19.7258 -11.5943 4
    endloop
  endfacet
  facet normal -0 0 1
    outer loop
      vertex 19.4676 11.4793 4
      vertex 19.5982 -11.5334 4
      vertex 19.5982 11.5334 4
    endloop
  endfacet
  facet normal 0 0 1
    outer loop
      vertex 19.4676 11.4793 4
      vertex 19.4676 -11.4793 4
      vertex 19.5982 -11.5334 4
    endloop
  endfacet
  facet normal -0 0 1
    outer loop
      vertex 19.3343 11.4321 4
      vertex 19.4676 -11.4793 4
      vertex 19.4676 11.4793 4
    endloop
  endfacet
  facet normal 0 0 1
    outer loop
      vertex 19.3343 11.4321 4
      vertex 19.3343 -11.4321 4
      vertex 19.4676 -11.4793 4
    endloop
  endfacet
  facet normal -0 0 1
    outer loop
      vertex 19.1988 11.392 4
      vertex 19.3343 -11.4321 4
      vertex 19.3343 11.4321 4
    endloop
  endfacet
  facet normal 0 0 1
    outer loop
      vertex 19.1988 11.392 4
      vertex 19.1988 -11.392 4
      vertex 19.3343 -11.4321 4
    endloop
  endfacet
  facet normal -0 0 1
    outer loop
      vertex 19.0614 11.359 4
      vertex 19.1988 -11.392 4
      vertex 19.1988 11.392 4
    endloop
  endfacet
  facet normal 0 0 1
    outer loop
      vertex 19.0614 11.359 4
      vertex 19.0614 -11.359 4
      vertex 19.1988 -11.392 4
    endloop
  endfacet
  facet normal -0 0 1
    outer loop
      vertex 18.9224 11.3332 4
      vertex 19.0614 -11.359 4
      vertex 19.0614 11.359 4
    endloop
  endfacet
  facet normal 0 0 1
    outer loop
      vertex 18.9224 11.3332 4
      vertex 18.9224 -11.3332 4
      vertex 19.0614 -11.359 4
    endloop
  endfacet
  facet normal -0 0 1
    outer loop
      vertex 18.7822 11.3148 4
      vertex 18.9224 -11.3332 4
      vertex 18.9224 11.3332 4
    endloop
  endfacet
  facet normal 0 0 1
    outer loop
      vertex 18.7822 11.3148 4
      vertex 18.7822 -11.3148 4
      vertex 18.9224 -11.3332 4
    endloop
  endfacet
  facet normal -0 0 1
    outer loop
      vertex 18.6413 11.3037 4
      vertex 18.7822 -11.3148 4
      vertex 18.7822 11.3148 4
    endloop
  endfacet
  facet normal 0 0 1
    outer loop
      vertex 18.6413 11.3037 4
      vertex 18.6413 -11.3037 4
      vertex 18.7822 -11.3148 4
    endloop
  endfacet
  facet normal -0 0 1
    outer loop
      vertex 18.5 11.3 4
      vertex 18.6413 -11.3037 4
      vertex 18.6413 11.3037 4
    endloop
  endfacet
  facet normal 0 0 1
    outer loop
      vertex 18.5 11.3 4
      vertex 18.5 -11.3 4
      vertex 18.6413 -11.3037 4
    endloop
  endfacet
  facet normal 0 0 1
    outer loop
      vertex 18.3587 11.3037 4
      vertex 18.5 -11.3 4
      vertex 18.5 11.3 4
    endloop
  endfacet
  facet normal 0 0 1
    outer loop
      vertex 18.3587 11.3037 4
      vertex 18.3587 -11.3037 4
      vertex 18.5 -11.3 4
    endloop
  endfacet
  facet normal 0 0 1
    outer loop
      vertex 18.2178 11.3148 4
      vertex 18.3587 -11.3037 4
      vertex 18.3587 11.3037 4
    endloop
  endfacet
  facet normal 0 0 1
    outer loop
      vertex 18.2178 11.3148 4
      vertex 18.2178 -11.3148 4
      vertex 18.3587 -11.3037 4
    endloop
  endfacet
  facet normal 0 0 1
    outer loop
      vertex 18.0776 11.3332 4
      vertex 18.2178 -11.3148 4
      vertex 18.2178 11.3148 4
    endloop
  endfacet
  facet normal 0 0 1
    outer loop
      vertex 18.0776 11.3332 4
      vertex 18.0776 -11.3332 4
      vertex 18.2178 -11.3148 4
    endloop
  endfacet
  facet normal 0 0 1
    outer loop
      vertex 7.95 7.9 4
      vertex 18.0776 11.3332 4
      vertex 17.9386 11.359 4
    endloop
  endfacet
  facet normal 0 0 1
    outer loop
      vertex 18.0776 11.3332 4
      vertex 7.95 7.9 4
      vertex 18.0776 -11.3332 4
    endloop
  endfacet
  facet normal 0 0 1
    outer loop
      vertex 7.95 7.9 4
      vertex 17.9386 11.359 4
      vertex 17.8012 11.392 4
    endloop
  endfacet
  facet normal -0 0 1
    outer loop
      vertex 7.95 -7.9 4
      vertex 18.0776 -11.3332 4
      vertex 7.95 7.9 4
    endloop
  endfacet
  facet normal 0 0 1
    outer loop
      vertex 7.95 7.9 4
      vertex 17.8012 11.392 4
      vertex 17.6657 11.4321 4
    endloop
  endfacet
  facet normal 0 0 1
    outer loop
      vertex 18.0776 -11.3332 4
      vertex 7.95 -7.9 4
      vertex 17.9386 -11.359 4
    endloop
  endfacet
  facet normal 0 0 1
    outer loop
      vertex 7.95 7.9 4
      vertex 17.6657 11.4321 4
      vertex 17.5324 11.4793 4
    endloop
  endfacet
  facet normal 0 0 1
    outer loop
      vertex 17.9386 -11.359 4
      vertex 7.95 -7.9 4
      vertex 17.8012 -11.392 4
    endloop
  endfacet
  facet normal 0 0 1
    outer loop
      vertex 7.95 7.9 4
      vertex 17.5324 11.4793 4
      vertex 17.4018 11.5334 4
    endloop
  endfacet
  facet normal 0 0 1
    outer loop
      vertex 17.8012 -11.392 4
      vertex 7.95 -7.9 4
      vertex 17.6657 -11.4321 4
    endloop
  endfacet
  facet normal 0 0 1
    outer loop
      vertex 7.95 7.9 4
      vertex 17.4018 11.5334 4
      vertex 17.2742 11.5943 4
    endloop
  endfacet
  facet normal 0 0 1
    outer loop
      vertex 17.6657 -11.4321 4
      vertex 7.95 -7.9 4
      vertex 17.5324 -11.4793 4
    endloop
  endfacet
  facet normal 0 0 1
    outer loop
      vertex 7.95 7.9 4
      vertex 17.2742 11.5943 4
      vertex 17.15 11.6617 4
    endloop
  endfacet
  facet normal 0 0 1
    outer loop
      vertex 17.5324 -11.4793 4
      vertex 7.95 -7.9 4
      vertex 17.4018 -11.5334 4
    endloop
  endfacet
  facet normal 0 0 1
    outer loop
      vertex 7.95 7.9 4
      vertex 17.15 11.6617 4
      vertex 17.0295 11.7356 4
    endloop
  endfacet
  facet normal 0 0 1
    outer loop
      vertex 17.4018 -11.5334 4
      vertex 7.95 -7.9 4
      vertex 17.2742 -11.5943 4
    endloop
  endfacet
  facet normal 0 0 1
    outer loop
      vertex 7.95 7.9 4
      vertex 17.0295 11.7356 4
      vertex 16.913 11.8157 4
    endloop
  endfacet
  facet normal 0 0 1
    outer loop
      vertex 17.2742 -11.5943 4
      vertex 7.95 -7.9 4
      vertex 17.15 -11.6617 4
    endloop
  endfacet
  facet normal 0 0 1
    outer loop
      vertex 7.95 7.9 4
      vertex 16.913 11.8157 4
      vertex 16.8008 11.9017 4
    endloop
  endfacet
  facet normal 0 0 1
    outer loop
      vertex 17.15 -11.6617 4
      vertex 7.95 -7.9 4
      vertex 17.0295 -11.7356 4
    endloop
  endfacet
  facet normal 0 0 1
    outer loop
      vertex 7.95 7.9 4
      vertex 16.8008 11.9017 4
      vertex 16.6933 11.9935 4
    endloop
  endfacet
  facet normal 0 0 1
    outer loop
      vertex 17.0295 -11.7356 4
      vertex 7.95 -7.9 4
      vertex 16.913 -11.8157 4
    endloop
  endfacet
  facet normal 0 0 1
    outer loop
      vertex 7.95 7.9 4
      vertex 16.6933 11.9935 4
      vertex 16.5908 12.0908 4
    endloop
  endfacet
  facet normal 0 0 1
    outer loop
      vertex 16.913 -11.8157 4
      vertex 7.95 -7.9 4
      vertex 16.8008 -11.9017 4
    endloop
  endfacet
  facet normal 0 0 1
    outer loop
      vertex 7.95 7.9 4
      vertex 16.5908 12.0908 4
      vertex 16.4935 12.1933 4
    endloop
  endfacet
  facet normal 0 0 1
    outer loop
      vertex 16.8008 -11.9017 4
      vertex 7.95 -7.9 4
      vertex 16.6933 -11.9935 4
    endloop
  endfacet
  facet normal 0 0 1
    outer loop
      vertex 7.95 7.9 4
      vertex 16.4935 12.1933 4
      vertex 16.4017 12.3008 4
    endloop
  endfacet
  facet normal 0 0 1
    outer loop
      vertex 16.6933 -11.9935 4
      vertex 7.95 -7.9 4
      vertex 16.5908 -12.0908 4
    endloop
  endfacet
  facet normal 0 0 1
    outer loop
      vertex 7.95 7.9 4
      vertex 16.4017 12.3008 4
      vertex 16.3157 12.413 4
    endloop
  endfacet
  facet normal 0 0 1
    outer loop
      vertex 16.5908 -12.0908 4
      vertex 7.95 -7.9 4
      vertex 16.4935 -12.1933 4
    endloop
  endfacet
  facet normal 0 0 1
    outer loop
      vertex 7.95 7.9 4
      vertex 16.3157 12.413 4
      vertex 16.2356 12.5295 4
    endloop
  endfacet
  facet normal 0 0 1
    outer loop
      vertex 16.4935 -12.1933 4
      vertex 7.95 -7.9 4
      vertex 16.4017 -12.3008 4
    endloop
  endfacet
  facet normal 0 0 1
    outer loop
      vertex 7.95 7.9 4
      vertex 16.2356 12.5295 4
      vertex 16.1617 12.65 4
    endloop
  endfacet
  facet normal 0 0 1
    outer loop
      vertex 16.4017 -12.3008 4
      vertex 7.95 -7.9 4
      vertex 16.3157 -12.413 4
    endloop
  endfacet
  facet normal 0 0 1
    outer loop
      vertex 7.95 7.9 4
      vertex 16.1617 12.65 4
      vertex 16.0943 12.7742 4
    endloop
  endfacet
  facet normal 0 0 1
    outer loop
      vertex 16.3157 -12.413 4
      vertex 7.95 -7.9 4
      vertex 16.2356 -12.5295 4
    endloop
  endfacet
  facet normal 0 0 1
    outer loop
      vertex 7.95 7.9 4
      vertex 16.0943 12.7742 4
      vertex 16.0334 12.9018 4
    endloop
  endfacet
  facet normal 0 0 1
    outer loop
      vertex 16.2356 -12.5295 4
      vertex 7.95 -7.9 4
      vertex 16.1617 -12.65 4
    endloop
  endfacet
  facet normal 0 0 1
    outer loop
      vertex 7.95 7.9 4
      vertex 16.0334 12.9018 4
      vertex 15.9793 13.0324 4
    endloop
  endfacet
  facet normal 0 0 1
    outer loop
      vertex 16.1617 -12.65 4
      vertex 7.95 -7.9 4
      vertex 16.0943 -12.7742 4
    endloop
  endfacet
  facet normal 0 0 1
    outer loop
      vertex 7.95 7.9 4
      vertex 15.9793 13.0324 4
      vertex 15.9321 13.1657 4
    endloop
  endfacet
  facet normal 0 0 1
    outer loop
      vertex 16.0943 -12.7742 4
      vertex 7.95 -7.9 4
      vertex 16.0334 -12.9018 4
    endloop
  endfacet
  facet normal 0 0 1
    outer loop
      vertex 7.95 7.9 4
      vertex 15.9321 13.1657 4
      vertex 15.892 13.3012 4
    endloop
  endfacet
  facet normal 0 0 1
    outer loop
      vertex 16.0334 -12.9018 4
      vertex 7.95 -7.9 4
      vertex 15.9793 -13.0324 4
    endloop
  endfacet
  facet normal 0 0 1
    outer loop
      vertex 7.95 7.9 4
      vertex 15.892 13.3012 4
      vertex 15.859 13.4386 4
    endloop
  endfacet
  facet normal 0 0 1
    outer loop
      vertex 15.9793 -13.0324 4
      vertex 7.95 -7.9 4
      vertex 15.9321 -13.1657 4
    endloop
  endfacet
  facet normal 0 0 1
    outer loop
      vertex 7.95 7.9 4
      vertex 15.859 13.4386 4
      vertex 15.8332 13.5776 4
    endloop
  endfacet
  facet normal 0 0 1
    outer loop
      vertex 15.9321 -13.1657 4
      vertex 7.95 -7.9 4
      vertex 15.892 -13.3012 4
    endloop
  endfacet
  facet normal 0 0 1
    outer loop
      vertex 7.95 7.9 4
      vertex 15.8332 13.5776 4
      vertex 15.8148 13.7178 4
    endloop
  endfacet
  facet normal 0 0 1
    outer loop
      vertex 15.892 -13.3012 4
      vertex 7.95 -7.9 4
      vertex 15.859 -13.4386 4
    endloop
  endfacet
  facet normal 0 0 1
    outer loop
      vertex 7.95 7.9 4
      vertex 15.8148 13.7178 4
      vertex 15.8037 13.8587 4
    endloop
  endfacet
  facet normal 0 0 1
    outer loop
      vertex 15.859 -13.4386 4
      vertex 7.95 -7.9 4
      vertex 15.8332 -13.5776 4
    endloop
  endfacet
  facet normal 0 0 1
    outer loop
      vertex 7.95 7.9 4
      vertex 15.8037 13.8587 4
      vertex 15.8 14 4
    endloop
  endfacet
  facet normal 0 0 1
    outer loop
      vertex 15.8332 -13.5776 4
      vertex 7.95 -7.9 4
      vertex 15.8148 -13.7178 4
    endloop
  endfacet
  facet normal -0 0 1
    outer loop
      vertex 21.1963 14.1413 4
      vertex 25.5 14 4
      vertex 25.4617 14.7317 4
    endloop
  endfacet
  facet normal 0 0 1
    outer loop
      vertex 21.1963 13.8587 4
      vertex 25.5 14 4
      vertex 21.2 14 4
    endloop
  endfacet
  facet normal 0 0 1
    outer loop
      vertex 21.1668 14.4224 4
      vertex 25.4617 14.7317 4
      vertex 25.347 15.4554 4
    endloop
  endfacet
  facet normal 0 0 1
    outer loop
      vertex 21.1852 13.7178 4
      vertex 25.5 14 4
      vertex 21.1963 13.8587 4
    endloop
  endfacet
  facet normal 0 0 1
    outer loop
      vertex 21.108 14.6988 4
      vertex 25.347 15.4554 4
      vertex 25.1574 16.1631 4
    endloop
  endfacet
  facet normal 0 0 1
    outer loop
      vertex 21.1963 -14.1413 4
      vertex 25.5 -14 4
      vertex 21.2 -14 4
    endloop
  endfacet
  facet normal 0 0 1
    outer loop
      vertex 21.0207 14.9676 4
      vertex 25.1574 16.1631 4
      vertex 24.8948 16.8472 4
    endloop
  endfacet
  facet normal 0 0 1
    outer loop
      vertex 25.5 -14 4
      vertex 21.1963 -14.1413 4
      vertex 25.4617 -14.7317 4
    endloop
  endfacet
  facet normal 0 0 1
    outer loop
      vertex 20.9057 15.2258 4
      vertex 24.8948 16.8472 4
      vertex 24.5622 17.5 4
    endloop
  endfacet
  facet normal -0 0 1
    outer loop
      vertex 21.1852 -14.2822 4
      vertex 25.4617 -14.7317 4
      vertex 21.1963 -14.1413 4
    endloop
  endfacet
  facet normal 0 0 1
    outer loop
      vertex 20.7644 15.4705 4
      vertex 24.5622 17.5 4
      vertex 24.1631 18.1145 4
    endloop
  endfacet
  facet normal -0 0 1
    outer loop
      vertex 21.1668 -14.4224 4
      vertex 25.4617 -14.7317 4
      vertex 21.1852 -14.2822 4
    endloop
  endfacet
  facet normal 0 0 1
    outer loop
      vertex 20.5983 15.6992 4
      vertex 24.1631 18.1145 4
      vertex 23.702 18.6839 4
    endloop
  endfacet
  facet normal 0 0 1
    outer loop
      vertex 25.4617 -14.7317 4
      vertex 21.1668 -14.4224 4
      vertex 25.347 -15.4554 4
    endloop
  endfacet
  facet normal 0 0 1
    outer loop
      vertex 20.4092 15.9092 4
      vertex 23.702 18.6839 4
      vertex 23.1839 19.202 4
    endloop
  endfacet
  facet normal -0 0 1
    outer loop
      vertex 21.141 -14.5614 4
      vertex 25.347 -15.4554 4
      vertex 21.1668 -14.4224 4
    endloop
  endfacet
  facet normal 0 0 1
    outer loop
      vertex 20.1992 16.0983 4
      vertex 23.1839 19.202 4
      vertex 22.6145 19.6631 4
    endloop
  endfacet
  facet normal -0 0 1
    outer loop
      vertex 21.108 -14.6988 4
      vertex 25.347 -15.4554 4
      vertex 21.141 -14.5614 4
    endloop
  endfacet
  facet normal 0 0 1
    outer loop
      vertex 19.9705 16.2644 4
      vertex 22.6145 19.6631 4
      vertex 22 20.0622 4
    endloop
  endfacet
  facet normal 0 0 1
    outer loop
      vertex 25.347 -15.4554 4
      vertex 21.108 -14.6988 4
      vertex 25.1574 -16.1631 4
    endloop
  endfacet
  facet normal 0 0 1
    outer loop
      vertex 19.7258 16.4057 4
      vertex 22 20.0622 4
      vertex 21.3472 20.3948 4
    endloop
  endfacet
  facet normal -0 0 1
    outer loop
      vertex 21.0679 -14.8343 4
      vertex 25.1574 -16.1631 4
      vertex 21.108 -14.6988 4
    endloop
  endfacet
  facet normal -0 0 1
    outer loop
      vertex 21.0207 -14.9676 4
      vertex 25.1574 -16.1631 4
      vertex 21.0679 -14.8343 4
    endloop
  endfacet
  facet normal 0 0 1
    outer loop
      vertex 25.5 14 4
      vertex 21.1963 14.1413 4
      vertex 21.2 14 4
    endloop
  endfacet
  facet normal 0 0 1
    outer loop
      vertex 25.4617 14.7317 4
      vertex 21.1852 14.2822 4
      vertex 21.1963 14.1413 4
    endloop
  endfacet
  facet normal 0 0 1
    outer loop
      vertex 25.4617 14.7317 4
      vertex 21.1668 14.4224 4
      vertex 21.1852 14.2822 4
    endloop
  endfacet
  facet normal 0 0 1
    outer loop
      vertex 25.347 15.4554 4
      vertex 21.141 14.5614 4
      vertex 21.1668 14.4224 4
    endloop
  endfacet
  facet normal 0 0 1
    outer loop
      vertex 25.347 15.4554 4
      vertex 21.108 14.6988 4
      vertex 21.141 14.5614 4
    endloop
  endfacet
  facet normal 0 0 1
    outer loop
      vertex 25.1574 16.1631 4
      vertex 21.0679 14.8343 4
      vertex 21.108 14.6988 4
    endloop
  endfacet
  facet normal 0 0 1
    outer loop
      vertex 25.1574 16.1631 4
      vertex 21.0207 14.9676 4
      vertex 21.0679 14.8343 4
    endloop
  endfacet
  facet normal 0 0 1
    outer loop
      vertex 24.8948 16.8472 4
      vertex 20.9666 15.0982 4
      vertex 21.0207 14.9676 4
    endloop
  endfacet
  facet normal 0 0 1
    outer loop
      vertex 24.8948 16.8472 4
      vertex 20.9057 15.2258 4
      vertex 20.9666 15.0982 4
    endloop
  endfacet
  facet normal 0 0 1
    outer loop
      vertex 24.5622 17.5 4
      vertex 20.8383 15.35 4
      vertex 20.9057 15.2258 4
    endloop
  endfacet
  facet normal 0 0 1
    outer loop
      vertex 24.5622 17.5 4
      vertex 20.7644 15.4705 4
      vertex 20.8383 15.35 4
    endloop
  endfacet
  facet normal 0 0 1
    outer loop
      vertex 24.1631 18.1145 4
      vertex 20.6843 15.587 4
      vertex 20.7644 15.4705 4
    endloop
  endfacet
  facet normal 0 0 1
    outer loop
      vertex 19.4676 16.5207 4
      vertex 21.3472 20.3948 4
      vertex 20.6631 20.6574 4
    endloop
  endfacet
  facet normal 0 0 1
    outer loop
      vertex 24.1631 18.1145 4
      vertex 20.5983 15.6992 4
      vertex 20.6843 15.587 4
    endloop
  endfacet
  facet normal 0 0 1
    outer loop
      vertex 23.702 18.6839 4
      vertex 20.5065 15.8067 4
      vertex 20.5983 15.6992 4
    endloop
  endfacet
  facet normal 0 0 1
    outer loop
      vertex 23.702 18.6839 4
      vertex 20.4092 15.9092 4
      vertex 20.5065 15.8067 4
    endloop
  endfacet
  facet normal 0 0 1
    outer loop
      vertex 23.1839 19.202 4
      vertex 20.3067 16.0065 4
      vertex 20.4092 15.9092 4
    endloop
  endfacet
  facet normal 0 0 1
    outer loop
      vertex 23.1839 19.202 4
      vertex 20.1992 16.0983 4
      vertex 20.3067 16.0065 4
    endloop
  endfacet
  facet normal 0 0 1
    outer loop
      vertex 22.6145 19.6631 4
      vertex 20.087 16.1843 4
      vertex 20.1992 16.0983 4
    endloop
  endfacet
  facet normal 0 0 1
    outer loop
      vertex 22.6145 19.6631 4
      vertex 19.9705 16.2644 4
      vertex 20.087 16.1843 4
    endloop
  endfacet
  facet normal 0 0 1
    outer loop
      vertex 19.1988 16.608 4
      vertex 20.6631 20.6574 4
      vertex 19.9554 20.847 4
    endloop
  endfacet
  facet normal 0 0 1
    outer loop
      vertex 22 20.0622 4
      vertex 19.85 16.3383 4
      vertex 19.9705 16.2644 4
    endloop
  endfacet
  facet normal 0 0 1
    outer loop
      vertex 22 20.0622 4
      vertex 19.7258 16.4057 4
      vertex 19.85 16.3383 4
    endloop
  endfacet
  facet normal 0 0 1
    outer loop
      vertex 21.3472 20.3948 4
      vertex 19.5982 16.4666 4
      vertex 19.7258 16.4057 4
    endloop
  endfacet
  facet normal 0 0 1
    outer loop
      vertex 21.3472 20.3948 4
      vertex 19.4676 16.5207 4
      vertex 19.5982 16.4666 4
    endloop
  endfacet
  facet normal 0 0 1
    outer loop
      vertex 20.6631 20.6574 4
      vertex 19.3343 16.5679 4
      vertex 19.4676 16.5207 4
    endloop
  endfacet
  facet normal 0 0 1
    outer loop
      vertex 18.9224 16.6668 4
      vertex 19.9554 20.847 4
      vertex 19.2317 20.9617 4
    endloop
  endfacet
  facet normal 0 0 1
    outer loop
      vertex 20.6631 20.6574 4
      vertex 19.1988 16.608 4
      vertex 19.3343 16.5679 4
    endloop
  endfacet
  facet normal 0 0 1
    outer loop
      vertex 19.9554 20.847 4
      vertex 19.0614 16.641 4
      vertex 19.1988 16.608 4
    endloop
  endfacet
  facet normal 0 0 1
    outer loop
      vertex 19.9554 20.847 4
      vertex 18.9224 16.6668 4
      vertex 19.0614 16.641 4
    endloop
  endfacet
  facet normal 0 0 1
    outer loop
      vertex 19.2317 20.9617 4
      vertex 18.7822 16.6852 4
      vertex 18.9224 16.6668 4
    endloop
  endfacet
  facet normal 0 0 1
    outer loop
      vertex 19.2317 20.9617 4
      vertex 18.6413 16.6963 4
      vertex 18.7822 16.6852 4
    endloop
  endfacet
  facet normal 0 0 1
    outer loop
      vertex 18.5 21 4
      vertex 18.6413 16.6963 4
      vertex 19.2317 20.9617 4
    endloop
  endfacet
  facet normal 0 0 1
    outer loop
      vertex 18.5 21 4
      vertex 18.5 16.7 4
      vertex 18.6413 16.6963 4
    endloop
  endfacet
  facet normal 0 0 1
    outer loop
      vertex 18.5 21 4
      vertex 18.3587 16.6963 4
      vertex 18.5 16.7 4
    endloop
  endfacet
  facet normal 0 0 1
    outer loop
      vertex 18.5 21 4
      vertex 18.2178 16.6852 4
      vertex 18.3587 16.6963 4
    endloop
  endfacet
  facet normal 0 0 1
    outer loop
      vertex 18.5 21 4
      vertex 18.0776 16.6668 4
      vertex 18.2178 16.6852 4
    endloop
  endfacet
  facet normal 0 0 1
    outer loop
      vertex 18.5 21 4
      vertex 17.9386 16.641 4
      vertex 18.0776 16.6668 4
    endloop
  endfacet
  facet normal 0 0 1
    outer loop
      vertex 18.5 21 4
      vertex 17.8012 16.608 4
      vertex 17.9386 16.641 4
    endloop
  endfacet
  facet normal 0 0 1
    outer loop
      vertex 18.5 21 4
      vertex 17.6657 16.5679 4
      vertex 17.8012 16.608 4
    endloop
  endfacet
  facet normal 0 0 1
    outer loop
      vertex 18.5 21 4
      vertex 17.5324 16.5207 4
      vertex 17.6657 16.5679 4
    endloop
  endfacet
  facet normal 0 0 1
    outer loop
      vertex 18.5 21 4
      vertex 17.4018 16.4666 4
      vertex 17.5324 16.5207 4
    endloop
  endfacet
  facet normal 0 0 1
    outer loop
      vertex 18.5 21 4
      vertex 17.2742 16.4057 4
      vertex 17.4018 16.4666 4
    endloop
  endfacet
  facet normal 0 0 1
    outer loop
      vertex 18.5 21 4
      vertex 17.15 16.3383 4
      vertex 17.2742 16.4057 4
    endloop
  endfacet
  facet normal 0 0 1
    outer loop
      vertex 18.5 21 4
      vertex 17.0295 16.2644 4
      vertex 17.15 16.3383 4
    endloop
  endfacet
  facet normal 0 0 1
    outer loop
      vertex 18.5 21 4
      vertex 16.913 16.1843 4
      vertex 17.0295 16.2644 4
    endloop
  endfacet
  facet normal 0 0 1
    outer loop
      vertex 18.5 21 4
      vertex 16.8008 16.0983 4
      vertex 16.913 16.1843 4
    endloop
  endfacet
  facet normal 0 0 1
    outer loop
      vertex 18.5 21 4
      vertex 16.6933 16.0065 4
      vertex 16.8008 16.0983 4
    endloop
  endfacet
  facet normal 0 0 1
    outer loop
      vertex 18.5 21 4
      vertex 16.5908 15.9092 4
      vertex 16.6933 16.0065 4
    endloop
  endfacet
  facet normal 0 0 1
    outer loop
      vertex 18.5 21 4
      vertex 16.4935 15.8067 4
      vertex 16.5908 15.9092 4
    endloop
  endfacet
  facet normal 0 0 1
    outer loop
      vertex 18.5 21 4
      vertex 16.4017 15.6992 4
      vertex 16.4935 15.8067 4
    endloop
  endfacet
  facet normal 0 0 1
    outer loop
      vertex 18.5 21 4
      vertex 16.3157 15.587 4
      vertex 16.4017 15.6992 4
    endloop
  endfacet
  facet normal 0 0 1
    outer loop
      vertex 18.5 21 4
      vertex 16.2356 15.4705 4
      vertex 16.3157 15.587 4
    endloop
  endfacet
  facet normal 0 0 1
    outer loop
      vertex 18.5 21 4
      vertex 16.1617 15.35 4
      vertex 16.2356 15.4705 4
    endloop
  endfacet
  facet normal 0 0 1
    outer loop
      vertex -16.1617 15.35 4
      vertex 16.1617 15.35 4
      vertex 18.5 21 4
    endloop
  endfacet
  facet normal 0 -0 1
    outer loop
      vertex -7.95 7.9 4
      vertex 16.1617 15.35 4
      vertex -16.1617 15.35 4
    endloop
  endfacet
  facet normal 0 0 1
    outer loop
      vertex 15.8148 -13.7178 4
      vertex 7.95 -7.9 4
      vertex 15.8037 -13.8587 4
    endloop
  endfacet
  facet normal 0 0 1
    outer loop
      vertex 15.8037 14.1413 4
      vertex 7.95 7.9 4
      vertex 15.8 14 4
    endloop
  endfacet
  facet normal 0 0 1
    outer loop
      vertex 15.8148 14.2822 4
      vertex 7.95 7.9 4
      vertex 15.8037 14.1413 4
    endloop
  endfacet
  facet normal 0 0 1
    outer loop
      vertex 15.8332 14.4224 4
      vertex 7.95 7.9 4
      vertex 15.8148 14.2822 4
    endloop
  endfacet
  facet normal 0 0 1
    outer loop
      vertex 15.859 14.5614 4
      vertex 7.95 7.9 4
      vertex 15.8332 14.4224 4
    endloop
  endfacet
  facet normal 0 0 1
    outer loop
      vertex 15.892 14.6988 4
      vertex 7.95 7.9 4
      vertex 15.859 14.5614 4
    endloop
  endfacet
  facet normal 0 0 1
    outer loop
      vertex 15.9321 14.8343 4
      vertex 7.95 7.9 4
      vertex 15.892 14.6988 4
    endloop
  endfacet
  facet normal 0 0 1
    outer loop
      vertex 15.9793 14.9676 4
      vertex 7.95 7.9 4
      vertex 15.9321 14.8343 4
    endloop
  endfacet
  facet normal 0 0 1
    outer loop
      vertex 16.0334 15.0982 4
      vertex 7.95 7.9 4
      vertex 15.9793 14.9676 4
    endloop
  endfacet
  facet normal 0 -0 1
    outer loop
      vertex 7.95 7.9 4
      vertex 16.1617 15.35 4
      vertex -7.95 7.9 4
    endloop
  endfacet
  facet normal 0 0 1
    outer loop
      vertex 16.0943 15.2258 4
      vertex 7.95 7.9 4
      vertex 16.0334 15.0982 4
    endloop
  endfacet
  facet normal -0 0 1
    outer loop
      vertex -15.8037 13.8587 4
      vertex -7.95 7.9 4
      vertex -15.8 14 4
    endloop
  endfacet
  facet normal 0 0 1
    outer loop
      vertex 16.1617 15.35 4
      vertex 7.95 7.9 4
      vertex 16.0943 15.2258 4
    endloop
  endfacet
  facet normal 0 0 1
    outer loop
      vertex -7.95 7.9 4
      vertex -15.8037 14.1413 4
      vertex -15.8 14 4
    endloop
  endfacet
  facet normal 0 0 1
    outer loop
      vertex -7.95 7.9 4
      vertex -15.8148 14.2822 4
      vertex -15.8037 14.1413 4
    endloop
  endfacet
  facet normal 0 0 1
    outer loop
      vertex -7.95 7.9 4
      vertex -15.8332 14.4224 4
      vertex -15.8148 14.2822 4
    endloop
  endfacet
  facet normal 0 0 1
    outer loop
      vertex -7.95 7.9 4
      vertex -15.859 14.5614 4
      vertex -15.8332 14.4224 4
    endloop
  endfacet
  facet normal 0 0 1
    outer loop
      vertex -7.95 7.9 4
      vertex -15.892 14.6988 4
      vertex -15.859 14.5614 4
    endloop
  endfacet
  facet normal 0 0 1
    outer loop
      vertex -7.95 7.9 4
      vertex -15.9321 14.8343 4
      vertex -15.892 14.6988 4
    endloop
  endfacet
  facet normal 0 0 1
    outer loop
      vertex -7.95 7.9 4
      vertex -15.9793 14.9676 4
      vertex -15.9321 14.8343 4
    endloop
  endfacet
  facet normal 0 0 1
    outer loop
      vertex -7.95 7.9 4
      vertex -16.0334 15.0982 4
      vertex -15.9793 14.9676 4
    endloop
  endfacet
  facet normal 0 0 1
    outer loop
      vertex -7.95 7.9 4
      vertex -16.0943 15.2258 4
      vertex -16.0334 15.0982 4
    endloop
  endfacet
  facet normal 0 0 1
    outer loop
      vertex -7.95 7.9 4
      vertex -16.1617 15.35 4
      vertex -16.0943 15.2258 4
    endloop
  endfacet
  facet normal 0 0 1
    outer loop
      vertex 18.5 21 4
      vertex -16.2356 15.4705 4
      vertex -16.1617 15.35 4
    endloop
  endfacet
  facet normal -0 0 1
    outer loop
      vertex -18.5 21 4
      vertex -16.2356 15.4705 4
      vertex 18.5 21 4
    endloop
  endfacet
  facet normal 0 0 1
    outer loop
      vertex -16.2356 15.4705 4
      vertex -18.5 21 4
      vertex -16.3157 15.587 4
    endloop
  endfacet
  facet normal 0 0 1
    outer loop
      vertex -16.3157 15.587 4
      vertex -18.5 21 4
      vertex -16.4017 15.6992 4
    endloop
  endfacet
  facet normal 0 0 1
    outer loop
      vertex -16.4017 15.6992 4
      vertex -18.5 21 4
      vertex -16.4935 15.8067 4
    endloop
  endfacet
  facet normal 0 0 1
    outer loop
      vertex -16.4935 15.8067 4
      vertex -18.5 21 4
      vertex -16.5908 15.9092 4
    endloop
  endfacet
  facet normal 0 0 1
    outer loop
      vertex -16.5908 15.9092 4
      vertex -18.5 21 4
      vertex -16.6933 16.0065 4
    endloop
  endfacet
  facet normal 0 0 1
    outer loop
      vertex -16.6933 16.0065 4
      vertex -18.5 21 4
      vertex -16.8008 16.0983 4
    endloop
  endfacet
  facet normal 0 0 1
    outer loop
      vertex -16.8008 16.0983 4
      vertex -18.5 21 4
      vertex -16.913 16.1843 4
    endloop
  endfacet
  facet normal 0 0 1
    outer loop
      vertex -16.913 16.1843 4
      vertex -18.5 21 4
      vertex -17.0295 16.2644 4
    endloop
  endfacet
  facet normal 0 0 1
    outer loop
      vertex -17.0295 16.2644 4
      vertex -18.5 21 4
      vertex -17.15 16.3383 4
    endloop
  endfacet
  facet normal 0 0 1
    outer loop
      vertex -17.15 16.3383 4
      vertex -18.5 21 4
      vertex -17.2742 16.4057 4
    endloop
  endfacet
  facet normal 0 0 1
    outer loop
      vertex -17.2742 16.4057 4
      vertex -18.5 21 4
      vertex -17.4018 16.4666 4
    endloop
  endfacet
  facet normal 0 0 1
    outer loop
      vertex -17.4018 16.4666 4
      vertex -18.5 21 4
      vertex -17.5324 16.5207 4
    endloop
  endfacet
  facet normal 0 0 1
    outer loop
      vertex -17.5324 16.5207 4
      vertex -18.5 21 4
      vertex -17.6657 16.5679 4
    endloop
  endfacet
  facet normal 0 0 1
    outer loop
      vertex -17.6657 16.5679 4
      vertex -18.5 21 4
      vertex -17.8012 16.608 4
    endloop
  endfacet
  facet normal 0 0 1
    outer loop
      vertex -17.8012 16.608 4
      vertex -18.5 21 4
      vertex -17.9386 16.641 4
    endloop
  endfacet
  facet normal 0 0 1
    outer loop
      vertex -17.9386 16.641 4
      vertex -18.5 21 4
      vertex -18.0776 16.6668 4
    endloop
  endfacet
  facet normal 0 0 1
    outer loop
      vertex -18.0776 16.6668 4
      vertex -18.5 21 4
      vertex -18.2178 16.6852 4
    endloop
  endfacet
  facet normal 0 0 1
    outer loop
      vertex -18.2178 16.6852 4
      vertex -18.5 21 4
      vertex -18.3587 16.6963 4
    endloop
  endfacet
  facet normal 0 0 1
    outer loop
      vertex -18.5 21 4
      vertex -18.5 16.7 4
      vertex -18.3587 16.6963 4
    endloop
  endfacet
  facet normal 0 0 1
    outer loop
      vertex -18.5 21 4
      vertex -18.6413 16.6963 4
      vertex -18.5 16.7 4
    endloop
  endfacet
  facet normal -0 0 1
    outer loop
      vertex -19.2317 20.9617 4
      vertex -18.6413 16.6963 4
      vertex -18.5 21 4
    endloop
  endfacet
  facet normal 0 0 1
    outer loop
      vertex -18.6413 16.6963 4
      vertex -19.2317 20.9617 4
      vertex -18.7822 16.6852 4
    endloop
  endfacet
  facet normal 0 0 1
    outer loop
      vertex -18.7822 16.6852 4
      vertex -19.2317 20.9617 4
      vertex -18.9224 16.6668 4
    endloop
  endfacet
  facet normal -0 0 1
    outer loop
      vertex -19.9554 20.847 4
      vertex -18.9224 16.6668 4
      vertex -19.2317 20.9617 4
    endloop
  endfacet
  facet normal 0 0 1
    outer loop
      vertex -18.9224 16.6668 4
      vertex -19.9554 20.847 4
      vertex -19.0614 16.641 4
    endloop
  endfacet
  facet normal 0 0 1
    outer loop
      vertex -19.0614 16.641 4
      vertex -19.9554 20.847 4
      vertex -19.1988 16.608 4
    endloop
  endfacet
  facet normal -0 0 1
    outer loop
      vertex -20.6631 20.6574 4
      vertex -19.1988 16.608 4
      vertex -19.9554 20.847 4
    endloop
  endfacet
  facet normal 0 0 1
    outer loop
      vertex -19.1988 16.608 4
      vertex -20.6631 20.6574 4
      vertex -19.3343 16.5679 4
    endloop
  endfacet
  facet normal 0 0 1
    outer loop
      vertex -19.3343 16.5679 4
      vertex -20.6631 20.6574 4
      vertex -19.4676 16.5207 4
    endloop
  endfacet
  facet normal -0 0 1
    outer loop
      vertex -21.3472 20.3948 4
      vertex -19.4676 16.5207 4
      vertex -20.6631 20.6574 4
    endloop
  endfacet
  facet normal 0 0 1
    outer loop
      vertex -19.4676 16.5207 4
      vertex -21.3472 20.3948 4
      vertex -19.5982 16.4666 4
    endloop
  endfacet
  facet normal 0 0 1
    outer loop
      vertex -19.5982 16.4666 4
      vertex -21.3472 20.3948 4
      vertex -19.7258 16.4057 4
    endloop
  endfacet
  facet normal -0 0 1
    outer loop
      vertex -22 20.0622 4
      vertex -19.7258 16.4057 4
      vertex -21.3472 20.3948 4
    endloop
  endfacet
  facet normal 0 0 1
    outer loop
      vertex -19.7258 16.4057 4
      vertex -22 20.0622 4
      vertex -19.85 16.3383 4
    endloop
  endfacet
  facet normal 0 0 1
    outer loop
      vertex -19.85 16.3383 4
      vertex -22 20.0622 4
      vertex -19.9705 16.2644 4
    endloop
  endfacet
  facet normal -0 0 1
    outer loop
      vertex -22.6145 19.6631 4
      vertex -19.9705 16.2644 4
      vertex -22 20.0622 4
    endloop
  endfacet
  facet normal 0 0 1
    outer loop
      vertex -19.9705 16.2644 4
      vertex -22.6145 19.6631 4
      vertex -20.087 16.1843 4
    endloop
  endfacet
  facet normal 0 0 1
    outer loop
      vertex -20.087 16.1843 4
      vertex -22.6145 19.6631 4
      vertex -20.1992 16.0983 4
    endloop
  endfacet
  facet normal -0 0 1
    outer loop
      vertex -23.1839 19.202 4
      vertex -20.1992 16.0983 4
      vertex -22.6145 19.6631 4
    endloop
  endfacet
  facet normal 0 0 1
    outer loop
      vertex -20.1992 16.0983 4
      vertex -23.1839 19.202 4
      vertex -20.3067 16.0065 4
    endloop
  endfacet
  facet normal 0 0 1
    outer loop
      vertex -20.3067 16.0065 4
      vertex -23.1839 19.202 4
      vertex -20.4092 15.9092 4
    endloop
  endfacet
  facet normal -0 0 1
    outer loop
      vertex -23.702 18.6839 4
      vertex -20.4092 15.9092 4
      vertex -23.1839 19.202 4
    endloop
  endfacet
  facet normal 0 0 1
    outer loop
      vertex -20.4092 15.9092 4
      vertex -23.702 18.6839 4
      vertex -20.5065 15.8067 4
    endloop
  endfacet
  facet normal 0 0 1
    outer loop
      vertex -20.5065 15.8067 4
      vertex -23.702 18.6839 4
      vertex -20.5983 15.6992 4
    endloop
  endfacet
  facet normal -0 0 1
    outer loop
      vertex -24.1631 18.1145 4
      vertex -20.5983 15.6992 4
      vertex -23.702 18.6839 4
    endloop
  endfacet
  facet normal 0 0 1
    outer loop
      vertex -20.5983 15.6992 4
      vertex -24.1631 18.1145 4
      vertex -20.6843 15.587 4
    endloop
  endfacet
  facet normal 0 0 1
    outer loop
      vertex -20.6843 15.587 4
      vertex -24.1631 18.1145 4
      vertex -20.7644 15.4705 4
    endloop
  endfacet
  facet normal -0 0 1
    outer loop
      vertex -24.5622 17.5 4
      vertex -20.7644 15.4705 4
      vertex -24.1631 18.1145 4
    endloop
  endfacet
  facet normal 0 0 1
    outer loop
      vertex -20.7644 15.4705 4
      vertex -24.5622 17.5 4
      vertex -20.8383 15.35 4
    endloop
  endfacet
  facet normal 0 0 1
    outer loop
      vertex -20.8383 15.35 4
      vertex -24.5622 17.5 4
      vertex -20.9057 15.2258 4
    endloop
  endfacet
  facet normal -0 0 1
    outer loop
      vertex -25.1574 16.1631 4
      vertex -21.0207 14.9676 4
      vertex -24.8948 16.8472 4
    endloop
  endfacet
  facet normal 0 0 1
    outer loop
      vertex -20.9666 15.0982 4
      vertex -24.8948 16.8472 4
      vertex -21.0207 14.9676 4
    endloop
  endfacet
  facet normal 0 0 1
    outer loop
      vertex -20.9057 15.2258 4
      vertex -24.8948 16.8472 4
      vertex -20.9666 15.0982 4
    endloop
  endfacet
  facet normal -0 0 1
    outer loop
      vertex -24.8948 16.8472 4
      vertex -20.9057 15.2258 4
      vertex -24.5622 17.5 4
    endloop
  endfacet
  facet normal 0 0 1
    outer loop
      vertex 25.1574 -16.1631 4
      vertex 21.0207 -14.9676 4
      vertex 24.8948 -16.8472 4
    endloop
  endfacet
  facet normal -0 0 1
    outer loop
      vertex 20.9666 -15.0982 4
      vertex 24.8948 -16.8472 4
      vertex 21.0207 -14.9676 4
    endloop
  endfacet
  facet normal -0 0 1
    outer loop
      vertex 20.9057 -15.2258 4
      vertex 24.8948 -16.8472 4
      vertex 20.9666 -15.0982 4
    endloop
  endfacet
  facet normal 0 0 1
    outer loop
      vertex 24.8948 -16.8472 4
      vertex 20.9057 -15.2258 4
      vertex 24.5622 -17.5 4
    endloop
  endfacet
  facet normal -0 0 1
    outer loop
      vertex 20.8383 -15.35 4
      vertex 24.5622 -17.5 4
      vertex 20.9057 -15.2258 4
    endloop
  endfacet
  facet normal -0 0 1
    outer loop
      vertex 20.7644 -15.4705 4
      vertex 24.5622 -17.5 4
      vertex 20.8383 -15.35 4
    endloop
  endfacet
  facet normal 0 0 1
    outer loop
      vertex 24.5622 -17.5 4
      vertex 20.7644 -15.4705 4
      vertex 24.1631 -18.1145 4
    endloop
  endfacet
  facet normal -0 0 1
    outer loop
      vertex 20.6843 -15.587 4
      vertex 24.1631 -18.1145 4
      vertex 20.7644 -15.4705 4
    endloop
  endfacet
  facet normal -0 0 1
    outer loop
      vertex 20.5983 -15.6992 4
      vertex 24.1631 -18.1145 4
      vertex 20.6843 -15.587 4
    endloop
  endfacet
  facet normal 0 0 1
    outer loop
      vertex 24.1631 -18.1145 4
      vertex 20.5983 -15.6992 4
      vertex 23.702 -18.6839 4
    endloop
  endfacet
  facet normal -0 0 1
    outer loop
      vertex 20.5065 -15.8067 4
      vertex 23.702 -18.6839 4
      vertex 20.5983 -15.6992 4
    endloop
  endfacet
  facet normal -0 0 1
    outer loop
      vertex 20.4092 -15.9092 4
      vertex 23.702 -18.6839 4
      vertex 20.5065 -15.8067 4
    endloop
  endfacet
  facet normal 0 0 1
    outer loop
      vertex 23.702 -18.6839 4
      vertex 20.4092 -15.9092 4
      vertex 23.1839 -19.202 4
    endloop
  endfacet
  facet normal -0 0 1
    outer loop
      vertex 20.3067 -16.0065 4
      vertex 23.1839 -19.202 4
      vertex 20.4092 -15.9092 4
    endloop
  endfacet
  facet normal -0 0 1
    outer loop
      vertex 20.1992 -16.0983 4
      vertex 23.1839 -19.202 4
      vertex 20.3067 -16.0065 4
    endloop
  endfacet
  facet normal 0 0 1
    outer loop
      vertex 23.1839 -19.202 4
      vertex 20.1992 -16.0983 4
      vertex 22.6145 -19.6631 4
    endloop
  endfacet
  facet normal -0 0 1
    outer loop
      vertex 20.087 -16.1843 4
      vertex 22.6145 -19.6631 4
      vertex 20.1992 -16.0983 4
    endloop
  endfacet
  facet normal -0 0 1
    outer loop
      vertex 19.9705 -16.2644 4
      vertex 22.6145 -19.6631 4
      vertex 20.087 -16.1843 4
    endloop
  endfacet
  facet normal 0 0 1
    outer loop
      vertex 22.6145 -19.6631 4
      vertex 19.9705 -16.2644 4
      vertex 22 -20.0622 4
    endloop
  endfacet
  facet normal -0 0 1
    outer loop
      vertex 19.85 -16.3383 4
      vertex 22 -20.0622 4
      vertex 19.9705 -16.2644 4
    endloop
  endfacet
  facet normal -0 0 1
    outer loop
      vertex 19.7258 -16.4057 4
      vertex 22 -20.0622 4
      vertex 19.85 -16.3383 4
    endloop
  endfacet
  facet normal 0 0 1
    outer loop
      vertex 22 -20.0622 4
      vertex 19.7258 -16.4057 4
      vertex 21.3472 -20.3948 4
    endloop
  endfacet
  facet normal -0 0 1
    outer loop
      vertex 19.5982 -16.4666 4
      vertex 21.3472 -20.3948 4
      vertex 19.7258 -16.4057 4
    endloop
  endfacet
  facet normal -0 0 1
    outer loop
      vertex 19.4676 -16.5207 4
      vertex 21.3472 -20.3948 4
      vertex 19.5982 -16.4666 4
    endloop
  endfacet
  facet normal 0 0 1
    outer loop
      vertex 21.3472 -20.3948 4
      vertex 19.4676 -16.5207 4
      vertex 20.6631 -20.6574 4
    endloop
  endfacet
  facet normal -0 0 1
    outer loop
      vertex 19.3343 -16.5679 4
      vertex 20.6631 -20.6574 4
      vertex 19.4676 -16.5207 4
    endloop
  endfacet
  facet normal -0 0 1
    outer loop
      vertex 19.1988 -16.608 4
      vertex 20.6631 -20.6574 4
      vertex 19.3343 -16.5679 4
    endloop
  endfacet
  facet normal 0 0 1
    outer loop
      vertex 20.6631 -20.6574 4
      vertex 19.1988 -16.608 4
      vertex 19.9554 -20.847 4
    endloop
  endfacet
  facet normal -0 0 1
    outer loop
      vertex 19.0614 -16.641 4
      vertex 19.9554 -20.847 4
      vertex 19.1988 -16.608 4
    endloop
  endfacet
  facet normal -0 0 1
    outer loop
      vertex 18.9224 -16.6668 4
      vertex 19.9554 -20.847 4
      vertex 19.0614 -16.641 4
    endloop
  endfacet
  facet normal 0 0 1
    outer loop
      vertex 19.9554 -20.847 4
      vertex 18.9224 -16.6668 4
      vertex 19.2317 -20.9617 4
    endloop
  endfacet
  facet normal -0 0 1
    outer loop
      vertex 18.7822 -16.6852 4
      vertex 19.2317 -20.9617 4
      vertex 18.9224 -16.6668 4
    endloop
  endfacet
  facet normal -0 0 1
    outer loop
      vertex 18.6413 -16.6963 4
      vertex 19.2317 -20.9617 4
      vertex 18.7822 -16.6852 4
    endloop
  endfacet
  facet normal 0 0 1
    outer loop
      vertex 18.5 -21 4
      vertex 18.6413 -16.6963 4
      vertex 18.5 -16.7 4
    endloop
  endfacet
  facet normal 0 0 1
    outer loop
      vertex 18.6413 -16.6963 4
      vertex 18.5 -21 4
      vertex 19.2317 -20.9617 4
    endloop
  endfacet
  facet normal 0 0 1
    outer loop
      vertex 18.3587 -16.6963 4
      vertex 18.5 -21 4
      vertex 18.5 -16.7 4
    endloop
  endfacet
  facet normal 0 0 1
    outer loop
      vertex 18.2178 -16.6852 4
      vertex 18.5 -21 4
      vertex 18.3587 -16.6963 4
    endloop
  endfacet
  facet normal 0 0 1
    outer loop
      vertex 18.0776 -16.6668 4
      vertex 18.5 -21 4
      vertex 18.2178 -16.6852 4
    endloop
  endfacet
  facet normal 0 0 1
    outer loop
      vertex 17.9386 -16.641 4
      vertex 18.5 -21 4
      vertex 18.0776 -16.6668 4
    endloop
  endfacet
  facet normal 0 0 1
    outer loop
      vertex 17.8012 -16.608 4
      vertex 18.5 -21 4
      vertex 17.9386 -16.641 4
    endloop
  endfacet
  facet normal 0 0 1
    outer loop
      vertex 17.6657 -16.5679 4
      vertex 18.5 -21 4
      vertex 17.8012 -16.608 4
    endloop
  endfacet
  facet normal 0 0 1
    outer loop
      vertex 17.5324 -16.5207 4
      vertex 18.5 -21 4
      vertex 17.6657 -16.5679 4
    endloop
  endfacet
  facet normal 0 0 1
    outer loop
      vertex 17.4018 -16.4666 4
      vertex 18.5 -21 4
      vertex 17.5324 -16.5207 4
    endloop
  endfacet
  facet normal 0 0 1
    outer loop
      vertex 17.2742 -16.4057 4
      vertex 18.5 -21 4
      vertex 17.4018 -16.4666 4
    endloop
  endfacet
  facet normal 0 0 1
    outer loop
      vertex 17.15 -16.3383 4
      vertex 18.5 -21 4
      vertex 17.2742 -16.4057 4
    endloop
  endfacet
  facet normal 0 0 1
    outer loop
      vertex 17.0295 -16.2644 4
      vertex 18.5 -21 4
      vertex 17.15 -16.3383 4
    endloop
  endfacet
  facet normal 0 0 1
    outer loop
      vertex 16.913 -16.1843 4
      vertex 18.5 -21 4
      vertex 17.0295 -16.2644 4
    endloop
  endfacet
  facet normal 0 0 1
    outer loop
      vertex 16.8008 -16.0983 4
      vertex 18.5 -21 4
      vertex 16.913 -16.1843 4
    endloop
  endfacet
  facet normal 0 0 1
    outer loop
      vertex 16.6933 -16.0065 4
      vertex 18.5 -21 4
      vertex 16.8008 -16.0983 4
    endloop
  endfacet
  facet normal 0 0 1
    outer loop
      vertex 16.5908 -15.9092 4
      vertex 18.5 -21 4
      vertex 16.6933 -16.0065 4
    endloop
  endfacet
  facet normal 0 0 1
    outer loop
      vertex 16.4935 -15.8067 4
      vertex 18.5 -21 4
      vertex 16.5908 -15.9092 4
    endloop
  endfacet
  facet normal 0 0 1
    outer loop
      vertex 16.4017 -15.6992 4
      vertex 18.5 -21 4
      vertex 16.4935 -15.8067 4
    endloop
  endfacet
  facet normal 0 0 1
    outer loop
      vertex 16.3157 -15.587 4
      vertex 18.5 -21 4
      vertex 16.4017 -15.6992 4
    endloop
  endfacet
  facet normal 0 0 1
    outer loop
      vertex 16.2356 -15.4705 4
      vertex 18.5 -21 4
      vertex 16.3157 -15.587 4
    endloop
  endfacet
  facet normal 0 0 1
    outer loop
      vertex 16.1617 -15.35 4
      vertex 18.5 -21 4
      vertex 16.2356 -15.4705 4
    endloop
  endfacet
  facet normal 0 0 1
    outer loop
      vertex 7.95 -7.9 4
      vertex 16.1617 -15.35 4
      vertex 16.0943 -15.2258 4
    endloop
  endfacet
  facet normal 0 0 1
    outer loop
      vertex 7.95 -7.9 4
      vertex 16.0943 -15.2258 4
      vertex 16.0334 -15.0982 4
    endloop
  endfacet
  facet normal 0 0 1
    outer loop
      vertex 15.8037 -13.8587 4
      vertex 7.95 -7.9 4
      vertex 15.8 -14 4
    endloop
  endfacet
  facet normal 0 0 1
    outer loop
      vertex 15.8 -14 4
      vertex 7.95 -7.9 4
      vertex 15.8037 -14.1413 4
    endloop
  endfacet
  facet normal 0 0 1
    outer loop
      vertex 15.8037 -14.1413 4
      vertex 7.95 -7.9 4
      vertex 15.8148 -14.2822 4
    endloop
  endfacet
  facet normal 0 0 1
    outer loop
      vertex 15.8148 -14.2822 4
      vertex 7.95 -7.9 4
      vertex 15.8332 -14.4224 4
    endloop
  endfacet
  facet normal 0 0 1
    outer loop
      vertex 15.8332 -14.4224 4
      vertex 7.95 -7.9 4
      vertex 15.859 -14.5614 4
    endloop
  endfacet
  facet normal 0 0 1
    outer loop
      vertex 15.859 -14.5614 4
      vertex 7.95 -7.9 4
      vertex 15.892 -14.6988 4
    endloop
  endfacet
  facet normal 0 0 1
    outer loop
      vertex 15.892 -14.6988 4
      vertex 7.95 -7.9 4
      vertex 15.9321 -14.8343 4
    endloop
  endfacet
  facet normal 0 0 1
    outer loop
      vertex 7.95 -7.9 4
      vertex 15.9793 -14.9676 4
      vertex 15.9321 -14.8343 4
    endloop
  endfacet
  facet normal 0 0 1
    outer loop
      vertex 7.95 -7.9 4
      vertex 16.0334 -15.0982 4
      vertex 15.9793 -14.9676 4
    endloop
  endfacet
  facet normal 0 0 1
    outer loop
      vertex 16.1617 -15.35 4
      vertex 7.95 -7.9 4
      vertex -7.95 -7.9 4
    endloop
  endfacet
  facet normal 0 0 1
    outer loop
      vertex 16.1617 -15.35 4
      vertex -7.95 -7.9 4
      vertex -16.1617 -15.35 4
    endloop
  endfacet
  facet normal -0 0 1
    outer loop
      vertex -15.8148 13.7178 4
      vertex -7.95 7.9 4
      vertex -15.8037 13.8587 4
    endloop
  endfacet
  facet normal 0 0 1
    outer loop
      vertex -15.8037 -14.1413 4
      vertex -7.95 -7.9 4
      vertex -15.8 -14 4
    endloop
  endfacet
  facet normal 0 0 1
    outer loop
      vertex -15.8148 -14.2822 4
      vertex -7.95 -7.9 4
      vertex -15.8037 -14.1413 4
    endloop
  endfacet
  facet normal 0 0 1
    outer loop
      vertex -15.8332 -14.4224 4
      vertex -7.95 -7.9 4
      vertex -15.8148 -14.2822 4
    endloop
  endfacet
  facet normal 0 0 1
    outer loop
      vertex -15.859 -14.5614 4
      vertex -7.95 -7.9 4
      vertex -15.8332 -14.4224 4
    endloop
  endfacet
  facet normal 0 0 1
    outer loop
      vertex -15.892 -14.6988 4
      vertex -7.95 -7.9 4
      vertex -15.859 -14.5614 4
    endloop
  endfacet
  facet normal 0 0 1
    outer loop
      vertex -15.9321 -14.8343 4
      vertex -7.95 -7.9 4
      vertex -15.892 -14.6988 4
    endloop
  endfacet
  facet normal 0 0 1
    outer loop
      vertex -15.9793 -14.9676 4
      vertex -7.95 -7.9 4
      vertex -15.9321 -14.8343 4
    endloop
  endfacet
  facet normal 0 0 1
    outer loop
      vertex -16.0334 -15.0982 4
      vertex -7.95 -7.9 4
      vertex -15.9793 -14.9676 4
    endloop
  endfacet
  facet normal 0 0 1
    outer loop
      vertex -16.0943 -15.2258 4
      vertex -7.95 -7.9 4
      vertex -16.0334 -15.0982 4
    endloop
  endfacet
  facet normal 0 0 1
    outer loop
      vertex -16.1617 -15.35 4
      vertex -7.95 -7.9 4
      vertex -16.0943 -15.2258 4
    endloop
  endfacet
  facet normal 0 0 1
    outer loop
      vertex 16.1617 -15.35 4
      vertex -16.1617 -15.35 4
      vertex 18.5 -21 4
    endloop
  endfacet
  facet normal -0 0 1
    outer loop
      vertex -16.2356 -15.4705 4
      vertex 18.5 -21 4
      vertex -16.1617 -15.35 4
    endloop
  endfacet
  facet normal 0 0 1
    outer loop
      vertex -18.5 -21 4
      vertex -16.2356 -15.4705 4
      vertex -16.3157 -15.587 4
    endloop
  endfacet
  facet normal 0 0 1
    outer loop
      vertex -18.5 -21 4
      vertex -16.3157 -15.587 4
      vertex -16.4017 -15.6992 4
    endloop
  endfacet
  facet normal 0 0 1
    outer loop
      vertex -18.5 -21 4
      vertex -16.4017 -15.6992 4
      vertex -16.4935 -15.8067 4
    endloop
  endfacet
  facet normal 0 0 1
    outer loop
      vertex -18.5 -21 4
      vertex -16.4935 -15.8067 4
      vertex -16.5908 -15.9092 4
    endloop
  endfacet
  facet normal 0 0 1
    outer loop
      vertex -18.5 -21 4
      vertex -16.5908 -15.9092 4
      vertex -16.6933 -16.0065 4
    endloop
  endfacet
  facet normal 0 0 1
    outer loop
      vertex -18.5 -21 4
      vertex -16.6933 -16.0065 4
      vertex -16.8008 -16.0983 4
    endloop
  endfacet
  facet normal 0 0 1
    outer loop
      vertex -18.5 -21 4
      vertex -16.8008 -16.0983 4
      vertex -16.913 -16.1843 4
    endloop
  endfacet
  facet normal 0 0 1
    outer loop
      vertex -18.5 -21 4
      vertex -16.913 -16.1843 4
      vertex -17.0295 -16.2644 4
    endloop
  endfacet
  facet normal 0 0 1
    outer loop
      vertex -18.5 -21 4
      vertex -17.0295 -16.2644 4
      vertex -17.15 -16.3383 4
    endloop
  endfacet
  facet normal 0 0 1
    outer loop
      vertex -18.5 -21 4
      vertex -17.15 -16.3383 4
      vertex -17.2742 -16.4057 4
    endloop
  endfacet
  facet normal 0 0 1
    outer loop
      vertex -18.5 -21 4
      vertex -17.2742 -16.4057 4
      vertex -17.4018 -16.4666 4
    endloop
  endfacet
  facet normal 0 0 1
    outer loop
      vertex -18.5 -21 4
      vertex -17.4018 -16.4666 4
      vertex -17.5324 -16.5207 4
    endloop
  endfacet
  facet normal 0 0 1
    outer loop
      vertex -18.5 -21 4
      vertex -17.5324 -16.5207 4
      vertex -17.6657 -16.5679 4
    endloop
  endfacet
  facet normal 0 0 1
    outer loop
      vertex -18.5 -21 4
      vertex -17.6657 -16.5679 4
      vertex -17.8012 -16.608 4
    endloop
  endfacet
  facet normal 0 0 1
    outer loop
      vertex -18.5 -21 4
      vertex -17.8012 -16.608 4
      vertex -17.9386 -16.641 4
    endloop
  endfacet
  facet normal 0 0 1
    outer loop
      vertex -18.5 -21 4
      vertex -17.9386 -16.641 4
      vertex -18.0776 -16.6668 4
    endloop
  endfacet
  facet normal 0 0 1
    outer loop
      vertex -18.5 -21 4
      vertex -18.0776 -16.6668 4
      vertex -18.2178 -16.6852 4
    endloop
  endfacet
  facet normal 0 0 1
    outer loop
      vertex -18.5 -21 4
      vertex -18.2178 -16.6852 4
      vertex -18.3587 -16.6963 4
    endloop
  endfacet
  facet normal 0 0 1
    outer loop
      vertex -18.5 -21 4
      vertex -18.3587 -16.6963 4
      vertex -18.5 -16.7 4
    endloop
  endfacet
  facet normal 0 0 1
    outer loop
      vertex -16.2356 -15.4705 4
      vertex -18.5 -21 4
      vertex 18.5 -21 4
    endloop
  endfacet
  facet normal 0 0 1
    outer loop
      vertex -18.6413 -16.6963 4
      vertex -18.5 -21 4
      vertex -18.5 -16.7 4
    endloop
  endfacet
  facet normal 0 0 1
    outer loop
      vertex -19.2317 -20.9617 4
      vertex -18.6413 -16.6963 4
      vertex -18.7822 -16.6852 4
    endloop
  endfacet
  facet normal 0 0 1
    outer loop
      vertex -19.2317 -20.9617 4
      vertex -18.7822 -16.6852 4
      vertex -18.9224 -16.6668 4
    endloop
  endfacet
  facet normal 0 0 1
    outer loop
      vertex -19.9554 -20.847 4
      vertex -18.9224 -16.6668 4
      vertex -19.0614 -16.641 4
    endloop
  endfacet
  facet normal 0 0 1
    outer loop
      vertex -19.9554 -20.847 4
      vertex -19.0614 -16.641 4
      vertex -19.1988 -16.608 4
    endloop
  endfacet
  facet normal 0 0 1
    outer loop
      vertex -18.6413 -16.6963 4
      vertex -19.2317 -20.9617 4
      vertex -18.5 -21 4
    endloop
  endfacet
  facet normal 0 0 1
    outer loop
      vertex -20.6631 -20.6574 4
      vertex -19.1988 -16.608 4
      vertex -19.3343 -16.5679 4
    endloop
  endfacet
  facet normal 0 0 1
    outer loop
      vertex -20.6631 -20.6574 4
      vertex -19.3343 -16.5679 4
      vertex -19.4676 -16.5207 4
    endloop
  endfacet
  facet normal 0 0 1
    outer loop
      vertex -21.3472 -20.3948 4
      vertex -19.4676 -16.5207 4
      vertex -19.5982 -16.4666 4
    endloop
  endfacet
  facet normal 0 0 1
    outer loop
      vertex -21.3472 -20.3948 4
      vertex -19.5982 -16.4666 4
      vertex -19.7258 -16.4057 4
    endloop
  endfacet
  facet normal 0 0 1
    outer loop
      vertex -22 -20.0622 4
      vertex -19.7258 -16.4057 4
      vertex -19.85 -16.3383 4
    endloop
  endfacet
  facet normal 0 0 1
    outer loop
      vertex -18.9224 -16.6668 4
      vertex -19.9554 -20.847 4
      vertex -19.2317 -20.9617 4
    endloop
  endfacet
  facet normal 0 0 1
    outer loop
      vertex -22 -20.0622 4
      vertex -19.85 -16.3383 4
      vertex -19.9705 -16.2644 4
    endloop
  endfacet
  facet normal 0 0 1
    outer loop
      vertex -22.6145 -19.6631 4
      vertex -19.9705 -16.2644 4
      vertex -20.087 -16.1843 4
    endloop
  endfacet
  facet normal 0 0 1
    outer loop
      vertex -22.6145 -19.6631 4
      vertex -20.087 -16.1843 4
      vertex -20.1992 -16.0983 4
    endloop
  endfacet
  facet normal 0 0 1
    outer loop
      vertex -23.1839 -19.202 4
      vertex -20.1992 -16.0983 4
      vertex -20.3067 -16.0065 4
    endloop
  endfacet
  facet normal 0 0 1
    outer loop
      vertex -23.1839 -19.202 4
      vertex -20.3067 -16.0065 4
      vertex -20.4092 -15.9092 4
    endloop
  endfacet
  facet normal 0 0 1
    outer loop
      vertex -23.702 -18.6839 4
      vertex -20.4092 -15.9092 4
      vertex -20.5065 -15.8067 4
    endloop
  endfacet
  facet normal 0 0 1
    outer loop
      vertex -23.702 -18.6839 4
      vertex -20.5065 -15.8067 4
      vertex -20.5983 -15.6992 4
    endloop
  endfacet
  facet normal 0 0 1
    outer loop
      vertex -19.1988 -16.608 4
      vertex -20.6631 -20.6574 4
      vertex -19.9554 -20.847 4
    endloop
  endfacet
  facet normal 0 0 1
    outer loop
      vertex -24.1631 -18.1145 4
      vertex -20.5983 -15.6992 4
      vertex -20.6843 -15.587 4
    endloop
  endfacet
  facet normal 0 0 1
    outer loop
      vertex -24.1631 -18.1145 4
      vertex -20.6843 -15.587 4
      vertex -20.7644 -15.4705 4
    endloop
  endfacet
  facet normal 0 0 1
    outer loop
      vertex -24.5622 -17.5 4
      vertex -20.7644 -15.4705 4
      vertex -20.8383 -15.35 4
    endloop
  endfacet
  facet normal 0 0 1
    outer loop
      vertex -24.5622 -17.5 4
      vertex -20.8383 -15.35 4
      vertex -20.9057 -15.2258 4
    endloop
  endfacet
  facet normal 0 0 1
    outer loop
      vertex -24.8948 -16.8472 4
      vertex -20.9057 -15.2258 4
      vertex -20.9666 -15.0982 4
    endloop
  endfacet
  facet normal 0 0 1
    outer loop
      vertex -24.8948 -16.8472 4
      vertex -20.9666 -15.0982 4
      vertex -21.0207 -14.9676 4
    endloop
  endfacet
  facet normal 0 0 1
    outer loop
      vertex -25.1574 -16.1631 4
      vertex -21.0207 -14.9676 4
      vertex -21.0679 -14.8343 4
    endloop
  endfacet
  facet normal 0 0 1
    outer loop
      vertex -25.1574 -16.1631 4
      vertex -21.0679 -14.8343 4
      vertex -21.108 -14.6988 4
    endloop
  endfacet
  facet normal 0 0 1
    outer loop
      vertex -25.347 -15.4554 4
      vertex -21.108 -14.6988 4
      vertex -21.141 -14.5614 4
    endloop
  endfacet
  facet normal 0 0 1
    outer loop
      vertex -25.347 -15.4554 4
      vertex -21.141 -14.5614 4
      vertex -21.1668 -14.4224 4
    endloop
  endfacet
  facet normal 0 0 1
    outer loop
      vertex -25.4617 -14.7317 4
      vertex -21.1668 -14.4224 4
      vertex -21.1852 -14.2822 4
    endloop
  endfacet
  facet normal 0 0 1
    outer loop
      vertex -19.4676 -16.5207 4
      vertex -21.3472 -20.3948 4
      vertex -20.6631 -20.6574 4
    endloop
  endfacet
  facet normal 0 0 1
    outer loop
      vertex -25.4617 -14.7317 4
      vertex -21.1852 -14.2822 4
      vertex -21.1963 -14.1413 4
    endloop
  endfacet
  facet normal -0 0 1
    outer loop
      vertex -25.5 -14 4
      vertex -21.1963 -14.1413 4
      vertex -21.2 -14 4
    endloop
  endfacet
  facet normal 0 0 1
    outer loop
      vertex -21.1852 -13.7178 4
      vertex -25.5 -14 4
      vertex -21.1963 -13.8587 4
    endloop
  endfacet
  facet normal 0 0 1
    outer loop
      vertex -21.0207 14.9676 4
      vertex -25.1574 16.1631 4
      vertex -21.0679 14.8343 4
    endloop
  endfacet
  facet normal 0 0 1
    outer loop
      vertex -21.1963 -13.8587 4
      vertex -25.5 -14 4
      vertex -21.2 -14 4
    endloop
  endfacet
  facet normal 0 0 1
    outer loop
      vertex -21.0679 14.8343 4
      vertex -25.1574 16.1631 4
      vertex -21.108 14.6988 4
    endloop
  endfacet
  facet normal 0 0 1
    outer loop
      vertex -21.1963 -14.1413 4
      vertex -25.5 -14 4
      vertex -25.4617 -14.7317 4
    endloop
  endfacet
  facet normal -0 0 1
    outer loop
      vertex -25.347 15.4554 4
      vertex -21.108 14.6988 4
      vertex -25.1574 16.1631 4
    endloop
  endfacet
  facet normal 0 0 1
    outer loop
      vertex -19.7258 -16.4057 4
      vertex -22 -20.0622 4
      vertex -21.3472 -20.3948 4
    endloop
  endfacet
  facet normal 0 0 1
    outer loop
      vertex -21.108 14.6988 4
      vertex -25.347 15.4554 4
      vertex -21.141 14.5614 4
    endloop
  endfacet
  facet normal 0 0 1
    outer loop
      vertex -19.9705 -16.2644 4
      vertex -22.6145 -19.6631 4
      vertex -22 -20.0622 4
    endloop
  endfacet
  facet normal 0 0 1
    outer loop
      vertex -21.141 14.5614 4
      vertex -25.347 15.4554 4
      vertex -21.1668 14.4224 4
    endloop
  endfacet
  facet normal 0 0 1
    outer loop
      vertex -20.1992 -16.0983 4
      vertex -23.1839 -19.202 4
      vertex -22.6145 -19.6631 4
    endloop
  endfacet
  facet normal -0 0 1
    outer loop
      vertex -25.4617 14.7317 4
      vertex -21.1668 14.4224 4
      vertex -25.347 15.4554 4
    endloop
  endfacet
  facet normal 0 0 1
    outer loop
      vertex -20.4092 -15.9092 4
      vertex -23.702 -18.6839 4
      vertex -23.1839 -19.202 4
    endloop
  endfacet
  facet normal 0 0 1
    outer loop
      vertex -21.1668 14.4224 4
      vertex -25.4617 14.7317 4
      vertex -21.1852 14.2822 4
    endloop
  endfacet
  facet normal 0 0 1
    outer loop
      vertex -20.5983 -15.6992 4
      vertex -24.1631 -18.1145 4
      vertex -23.702 -18.6839 4
    endloop
  endfacet
  facet normal 0 0 1
    outer loop
      vertex -21.1852 14.2822 4
      vertex -25.4617 14.7317 4
      vertex -21.1963 14.1413 4
    endloop
  endfacet
  facet normal 0 0 1
    outer loop
      vertex -20.7644 -15.4705 4
      vertex -24.5622 -17.5 4
      vertex -24.1631 -18.1145 4
    endloop
  endfacet
  facet normal 0 0 1
    outer loop
      vertex -25.5 14 4
      vertex -21.1963 14.1413 4
      vertex -25.4617 14.7317 4
    endloop
  endfacet
  facet normal 0 0 1
    outer loop
      vertex -20.9057 -15.2258 4
      vertex -24.8948 -16.8472 4
      vertex -24.5622 -17.5 4
    endloop
  endfacet
  facet normal 0 0 1
    outer loop
      vertex -21.1963 14.1413 4
      vertex -25.5 14 4
      vertex -21.2 14 4
    endloop
  endfacet
  facet normal 0 0 1
    outer loop
      vertex -21.0207 -14.9676 4
      vertex -25.1574 -16.1631 4
      vertex -24.8948 -16.8472 4
    endloop
  endfacet
  facet normal 0 0 1
    outer loop
      vertex -21.108 -14.6988 4
      vertex -25.347 -15.4554 4
      vertex -25.1574 -16.1631 4
    endloop
  endfacet
  facet normal 0 0 1
    outer loop
      vertex -21.1668 -14.4224 4
      vertex -25.4617 -14.7317 4
      vertex -25.347 -15.4554 4
    endloop
  endfacet
  facet normal 1 -0 0
    outer loop
      vertex 9.059 -9.009 7.6
      vertex 9.059 9.009 6.48881
      vertex 9.059 9.009 7.6
    endloop
  endfacet
  facet normal 1 0 0
    outer loop
      vertex 9.059 9.009 6.48881
      vertex 9.059 -9.009 7.6
      vertex 9.059 -9.009 6.48881
    endloop
  endfacet
  facet normal 0 -1 0
    outer loop
      vertex -9.059 -9.009 6.48881
      vertex 9.059 -9.009 7.6
      vertex -9.059 -9.009 7.6
    endloop
  endfacet
  facet normal 0 -1 -0
    outer loop
      vertex 9.059 -9.009 7.6
      vertex -9.059 -9.009 6.48881
      vertex 9.059 -9.009 6.48881
    endloop
  endfacet
  facet normal -1 0 0
    outer loop
      vertex -9.059 -9.009 6.48881
      vertex -9.059 9.009 7.6
      vertex -9.059 9.009 6.48881
    endloop
  endfacet
  facet normal -1 -0 0
    outer loop
      vertex -9.059 9.009 7.6
      vertex -9.059 -9.009 6.48881
      vertex -9.059 -9.009 7.6
    endloop
  endfacet
  facet normal 0 1 -0
    outer loop
      vertex 9.059 9.009 6.48881
      vertex -9.059 9.009 7.6
      vertex 9.059 9.009 7.6
    endloop
  endfacet
  facet normal 0 1 0
    outer loop
      vertex -9.059 9.009 7.6
      vertex 9.059 9.009 6.48881
      vertex -9.059 9.009 6.48881
    endloop
  endfacet
  facet normal 0.719342 0 -0.694656
    outer loop
      vertex 9.059 9.009 6.48881
      vertex 7.95 -7.9 5.3404
      vertex 7.95 7.9 5.3404
    endloop
  endfacet
  facet normal 0.719342 0 -0.694656
    outer loop
      vertex 7.95 -7.9 5.3404
      vertex 9.059 9.009 6.48881
      vertex 9.059 -9.009 6.48881
    endloop
  endfacet
  facet normal 0 -0.719342 -0.694656
    outer loop
      vertex -7.95 -7.9 5.3404
      vertex 9.059 -9.009 6.48881
      vertex -9.059 -9.009 6.48881
    endloop
  endfacet
  facet normal 0 -0.719342 -0.694656
    outer loop
      vertex 9.059 -9.009 6.48881
      vertex -7.95 -7.9 5.3404
      vertex 7.95 -7.9 5.3404
    endloop
  endfacet
  facet normal 0 1 -0
    outer loop
      vertex 18.5 21 0
      vertex -18.5 21 4
      vertex 18.5 21 4
    endloop
  endfacet
  facet normal 0 1 0
    outer loop
      vertex -18.5 21 4
      vertex 18.5 21 0
      vertex -18.5 21 0
    endloop
  endfacet
  facet normal -0.0522723 0.998633 0
    outer loop
      vertex -18.5 21 0
      vertex -19.2317 20.9617 4
      vertex -18.5 21 4
    endloop
  endfacet
  facet normal -0.0522723 0.998633 0
    outer loop
      vertex -19.2317 20.9617 4
      vertex -18.5 21 0
      vertex -19.2317 20.9617 0
    endloop
  endfacet
  facet normal -0.156537 0.987672 0
    outer loop
      vertex -19.2317 20.9617 0
      vertex -19.9554 20.847 4
      vertex -19.2317 20.9617 4
    endloop
  endfacet
  facet normal -0.156537 0.987672 0
    outer loop
      vertex -19.9554 20.847 4
      vertex -19.2317 20.9617 0
      vertex -19.9554 20.847 0
    endloop
  endfacet
  facet normal -0.258784 0.965935 0
    outer loop
      vertex -19.9554 20.847 0
      vertex -20.6631 20.6574 4
      vertex -19.9554 20.847 4
    endloop
  endfacet
  facet normal -0.258784 0.965935 0
    outer loop
      vertex -20.6631 20.6574 4
      vertex -19.9554 20.847 0
      vertex -20.6631 20.6574 0
    endloop
  endfacet
  facet normal -0.358366 0.933581 0
    outer loop
      vertex -20.6631 20.6574 0
      vertex -21.3472 20.3948 4
      vertex -20.6631 20.6574 4
    endloop
  endfacet
  facet normal -0.358366 0.933581 0
    outer loop
      vertex -21.3472 20.3948 4
      vertex -20.6631 20.6574 0
      vertex -21.3472 20.3948 0
    endloop
  endfacet
  facet normal -0.453971 0.891017 0
    outer loop
      vertex -21.3472 20.3948 0
      vertex -22 20.0622 4
      vertex -21.3472 20.3948 4
    endloop
  endfacet
  facet normal -0.453971 0.891017 0
    outer loop
      vertex -22 20.0622 4
      vertex -21.3472 20.3948 0
      vertex -22 20.0622 0
    endloop
  endfacet
  facet normal -0.544677 0.838646 0
    outer loop
      vertex -22 20.0622 0
      vertex -22.6145 19.6631 4
      vertex -22 20.0622 4
    endloop
  endfacet
  facet normal -0.544677 0.838646 0
    outer loop
      vertex -22.6145 19.6631 4
      vertex -22 20.0622 0
      vertex -22.6145 19.6631 0
    endloop
  endfacet
  facet normal -0.629328 0.77714 0
    outer loop
      vertex -22.6145 19.6631 0
      vertex -23.1839 19.202 4
      vertex -22.6145 19.6631 4
    endloop
  endfacet
  facet normal -0.629328 0.77714 0
    outer loop
      vertex -23.1839 19.202 4
      vertex -22.6145 19.6631 0
      vertex -23.1839 19.202 0
    endloop
  endfacet
  facet normal -0.707107 0.707107 0
    outer loop
      vertex -23.702 18.6839 0
      vertex -23.1839 19.202 4
      vertex -23.1839 19.202 0
    endloop
  endfacet
  facet normal -0.707107 0.707107 0
    outer loop
      vertex -23.1839 19.202 4
      vertex -23.702 18.6839 0
      vertex -23.702 18.6839 4
    endloop
  endfacet
  facet normal -0.77714 0.629328 0
    outer loop
      vertex -24.1631 18.1145 0
      vertex -23.702 18.6839 4
      vertex -23.702 18.6839 0
    endloop
  endfacet
  facet normal -0.77714 0.629328 0
    outer loop
      vertex -23.702 18.6839 4
      vertex -24.1631 18.1145 0
      vertex -24.1631 18.1145 4
    endloop
  endfacet
  facet normal -0.838646 0.544677 0
    outer loop
      vertex -24.5622 17.5 0
      vertex -24.1631 18.1145 4
      vertex -24.1631 18.1145 0
    endloop
  endfacet
  facet normal -0.838646 0.544677 0
    outer loop
      vertex -24.1631 18.1145 4
      vertex -24.5622 17.5 0
      vertex -24.5622 17.5 4
    endloop
  endfacet
  facet normal -0.891017 0.453971 0
    outer loop
      vertex -24.8948 16.8472 0
      vertex -24.5622 17.5 4
      vertex -24.5622 17.5 0
    endloop
  endfacet
  facet normal -0.891017 0.453971 0
    outer loop
      vertex -24.5622 17.5 4
      vertex -24.8948 16.8472 0
      vertex -24.8948 16.8472 4
    endloop
  endfacet
  facet normal -0.933581 0.358366 0
    outer loop
      vertex -25.1574 16.1631 0
      vertex -24.8948 16.8472 4
      vertex -24.8948 16.8472 0
    endloop
  endfacet
  facet normal -0.933581 0.358366 0
    outer loop
      vertex -24.8948 16.8472 4
      vertex -25.1574 16.1631 0
      vertex -25.1574 16.1631 4
    endloop
  endfacet
  facet normal -0.965935 0.258784 0
    outer loop
      vertex -25.347 15.4554 0
      vertex -25.1574 16.1631 4
      vertex -25.1574 16.1631 0
    endloop
  endfacet
  facet normal -0.965935 0.258784 0
    outer loop
      vertex -25.1574 16.1631 4
      vertex -25.347 15.4554 0
      vertex -25.347 15.4554 4
    endloop
  endfacet
  facet normal -0.987672 0.156537 0
    outer loop
      vertex -25.4617 14.7317 0
      vertex -25.347 15.4554 4
      vertex -25.347 15.4554 0
    endloop
  endfacet
  facet normal -0.987672 0.156537 0
    outer loop
      vertex -25.347 15.4554 4
      vertex -25.4617 14.7317 0
      vertex -25.4617 14.7317 4
    endloop
  endfacet
  facet normal -0.998633 0.0522723 0
    outer loop
      vertex -25.5 14 0
      vertex -25.4617 14.7317 4
      vertex -25.4617 14.7317 0
    endloop
  endfacet
  facet normal -0.998633 0.0522723 0
    outer loop
      vertex -25.4617 14.7317 4
      vertex -25.5 14 0
      vertex -25.5 14 4
    endloop
  endfacet
  facet normal -1 0 0
    outer loop
      vertex -25.5 -14 0
      vertex -25.5 14 4
      vertex -25.5 14 0
    endloop
  endfacet
  facet normal -1 -0 0
    outer loop
      vertex -25.5 14 4
      vertex -25.5 -14 0
      vertex -25.5 -14 4
    endloop
  endfacet
  facet normal -1 0 0
    outer loop
      vertex -7.95 -7.9 4
      vertex -7.95 7.9 5.3404
      vertex -7.95 7.9 4
    endloop
  endfacet
  facet normal -1 -0 0
    outer loop
      vertex -7.95 7.9 5.3404
      vertex -7.95 -7.9 4
      vertex -7.95 -7.9 5.3404
    endloop
  endfacet
  facet normal -0.719342 0 -0.694656
    outer loop
      vertex -7.95 -7.9 5.3404
      vertex -9.059 9.009 6.48881
      vertex -7.95 7.9 5.3404
    endloop
  endfacet
  facet normal -0.719342 -0 -0.694656
    outer loop
      vertex -9.059 9.009 6.48881
      vertex -7.95 -7.9 5.3404
      vertex -9.059 -9.009 6.48881
    endloop
  endfacet
  facet normal 0 1 -0
    outer loop
      vertex 7.95 7.9 4
      vertex -7.95 7.9 5.3404
      vertex 7.95 7.9 5.3404
    endloop
  endfacet
  facet normal 0 1 0
    outer loop
      vertex -7.95 7.9 5.3404
      vertex 7.95 7.9 4
      vertex -7.95 7.9 4
    endloop
  endfacet
  facet normal -0 0 1
    outer loop
      vertex -9.059 9.009 7.6
      vertex 9.059 -9.009 7.6
      vertex 9.059 9.009 7.6
    endloop
  endfacet
  facet normal 0 0 1
    outer loop
      vertex 9.059 -9.009 7.6
      vertex -9.059 9.009 7.6
      vertex -9.059 -9.009 7.6
    endloop
  endfacet
  facet normal 0 0.719342 -0.694656
    outer loop
      vertex 7.95 7.9 5.3404
      vertex -9.059 9.009 6.48881
      vertex 9.059 9.009 6.48881
    endloop
  endfacet
  facet normal 0 0.719342 -0.694656
    outer loop
      vertex -9.059 9.009 6.48881
      vertex 7.95 7.9 5.3404
      vertex -7.95 7.9 5.3404
    endloop
  endfacet
  facet normal 0 -1 0
    outer loop
      vertex -18.5 -21 0
      vertex 18.5 -21 4
      vertex -18.5 -21 4
    endloop
  endfacet
  facet normal 0 -1 -0
    outer loop
      vertex 18.5 -21 4
      vertex -18.5 -21 0
      vertex 18.5 -21 0
    endloop
  endfacet
  facet normal -0.998633 -0.0522723 0
    outer loop
      vertex -25.4617 -14.7317 0
      vertex -25.5 -14 4
      vertex -25.5 -14 0
    endloop
  endfacet
  facet normal -0.998633 -0.0522723 0
    outer loop
      vertex -25.5 -14 4
      vertex -25.4617 -14.7317 0
      vertex -25.4617 -14.7317 4
    endloop
  endfacet
  facet normal -0.987672 -0.156537 0
    outer loop
      vertex -25.347 -15.4554 0
      vertex -25.4617 -14.7317 4
      vertex -25.4617 -14.7317 0
    endloop
  endfacet
  facet normal -0.987672 -0.156537 0
    outer loop
      vertex -25.4617 -14.7317 4
      vertex -25.347 -15.4554 0
      vertex -25.347 -15.4554 4
    endloop
  endfacet
  facet normal -0.965935 -0.258784 0
    outer loop
      vertex -25.1574 -16.1631 0
      vertex -25.347 -15.4554 4
      vertex -25.347 -15.4554 0
    endloop
  endfacet
  facet normal -0.965935 -0.258784 0
    outer loop
      vertex -25.347 -15.4554 4
      vertex -25.1574 -16.1631 0
      vertex -25.1574 -16.1631 4
    endloop
  endfacet
  facet normal -0.933581 -0.358366 0
    outer loop
      vertex -24.8948 -16.8472 0
      vertex -25.1574 -16.1631 4
      vertex -25.1574 -16.1631 0
    endloop
  endfacet
  facet normal -0.933581 -0.358366 0
    outer loop
      vertex -25.1574 -16.1631 4
      vertex -24.8948 -16.8472 0
      vertex -24.8948 -16.8472 4
    endloop
  endfacet
  facet normal -0.891017 -0.453971 0
    outer loop
      vertex -24.5622 -17.5 0
      vertex -24.8948 -16.8472 4
      vertex -24.8948 -16.8472 0
    endloop
  endfacet
  facet normal -0.891017 -0.453971 0
    outer loop
      vertex -24.8948 -16.8472 4
      vertex -24.5622 -17.5 0
      vertex -24.5622 -17.5 4
    endloop
  endfacet
  facet normal -0.838646 -0.544677 0
    outer loop
      vertex -24.1631 -18.1145 0
      vertex -24.5622 -17.5 4
      vertex -24.5622 -17.5 0
    endloop
  endfacet
  facet normal -0.838646 -0.544677 0
    outer loop
      vertex -24.5622 -17.5 4
      vertex -24.1631 -18.1145 0
      vertex -24.1631 -18.1145 4
    endloop
  endfacet
  facet normal -0.77714 -0.629328 0
    outer loop
      vertex -23.702 -18.6839 0
      vertex -24.1631 -18.1145 4
      vertex -24.1631 -18.1145 0
    endloop
  endfacet
  facet normal -0.77714 -0.629328 0
    outer loop
      vertex -24.1631 -18.1145 4
      vertex -23.702 -18.6839 0
      vertex -23.702 -18.6839 4
    endloop
  endfacet
  facet normal -0.707107 -0.707107 0
    outer loop
      vertex -23.1839 -19.202 0
      vertex -23.702 -18.6839 4
      vertex -23.702 -18.6839 0
    endloop
  endfacet
  facet normal -0.707107 -0.707107 0
    outer loop
      vertex -23.702 -18.6839 4
      vertex -23.1839 -19.202 0
      vertex -23.1839 -19.202 4
    endloop
  endfacet
  facet normal -0.629328 -0.77714 0
    outer loop
      vertex -23.1839 -19.202 0
      vertex -22.6145 -19.6631 4
      vertex -23.1839 -19.202 4
    endloop
  endfacet
  facet normal -0.629328 -0.77714 -0
    outer loop
      vertex -22.6145 -19.6631 4
      vertex -23.1839 -19.202 0
      vertex -22.6145 -19.6631 0
    endloop
  endfacet
  facet normal -0.544677 -0.838646 0
    outer loop
      vertex -22.6145 -19.6631 0
      vertex -22 -20.0622 4
      vertex -22.6145 -19.6631 4
    endloop
  endfacet
  facet normal -0.544677 -0.838646 -0
    outer loop
      vertex -22 -20.0622 4
      vertex -22.6145 -19.6631 0
      vertex -22 -20.0622 0
    endloop
  endfacet
  facet normal -0.453971 -0.891017 0
    outer loop
      vertex -22 -20.0622 0
      vertex -21.3472 -20.3948 4
      vertex -22 -20.0622 4
    endloop
  endfacet
  facet normal -0.453971 -0.891017 -0
    outer loop
      vertex -21.3472 -20.3948 4
      vertex -22 -20.0622 0
      vertex -21.3472 -20.3948 0
    endloop
  endfacet
  facet normal -0.358366 -0.933581 0
    outer loop
      vertex -21.3472 -20.3948 0
      vertex -20.6631 -20.6574 4
      vertex -21.3472 -20.3948 4
    endloop
  endfacet
  facet normal -0.358366 -0.933581 -0
    outer loop
      vertex -20.6631 -20.6574 4
      vertex -21.3472 -20.3948 0
      vertex -20.6631 -20.6574 0
    endloop
  endfacet
  facet normal -0.258784 -0.965935 0
    outer loop
      vertex -20.6631 -20.6574 0
      vertex -19.9554 -20.847 4
      vertex -20.6631 -20.6574 4
    endloop
  endfacet
  facet normal -0.258784 -0.965935 -0
    outer loop
      vertex -19.9554 -20.847 4
      vertex -20.6631 -20.6574 0
      vertex -19.9554 -20.847 0
    endloop
  endfacet
  facet normal -0.156537 -0.987672 0
    outer loop
      vertex -19.9554 -20.847 0
      vertex -19.2317 -20.9617 4
      vertex -19.9554 -20.847 4
    endloop
  endfacet
  facet normal -0.156537 -0.987672 -0
    outer loop
      vertex -19.2317 -20.9617 4
      vertex -19.9554 -20.847 0
      vertex -19.2317 -20.9617 0
    endloop
  endfacet
  facet normal -0.0522723 -0.998633 0
    outer loop
      vertex -19.2317 -20.9617 0
      vertex -18.5 -21 4
      vertex -19.2317 -20.9617 4
    endloop
  endfacet
  facet normal -0.0522723 -0.998633 -0
    outer loop
      vertex -18.5 -21 4
      vertex -19.2317 -20.9617 0
      vertex -18.5 -21 0
    endloop
  endfacet
  facet normal 0 -1 0
    outer loop
      vertex -7.95 -7.9 4
      vertex 7.95 -7.9 5.3404
      vertex -7.95 -7.9 5.3404
    endloop
  endfacet
  facet normal 0 -1 -0
    outer loop
      vertex 7.95 -7.9 5.3404
      vertex -7.95 -7.9 4
      vertex 7.95 -7.9 4
    endloop
  endfacet
  facet normal 0.998633 0.0522723 0
    outer loop
      vertex 25.5 14 4
      vertex 25.4617 14.7317 0
      vertex 25.4617 14.7317 4
    endloop
  endfacet
  facet normal 0.998633 0.0522723 0
    outer loop
      vertex 25.4617 14.7317 0
      vertex 25.5 14 4
      vertex 25.5 14 0
    endloop
  endfacet
  facet normal 0.987672 0.156537 0
    outer loop
      vertex 25.4617 14.7317 4
      vertex 25.347 15.4554 0
      vertex 25.347 15.4554 4
    endloop
  endfacet
  facet normal 0.987672 0.156537 0
    outer loop
      vertex 25.347 15.4554 0
      vertex 25.4617 14.7317 4
      vertex 25.4617 14.7317 0
    endloop
  endfacet
  facet normal 0.965935 0.258784 0
    outer loop
      vertex 25.347 15.4554 4
      vertex 25.1574 16.1631 0
      vertex 25.1574 16.1631 4
    endloop
  endfacet
  facet normal 0.965935 0.258784 0
    outer loop
      vertex 25.1574 16.1631 0
      vertex 25.347 15.4554 4
      vertex 25.347 15.4554 0
    endloop
  endfacet
  facet normal 0.933581 0.358366 0
    outer loop
      vertex 25.1574 16.1631 4
      vertex 24.8948 16.8472 0
      vertex 24.8948 16.8472 4
    endloop
  endfacet
  facet normal 0.933581 0.358366 0
    outer loop
      vertex 24.8948 16.8472 0
      vertex 25.1574 16.1631 4
      vertex 25.1574 16.1631 0
    endloop
  endfacet
  facet normal 0.891017 0.453971 0
    outer loop
      vertex 24.8948 16.8472 4
      vertex 24.5622 17.5 0
      vertex 24.5622 17.5 4
    endloop
  endfacet
  facet normal 0.891017 0.453971 0
    outer loop
      vertex 24.5622 17.5 0
      vertex 24.8948 16.8472 4
      vertex 24.8948 16.8472 0
    endloop
  endfacet
  facet normal 0.838646 0.544677 0
    outer loop
      vertex 24.5622 17.5 4
      vertex 24.1631 18.1145 0
      vertex 24.1631 18.1145 4
    endloop
  endfacet
  facet normal 0.838646 0.544677 0
    outer loop
      vertex 24.1631 18.1145 0
      vertex 24.5622 17.5 4
      vertex 24.5622 17.5 0
    endloop
  endfacet
  facet normal 0.77714 0.629328 0
    outer loop
      vertex 24.1631 18.1145 4
      vertex 23.702 18.6839 0
      vertex 23.702 18.6839 4
    endloop
  endfacet
  facet normal 0.77714 0.629328 0
    outer loop
      vertex 23.702 18.6839 0
      vertex 24.1631 18.1145 4
      vertex 24.1631 18.1145 0
    endloop
  endfacet
  facet normal 0.707107 0.707107 0
    outer loop
      vertex 23.702 18.6839 4
      vertex 23.1839 19.202 0
      vertex 23.1839 19.202 4
    endloop
  endfacet
  facet normal 0.707107 0.707107 0
    outer loop
      vertex 23.1839 19.202 0
      vertex 23.702 18.6839 4
      vertex 23.702 18.6839 0
    endloop
  endfacet
  facet normal 0.629328 0.77714 -0
    outer loop
      vertex 23.1839 19.202 0
      vertex 22.6145 19.6631 4
      vertex 23.1839 19.202 4
    endloop
  endfacet
  facet normal 0.629328 0.77714 0
    outer loop
      vertex 22.6145 19.6631 4
      vertex 23.1839 19.202 0
      vertex 22.6145 19.6631 0
    endloop
  endfacet
  facet normal 0.544677 0.838646 -0
    outer loop
      vertex 22.6145 19.6631 0
      vertex 22 20.0622 4
      vertex 22.6145 19.6631 4
    endloop
  endfacet
  facet normal 0.544677 0.838646 0
    outer loop
      vertex 22 20.0622 4
      vertex 22.6145 19.6631 0
      vertex 22 20.0622 0
    endloop
  endfacet
  facet normal 0.453971 0.891017 -0
    outer loop
      vertex 22 20.0622 0
      vertex 21.3472 20.3948 4
      vertex 22 20.0622 4
    endloop
  endfacet
  facet normal 0.453971 0.891017 0
    outer loop
      vertex 21.3472 20.3948 4
      vertex 22 20.0622 0
      vertex 21.3472 20.3948 0
    endloop
  endfacet
  facet normal 0.358366 0.933581 -0
    outer loop
      vertex 21.3472 20.3948 0
      vertex 20.6631 20.6574 4
      vertex 21.3472 20.3948 4
    endloop
  endfacet
  facet normal 0.358366 0.933581 0
    outer loop
      vertex 20.6631 20.6574 4
      vertex 21.3472 20.3948 0
      vertex 20.6631 20.6574 0
    endloop
  endfacet
  facet normal 0.258784 0.965935 -0
    outer loop
      vertex 20.6631 20.6574 0
      vertex 19.9554 20.847 4
      vertex 20.6631 20.6574 4
    endloop
  endfacet
  facet normal 0.258784 0.965935 0
    outer loop
      vertex 19.9554 20.847 4
      vertex 20.6631 20.6574 0
      vertex 19.9554 20.847 0
    endloop
  endfacet
  facet normal 0.156537 0.987672 -0
    outer loop
      vertex 19.9554 20.847 0
      vertex 19.2317 20.9617 4
      vertex 19.9554 20.847 4
    endloop
  endfacet
  facet normal 0.156537 0.987672 0
    outer loop
      vertex 19.2317 20.9617 4
      vertex 19.9554 20.847 0
      vertex 19.2317 20.9617 0
    endloop
  endfacet
  facet normal 0.0522723 0.998633 -0
    outer loop
      vertex 19.2317 20.9617 0
      vertex 18.5 21 4
      vertex 19.2317 20.9617 4
    endloop
  endfacet
  facet normal 0.0522723 0.998633 0
    outer loop
      vertex 18.5 21 4
      vertex 19.2317 20.9617 0
      vertex 18.5 21 0
    endloop
  endfacet
  facet normal 1 -0 0
    outer loop
      vertex 25.5 -14 4
      vertex 25.5 14 0
      vertex 25.5 14 4
    endloop
  endfacet
  facet normal 1 0 0
    outer loop
      vertex 25.5 14 0
      vertex 25.5 -14 4
      vertex 25.5 -14 0
    endloop
  endfacet
  facet normal 1 -0 0
    outer loop
      vertex 7.95 -7.9 5.3404
      vertex 7.95 7.9 4
      vertex 7.95 7.9 5.3404
    endloop
  endfacet
  facet normal 1 0 0
    outer loop
      vertex 7.95 7.9 4
      vertex 7.95 -7.9 5.3404
      vertex 7.95 -7.9 4
    endloop
  endfacet
  facet normal 0.0522723 -0.998633 0
    outer loop
      vertex 18.5 -21 0
      vertex 19.2317 -20.9617 4
      vertex 18.5 -21 4
    endloop
  endfacet
  facet normal 0.0522723 -0.998633 0
    outer loop
      vertex 19.2317 -20.9617 4
      vertex 18.5 -21 0
      vertex 19.2317 -20.9617 0
    endloop
  endfacet
  facet normal 0.156537 -0.987672 0
    outer loop
      vertex 19.2317 -20.9617 0
      vertex 19.9554 -20.847 4
      vertex 19.2317 -20.9617 4
    endloop
  endfacet
  facet normal 0.156537 -0.987672 0
    outer loop
      vertex 19.9554 -20.847 4
      vertex 19.2317 -20.9617 0
      vertex 19.9554 -20.847 0
    endloop
  endfacet
  facet normal 0.258784 -0.965935 0
    outer loop
      vertex 19.9554 -20.847 0
      vertex 20.6631 -20.6574 4
      vertex 19.9554 -20.847 4
    endloop
  endfacet
  facet normal 0.258784 -0.965935 0
    outer loop
      vertex 20.6631 -20.6574 4
      vertex 19.9554 -20.847 0
      vertex 20.6631 -20.6574 0
    endloop
  endfacet
  facet normal 0.358366 -0.933581 0
    outer loop
      vertex 20.6631 -20.6574 0
      vertex 21.3472 -20.3948 4
      vertex 20.6631 -20.6574 4
    endloop
  endfacet
  facet normal 0.358366 -0.933581 0
    outer loop
      vertex 21.3472 -20.3948 4
      vertex 20.6631 -20.6574 0
      vertex 21.3472 -20.3948 0
    endloop
  endfacet
  facet normal 0.453971 -0.891017 0
    outer loop
      vertex 21.3472 -20.3948 0
      vertex 22 -20.0622 4
      vertex 21.3472 -20.3948 4
    endloop
  endfacet
  facet normal 0.453971 -0.891017 0
    outer loop
      vertex 22 -20.0622 4
      vertex 21.3472 -20.3948 0
      vertex 22 -20.0622 0
    endloop
  endfacet
  facet normal 0.544677 -0.838646 0
    outer loop
      vertex 22 -20.0622 0
      vertex 22.6145 -19.6631 4
      vertex 22 -20.0622 4
    endloop
  endfacet
  facet normal 0.544677 -0.838646 0
    outer loop
      vertex 22.6145 -19.6631 4
      vertex 22 -20.0622 0
      vertex 22.6145 -19.6631 0
    endloop
  endfacet
  facet normal 0.629328 -0.77714 0
    outer loop
      vertex 22.6145 -19.6631 0
      vertex 23.1839 -19.202 4
      vertex 22.6145 -19.6631 4
    endloop
  endfacet
  facet normal 0.629328 -0.77714 0
    outer loop
      vertex 23.1839 -19.202 4
      vertex 22.6145 -19.6631 0
      vertex 23.1839 -19.202 0
    endloop
  endfacet
  facet normal 0.707107 -0.707107 0
    outer loop
      vertex 23.1839 -19.202 4
      vertex 23.702 -18.6839 0
      vertex 23.702 -18.6839 4
    endloop
  endfacet
  facet normal 0.707107 -0.707107 0
    outer loop
      vertex 23.702 -18.6839 0
      vertex 23.1839 -19.202 4
      vertex 23.1839 -19.202 0
    endloop
  endfacet
  facet normal 0.77714 -0.629328 0
    outer loop
      vertex 23.702 -18.6839 4
      vertex 24.1631 -18.1145 0
      vertex 24.1631 -18.1145 4
    endloop
  endfacet
  facet normal 0.77714 -0.629328 0
    outer loop
      vertex 24.1631 -18.1145 0
      vertex 23.702 -18.6839 4
      vertex 23.702 -18.6839 0
    endloop
  endfacet
  facet normal 0.838646 -0.544677 0
    outer loop
      vertex 24.1631 -18.1145 4
      vertex 24.5622 -17.5 0
      vertex 24.5622 -17.5 4
    endloop
  endfacet
  facet normal 0.838646 -0.544677 0
    outer loop
      vertex 24.5622 -17.5 0
      vertex 24.1631 -18.1145 4
      vertex 24.1631 -18.1145 0
    endloop
  endfacet
  facet normal 0.891017 -0.453971 0
    outer loop
      vertex 24.5622 -17.5 4
      vertex 24.8948 -16.8472 0
      vertex 24.8948 -16.8472 4
    endloop
  endfacet
  facet normal 0.891017 -0.453971 0
    outer loop
      vertex 24.8948 -16.8472 0
      vertex 24.5622 -17.5 4
      vertex 24.5622 -17.5 0
    endloop
  endfacet
  facet normal 0.933581 -0.358366 0
    outer loop
      vertex 24.8948 -16.8472 4
      vertex 25.1574 -16.1631 0
      vertex 25.1574 -16.1631 4
    endloop
  endfacet
  facet normal 0.933581 -0.358366 0
    outer loop
      vertex 25.1574 -16.1631 0
      vertex 24.8948 -16.8472 4
      vertex 24.8948 -16.8472 0
    endloop
  endfacet
  facet normal 0.965935 -0.258784 0
    outer loop
      vertex 25.1574 -16.1631 4
      vertex 25.347 -15.4554 0
      vertex 25.347 -15.4554 4
    endloop
  endfacet
  facet normal 0.965935 -0.258784 0
    outer loop
      vertex 25.347 -15.4554 0
      vertex 25.1574 -16.1631 4
      vertex 25.1574 -16.1631 0
    endloop
  endfacet
  facet normal 0.987672 -0.156537 0
    outer loop
      vertex 25.347 -15.4554 4
      vertex 25.4617 -14.7317 0
      vertex 25.4617 -14.7317 4
    endloop
  endfacet
  facet normal 0.987672 -0.156537 0
    outer loop
      vertex 25.4617 -14.7317 0
      vertex 25.347 -15.4554 4
      vertex 25.347 -15.4554 0
    endloop
  endfacet
  facet normal 0.998633 -0.0522723 0
    outer loop
      vertex 25.4617 -14.7317 4
      vertex 25.5 -14 0
      vertex 25.5 -14 4
    endloop
  endfacet
  facet normal 0.998633 -0.0522723 0
    outer loop
      vertex 25.5 -14 0
      vertex 25.4617 -14.7317 4
      vertex 25.4617 -14.7317 0
    endloop
  endfacet
  facet normal -0.648993 -0.760794 0
    outer loop
      vertex -17.619 -12.912 0
      vertex -17.5632 -12.9596 2
      vertex -17.619 -12.912 2
    endloop
  endfacet
  facet normal -0.648993 -0.760794 -0
    outer loop
      vertex -17.5632 -12.9596 2
      vertex -17.619 -12.912 0
      vertex -17.5632 -12.9596 0
    endloop
  endfacet
  facet normal 0.334175 -0.942511 0
    outer loop
      vertex -19.0017 -12.693 0
      vertex -18.9326 -12.6685 2
      vertex -19.0017 -12.693 2
    endloop
  endfacet
  facet normal 0.334175 -0.942511 0
    outer loop
      vertex -18.9326 -12.6685 2
      vertex -19.0017 -12.693 0
      vertex -18.9326 -12.6685 0
    endloop
  endfacet
  facet normal 0.924083 -0.382191 0
    outer loop
      vertex -19.807 -13.4983 2
      vertex -19.779 -13.4306 0
      vertex -19.779 -13.4306 2
    endloop
  endfacet
  facet normal 0.924083 -0.382191 0
    outer loop
      vertex -19.779 -13.4306 0
      vertex -19.807 -13.4983 2
      vertex -19.807 -13.4983 0
    endloop
  endfacet
  facet normal -0.942511 -0.334175 0
    outer loop
      vertex -17.1685 -13.5674 0
      vertex -17.193 -13.4983 2
      vertex -17.193 -13.4983 0
    endloop
  endfacet
  facet normal -0.942511 -0.334175 0
    outer loop
      vertex -17.193 -13.4983 2
      vertex -17.1685 -13.5674 0
      vertex -17.1685 -13.5674 2
    endloop
  endfacet
  facet normal -0.878625 -0.477513 0
    outer loop
      vertex -17.2526 -13.3644 0
      vertex -17.2876 -13.3 2
      vertex -17.2876 -13.3 0
    endloop
  endfacet
  facet normal -0.878625 -0.477513 0
    outer loop
      vertex -17.2876 -13.3 2
      vertex -17.2526 -13.3644 0
      vertex -17.2526 -13.3644 2
    endloop
  endfacet
  facet normal -0.382191 -0.924083 0
    outer loop
      vertex -17.9983 -12.693 0
      vertex -17.9306 -12.721 2
      vertex -17.9983 -12.693 2
    endloop
  endfacet
  facet normal -0.382191 -0.924083 -0
    outer loop
      vertex -17.9306 -12.721 2
      vertex -17.9983 -12.693 0
      vertex -17.9306 -12.721 0
    endloop
  endfacet
  facet normal -0.129572 -0.99157 0
    outer loop
      vertex -18.3537 -12.6077 0
      vertex -18.281 -12.6172 2
      vertex -18.3537 -12.6077 2
    endloop
  endfacet
  facet normal -0.129572 -0.99157 -0
    outer loop
      vertex -18.281 -12.6172 2
      vertex -18.3537 -12.6077 0
      vertex -18.281 -12.6172 0
    endloop
  endfacet
  facet normal 0.99157 -0.129572 0
    outer loop
      vertex -19.8923 -13.8537 2
      vertex -19.8828 -13.781 0
      vertex -19.8828 -13.781 2
    endloop
  endfacet
  facet normal 0.99157 -0.129572 0
    outer loop
      vertex -19.8828 -13.781 0
      vertex -19.8923 -13.8537 2
      vertex -19.8923 -13.8537 0
    endloop
  endfacet
  facet normal 0.724625 -0.689144 0
    outer loop
      vertex -19.5404 -13.0632 2
      vertex -19.4899 -13.0101 0
      vertex -19.4899 -13.0101 2
    endloop
  endfacet
  facet normal 0.724625 -0.689144 0
    outer loop
      vertex -19.4899 -13.0101 0
      vertex -19.5404 -13.0632 2
      vertex -19.5404 -13.0632 0
    endloop
  endfacet
  facet normal 0.129572 -0.99157 0
    outer loop
      vertex -18.719 -12.6172 0
      vertex -18.6463 -12.6077 2
      vertex -18.719 -12.6172 2
    endloop
  endfacet
  facet normal 0.129572 -0.99157 0
    outer loop
      vertex -18.6463 -12.6077 2
      vertex -18.719 -12.6172 0
      vertex -18.6463 -12.6077 0
    endloop
  endfacet
  facet normal -0.760794 0.648993 0
    outer loop
      vertex -17.4596 -14.9368 0
      vertex -17.412 -14.881 2
      vertex -17.412 -14.881 0
    endloop
  endfacet
  facet normal -0.760794 0.648993 0
    outer loop
      vertex -17.412 -14.881 2
      vertex -17.4596 -14.9368 0
      vertex -17.4596 -14.9368 2
    endloop
  endfacet
  facet normal 0.129572 0.99157 -0
    outer loop
      vertex -18.6463 -15.3923 0
      vertex -18.719 -15.3828 2
      vertex -18.6463 -15.3923 2
    endloop
  endfacet
  facet normal 0.129572 0.99157 0
    outer loop
      vertex -18.719 -15.3828 2
      vertex -18.6463 -15.3923 0
      vertex -18.719 -15.3828 0
    endloop
  endfacet
  facet normal 0.689144 0.724625 -0
    outer loop
      vertex -19.4368 -15.0404 0
      vertex -19.4899 -14.9899 2
      vertex -19.4368 -15.0404 2
    endloop
  endfacet
  facet normal 0.689144 0.724625 0
    outer loop
      vertex -19.4899 -14.9899 2
      vertex -19.4368 -15.0404 0
      vertex -19.4899 -14.9899 0
    endloop
  endfacet
  facet normal 0.958908 0.283717 0
    outer loop
      vertex -19.8315 -14.4326 2
      vertex -19.8523 -14.3623 0
      vertex -19.8523 -14.3623 2
    endloop
  endfacet
  facet normal 0.958908 0.283717 0
    outer loop
      vertex -19.8523 -14.3623 0
      vertex -19.8315 -14.4326 2
      vertex -19.8315 -14.4326 0
    endloop
  endfacet
  facet normal -0.99157 -0.129572 0
    outer loop
      vertex -17.1077 -13.8537 0
      vertex -17.1172 -13.781 2
      vertex -17.1172 -13.781 0
    endloop
  endfacet
  facet normal -0.99157 -0.129572 0
    outer loop
      vertex -17.1172 -13.781 2
      vertex -17.1077 -13.8537 0
      vertex -17.1077 -13.8537 2
    endloop
  endfacet
  facet normal -0.97235 -0.233528 0
    outer loop
      vertex -17.1306 -13.7089 0
      vertex -17.1477 -13.6377 2
      vertex -17.1477 -13.6377 0
    endloop
  endfacet
  facet normal -0.97235 -0.233528 0
    outer loop
      vertex -17.1477 -13.6377 2
      vertex -17.1306 -13.7089 0
      vertex -17.1306 -13.7089 2
    endloop
  endfacet
  facet normal -0.824201 -0.566297 0
    outer loop
      vertex -17.3259 -13.2375 0
      vertex -17.3674 -13.1771 2
      vertex -17.3674 -13.1771 0
    endloop
  endfacet
  facet normal -0.824201 -0.566297 0
    outer loop
      vertex -17.3674 -13.1771 2
      vertex -17.3259 -13.2375 0
      vertex -17.3259 -13.2375 2
    endloop
  endfacet
  facet normal -0.522498 -0.85264 0
    outer loop
      vertex -17.8 -12.7876 0
      vertex -17.7375 -12.8259 2
      vertex -17.8 -12.7876 2
    endloop
  endfacet
  facet normal -0.522498 -0.85264 -0
    outer loop
      vertex -17.7375 -12.8259 2
      vertex -17.8 -12.7876 0
      vertex -17.7375 -12.8259 0
    endloop
  endfacet
  facet normal -0.477513 -0.878625 0
    outer loop
      vertex -17.8644 -12.7526 0
      vertex -17.8 -12.7876 2
      vertex -17.8644 -12.7526 2
    endloop
  endfacet
  facet normal -0.477513 -0.878625 -0
    outer loop
      vertex -17.8 -12.7876 2
      vertex -17.8644 -12.7526 0
      vertex -17.8 -12.7876 0
    endloop
  endfacet
  facet normal -0.182724 -0.983164 0
    outer loop
      vertex -18.281 -12.6172 0
      vertex -18.2089 -12.6306 2
      vertex -18.281 -12.6172 2
    endloop
  endfacet
  facet normal -0.182724 -0.983164 -0
    outer loop
      vertex -18.2089 -12.6306 2
      vertex -18.281 -12.6172 0
      vertex -18.2089 -12.6306 0
    endloop
  endfacet
  facet normal 0.983164 -0.182724 0
    outer loop
      vertex -19.8828 -13.781 2
      vertex -19.8694 -13.7089 0
      vertex -19.8694 -13.7089 2
    endloop
  endfacet
  facet normal 0.983164 -0.182724 0
    outer loop
      vertex -19.8694 -13.7089 0
      vertex -19.8828 -13.781 2
      vertex -19.8828 -13.781 0
    endloop
  endfacet
  facet normal 0.824201 -0.566297 0
    outer loop
      vertex -19.6741 -13.2375 2
      vertex -19.6326 -13.1771 0
      vertex -19.6326 -13.1771 2
    endloop
  endfacet
  facet normal 0.824201 -0.566297 0
    outer loop
      vertex -19.6326 -13.1771 0
      vertex -19.6741 -13.2375 2
      vertex -19.6741 -13.2375 0
    endloop
  endfacet
  facet normal 0.522498 -0.85264 0
    outer loop
      vertex -19.2625 -12.8259 0
      vertex -19.2 -12.7876 2
      vertex -19.2625 -12.8259 2
    endloop
  endfacet
  facet normal 0.522498 -0.85264 0
    outer loop
      vertex -19.2 -12.7876 2
      vertex -19.2625 -12.8259 0
      vertex -19.2 -12.7876 0
    endloop
  endfacet
  facet normal 0.43078 -0.902457 0
    outer loop
      vertex -19.1356 -12.7526 0
      vertex -19.0694 -12.721 2
      vertex -19.1356 -12.7526 2
    endloop
  endfacet
  facet normal 0.43078 -0.902457 0
    outer loop
      vertex -19.0694 -12.721 2
      vertex -19.1356 -12.7526 0
      vertex -19.0694 -12.721 0
    endloop
  endfacet
  facet normal -0.996859 0.0792025 0
    outer loop
      vertex -17.1077 -14.1463 0
      vertex -17.1019 -14.0733 2
      vertex -17.1019 -14.0733 0
    endloop
  endfacet
  facet normal -0.996859 0.0792025 0
    outer loop
      vertex -17.1019 -14.0733 2
      vertex -17.1077 -14.1463 0
      vertex -17.1077 -14.1463 2
    endloop
  endfacet
  facet normal -0.878625 0.477513 0
    outer loop
      vertex -17.2876 -14.7 0
      vertex -17.2526 -14.6356 2
      vertex -17.2526 -14.6356 0
    endloop
  endfacet
  facet normal -0.878625 0.477513 0
    outer loop
      vertex -17.2526 -14.6356 2
      vertex -17.2876 -14.7 0
      vertex -17.2876 -14.7 2
    endloop
  endfacet
  facet normal 0.0792025 0.996859 -0
    outer loop
      vertex -18.5733 -15.3981 0
      vertex -18.6463 -15.3923 2
      vertex -18.5733 -15.3981 2
    endloop
  endfacet
  facet normal 0.0792025 0.996859 0
    outer loop
      vertex -18.6463 -15.3923 2
      vertex -18.5733 -15.3981 0
      vertex -18.6463 -15.3923 0
    endloop
  endfacet
  facet normal 0.824201 0.566297 0
    outer loop
      vertex -19.6326 -14.8229 2
      vertex -19.6741 -14.7625 0
      vertex -19.6741 -14.7625 2
    endloop
  endfacet
  facet normal 0.824201 0.566297 0
    outer loop
      vertex -19.6741 -14.7625 0
      vertex -19.6326 -14.8229 2
      vertex -19.6326 -14.8229 0
    endloop
  endfacet
  facet normal -0.983164 -0.182724 0
    outer loop
      vertex -17.1172 -13.781 0
      vertex -17.1306 -13.7089 2
      vertex -17.1306 -13.7089 0
    endloop
  endfacet
  facet normal -0.983164 -0.182724 0
    outer loop
      vertex -17.1306 -13.7089 2
      vertex -17.1172 -13.781 0
      vertex -17.1172 -13.781 2
    endloop
  endfacet
  facet normal -0.902457 -0.43078 0
    outer loop
      vertex -17.221 -13.4306 0
      vertex -17.2526 -13.3644 2
      vertex -17.2526 -13.3644 0
    endloop
  endfacet
  facet normal -0.902457 -0.43078 0
    outer loop
      vertex -17.2526 -13.3644 2
      vertex -17.221 -13.4306 0
      vertex -17.221 -13.4306 2
    endloop
  endfacet
  facet normal -0.924083 -0.382191 0
    outer loop
      vertex -17.193 -13.4983 0
      vertex -17.221 -13.4306 2
      vertex -17.221 -13.4306 0
    endloop
  endfacet
  facet normal -0.924083 -0.382191 0
    outer loop
      vertex -17.221 -13.4306 2
      vertex -17.193 -13.4983 0
      vertex -17.193 -13.4983 2
    endloop
  endfacet
  facet normal -0.958908 -0.283717 0
    outer loop
      vertex -17.1477 -13.6377 0
      vertex -17.1685 -13.5674 2
      vertex -17.1685 -13.5674 0
    endloop
  endfacet
  facet normal -0.958908 -0.283717 0
    outer loop
      vertex -17.1685 -13.5674 2
      vertex -17.1477 -13.6377 0
      vertex -17.1477 -13.6377 2
    endloop
  endfacet
  facet normal -0.760794 -0.648993 0
    outer loop
      vertex -17.412 -13.119 0
      vertex -17.4596 -13.0632 2
      vertex -17.4596 -13.0632 0
    endloop
  endfacet
  facet normal -0.760794 -0.648993 0
    outer loop
      vertex -17.4596 -13.0632 2
      vertex -17.412 -13.119 0
      vertex -17.412 -13.119 2
    endloop
  endfacet
  facet normal -0.724625 -0.689144 0
    outer loop
      vertex -17.4596 -13.0632 0
      vertex -17.5101 -13.0101 2
      vertex -17.5101 -13.0101 0
    endloop
  endfacet
  facet normal -0.724625 -0.689144 0
    outer loop
      vertex -17.5101 -13.0101 2
      vertex -17.4596 -13.0632 0
      vertex -17.4596 -13.0632 2
    endloop
  endfacet
  facet normal -0.793233 -0.608919 0
    outer loop
      vertex -17.3674 -13.1771 0
      vertex -17.412 -13.119 2
      vertex -17.412 -13.119 0
    endloop
  endfacet
  facet normal -0.793233 -0.608919 0
    outer loop
      vertex -17.412 -13.119 2
      vertex -17.3674 -13.1771 0
      vertex -17.3674 -13.1771 2
    endloop
  endfacet
  facet normal -0.689144 -0.724625 0
    outer loop
      vertex -17.5632 -12.9596 0
      vertex -17.5101 -13.0101 2
      vertex -17.5632 -12.9596 2
    endloop
  endfacet
  facet normal -0.689144 -0.724625 -0
    outer loop
      vertex -17.5101 -13.0101 2
      vertex -17.5632 -12.9596 0
      vertex -17.5101 -13.0101 0
    endloop
  endfacet
  facet normal -0.608919 -0.793233 0
    outer loop
      vertex -17.6771 -12.8674 0
      vertex -17.619 -12.912 2
      vertex -17.6771 -12.8674 2
    endloop
  endfacet
  facet normal -0.608919 -0.793233 -0
    outer loop
      vertex -17.619 -12.912 2
      vertex -17.6771 -12.8674 0
      vertex -17.619 -12.912 0
    endloop
  endfacet
  facet normal -0.0259122 -0.999664 0
    outer loop
      vertex -18.5 -12.6 0
      vertex -18.4267 -12.6019 2
      vertex -18.5 -12.6 2
    endloop
  endfacet
  facet normal -0.0259122 -0.999664 -0
    outer loop
      vertex -18.4267 -12.6019 2
      vertex -18.5 -12.6 0
      vertex -18.4267 -12.6019 0
    endloop
  endfacet
  facet normal -0.566297 -0.824201 0
    outer loop
      vertex -17.7375 -12.8259 0
      vertex -17.6771 -12.8674 2
      vertex -17.7375 -12.8259 2
    endloop
  endfacet
  facet normal -0.566297 -0.824201 -0
    outer loop
      vertex -17.6771 -12.8674 2
      vertex -17.7375 -12.8259 0
      vertex -17.6771 -12.8674 0
    endloop
  endfacet
  facet normal -0.43078 -0.902457 0
    outer loop
      vertex -17.9306 -12.721 0
      vertex -17.8644 -12.7526 2
      vertex -17.9306 -12.721 2
    endloop
  endfacet
  facet normal -0.43078 -0.902457 -0
    outer loop
      vertex -17.8644 -12.7526 2
      vertex -17.9306 -12.721 0
      vertex -17.8644 -12.7526 0
    endloop
  endfacet
  facet normal -0.283717 -0.958908 0
    outer loop
      vertex -18.1377 -12.6477 0
      vertex -18.0674 -12.6685 2
      vertex -18.1377 -12.6477 2
    endloop
  endfacet
  facet normal -0.283717 -0.958908 -0
    outer loop
      vertex -18.0674 -12.6685 2
      vertex -18.1377 -12.6477 0
      vertex -18.0674 -12.6685 0
    endloop
  endfacet
  facet normal -0.334175 -0.942511 0
    outer loop
      vertex -18.0674 -12.6685 0
      vertex -17.9983 -12.693 2
      vertex -18.0674 -12.6685 2
    endloop
  endfacet
  facet normal -0.334175 -0.942511 -0
    outer loop
      vertex -17.9983 -12.693 2
      vertex -18.0674 -12.6685 0
      vertex -17.9983 -12.693 0
    endloop
  endfacet
  facet normal -0.233528 -0.97235 0
    outer loop
      vertex -18.2089 -12.6306 0
      vertex -18.1377 -12.6477 2
      vertex -18.2089 -12.6306 2
    endloop
  endfacet
  facet normal -0.233528 -0.97235 -0
    outer loop
      vertex -18.1377 -12.6477 2
      vertex -18.2089 -12.6306 0
      vertex -18.1377 -12.6477 0
    endloop
  endfacet
  facet normal 0.999664 -0.0259122 0
    outer loop
      vertex -19.9 -14 2
      vertex -19.8981 -13.9267 0
      vertex -19.8981 -13.9267 2
    endloop
  endfacet
  facet normal 0.999664 -0.0259122 0
    outer loop
      vertex -19.8981 -13.9267 0
      vertex -19.9 -14 2
      vertex -19.9 -14 0
    endloop
  endfacet
  facet normal 0.958908 -0.283717 0
    outer loop
      vertex -19.8523 -13.6377 2
      vertex -19.8315 -13.5674 0
      vertex -19.8315 -13.5674 2
    endloop
  endfacet
  facet normal 0.958908 -0.283717 0
    outer loop
      vertex -19.8315 -13.5674 0
      vertex -19.8523 -13.6377 2
      vertex -19.8523 -13.6377 0
    endloop
  endfacet
  facet normal 0.942511 -0.334175 0
    outer loop
      vertex -19.8315 -13.5674 2
      vertex -19.807 -13.4983 0
      vertex -19.807 -13.4983 2
    endloop
  endfacet
  facet normal 0.942511 -0.334175 0
    outer loop
      vertex -19.807 -13.4983 0
      vertex -19.8315 -13.5674 2
      vertex -19.8315 -13.5674 0
    endloop
  endfacet
  facet normal 0.97235 -0.233528 0
    outer loop
      vertex -19.8694 -13.7089 2
      vertex -19.8523 -13.6377 0
      vertex -19.8523 -13.6377 2
    endloop
  endfacet
  facet normal 0.97235 -0.233528 0
    outer loop
      vertex -19.8523 -13.6377 0
      vertex -19.8694 -13.7089 2
      vertex -19.8694 -13.7089 0
    endloop
  endfacet
  facet normal 0.878625 -0.477513 0
    outer loop
      vertex -19.7474 -13.3644 2
      vertex -19.7124 -13.3 0
      vertex -19.7124 -13.3 2
    endloop
  endfacet
  facet normal 0.878625 -0.477513 0
    outer loop
      vertex -19.7124 -13.3 0
      vertex -19.7474 -13.3644 2
      vertex -19.7474 -13.3644 0
    endloop
  endfacet
  facet normal 0.902457 -0.43078 0
    outer loop
      vertex -19.779 -13.4306 2
      vertex -19.7474 -13.3644 0
      vertex -19.7474 -13.3644 2
    endloop
  endfacet
  facet normal 0.902457 -0.43078 0
    outer loop
      vertex -19.7474 -13.3644 0
      vertex -19.779 -13.4306 2
      vertex -19.779 -13.4306 0
    endloop
  endfacet
  facet normal 0.760794 -0.648993 0
    outer loop
      vertex -19.588 -13.119 2
      vertex -19.5404 -13.0632 0
      vertex -19.5404 -13.0632 2
    endloop
  endfacet
  facet normal 0.760794 -0.648993 0
    outer loop
      vertex -19.5404 -13.0632 0
      vertex -19.588 -13.119 2
      vertex -19.588 -13.119 0
    endloop
  endfacet
  facet normal 0.233528 -0.97235 0
    outer loop
      vertex -18.8623 -12.6477 0
      vertex -18.7911 -12.6306 2
      vertex -18.8623 -12.6477 2
    endloop
  endfacet
  facet normal 0.233528 -0.97235 0
    outer loop
      vertex -18.7911 -12.6306 2
      vertex -18.8623 -12.6477 0
      vertex -18.7911 -12.6306 0
    endloop
  endfacet
  facet normal 0.283717 -0.958908 0
    outer loop
      vertex -18.9326 -12.6685 0
      vertex -18.8623 -12.6477 2
      vertex -18.9326 -12.6685 2
    endloop
  endfacet
  facet normal 0.283717 -0.958908 0
    outer loop
      vertex -18.8623 -12.6477 2
      vertex -18.9326 -12.6685 0
      vertex -18.8623 -12.6477 0
    endloop
  endfacet
  facet normal 0.0259122 -0.999664 0
    outer loop
      vertex -18.5733 -12.6019 0
      vertex -18.5 -12.6 2
      vertex -18.5733 -12.6019 2
    endloop
  endfacet
  facet normal 0.0259122 -0.999664 0
    outer loop
      vertex -18.5 -12.6 2
      vertex -18.5733 -12.6019 0
      vertex -18.5 -12.6 0
    endloop
  endfacet
  facet normal 0.0792025 -0.996859 0
    outer loop
      vertex -18.6463 -12.6077 0
      vertex -18.5733 -12.6019 2
      vertex -18.6463 -12.6077 2
    endloop
  endfacet
  facet normal 0.0792025 -0.996859 0
    outer loop
      vertex -18.5733 -12.6019 2
      vertex -18.6463 -12.6077 0
      vertex -18.5733 -12.6019 0
    endloop
  endfacet
  facet normal 0.382191 -0.924083 0
    outer loop
      vertex -19.0694 -12.721 0
      vertex -19.0017 -12.693 2
      vertex -19.0694 -12.721 2
    endloop
  endfacet
  facet normal 0.382191 -0.924083 0
    outer loop
      vertex -19.0017 -12.693 2
      vertex -19.0694 -12.721 0
      vertex -19.0017 -12.693 0
    endloop
  endfacet
  facet normal 0.608919 -0.793233 0
    outer loop
      vertex -19.381 -12.912 0
      vertex -19.3229 -12.8674 2
      vertex -19.381 -12.912 2
    endloop
  endfacet
  facet normal 0.608919 -0.793233 0
    outer loop
      vertex -19.3229 -12.8674 2
      vertex -19.381 -12.912 0
      vertex -19.3229 -12.8674 0
    endloop
  endfacet
  facet normal 0.648993 -0.760794 0
    outer loop
      vertex -19.4368 -12.9596 0
      vertex -19.381 -12.912 2
      vertex -19.4368 -12.9596 2
    endloop
  endfacet
  facet normal 0.648993 -0.760794 0
    outer loop
      vertex -19.381 -12.912 2
      vertex -19.4368 -12.9596 0
      vertex -19.381 -12.912 0
    endloop
  endfacet
  facet normal 0.566297 -0.824201 0
    outer loop
      vertex -19.3229 -12.8674 0
      vertex -19.2625 -12.8259 2
      vertex -19.3229 -12.8674 2
    endloop
  endfacet
  facet normal 0.566297 -0.824201 0
    outer loop
      vertex -19.2625 -12.8259 2
      vertex -19.3229 -12.8674 0
      vertex -19.2625 -12.8259 0
    endloop
  endfacet
  facet normal 0.689144 -0.724625 0
    outer loop
      vertex -19.4899 -13.0101 0
      vertex -19.4368 -12.9596 2
      vertex -19.4899 -13.0101 2
    endloop
  endfacet
  facet normal 0.689144 -0.724625 0
    outer loop
      vertex -19.4368 -12.9596 2
      vertex -19.4899 -13.0101 0
      vertex -19.4368 -12.9596 0
    endloop
  endfacet
  facet normal -0.999664 -0.0259122 0
    outer loop
      vertex -17.1 -14 0
      vertex -17.1019 -13.9267 2
      vertex -17.1019 -13.9267 0
    endloop
  endfacet
  facet normal -0.999664 -0.0259122 0
    outer loop
      vertex -17.1019 -13.9267 2
      vertex -17.1 -14 0
      vertex -17.1 -14 2
    endloop
  endfacet
  facet normal -0.0259122 0.999664 0
    outer loop
      vertex -18.4267 -15.3981 0
      vertex -18.5 -15.4 2
      vertex -18.4267 -15.3981 2
    endloop
  endfacet
  facet normal -0.0259122 0.999664 0
    outer loop
      vertex -18.5 -15.4 2
      vertex -18.4267 -15.3981 0
      vertex -18.5 -15.4 0
    endloop
  endfacet
  facet normal -0.942511 0.334175 0
    outer loop
      vertex -17.193 -14.5017 0
      vertex -17.1685 -14.4326 2
      vertex -17.1685 -14.4326 0
    endloop
  endfacet
  facet normal -0.942511 0.334175 0
    outer loop
      vertex -17.1685 -14.4326 2
      vertex -17.193 -14.5017 0
      vertex -17.193 -14.5017 2
    endloop
  endfacet
  facet normal -0.999664 0.0259122 0
    outer loop
      vertex -17.1019 -14.0733 0
      vertex -17.1 -14 2
      vertex -17.1 -14 0
    endloop
  endfacet
  facet normal -0.999664 0.0259122 0
    outer loop
      vertex -17.1 -14 2
      vertex -17.1019 -14.0733 0
      vertex -17.1019 -14.0733 2
    endloop
  endfacet
  facet normal -0.99157 0.129572 0
    outer loop
      vertex -17.1172 -14.219 0
      vertex -17.1077 -14.1463 2
      vertex -17.1077 -14.1463 0
    endloop
  endfacet
  facet normal -0.99157 0.129572 0
    outer loop
      vertex -17.1077 -14.1463 2
      vertex -17.1172 -14.219 0
      vertex -17.1172 -14.219 2
    endloop
  endfacet
  facet normal -0.97235 0.233528 0
    outer loop
      vertex -17.1477 -14.3623 0
      vertex -17.1306 -14.2911 2
      vertex -17.1306 -14.2911 0
    endloop
  endfacet
  facet normal -0.97235 0.233528 0
    outer loop
      vertex -17.1306 -14.2911 2
      vertex -17.1477 -14.3623 0
      vertex -17.1477 -14.3623 2
    endloop
  endfacet
  facet normal -0.0792025 0.996859 0
    outer loop
      vertex -18.3537 -15.3923 0
      vertex -18.4267 -15.3981 2
      vertex -18.3537 -15.3923 2
    endloop
  endfacet
  facet normal -0.0792025 0.996859 0
    outer loop
      vertex -18.4267 -15.3981 2
      vertex -18.3537 -15.3923 0
      vertex -18.4267 -15.3981 0
    endloop
  endfacet
  facet normal -0.129572 0.99157 0
    outer loop
      vertex -18.281 -15.3828 0
      vertex -18.3537 -15.3923 2
      vertex -18.281 -15.3828 2
    endloop
  endfacet
  facet normal -0.129572 0.99157 0
    outer loop
      vertex -18.3537 -15.3923 2
      vertex -18.281 -15.3828 0
      vertex -18.3537 -15.3923 0
    endloop
  endfacet
  facet normal -0.334175 0.942511 0
    outer loop
      vertex -17.9983 -15.307 0
      vertex -18.0674 -15.3315 2
      vertex -17.9983 -15.307 2
    endloop
  endfacet
  facet normal -0.334175 0.942511 0
    outer loop
      vertex -18.0674 -15.3315 2
      vertex -17.9983 -15.307 0
      vertex -18.0674 -15.3315 0
    endloop
  endfacet
  facet normal -0.233528 0.97235 0
    outer loop
      vertex -18.1377 -15.3523 0
      vertex -18.2089 -15.3694 2
      vertex -18.1377 -15.3523 2
    endloop
  endfacet
  facet normal -0.233528 0.97235 0
    outer loop
      vertex -18.2089 -15.3694 2
      vertex -18.1377 -15.3523 0
      vertex -18.2089 -15.3694 0
    endloop
  endfacet
  facet normal -0.608919 0.793233 0
    outer loop
      vertex -17.619 -15.088 0
      vertex -17.6771 -15.1326 2
      vertex -17.619 -15.088 2
    endloop
  endfacet
  facet normal -0.608919 0.793233 0
    outer loop
      vertex -17.6771 -15.1326 2
      vertex -17.619 -15.088 0
      vertex -17.6771 -15.1326 0
    endloop
  endfacet
  facet normal -0.689144 0.724625 0
    outer loop
      vertex -17.5101 -14.9899 0
      vertex -17.5632 -15.0404 2
      vertex -17.5101 -14.9899 2
    endloop
  endfacet
  facet normal -0.689144 0.724625 0
    outer loop
      vertex -17.5632 -15.0404 2
      vertex -17.5101 -14.9899 0
      vertex -17.5632 -15.0404 0
    endloop
  endfacet
  facet normal -0.522498 0.85264 0
    outer loop
      vertex -17.7375 -15.1741 0
      vertex -17.8 -15.2124 2
      vertex -17.7375 -15.1741 2
    endloop
  endfacet
  facet normal -0.522498 0.85264 0
    outer loop
      vertex -17.8 -15.2124 2
      vertex -17.7375 -15.1741 0
      vertex -17.8 -15.2124 0
    endloop
  endfacet
  facet normal -0.43078 0.902457 0
    outer loop
      vertex -17.8644 -15.2474 0
      vertex -17.9306 -15.279 2
      vertex -17.8644 -15.2474 2
    endloop
  endfacet
  facet normal -0.43078 0.902457 0
    outer loop
      vertex -17.9306 -15.279 2
      vertex -17.8644 -15.2474 0
      vertex -17.9306 -15.279 0
    endloop
  endfacet
  facet normal -0.902457 0.43078 0
    outer loop
      vertex -17.2526 -14.6356 0
      vertex -17.221 -14.5694 2
      vertex -17.221 -14.5694 0
    endloop
  endfacet
  facet normal -0.902457 0.43078 0
    outer loop
      vertex -17.221 -14.5694 2
      vertex -17.2526 -14.6356 0
      vertex -17.2526 -14.6356 2
    endloop
  endfacet
  facet normal -0.824201 0.566297 0
    outer loop
      vertex -17.3674 -14.8229 0
      vertex -17.3259 -14.7625 2
      vertex -17.3259 -14.7625 0
    endloop
  endfacet
  facet normal -0.824201 0.566297 0
    outer loop
      vertex -17.3259 -14.7625 2
      vertex -17.3674 -14.8229 0
      vertex -17.3674 -14.8229 2
    endloop
  endfacet
  facet normal 0.334175 0.942511 -0
    outer loop
      vertex -18.9326 -15.3315 0
      vertex -19.0017 -15.307 2
      vertex -18.9326 -15.3315 2
    endloop
  endfacet
  facet normal 0.334175 0.942511 0
    outer loop
      vertex -19.0017 -15.307 2
      vertex -18.9326 -15.3315 0
      vertex -19.0017 -15.307 0
    endloop
  endfacet
  facet normal 0.233528 0.97235 -0
    outer loop
      vertex -18.7911 -15.3694 0
      vertex -18.8623 -15.3523 2
      vertex -18.7911 -15.3694 2
    endloop
  endfacet
  facet normal 0.233528 0.97235 0
    outer loop
      vertex -18.8623 -15.3523 2
      vertex -18.7911 -15.3694 0
      vertex -18.8623 -15.3523 0
    endloop
  endfacet
  facet normal 0.522498 0.85264 -0
    outer loop
      vertex -19.2 -15.2124 0
      vertex -19.2625 -15.1741 2
      vertex -19.2 -15.2124 2
    endloop
  endfacet
  facet normal 0.522498 0.85264 0
    outer loop
      vertex -19.2625 -15.1741 2
      vertex -19.2 -15.2124 0
      vertex -19.2625 -15.1741 0
    endloop
  endfacet
  facet normal 0.43078 0.902457 -0
    outer loop
      vertex -19.0694 -15.279 0
      vertex -19.1356 -15.2474 2
      vertex -19.0694 -15.279 2
    endloop
  endfacet
  facet normal 0.43078 0.902457 0
    outer loop
      vertex -19.1356 -15.2474 2
      vertex -19.0694 -15.279 0
      vertex -19.1356 -15.2474 0
    endloop
  endfacet
  facet normal 0.608919 0.793233 -0
    outer loop
      vertex -19.3229 -15.1326 0
      vertex -19.381 -15.088 2
      vertex -19.3229 -15.1326 2
    endloop
  endfacet
  facet normal 0.608919 0.793233 0
    outer loop
      vertex -19.381 -15.088 2
      vertex -19.3229 -15.1326 0
      vertex -19.381 -15.088 0
    endloop
  endfacet
  facet normal 0.983164 0.182724 0
    outer loop
      vertex -19.8694 -14.2911 2
      vertex -19.8828 -14.219 0
      vertex -19.8828 -14.219 2
    endloop
  endfacet
  facet normal 0.983164 0.182724 0
    outer loop
      vertex -19.8828 -14.219 0
      vertex -19.8694 -14.2911 2
      vertex -19.8694 -14.2911 0
    endloop
  endfacet
  facet normal 0.99157 0.129572 0
    outer loop
      vertex -19.8828 -14.219 2
      vertex -19.8923 -14.1463 0
      vertex -19.8923 -14.1463 2
    endloop
  endfacet
  facet normal 0.99157 0.129572 0
    outer loop
      vertex -19.8923 -14.1463 0
      vertex -19.8828 -14.219 2
      vertex -19.8828 -14.219 0
    endloop
  endfacet
  facet normal 0.999664 0.0259122 0
    outer loop
      vertex -19.8981 -14.0733 2
      vertex -19.9 -14 0
      vertex -19.9 -14 2
    endloop
  endfacet
  facet normal 0.999664 0.0259122 0
    outer loop
      vertex -19.9 -14 0
      vertex -19.8981 -14.0733 2
      vertex -19.8981 -14.0733 0
    endloop
  endfacet
  facet normal 0.878625 0.477513 0
    outer loop
      vertex -19.7124 -14.7 2
      vertex -19.7474 -14.6356 0
      vertex -19.7474 -14.6356 2
    endloop
  endfacet
  facet normal 0.878625 0.477513 0
    outer loop
      vertex -19.7474 -14.6356 0
      vertex -19.7124 -14.7 2
      vertex -19.7124 -14.7 0
    endloop
  endfacet
  facet normal 0.924083 0.382191 0
    outer loop
      vertex -19.779 -14.5694 2
      vertex -19.807 -14.5017 0
      vertex -19.807 -14.5017 2
    endloop
  endfacet
  facet normal 0.924083 0.382191 0
    outer loop
      vertex -19.807 -14.5017 0
      vertex -19.779 -14.5694 2
      vertex -19.779 -14.5694 0
    endloop
  endfacet
  facet normal 0.760794 0.648993 0
    outer loop
      vertex -19.5404 -14.9368 2
      vertex -19.588 -14.881 0
      vertex -19.588 -14.881 2
    endloop
  endfacet
  facet normal 0.760794 0.648993 0
    outer loop
      vertex -19.588 -14.881 0
      vertex -19.5404 -14.9368 2
      vertex -19.5404 -14.9368 0
    endloop
  endfacet
  facet normal -0.996859 -0.0792025 0
    outer loop
      vertex -17.1019 -13.9267 0
      vertex -17.1077 -13.8537 2
      vertex -17.1077 -13.8537 0
    endloop
  endfacet
  facet normal -0.996859 -0.0792025 0
    outer loop
      vertex -17.1077 -13.8537 2
      vertex -17.1019 -13.9267 0
      vertex -17.1019 -13.9267 2
    endloop
  endfacet
  facet normal -0.85264 -0.522498 0
    outer loop
      vertex -17.2876 -13.3 0
      vertex -17.3259 -13.2375 2
      vertex -17.3259 -13.2375 0
    endloop
  endfacet
  facet normal -0.85264 -0.522498 0
    outer loop
      vertex -17.3259 -13.2375 2
      vertex -17.2876 -13.3 0
      vertex -17.2876 -13.3 2
    endloop
  endfacet
  facet normal -0.0792025 -0.996859 0
    outer loop
      vertex -18.4267 -12.6019 0
      vertex -18.3537 -12.6077 2
      vertex -18.4267 -12.6019 2
    endloop
  endfacet
  facet normal -0.0792025 -0.996859 -0
    outer loop
      vertex -18.3537 -12.6077 2
      vertex -18.4267 -12.6019 0
      vertex -18.3537 -12.6077 0
    endloop
  endfacet
  facet normal 0.996859 -0.0792025 0
    outer loop
      vertex -19.8981 -13.9267 2
      vertex -19.8923 -13.8537 0
      vertex -19.8923 -13.8537 2
    endloop
  endfacet
  facet normal 0.996859 -0.0792025 0
    outer loop
      vertex -19.8923 -13.8537 0
      vertex -19.8981 -13.9267 2
      vertex -19.8981 -13.9267 0
    endloop
  endfacet
  facet normal 0.85264 -0.522498 0
    outer loop
      vertex -19.7124 -13.3 2
      vertex -19.6741 -13.2375 0
      vertex -19.6741 -13.2375 2
    endloop
  endfacet
  facet normal 0.85264 -0.522498 0
    outer loop
      vertex -19.6741 -13.2375 0
      vertex -19.7124 -13.3 2
      vertex -19.7124 -13.3 0
    endloop
  endfacet
  facet normal 0.793233 -0.608919 0
    outer loop
      vertex -19.6326 -13.1771 2
      vertex -19.588 -13.119 0
      vertex -19.588 -13.119 2
    endloop
  endfacet
  facet normal 0.793233 -0.608919 0
    outer loop
      vertex -19.588 -13.119 0
      vertex -19.6326 -13.1771 2
      vertex -19.6326 -13.1771 0
    endloop
  endfacet
  facet normal 0.182724 -0.983164 0
    outer loop
      vertex -18.7911 -12.6306 0
      vertex -18.719 -12.6172 2
      vertex -18.7911 -12.6306 2
    endloop
  endfacet
  facet normal 0.182724 -0.983164 0
    outer loop
      vertex -18.719 -12.6172 2
      vertex -18.7911 -12.6306 0
      vertex -18.719 -12.6172 0
    endloop
  endfacet
  facet normal 0.477513 -0.878625 0
    outer loop
      vertex -19.2 -12.7876 0
      vertex -19.1356 -12.7526 2
      vertex -19.2 -12.7876 2
    endloop
  endfacet
  facet normal 0.477513 -0.878625 0
    outer loop
      vertex -19.1356 -12.7526 2
      vertex -19.2 -12.7876 0
      vertex -19.1356 -12.7526 0
    endloop
  endfacet
  facet normal -0.958908 0.283717 0
    outer loop
      vertex -17.1685 -14.4326 0
      vertex -17.1477 -14.3623 2
      vertex -17.1477 -14.3623 0
    endloop
  endfacet
  facet normal -0.958908 0.283717 0
    outer loop
      vertex -17.1477 -14.3623 2
      vertex -17.1685 -14.4326 0
      vertex -17.1685 -14.4326 2
    endloop
  endfacet
  facet normal -0.983164 0.182724 0
    outer loop
      vertex -17.1306 -14.2911 0
      vertex -17.1172 -14.219 2
      vertex -17.1172 -14.219 0
    endloop
  endfacet
  facet normal -0.983164 0.182724 0
    outer loop
      vertex -17.1172 -14.219 2
      vertex -17.1306 -14.2911 0
      vertex -17.1306 -14.2911 2
    endloop
  endfacet
  facet normal -0.182724 0.983164 0
    outer loop
      vertex -18.2089 -15.3694 0
      vertex -18.281 -15.3828 2
      vertex -18.2089 -15.3694 2
    endloop
  endfacet
  facet normal -0.182724 0.983164 0
    outer loop
      vertex -18.281 -15.3828 2
      vertex -18.2089 -15.3694 0
      vertex -18.281 -15.3828 0
    endloop
  endfacet
  facet normal -0.382191 0.924083 0
    outer loop
      vertex -17.9306 -15.279 0
      vertex -17.9983 -15.307 2
      vertex -17.9306 -15.279 2
    endloop
  endfacet
  facet normal -0.382191 0.924083 0
    outer loop
      vertex -17.9983 -15.307 2
      vertex -17.9306 -15.279 0
      vertex -17.9983 -15.307 0
    endloop
  endfacet
  facet normal -0.283717 0.958908 0
    outer loop
      vertex -18.0674 -15.3315 0
      vertex -18.1377 -15.3523 2
      vertex -18.0674 -15.3315 2
    endloop
  endfacet
  facet normal -0.283717 0.958908 0
    outer loop
      vertex -18.1377 -15.3523 2
      vertex -18.0674 -15.3315 0
      vertex -18.1377 -15.3523 0
    endloop
  endfacet
  facet normal -0.648993 0.760794 0
    outer loop
      vertex -17.5632 -15.0404 0
      vertex -17.619 -15.088 2
      vertex -17.5632 -15.0404 2
    endloop
  endfacet
  facet normal -0.648993 0.760794 0
    outer loop
      vertex -17.619 -15.088 2
      vertex -17.5632 -15.0404 0
      vertex -17.619 -15.088 0
    endloop
  endfacet
  facet normal -0.724625 0.689144 0
    outer loop
      vertex -17.5101 -14.9899 0
      vertex -17.4596 -14.9368 2
      vertex -17.4596 -14.9368 0
    endloop
  endfacet
  facet normal -0.724625 0.689144 0
    outer loop
      vertex -17.4596 -14.9368 2
      vertex -17.5101 -14.9899 0
      vertex -17.5101 -14.9899 2
    endloop
  endfacet
  facet normal -0.566297 0.824201 0
    outer loop
      vertex -17.6771 -15.1326 0
      vertex -17.7375 -15.1741 2
      vertex -17.6771 -15.1326 2
    endloop
  endfacet
  facet normal -0.566297 0.824201 0
    outer loop
      vertex -17.7375 -15.1741 2
      vertex -17.6771 -15.1326 0
      vertex -17.7375 -15.1741 0
    endloop
  endfacet
  facet normal -0.477513 0.878625 0
    outer loop
      vertex -17.8 -15.2124 0
      vertex -17.8644 -15.2474 2
      vertex -17.8 -15.2124 2
    endloop
  endfacet
  facet normal -0.477513 0.878625 0
    outer loop
      vertex -17.8644 -15.2474 2
      vertex -17.8 -15.2124 0
      vertex -17.8644 -15.2474 0
    endloop
  endfacet
  facet normal -0.924083 0.382191 0
    outer loop
      vertex -17.221 -14.5694 0
      vertex -17.193 -14.5017 2
      vertex -17.193 -14.5017 0
    endloop
  endfacet
  facet normal -0.924083 0.382191 0
    outer loop
      vertex -17.193 -14.5017 2
      vertex -17.221 -14.5694 0
      vertex -17.221 -14.5694 2
    endloop
  endfacet
  facet normal -0.793233 0.608919 0
    outer loop
      vertex -17.412 -14.881 0
      vertex -17.3674 -14.8229 2
      vertex -17.3674 -14.8229 0
    endloop
  endfacet
  facet normal -0.793233 0.608919 0
    outer loop
      vertex -17.3674 -14.8229 2
      vertex -17.412 -14.881 0
      vertex -17.412 -14.881 2
    endloop
  endfacet
  facet normal -0.85264 0.522498 0
    outer loop
      vertex -17.3259 -14.7625 0
      vertex -17.2876 -14.7 2
      vertex -17.2876 -14.7 0
    endloop
  endfacet
  facet normal -0.85264 0.522498 0
    outer loop
      vertex -17.2876 -14.7 2
      vertex -17.3259 -14.7625 0
      vertex -17.3259 -14.7625 2
    endloop
  endfacet
  facet normal 0.0259122 0.999664 -0
    outer loop
      vertex -18.5 -15.4 0
      vertex -18.5733 -15.3981 2
      vertex -18.5 -15.4 2
    endloop
  endfacet
  facet normal 0.0259122 0.999664 0
    outer loop
      vertex -18.5733 -15.3981 2
      vertex -18.5 -15.4 0
      vertex -18.5733 -15.3981 0
    endloop
  endfacet
  facet normal 0.283717 0.958908 -0
    outer loop
      vertex -18.8623 -15.3523 0
      vertex -18.9326 -15.3315 2
      vertex -18.8623 -15.3523 2
    endloop
  endfacet
  facet normal 0.283717 0.958908 0
    outer loop
      vertex -18.9326 -15.3315 2
      vertex -18.8623 -15.3523 0
      vertex -18.9326 -15.3315 0
    endloop
  endfacet
  facet normal 0.182724 0.983164 -0
    outer loop
      vertex -18.719 -15.3828 0
      vertex -18.7911 -15.3694 2
      vertex -18.719 -15.3828 2
    endloop
  endfacet
  facet normal 0.182724 0.983164 0
    outer loop
      vertex -18.7911 -15.3694 2
      vertex -18.719 -15.3828 0
      vertex -18.7911 -15.3694 0
    endloop
  endfacet
  facet normal 0.477513 0.878625 -0
    outer loop
      vertex -19.1356 -15.2474 0
      vertex -19.2 -15.2124 2
      vertex -19.1356 -15.2474 2
    endloop
  endfacet
  facet normal 0.477513 0.878625 0
    outer loop
      vertex -19.2 -15.2124 2
      vertex -19.1356 -15.2474 0
      vertex -19.2 -15.2124 0
    endloop
  endfacet
  facet normal 0.382191 0.924083 -0
    outer loop
      vertex -19.0017 -15.307 0
      vertex -19.0694 -15.279 2
      vertex -19.0017 -15.307 2
    endloop
  endfacet
  facet normal 0.382191 0.924083 0
    outer loop
      vertex -19.0694 -15.279 2
      vertex -19.0017 -15.307 0
      vertex -19.0694 -15.279 0
    endloop
  endfacet
  facet normal 0.648993 0.760794 -0
    outer loop
      vertex -19.381 -15.088 0
      vertex -19.4368 -15.0404 2
      vertex -19.381 -15.088 2
    endloop
  endfacet
  facet normal 0.648993 0.760794 0
    outer loop
      vertex -19.4368 -15.0404 2
      vertex -19.381 -15.088 0
      vertex -19.4368 -15.0404 0
    endloop
  endfacet
  facet normal 0.566297 0.824201 -0
    outer loop
      vertex -19.2625 -15.1741 0
      vertex -19.3229 -15.1326 2
      vertex -19.2625 -15.1741 2
    endloop
  endfacet
  facet normal 0.566297 0.824201 0
    outer loop
      vertex -19.3229 -15.1326 2
      vertex -19.2625 -15.1741 0
      vertex -19.3229 -15.1326 0
    endloop
  endfacet
  facet normal 0.942511 0.334175 0
    outer loop
      vertex -19.807 -14.5017 2
      vertex -19.8315 -14.4326 0
      vertex -19.8315 -14.4326 2
    endloop
  endfacet
  facet normal 0.942511 0.334175 0
    outer loop
      vertex -19.8315 -14.4326 0
      vertex -19.807 -14.5017 2
      vertex -19.807 -14.5017 0
    endloop
  endfacet
  facet normal 0.97235 0.233528 0
    outer loop
      vertex -19.8523 -14.3623 2
      vertex -19.8694 -14.2911 0
      vertex -19.8694 -14.2911 2
    endloop
  endfacet
  facet normal 0.97235 0.233528 0
    outer loop
      vertex -19.8694 -14.2911 0
      vertex -19.8523 -14.3623 2
      vertex -19.8523 -14.3623 0
    endloop
  endfacet
  facet normal 0.996859 0.0792025 0
    outer loop
      vertex -19.8923 -14.1463 2
      vertex -19.8981 -14.0733 0
      vertex -19.8981 -14.0733 2
    endloop
  endfacet
  facet normal 0.996859 0.0792025 0
    outer loop
      vertex -19.8981 -14.0733 0
      vertex -19.8923 -14.1463 2
      vertex -19.8923 -14.1463 0
    endloop
  endfacet
  facet normal 0.85264 0.522498 0
    outer loop
      vertex -19.6741 -14.7625 2
      vertex -19.7124 -14.7 0
      vertex -19.7124 -14.7 2
    endloop
  endfacet
  facet normal 0.85264 0.522498 0
    outer loop
      vertex -19.7124 -14.7 0
      vertex -19.6741 -14.7625 2
      vertex -19.6741 -14.7625 0
    endloop
  endfacet
  facet normal 0.902457 0.43078 0
    outer loop
      vertex -19.7474 -14.6356 2
      vertex -19.779 -14.5694 0
      vertex -19.779 -14.5694 2
    endloop
  endfacet
  facet normal 0.902457 0.43078 0
    outer loop
      vertex -19.779 -14.5694 0
      vertex -19.7474 -14.6356 2
      vertex -19.7474 -14.6356 0
    endloop
  endfacet
  facet normal 0.793233 0.608919 0
    outer loop
      vertex -19.588 -14.881 2
      vertex -19.6326 -14.8229 0
      vertex -19.6326 -14.8229 2
    endloop
  endfacet
  facet normal 0.793233 0.608919 0
    outer loop
      vertex -19.6326 -14.8229 0
      vertex -19.588 -14.881 2
      vertex -19.588 -14.881 0
    endloop
  endfacet
  facet normal 0.724625 0.689144 0
    outer loop
      vertex -19.4899 -14.9899 2
      vertex -19.5404 -14.9368 0
      vertex -19.5404 -14.9368 2
    endloop
  endfacet
  facet normal 0.724625 0.689144 0
    outer loop
      vertex -19.5404 -14.9368 0
      vertex -19.4899 -14.9899 2
      vertex -19.4899 -14.9899 0
    endloop
  endfacet
  facet normal -0.68847 -0.725264 0
    outer loop
      vertex -16.6933 -11.9935 2
      vertex -16.5908 -12.0908 4
      vertex -16.6933 -11.9935 4
    endloop
  endfacet
  facet normal -0.68847 -0.725264 -0
    outer loop
      vertex -16.5908 -12.0908 4
      vertex -16.6933 -11.9935 2
      vertex -16.5908 -12.0908 2
    endloop
  endfacet
  facet normal 0.333782 -0.94265 0
    outer loop
      vertex -19.4676 -11.4793 2
      vertex -19.3343 -11.4321 4
      vertex -19.4676 -11.4793 4
    endloop
  endfacet
  facet normal 0.333782 -0.94265 0
    outer loop
      vertex -19.3343 -11.4321 4
      vertex -19.4676 -11.4793 2
      vertex -19.3343 -11.4321 2
    endloop
  endfacet
  facet normal 0.92387 -0.382706 0
    outer loop
      vertex -21.0207 -13.0324 4
      vertex -20.9666 -12.9018 2
      vertex -20.9666 -12.9018 4
    endloop
  endfacet
  facet normal 0.92387 -0.382706 0
    outer loop
      vertex -20.9666 -12.9018 2
      vertex -21.0207 -13.0324 4
      vertex -21.0207 -13.0324 2
    endloop
  endfacet
  facet normal -0.958891 -0.283775 0
    outer loop
      vertex -15.892 -13.3012 2
      vertex -15.9321 -13.1657 4
      vertex -15.9321 -13.1657 2
    endloop
  endfacet
  facet normal -0.958891 -0.283775 0
    outer loop
      vertex -15.9321 -13.1657 4
      vertex -15.892 -13.3012 2
      vertex -15.892 -13.3012 4
    endloop
  endfacet
  facet normal -0.902481 -0.43073 0
    outer loop
      vertex -16.0334 -12.9018 2
      vertex -16.0943 -12.7742 4
      vertex -16.0943 -12.7742 2
    endloop
  endfacet
  facet normal -0.902481 -0.43073 0
    outer loop
      vertex -16.0943 -12.7742 4
      vertex -16.0334 -12.9018 2
      vertex -16.0334 -12.9018 4
    endloop
  endfacet
  facet normal -0.382706 -0.92387 0
    outer loop
      vertex -17.5324 -11.4793 2
      vertex -17.4018 -11.5334 4
      vertex -17.5324 -11.4793 4
    endloop
  endfacet
  facet normal -0.382706 -0.92387 -0
    outer loop
      vertex -17.4018 -11.5334 4
      vertex -17.5324 -11.4793 2
      vertex -17.4018 -11.5334 2
    endloop
  endfacet
  facet normal 0.725264 -0.68847 0
    outer loop
      vertex -20.5065 -12.1933 4
      vertex -20.4092 -12.0908 2
      vertex -20.4092 -12.0908 4
    endloop
  endfacet
  facet normal 0.725264 -0.68847 0
    outer loop
      vertex -20.4092 -12.0908 2
      vertex -20.5065 -12.1933 4
      vertex -20.5065 -12.1933 2
    endloop
  endfacet
  facet normal 0.182495 -0.983207 0
    outer loop
      vertex -19.0614 -11.359 2
      vertex -18.9224 -11.3332 4
      vertex -19.0614 -11.359 4
    endloop
  endfacet
  facet normal 0.182495 -0.983207 0
    outer loop
      vertex -18.9224 -11.3332 4
      vertex -19.0614 -11.359 2
      vertex -18.9224 -11.3332 2
    endloop
  endfacet
  facet normal -0.725264 0.68847 0
    outer loop
      vertex -16.5908 -15.9092 2
      vertex -16.4935 -15.8067 4
      vertex -16.4935 -15.8067 2
    endloop
  endfacet
  facet normal -0.725264 0.68847 0
    outer loop
      vertex -16.4935 -15.8067 4
      vertex -16.5908 -15.9092 2
      vertex -16.5908 -15.9092 4
    endloop
  endfacet
  facet normal 0.68847 0.725264 -0
    outer loop
      vertex -20.3067 -16.0065 2
      vertex -20.4092 -15.9092 4
      vertex -20.3067 -16.0065 4
    endloop
  endfacet
  facet normal 0.68847 0.725264 0
    outer loop
      vertex -20.4092 -15.9092 4
      vertex -20.3067 -16.0065 2
      vertex -20.4092 -15.9092 2
    endloop
  endfacet
  facet normal 0.94265 0.333782 0
    outer loop
      vertex -21.0207 -14.9676 4
      vertex -21.0679 -14.8343 2
      vertex -21.0679 -14.8343 4
    endloop
  endfacet
  facet normal 0.94265 0.333782 0
    outer loop
      vertex -21.0679 -14.8343 2
      vertex -21.0207 -14.9676 4
      vertex -21.0207 -14.9676 2
    endloop
  endfacet
  facet normal -0.991498 -0.130125 0
    outer loop
      vertex -15.8148 -13.7178 2
      vertex -15.8332 -13.5776 4
      vertex -15.8332 -13.5776 2
    endloop
  endfacet
  facet normal -0.991498 -0.130125 0
    outer loop
      vertex -15.8332 -13.5776 4
      vertex -15.8148 -13.7178 2
      vertex -15.8148 -13.7178 4
    endloop
  endfacet
  facet normal -0.983207 -0.182495 0
    outer loop
      vertex -15.8332 -13.5776 2
      vertex -15.859 -13.4386 4
      vertex -15.859 -13.4386 2
    endloop
  endfacet
  facet normal -0.983207 -0.182495 0
    outer loop
      vertex -15.859 -13.4386 4
      vertex -15.8332 -13.5776 2
      vertex -15.8332 -13.5776 4
    endloop
  endfacet
  facet normal -0.852459 -0.522794 0
    outer loop
      vertex -16.1617 -12.65 2
      vertex -16.2356 -12.5295 4
      vertex -16.2356 -12.5295 2
    endloop
  endfacet
  facet normal -0.852459 -0.522794 0
    outer loop
      vertex -16.2356 -12.5295 4
      vertex -16.1617 -12.65 2
      vertex -16.1617 -12.65 4
    endloop
  endfacet
  facet normal -0.566559 -0.824021 0
    outer loop
      vertex -17.0295 -11.7356 2
      vertex -16.913 -11.8157 4
      vertex -17.0295 -11.7356 4
    endloop
  endfacet
  facet normal -0.566559 -0.824021 -0
    outer loop
      vertex -16.913 -11.8157 4
      vertex -17.0295 -11.7356 2
      vertex -16.913 -11.8157 2
    endloop
  endfacet
  facet normal -0.0261764 -0.999657 0
    outer loop
      vertex -18.5 -11.3 2
      vertex -18.3587 -11.3037 4
      vertex -18.5 -11.3 4
    endloop
  endfacet
  facet normal -0.0261764 -0.999657 -0
    outer loop
      vertex -18.3587 -11.3037 4
      vertex -18.5 -11.3 2
      vertex -18.3587 -11.3037 2
    endloop
  endfacet
  facet normal -0.333782 -0.94265 0
    outer loop
      vertex -17.6657 -11.4321 2
      vertex -17.5324 -11.4793 4
      vertex -17.6657 -11.4321 4
    endloop
  endfacet
  facet normal -0.333782 -0.94265 -0
    outer loop
      vertex -17.5324 -11.4793 4
      vertex -17.6657 -11.4321 2
      vertex -17.5324 -11.4793 2
    endloop
  endfacet
  facet normal -0.233534 -0.972349 0
    outer loop
      vertex -17.9386 -11.359 2
      vertex -17.8012 -11.392 4
      vertex -17.9386 -11.359 4
    endloop
  endfacet
  facet normal -0.233534 -0.972349 -0
    outer loop
      vertex -17.8012 -11.392 4
      vertex -17.9386 -11.359 2
      vertex -17.8012 -11.392 2
    endloop
  endfacet
  facet normal 0.999657 -0.0261764 0
    outer loop
      vertex -21.2 -14 4
      vertex -21.1963 -13.8587 2
      vertex -21.1963 -13.8587 4
    endloop
  endfacet
  facet normal 0.999657 -0.0261764 0
    outer loop
      vertex -21.1963 -13.8587 2
      vertex -21.2 -14 4
      vertex -21.2 -14 2
    endloop
  endfacet
  facet normal 0.94265 -0.333782 0
    outer loop
      vertex -21.0679 -13.1657 4
      vertex -21.0207 -13.0324 2
      vertex -21.0207 -13.0324 4
    endloop
  endfacet
  facet normal 0.94265 -0.333782 0
    outer loop
      vertex -21.0207 -13.0324 2
      vertex -21.0679 -13.1657 4
      vertex -21.0679 -13.1657 2
    endloop
  endfacet
  facet normal 0.972349 -0.233534 0
    outer loop
      vertex -21.141 -13.4386 4
      vertex -21.108 -13.3012 2
      vertex -21.108 -13.3012 4
    endloop
  endfacet
  facet normal 0.972349 -0.233534 0
    outer loop
      vertex -21.108 -13.3012 2
      vertex -21.141 -13.4386 4
      vertex -21.141 -13.4386 2
    endloop
  endfacet
  facet normal 0.824021 -0.566559 0
    outer loop
      vertex -20.7644 -12.5295 4
      vertex -20.6843 -12.413 2
      vertex -20.6843 -12.413 4
    endloop
  endfacet
  facet normal 0.824021 -0.566559 0
    outer loop
      vertex -20.6843 -12.413 2
      vertex -20.7644 -12.5295 4
      vertex -20.7644 -12.5295 2
    endloop
  endfacet
  facet normal 0.522794 -0.852459 0
    outer loop
      vertex -19.9705 -11.7356 2
      vertex -19.85 -11.6617 4
      vertex -19.9705 -11.7356 4
    endloop
  endfacet
  facet normal 0.522794 -0.852459 0
    outer loop
      vertex -19.85 -11.6617 4
      vertex -19.9705 -11.7356 2
      vertex -19.85 -11.6617 2
    endloop
  endfacet
  facet normal 0.43073 -0.902481 0
    outer loop
      vertex -19.7258 -11.5943 2
      vertex -19.5982 -11.5334 4
      vertex -19.7258 -11.5943 4
    endloop
  endfacet
  facet normal 0.43073 -0.902481 0
    outer loop
      vertex -19.5982 -11.5334 4
      vertex -19.7258 -11.5943 2
      vertex -19.5982 -11.5334 2
    endloop
  endfacet
  facet normal -0.999657 -0.0261764 0
    outer loop
      vertex -15.8 -14 2
      vertex -15.8037 -13.8587 4
      vertex -15.8037 -13.8587 2
    endloop
  endfacet
  facet normal -0.999657 -0.0261764 0
    outer loop
      vertex -15.8037 -13.8587 4
      vertex -15.8 -14 2
      vertex -15.8 -14 4
    endloop
  endfacet
  facet normal 0.333782 0.94265 -0
    outer loop
      vertex -19.3343 -16.5679 2
      vertex -19.4676 -16.5207 4
      vertex -19.3343 -16.5679 4
    endloop
  endfacet
  facet normal 0.333782 0.94265 0
    outer loop
      vertex -19.4676 -16.5207 4
      vertex -19.3343 -16.5679 2
      vertex -19.4676 -16.5207 2
    endloop
  endfacet
  facet normal 0.824021 0.566559 0
    outer loop
      vertex -20.6843 -15.587 4
      vertex -20.7644 -15.4705 2
      vertex -20.7644 -15.4705 4
    endloop
  endfacet
  facet normal 0.824021 0.566559 0
    outer loop
      vertex -20.7644 -15.4705 2
      vertex -20.6843 -15.587 4
      vertex -20.6843 -15.587 2
    endloop
  endfacet
  facet normal -0.996911 -0.0785359 0
    outer loop
      vertex -15.8037 -13.8587 2
      vertex -15.8148 -13.7178 4
      vertex -15.8148 -13.7178 2
    endloop
  endfacet
  facet normal -0.996911 -0.0785359 0
    outer loop
      vertex -15.8148 -13.7178 4
      vertex -15.8037 -13.8587 2
      vertex -15.8037 -13.8587 4
    endloop
  endfacet
  facet normal -0.92387 -0.382706 0
    outer loop
      vertex -15.9793 -13.0324 2
      vertex -16.0334 -12.9018 4
      vertex -16.0334 -12.9018 2
    endloop
  endfacet
  facet normal -0.92387 -0.382706 0
    outer loop
      vertex -16.0334 -12.9018 4
      vertex -15.9793 -13.0324 2
      vertex -15.9793 -13.0324 4
    endloop
  endfacet
  facet normal -0.94265 -0.333782 0
    outer loop
      vertex -15.9321 -13.1657 2
      vertex -15.9793 -13.0324 4
      vertex -15.9793 -13.0324 2
    endloop
  endfacet
  facet normal -0.94265 -0.333782 0
    outer loop
      vertex -15.9793 -13.0324 4
      vertex -15.9321 -13.1657 2
      vertex -15.9321 -13.1657 4
    endloop
  endfacet
  facet normal -0.972349 -0.233534 0
    outer loop
      vertex -15.859 -13.4386 2
      vertex -15.892 -13.3012 4
      vertex -15.892 -13.3012 2
    endloop
  endfacet
  facet normal -0.972349 -0.233534 0
    outer loop
      vertex -15.892 -13.3012 4
      vertex -15.859 -13.4386 2
      vertex -15.859 -13.4386 4
    endloop
  endfacet
  facet normal -0.878921 -0.476967 0
    outer loop
      vertex -16.0943 -12.7742 2
      vertex -16.1617 -12.65 4
      vertex -16.1617 -12.65 2
    endloop
  endfacet
  facet normal -0.878921 -0.476967 0
    outer loop
      vertex -16.1617 -12.65 4
      vertex -16.0943 -12.7742 2
      vertex -16.0943 -12.7742 4
    endloop
  endfacet
  facet normal -0.793675 -0.608342 0
    outer loop
      vertex -16.3157 -12.413 2
      vertex -16.4017 -12.3008 4
      vertex -16.4017 -12.3008 2
    endloop
  endfacet
  facet normal -0.793675 -0.608342 0
    outer loop
      vertex -16.4017 -12.3008 4
      vertex -16.3157 -12.413 2
      vertex -16.3157 -12.413 4
    endloop
  endfacet
  facet normal -0.760454 -0.649392 0
    outer loop
      vertex -16.4017 -12.3008 2
      vertex -16.4935 -12.1933 4
      vertex -16.4935 -12.1933 2
    endloop
  endfacet
  facet normal -0.760454 -0.649392 0
    outer loop
      vertex -16.4935 -12.1933 4
      vertex -16.4017 -12.3008 2
      vertex -16.4017 -12.3008 4
    endloop
  endfacet
  facet normal -0.824021 -0.566559 0
    outer loop
      vertex -16.2356 -12.5295 2
      vertex -16.3157 -12.413 4
      vertex -16.3157 -12.413 2
    endloop
  endfacet
  facet normal -0.824021 -0.566559 0
    outer loop
      vertex -16.3157 -12.413 4
      vertex -16.2356 -12.5295 2
      vertex -16.2356 -12.5295 4
    endloop
  endfacet
  facet normal -0.725264 -0.68847 0
    outer loop
      vertex -16.4935 -12.1933 2
      vertex -16.5908 -12.0908 4
      vertex -16.5908 -12.0908 2
    endloop
  endfacet
  facet normal -0.725264 -0.68847 0
    outer loop
      vertex -16.5908 -12.0908 4
      vertex -16.4935 -12.1933 2
      vertex -16.4935 -12.1933 4
    endloop
  endfacet
  facet normal -0.649392 -0.760454 0
    outer loop
      vertex -16.8008 -11.9017 2
      vertex -16.6933 -11.9935 4
      vertex -16.8008 -11.9017 4
    endloop
  endfacet
  facet normal -0.649392 -0.760454 -0
    outer loop
      vertex -16.6933 -11.9935 4
      vertex -16.8008 -11.9017 2
      vertex -16.6933 -11.9935 2
    endloop
  endfacet
  facet normal -0.608342 -0.793675 0
    outer loop
      vertex -16.913 -11.8157 2
      vertex -16.8008 -11.9017 4
      vertex -16.913 -11.8157 4
    endloop
  endfacet
  facet normal -0.608342 -0.793675 -0
    outer loop
      vertex -16.8008 -11.9017 4
      vertex -16.913 -11.8157 2
      vertex -16.8008 -11.9017 2
    endloop
  endfacet
  facet normal -0.476967 -0.878921 0
    outer loop
      vertex -17.2742 -11.5943 2
      vertex -17.15 -11.6617 4
      vertex -17.2742 -11.5943 4
    endloop
  endfacet
  facet normal -0.476967 -0.878921 -0
    outer loop
      vertex -17.15 -11.6617 4
      vertex -17.2742 -11.5943 2
      vertex -17.15 -11.6617 2
    endloop
  endfacet
  facet normal -0.43073 -0.902481 0
    outer loop
      vertex -17.4018 -11.5334 2
      vertex -17.2742 -11.5943 4
      vertex -17.4018 -11.5334 4
    endloop
  endfacet
  facet normal -0.43073 -0.902481 -0
    outer loop
      vertex -17.2742 -11.5943 4
      vertex -17.4018 -11.5334 2
      vertex -17.2742 -11.5943 2
    endloop
  endfacet
  facet normal -0.522794 -0.852459 0
    outer loop
      vertex -17.15 -11.6617 2
      vertex -17.0295 -11.7356 4
      vertex -17.15 -11.6617 4
    endloop
  endfacet
  facet normal -0.522794 -0.852459 -0
    outer loop
      vertex -17.0295 -11.7356 4
      vertex -17.15 -11.6617 2
      vertex -17.0295 -11.7356 2
    endloop
  endfacet
  facet normal -0.182495 -0.983207 0
    outer loop
      vertex -18.0776 -11.3332 2
      vertex -17.9386 -11.359 4
      vertex -18.0776 -11.3332 4
    endloop
  endfacet
  facet normal -0.182495 -0.983207 -0
    outer loop
      vertex -17.9386 -11.359 4
      vertex -18.0776 -11.3332 2
      vertex -17.9386 -11.359 2
    endloop
  endfacet
  facet normal -0.130125 -0.991498 0
    outer loop
      vertex -18.2178 -11.3148 2
      vertex -18.0776 -11.3332 4
      vertex -18.2178 -11.3148 4
    endloop
  endfacet
  facet normal -0.130125 -0.991498 -0
    outer loop
      vertex -18.0776 -11.3332 4
      vertex -18.2178 -11.3148 2
      vertex -18.0776 -11.3332 2
    endloop
  endfacet
  facet normal -0.0785359 -0.996911 0
    outer loop
      vertex -18.3587 -11.3037 2
      vertex -18.2178 -11.3148 4
      vertex -18.3587 -11.3037 4
    endloop
  endfacet
  facet normal -0.0785359 -0.996911 -0
    outer loop
      vertex -18.2178 -11.3148 4
      vertex -18.3587 -11.3037 2
      vertex -18.2178 -11.3148 2
    endloop
  endfacet
  facet normal -0.283775 -0.958891 0
    outer loop
      vertex -17.8012 -11.392 2
      vertex -17.6657 -11.4321 4
      vertex -17.8012 -11.392 4
    endloop
  endfacet
  facet normal -0.283775 -0.958891 -0
    outer loop
      vertex -17.6657 -11.4321 4
      vertex -17.8012 -11.392 2
      vertex -17.6657 -11.4321 2
    endloop
  endfacet
  facet normal 0.983207 -0.182495 0
    outer loop
      vertex -21.1668 -13.5776 4
      vertex -21.141 -13.4386 2
      vertex -21.141 -13.4386 4
    endloop
  endfacet
  facet normal 0.983207 -0.182495 0
    outer loop
      vertex -21.141 -13.4386 2
      vertex -21.1668 -13.5776 4
      vertex -21.1668 -13.5776 2
    endloop
  endfacet
  facet normal 0.991498 -0.130125 0
    outer loop
      vertex -21.1852 -13.7178 4
      vertex -21.1668 -13.5776 2
      vertex -21.1668 -13.5776 4
    endloop
  endfacet
  facet normal 0.991498 -0.130125 0
    outer loop
      vertex -21.1668 -13.5776 2
      vertex -21.1852 -13.7178 4
      vertex -21.1852 -13.7178 2
    endloop
  endfacet
  facet normal 0.996911 -0.0785359 0
    outer loop
      vertex -21.1963 -13.8587 4
      vertex -21.1852 -13.7178 2
      vertex -21.1852 -13.7178 4
    endloop
  endfacet
  facet normal 0.996911 -0.0785359 0
    outer loop
      vertex -21.1852 -13.7178 2
      vertex -21.1963 -13.8587 4
      vertex -21.1963 -13.8587 2
    endloop
  endfacet
  facet normal 0.958891 -0.283775 0
    outer loop
      vertex -21.108 -13.3012 4
      vertex -21.0679 -13.1657 2
      vertex -21.0679 -13.1657 4
    endloop
  endfacet
  facet normal 0.958891 -0.283775 0
    outer loop
      vertex -21.0679 -13.1657 2
      vertex -21.108 -13.3012 4
      vertex -21.108 -13.3012 2
    endloop
  endfacet
  facet normal 0.878921 -0.476967 0
    outer loop
      vertex -20.9057 -12.7742 4
      vertex -20.8383 -12.65 2
      vertex -20.8383 -12.65 4
    endloop
  endfacet
  facet normal 0.878921 -0.476967 0
    outer loop
      vertex -20.8383 -12.65 2
      vertex -20.9057 -12.7742 4
      vertex -20.9057 -12.7742 2
    endloop
  endfacet
  facet normal 0.852459 -0.522794 0
    outer loop
      vertex -20.8383 -12.65 4
      vertex -20.7644 -12.5295 2
      vertex -20.7644 -12.5295 4
    endloop
  endfacet
  facet normal 0.852459 -0.522794 0
    outer loop
      vertex -20.7644 -12.5295 2
      vertex -20.8383 -12.65 4
      vertex -20.8383 -12.65 2
    endloop
  endfacet
  facet normal 0.902481 -0.43073 0
    outer loop
      vertex -20.9666 -12.9018 4
      vertex -20.9057 -12.7742 2
      vertex -20.9057 -12.7742 4
    endloop
  endfacet
  facet normal 0.902481 -0.43073 0
    outer loop
      vertex -20.9057 -12.7742 2
      vertex -20.9666 -12.9018 4
      vertex -20.9666 -12.9018 2
    endloop
  endfacet
  facet normal 0.760454 -0.649392 0
    outer loop
      vertex -20.5983 -12.3008 4
      vertex -20.5065 -12.1933 2
      vertex -20.5065 -12.1933 4
    endloop
  endfacet
  facet normal 0.760454 -0.649392 0
    outer loop
      vertex -20.5065 -12.1933 2
      vertex -20.5983 -12.3008 4
      vertex -20.5983 -12.3008 2
    endloop
  endfacet
  facet normal 0.793675 -0.608342 0
    outer loop
      vertex -20.6843 -12.413 4
      vertex -20.5983 -12.3008 2
      vertex -20.5983 -12.3008 4
    endloop
  endfacet
  facet normal 0.793675 -0.608342 0
    outer loop
      vertex -20.5983 -12.3008 2
      vertex -20.6843 -12.413 4
      vertex -20.6843 -12.413 2
    endloop
  endfacet
  facet normal 0.233534 -0.972349 0
    outer loop
      vertex -19.1988 -11.392 2
      vertex -19.0614 -11.359 4
      vertex -19.1988 -11.392 4
    endloop
  endfacet
  facet normal 0.233534 -0.972349 0
    outer loop
      vertex -19.0614 -11.359 4
      vertex -19.1988 -11.392 2
      vertex -19.0614 -11.359 2
    endloop
  endfacet
  facet normal 0.283775 -0.958891 0
    outer loop
      vertex -19.3343 -11.4321 2
      vertex -19.1988 -11.392 4
      vertex -19.3343 -11.4321 4
    endloop
  endfacet
  facet normal 0.283775 -0.958891 0
    outer loop
      vertex -19.1988 -11.392 4
      vertex -19.3343 -11.4321 2
      vertex -19.1988 -11.392 2
    endloop
  endfacet
  facet normal 0.0261764 -0.999657 0
    outer loop
      vertex -18.6413 -11.3037 2
      vertex -18.5 -11.3 4
      vertex -18.6413 -11.3037 4
    endloop
  endfacet
  facet normal 0.0261764 -0.999657 0
    outer loop
      vertex -18.5 -11.3 4
      vertex -18.6413 -11.3037 2
      vertex -18.5 -11.3 2
    endloop
  endfacet
  facet normal 0.0785359 -0.996911 0
    outer loop
      vertex -18.7822 -11.3148 2
      vertex -18.6413 -11.3037 4
      vertex -18.7822 -11.3148 4
    endloop
  endfacet
  facet normal 0.0785359 -0.996911 0
    outer loop
      vertex -18.6413 -11.3037 4
      vertex -18.7822 -11.3148 2
      vertex -18.6413 -11.3037 2
    endloop
  endfacet
  facet normal 0.476967 -0.878921 0
    outer loop
      vertex -19.85 -11.6617 2
      vertex -19.7258 -11.5943 4
      vertex -19.85 -11.6617 4
    endloop
  endfacet
  facet normal 0.476967 -0.878921 0
    outer loop
      vertex -19.7258 -11.5943 4
      vertex -19.85 -11.6617 2
      vertex -19.7258 -11.5943 2
    endloop
  endfacet
  facet normal 0.382706 -0.92387 0
    outer loop
      vertex -19.5982 -11.5334 2
      vertex -19.4676 -11.4793 4
      vertex -19.5982 -11.5334 4
    endloop
  endfacet
  facet normal 0.382706 -0.92387 0
    outer loop
      vertex -19.4676 -11.4793 4
      vertex -19.5982 -11.5334 2
      vertex -19.4676 -11.4793 2
    endloop
  endfacet
  facet normal 0.608342 -0.793675 0
    outer loop
      vertex -20.1992 -11.9017 2
      vertex -20.087 -11.8157 4
      vertex -20.1992 -11.9017 4
    endloop
  endfacet
  facet normal 0.608342 -0.793675 0
    outer loop
      vertex -20.087 -11.8157 4
      vertex -20.1992 -11.9017 2
      vertex -20.087 -11.8157 2
    endloop
  endfacet
  facet normal 0.649392 -0.760454 0
    outer loop
      vertex -20.3067 -11.9935 2
      vertex -20.1992 -11.9017 4
      vertex -20.3067 -11.9935 4
    endloop
  endfacet
  facet normal 0.649392 -0.760454 0
    outer loop
      vertex -20.1992 -11.9017 4
      vertex -20.3067 -11.9935 2
      vertex -20.1992 -11.9017 2
    endloop
  endfacet
  facet normal 0.566559 -0.824021 0
    outer loop
      vertex -20.087 -11.8157 2
      vertex -19.9705 -11.7356 4
      vertex -20.087 -11.8157 4
    endloop
  endfacet
  facet normal 0.566559 -0.824021 0
    outer loop
      vertex -19.9705 -11.7356 4
      vertex -20.087 -11.8157 2
      vertex -19.9705 -11.7356 2
    endloop
  endfacet
  facet normal 0.68847 -0.725264 0
    outer loop
      vertex -20.4092 -12.0908 2
      vertex -20.3067 -11.9935 4
      vertex -20.4092 -12.0908 4
    endloop
  endfacet
  facet normal 0.68847 -0.725264 0
    outer loop
      vertex -20.3067 -11.9935 4
      vertex -20.4092 -12.0908 2
      vertex -20.3067 -11.9935 2
    endloop
  endfacet
  facet normal -0.0261764 0.999657 0
    outer loop
      vertex -18.3587 -16.6963 2
      vertex -18.5 -16.7 4
      vertex -18.3587 -16.6963 4
    endloop
  endfacet
  facet normal -0.0261764 0.999657 0
    outer loop
      vertex -18.5 -16.7 4
      vertex -18.3587 -16.6963 2
      vertex -18.5 -16.7 2
    endloop
  endfacet
  facet normal -0.94265 0.333782 0
    outer loop
      vertex -15.9793 -14.9676 2
      vertex -15.9321 -14.8343 4
      vertex -15.9321 -14.8343 2
    endloop
  endfacet
  facet normal -0.94265 0.333782 0
    outer loop
      vertex -15.9321 -14.8343 4
      vertex -15.9793 -14.9676 2
      vertex -15.9793 -14.9676 4
    endloop
  endfacet
  facet normal -0.972349 0.233534 0
    outer loop
      vertex -15.892 -14.6988 2
      vertex -15.859 -14.5614 4
      vertex -15.859 -14.5614 2
    endloop
  endfacet
  facet normal -0.972349 0.233534 0
    outer loop
      vertex -15.859 -14.5614 4
      vertex -15.892 -14.6988 2
      vertex -15.892 -14.6988 4
    endloop
  endfacet
  facet normal -0.0785359 0.996911 0
    outer loop
      vertex -18.2178 -16.6852 2
      vertex -18.3587 -16.6963 4
      vertex -18.2178 -16.6852 4
    endloop
  endfacet
  facet normal -0.0785359 0.996911 0
    outer loop
      vertex -18.3587 -16.6963 4
      vertex -18.2178 -16.6852 2
      vertex -18.3587 -16.6963 2
    endloop
  endfacet
  facet normal -0.130125 0.991498 0
    outer loop
      vertex -18.0776 -16.6668 2
      vertex -18.2178 -16.6852 4
      vertex -18.0776 -16.6668 4
    endloop
  endfacet
  facet normal -0.130125 0.991498 0
    outer loop
      vertex -18.2178 -16.6852 4
      vertex -18.0776 -16.6668 2
      vertex -18.2178 -16.6852 2
    endloop
  endfacet
  facet normal -0.283775 0.958891 0
    outer loop
      vertex -17.6657 -16.5679 2
      vertex -17.8012 -16.608 4
      vertex -17.6657 -16.5679 4
    endloop
  endfacet
  facet normal -0.283775 0.958891 0
    outer loop
      vertex -17.8012 -16.608 4
      vertex -17.6657 -16.5679 2
      vertex -17.8012 -16.608 2
    endloop
  endfacet
  facet normal -0.333782 0.94265 0
    outer loop
      vertex -17.5324 -16.5207 2
      vertex -17.6657 -16.5679 4
      vertex -17.5324 -16.5207 4
    endloop
  endfacet
  facet normal -0.333782 0.94265 0
    outer loop
      vertex -17.6657 -16.5679 4
      vertex -17.5324 -16.5207 2
      vertex -17.6657 -16.5679 2
    endloop
  endfacet
  facet normal -0.233534 0.972349 0
    outer loop
      vertex -17.8012 -16.608 2
      vertex -17.9386 -16.641 4
      vertex -17.8012 -16.608 4
    endloop
  endfacet
  facet normal -0.233534 0.972349 0
    outer loop
      vertex -17.9386 -16.641 4
      vertex -17.8012 -16.608 2
      vertex -17.9386 -16.641 2
    endloop
  endfacet
  facet normal -0.608342 0.793675 0
    outer loop
      vertex -16.8008 -16.0983 2
      vertex -16.913 -16.1843 4
      vertex -16.8008 -16.0983 4
    endloop
  endfacet
  facet normal -0.608342 0.793675 0
    outer loop
      vertex -16.913 -16.1843 4
      vertex -16.8008 -16.0983 2
      vertex -16.913 -16.1843 2
    endloop
  endfacet
  facet normal -0.566559 0.824021 0
    outer loop
      vertex -16.913 -16.1843 2
      vertex -17.0295 -16.2644 4
      vertex -16.913 -16.1843 4
    endloop
  endfacet
  facet normal -0.566559 0.824021 0
    outer loop
      vertex -17.0295 -16.2644 4
      vertex -16.913 -16.1843 2
      vertex -17.0295 -16.2644 2
    endloop
  endfacet
  facet normal -0.649392 0.760454 0
    outer loop
      vertex -16.6933 -16.0065 2
      vertex -16.8008 -16.0983 4
      vertex -16.6933 -16.0065 4
    endloop
  endfacet
  facet normal -0.649392 0.760454 0
    outer loop
      vertex -16.8008 -16.0983 4
      vertex -16.6933 -16.0065 2
      vertex -16.8008 -16.0983 2
    endloop
  endfacet
  facet normal -0.476967 0.878921 0
    outer loop
      vertex -17.15 -16.3383 2
      vertex -17.2742 -16.4057 4
      vertex -17.15 -16.3383 4
    endloop
  endfacet
  facet normal -0.476967 0.878921 0
    outer loop
      vertex -17.2742 -16.4057 4
      vertex -17.15 -16.3383 2
      vertex -17.2742 -16.4057 2
    endloop
  endfacet
  facet normal -0.382706 0.92387 0
    outer loop
      vertex -17.4018 -16.4666 2
      vertex -17.5324 -16.5207 4
      vertex -17.4018 -16.4666 4
    endloop
  endfacet
  facet normal -0.382706 0.92387 0
    outer loop
      vertex -17.5324 -16.5207 4
      vertex -17.4018 -16.4666 2
      vertex -17.5324 -16.5207 2
    endloop
  endfacet
  facet normal -0.852459 0.522794 0
    outer loop
      vertex -16.2356 -15.4705 2
      vertex -16.1617 -15.35 4
      vertex -16.1617 -15.35 2
    endloop
  endfacet
  facet normal -0.852459 0.522794 0
    outer loop
      vertex -16.1617 -15.35 4
      vertex -16.2356 -15.4705 2
      vertex -16.2356 -15.4705 4
    endloop
  endfacet
  facet normal -0.902481 0.43073 0
    outer loop
      vertex -16.0943 -15.2258 2
      vertex -16.0334 -15.0982 4
      vertex -16.0334 -15.0982 2
    endloop
  endfacet
  facet normal -0.902481 0.43073 0
    outer loop
      vertex -16.0334 -15.0982 4
      vertex -16.0943 -15.2258 2
      vertex -16.0943 -15.2258 4
    endloop
  endfacet
  facet normal -0.793675 0.608342 0
    outer loop
      vertex -16.4017 -15.6992 2
      vertex -16.3157 -15.587 4
      vertex -16.3157 -15.587 2
    endloop
  endfacet
  facet normal -0.793675 0.608342 0
    outer loop
      vertex -16.3157 -15.587 4
      vertex -16.4017 -15.6992 2
      vertex -16.4017 -15.6992 4
    endloop
  endfacet
  facet normal 0.182495 0.983207 -0
    outer loop
      vertex -18.9224 -16.6668 2
      vertex -19.0614 -16.641 4
      vertex -18.9224 -16.6668 4
    endloop
  endfacet
  facet normal 0.182495 0.983207 0
    outer loop
      vertex -19.0614 -16.641 4
      vertex -18.9224 -16.6668 2
      vertex -19.0614 -16.641 2
    endloop
  endfacet
  facet normal 0.0785359 0.996911 -0
    outer loop
      vertex -18.6413 -16.6963 2
      vertex -18.7822 -16.6852 4
      vertex -18.6413 -16.6963 4
    endloop
  endfacet
  facet normal 0.0785359 0.996911 0
    outer loop
      vertex -18.7822 -16.6852 4
      vertex -18.6413 -16.6963 2
      vertex -18.7822 -16.6852 2
    endloop
  endfacet
  facet normal 0.283775 0.958891 -0
    outer loop
      vertex -19.1988 -16.608 2
      vertex -19.3343 -16.5679 4
      vertex -19.1988 -16.608 4
    endloop
  endfacet
  facet normal 0.283775 0.958891 0
    outer loop
      vertex -19.3343 -16.5679 4
      vertex -19.1988 -16.608 2
      vertex -19.3343 -16.5679 2
    endloop
  endfacet
  facet normal 0.522794 0.852459 -0
    outer loop
      vertex -19.85 -16.3383 2
      vertex -19.9705 -16.2644 4
      vertex -19.85 -16.3383 4
    endloop
  endfacet
  facet normal 0.522794 0.852459 0
    outer loop
      vertex -19.9705 -16.2644 4
      vertex -19.85 -16.3383 2
      vertex -19.9705 -16.2644 2
    endloop
  endfacet
  facet normal 0.43073 0.902481 -0
    outer loop
      vertex -19.5982 -16.4666 2
      vertex -19.7258 -16.4057 4
      vertex -19.5982 -16.4666 4
    endloop
  endfacet
  facet normal 0.43073 0.902481 0
    outer loop
      vertex -19.7258 -16.4057 4
      vertex -19.5982 -16.4666 2
      vertex -19.7258 -16.4057 2
    endloop
  endfacet
  facet normal 0.566559 0.824021 -0
    outer loop
      vertex -19.9705 -16.2644 2
      vertex -20.087 -16.1843 4
      vertex -19.9705 -16.2644 4
    endloop
  endfacet
  facet normal 0.566559 0.824021 0
    outer loop
      vertex -20.087 -16.1843 4
      vertex -19.9705 -16.2644 2
      vertex -20.087 -16.1843 2
    endloop
  endfacet
  facet normal 0.608342 0.793675 -0
    outer loop
      vertex -20.087 -16.1843 2
      vertex -20.1992 -16.0983 4
      vertex -20.087 -16.1843 4
    endloop
  endfacet
  facet normal 0.608342 0.793675 0
    outer loop
      vertex -20.1992 -16.0983 4
      vertex -20.087 -16.1843 2
      vertex -20.1992 -16.0983 2
    endloop
  endfacet
  facet normal 0.972349 0.233534 0
    outer loop
      vertex -21.108 -14.6988 4
      vertex -21.141 -14.5614 2
      vertex -21.141 -14.5614 4
    endloop
  endfacet
  facet normal 0.972349 0.233534 0
    outer loop
      vertex -21.141 -14.5614 2
      vertex -21.108 -14.6988 4
      vertex -21.108 -14.6988 2
    endloop
  endfacet
  facet normal 0.991498 0.130125 0
    outer loop
      vertex -21.1668 -14.4224 4
      vertex -21.1852 -14.2822 2
      vertex -21.1852 -14.2822 4
    endloop
  endfacet
  facet normal 0.991498 0.130125 0
    outer loop
      vertex -21.1852 -14.2822 2
      vertex -21.1668 -14.4224 4
      vertex -21.1668 -14.4224 2
    endloop
  endfacet
  facet normal 0.999657 0.0261764 0
    outer loop
      vertex -21.1963 -14.1413 4
      vertex -21.2 -14 2
      vertex -21.2 -14 4
    endloop
  endfacet
  facet normal 0.999657 0.0261764 0
    outer loop
      vertex -21.2 -14 2
      vertex -21.1963 -14.1413 4
      vertex -21.1963 -14.1413 2
    endloop
  endfacet
  facet normal 0 0 1
    outer loop
      vertex -17.1 -14 2
      vertex -15.8 -14 2
      vertex -15.8037 -13.8587 2
    endloop
  endfacet
  facet normal 0 0 1
    outer loop
      vertex -17.1019 -13.9267 2
      vertex -15.8037 -13.8587 2
      vertex -15.8148 -13.7178 2
    endloop
  endfacet
  facet normal 0 0 1
    outer loop
      vertex -15.8 -14 2
      vertex -17.1 -14 2
      vertex -15.8037 -14.1413 2
    endloop
  endfacet
  facet normal 0 0 1
    outer loop
      vertex -17.1077 -13.8537 2
      vertex -15.8148 -13.7178 2
      vertex -15.8332 -13.5776 2
    endloop
  endfacet
  facet normal -0 0 1
    outer loop
      vertex -17.1019 -14.0733 2
      vertex -15.8037 -14.1413 2
      vertex -17.1 -14 2
    endloop
  endfacet
  facet normal 0 0 1
    outer loop
      vertex -17.1172 -13.781 2
      vertex -15.8332 -13.5776 2
      vertex -15.859 -13.4386 2
    endloop
  endfacet
  facet normal 0 0 1
    outer loop
      vertex -15.8037 -14.1413 2
      vertex -17.1019 -14.0733 2
      vertex -15.8148 -14.2822 2
    endloop
  endfacet
  facet normal 0 0 1
    outer loop
      vertex -17.1306 -13.7089 2
      vertex -15.859 -13.4386 2
      vertex -15.892 -13.3012 2
    endloop
  endfacet
  facet normal -0 0 1
    outer loop
      vertex -17.1077 -14.1463 2
      vertex -15.8148 -14.2822 2
      vertex -17.1019 -14.0733 2
    endloop
  endfacet
  facet normal 0 0 1
    outer loop
      vertex -17.1477 -13.6377 2
      vertex -15.892 -13.3012 2
      vertex -15.9321 -13.1657 2
    endloop
  endfacet
  facet normal 0 0 1
    outer loop
      vertex -15.8148 -14.2822 2
      vertex -17.1077 -14.1463 2
      vertex -15.8332 -14.4224 2
    endloop
  endfacet
  facet normal 0 0 1
    outer loop
      vertex -17.1685 -13.5674 2
      vertex -15.9321 -13.1657 2
      vertex -15.9793 -13.0324 2
    endloop
  endfacet
  facet normal -0 0 1
    outer loop
      vertex -17.1172 -14.219 2
      vertex -15.8332 -14.4224 2
      vertex -17.1077 -14.1463 2
    endloop
  endfacet
  facet normal 0 0 1
    outer loop
      vertex -17.193 -13.4983 2
      vertex -15.9793 -13.0324 2
      vertex -16.0334 -12.9018 2
    endloop
  endfacet
  facet normal 0 0 1
    outer loop
      vertex -15.8332 -14.4224 2
      vertex -17.1172 -14.219 2
      vertex -15.859 -14.5614 2
    endloop
  endfacet
  facet normal 0 0 1
    outer loop
      vertex -17.221 -13.4306 2
      vertex -16.0334 -12.9018 2
      vertex -16.0943 -12.7742 2
    endloop
  endfacet
  facet normal -0 0 1
    outer loop
      vertex -17.1306 -14.2911 2
      vertex -15.859 -14.5614 2
      vertex -17.1172 -14.219 2
    endloop
  endfacet
  facet normal 0 0 1
    outer loop
      vertex -17.2526 -13.3644 2
      vertex -16.0943 -12.7742 2
      vertex -16.1617 -12.65 2
    endloop
  endfacet
  facet normal 0 0 1
    outer loop
      vertex -15.859 -14.5614 2
      vertex -17.1306 -14.2911 2
      vertex -15.892 -14.6988 2
    endloop
  endfacet
  facet normal 0 0 1
    outer loop
      vertex -17.2876 -13.3 2
      vertex -16.1617 -12.65 2
      vertex -16.2356 -12.5295 2
    endloop
  endfacet
  facet normal -0 0 1
    outer loop
      vertex -17.1477 -14.3623 2
      vertex -15.892 -14.6988 2
      vertex -17.1306 -14.2911 2
    endloop
  endfacet
  facet normal 0 0 1
    outer loop
      vertex -17.3259 -13.2375 2
      vertex -16.2356 -12.5295 2
      vertex -16.3157 -12.413 2
    endloop
  endfacet
  facet normal 0 0 1
    outer loop
      vertex -15.892 -14.6988 2
      vertex -17.1477 -14.3623 2
      vertex -15.9321 -14.8343 2
    endloop
  endfacet
  facet normal 0 0 1
    outer loop
      vertex -17.3674 -13.1771 2
      vertex -16.3157 -12.413 2
      vertex -16.4017 -12.3008 2
    endloop
  endfacet
  facet normal -0 0 1
    outer loop
      vertex -17.1685 -14.4326 2
      vertex -15.9321 -14.8343 2
      vertex -17.1477 -14.3623 2
    endloop
  endfacet
  facet normal 0 0 1
    outer loop
      vertex -17.412 -13.119 2
      vertex -16.4017 -12.3008 2
      vertex -16.4935 -12.1933 2
    endloop
  endfacet
  facet normal 0 0 1
    outer loop
      vertex -15.9321 -14.8343 2
      vertex -17.1685 -14.4326 2
      vertex -15.9793 -14.9676 2
    endloop
  endfacet
  facet normal 0 0 1
    outer loop
      vertex -17.4596 -13.0632 2
      vertex -16.4935 -12.1933 2
      vertex -16.5908 -12.0908 2
    endloop
  endfacet
  facet normal -0 0 1
    outer loop
      vertex -17.193 -14.5017 2
      vertex -15.9793 -14.9676 2
      vertex -17.1685 -14.4326 2
    endloop
  endfacet
  facet normal 0 0 1
    outer loop
      vertex -17.5101 -13.0101 2
      vertex -16.5908 -12.0908 2
      vertex -16.6933 -11.9935 2
    endloop
  endfacet
  facet normal 0 0 1
    outer loop
      vertex -15.9793 -14.9676 2
      vertex -17.193 -14.5017 2
      vertex -16.0334 -15.0982 2
    endloop
  endfacet
  facet normal 0 0 1
    outer loop
      vertex -17.5632 -12.9596 2
      vertex -16.6933 -11.9935 2
      vertex -16.8008 -11.9017 2
    endloop
  endfacet
  facet normal -0 0 1
    outer loop
      vertex -17.221 -14.5694 2
      vertex -16.0334 -15.0982 2
      vertex -17.193 -14.5017 2
    endloop
  endfacet
  facet normal 0 0 1
    outer loop
      vertex -17.619 -12.912 2
      vertex -16.8008 -11.9017 2
      vertex -16.913 -11.8157 2
    endloop
  endfacet
  facet normal 0 0 1
    outer loop
      vertex -16.0334 -15.0982 2
      vertex -17.221 -14.5694 2
      vertex -16.0943 -15.2258 2
    endloop
  endfacet
  facet normal 0 0 1
    outer loop
      vertex -17.6771 -12.8674 2
      vertex -16.913 -11.8157 2
      vertex -17.0295 -11.7356 2
    endloop
  endfacet
  facet normal -0 0 1
    outer loop
      vertex -17.2526 -14.6356 2
      vertex -16.0943 -15.2258 2
      vertex -17.221 -14.5694 2
    endloop
  endfacet
  facet normal 0 0 1
    outer loop
      vertex -16.0943 -15.2258 2
      vertex -17.2526 -14.6356 2
      vertex -16.1617 -15.35 2
    endloop
  endfacet
  facet normal 0 0 1
    outer loop
      vertex -15.8037 -13.8587 2
      vertex -17.1019 -13.9267 2
      vertex -17.1 -14 2
    endloop
  endfacet
  facet normal 0 0 1
    outer loop
      vertex -15.8148 -13.7178 2
      vertex -17.1077 -13.8537 2
      vertex -17.1019 -13.9267 2
    endloop
  endfacet
  facet normal 0 0 1
    outer loop
      vertex -15.8332 -13.5776 2
      vertex -17.1172 -13.781 2
      vertex -17.1077 -13.8537 2
    endloop
  endfacet
  facet normal 0 0 1
    outer loop
      vertex -15.859 -13.4386 2
      vertex -17.1306 -13.7089 2
      vertex -17.1172 -13.781 2
    endloop
  endfacet
  facet normal 0 0 1
    outer loop
      vertex -15.892 -13.3012 2
      vertex -17.1477 -13.6377 2
      vertex -17.1306 -13.7089 2
    endloop
  endfacet
  facet normal 0 0 1
    outer loop
      vertex -17.7375 -12.8259 2
      vertex -17.0295 -11.7356 2
      vertex -17.15 -11.6617 2
    endloop
  endfacet
  facet normal 0 0 1
    outer loop
      vertex -15.9321 -13.1657 2
      vertex -17.1685 -13.5674 2
      vertex -17.1477 -13.6377 2
    endloop
  endfacet
  facet normal 0 0 1
    outer loop
      vertex -15.9793 -13.0324 2
      vertex -17.193 -13.4983 2
      vertex -17.1685 -13.5674 2
    endloop
  endfacet
  facet normal 0 0 1
    outer loop
      vertex -16.0334 -12.9018 2
      vertex -17.221 -13.4306 2
      vertex -17.193 -13.4983 2
    endloop
  endfacet
  facet normal 0 0 1
    outer loop
      vertex -16.0943 -12.7742 2
      vertex -17.2526 -13.3644 2
      vertex -17.221 -13.4306 2
    endloop
  endfacet
  facet normal 0 0 1
    outer loop
      vertex -17.8 -12.7876 2
      vertex -17.15 -11.6617 2
      vertex -17.2742 -11.5943 2
    endloop
  endfacet
  facet normal 0 0 1
    outer loop
      vertex -16.1617 -12.65 2
      vertex -17.2876 -13.3 2
      vertex -17.2526 -13.3644 2
    endloop
  endfacet
  facet normal 0 0 1
    outer loop
      vertex -16.2356 -12.5295 2
      vertex -17.3259 -13.2375 2
      vertex -17.2876 -13.3 2
    endloop
  endfacet
  facet normal 0 0 1
    outer loop
      vertex -16.3157 -12.413 2
      vertex -17.3674 -13.1771 2
      vertex -17.3259 -13.2375 2
    endloop
  endfacet
  facet normal 0 0 1
    outer loop
      vertex -17.8644 -12.7526 2
      vertex -17.2742 -11.5943 2
      vertex -17.4018 -11.5334 2
    endloop
  endfacet
  facet normal 0 0 1
    outer loop
      vertex -16.4017 -12.3008 2
      vertex -17.412 -13.119 2
      vertex -17.3674 -13.1771 2
    endloop
  endfacet
  facet normal 0 0 1
    outer loop
      vertex -16.4935 -12.1933 2
      vertex -17.4596 -13.0632 2
      vertex -17.412 -13.119 2
    endloop
  endfacet
  facet normal 0 0 1
    outer loop
      vertex -16.5908 -12.0908 2
      vertex -17.5101 -13.0101 2
      vertex -17.4596 -13.0632 2
    endloop
  endfacet
  facet normal 0 0 1
    outer loop
      vertex -17.9306 -12.721 2
      vertex -17.4018 -11.5334 2
      vertex -17.5324 -11.4793 2
    endloop
  endfacet
  facet normal 0 0 1
    outer loop
      vertex -16.6933 -11.9935 2
      vertex -17.5632 -12.9596 2
      vertex -17.5101 -13.0101 2
    endloop
  endfacet
  facet normal 0 0 1
    outer loop
      vertex -16.8008 -11.9017 2
      vertex -17.619 -12.912 2
      vertex -17.5632 -12.9596 2
    endloop
  endfacet
  facet normal 0 0 1
    outer loop
      vertex -17.9983 -12.693 2
      vertex -17.5324 -11.4793 2
      vertex -17.6657 -11.4321 2
    endloop
  endfacet
  facet normal 0 0 1
    outer loop
      vertex -16.913 -11.8157 2
      vertex -17.6771 -12.8674 2
      vertex -17.619 -12.912 2
    endloop
  endfacet
  facet normal 0 0 1
    outer loop
      vertex -17.0295 -11.7356 2
      vertex -17.7375 -12.8259 2
      vertex -17.6771 -12.8674 2
    endloop
  endfacet
  facet normal 0 0 1
    outer loop
      vertex -17.15 -11.6617 2
      vertex -17.8 -12.7876 2
      vertex -17.7375 -12.8259 2
    endloop
  endfacet
  facet normal 0 0 1
    outer loop
      vertex -18.0674 -12.6685 2
      vertex -17.6657 -11.4321 2
      vertex -17.8012 -11.392 2
    endloop
  endfacet
  facet normal 0 0 1
    outer loop
      vertex -17.2742 -11.5943 2
      vertex -17.8644 -12.7526 2
      vertex -17.8 -12.7876 2
    endloop
  endfacet
  facet normal 0 0 1
    outer loop
      vertex -17.4018 -11.5334 2
      vertex -17.9306 -12.721 2
      vertex -17.8644 -12.7526 2
    endloop
  endfacet
  facet normal 0 0 1
    outer loop
      vertex -18.1377 -12.6477 2
      vertex -17.8012 -11.392 2
      vertex -17.9386 -11.359 2
    endloop
  endfacet
  facet normal 0 0 1
    outer loop
      vertex -17.5324 -11.4793 2
      vertex -17.9983 -12.693 2
      vertex -17.9306 -12.721 2
    endloop
  endfacet
  facet normal 0 0 1
    outer loop
      vertex -17.6657 -11.4321 2
      vertex -18.0674 -12.6685 2
      vertex -17.9983 -12.693 2
    endloop
  endfacet
  facet normal 0 0 1
    outer loop
      vertex -18.2089 -12.6306 2
      vertex -17.9386 -11.359 2
      vertex -18.0776 -11.3332 2
    endloop
  endfacet
  facet normal 0 0 1
    outer loop
      vertex -17.8012 -11.392 2
      vertex -18.1377 -12.6477 2
      vertex -18.0674 -12.6685 2
    endloop
  endfacet
  facet normal 0 0 1
    outer loop
      vertex -17.9386 -11.359 2
      vertex -18.2089 -12.6306 2
      vertex -18.1377 -12.6477 2
    endloop
  endfacet
  facet normal 0 0 1
    outer loop
      vertex -18.281 -12.6172 2
      vertex -18.0776 -11.3332 2
      vertex -18.2178 -11.3148 2
    endloop
  endfacet
  facet normal 0 0 1
    outer loop
      vertex -18.0776 -11.3332 2
      vertex -18.281 -12.6172 2
      vertex -18.2089 -12.6306 2
    endloop
  endfacet
  facet normal 0 0 1
    outer loop
      vertex -18.2178 -11.3148 2
      vertex -18.3537 -12.6077 2
      vertex -18.281 -12.6172 2
    endloop
  endfacet
  facet normal 0 0 1
    outer loop
      vertex -18.3587 -11.3037 2
      vertex -18.3537 -12.6077 2
      vertex -18.2178 -11.3148 2
    endloop
  endfacet
  facet normal 0 0 1
    outer loop
      vertex -18.3587 -11.3037 2
      vertex -18.4267 -12.6019 2
      vertex -18.3537 -12.6077 2
    endloop
  endfacet
  facet normal 0 0 1
    outer loop
      vertex -18.5 -11.3 2
      vertex -18.4267 -12.6019 2
      vertex -18.3587 -11.3037 2
    endloop
  endfacet
  facet normal 0 0 1
    outer loop
      vertex -18.5 -11.3 2
      vertex -18.5 -12.6 2
      vertex -18.4267 -12.6019 2
    endloop
  endfacet
  facet normal 0 0 1
    outer loop
      vertex -18.5 -11.3 2
      vertex -18.5733 -12.6019 2
      vertex -18.5 -12.6 2
    endloop
  endfacet
  facet normal -0 0 1
    outer loop
      vertex -18.6413 -11.3037 2
      vertex -18.5733 -12.6019 2
      vertex -18.5 -11.3 2
    endloop
  endfacet
  facet normal 0 0 1
    outer loop
      vertex -18.6413 -11.3037 2
      vertex -18.6463 -12.6077 2
      vertex -18.5733 -12.6019 2
    endloop
  endfacet
  facet normal -0 0 1
    outer loop
      vertex -18.7822 -11.3148 2
      vertex -18.6463 -12.6077 2
      vertex -18.6413 -11.3037 2
    endloop
  endfacet
  facet normal 0 0 1
    outer loop
      vertex -18.6463 -12.6077 2
      vertex -18.7822 -11.3148 2
      vertex -18.719 -12.6172 2
    endloop
  endfacet
  facet normal -0 0 1
    outer loop
      vertex -18.9224 -11.3332 2
      vertex -18.719 -12.6172 2
      vertex -18.7822 -11.3148 2
    endloop
  endfacet
  facet normal 0 0 1
    outer loop
      vertex -18.719 -12.6172 2
      vertex -18.9224 -11.3332 2
      vertex -18.7911 -12.6306 2
    endloop
  endfacet
  facet normal -0 0 1
    outer loop
      vertex -19.0614 -11.359 2
      vertex -18.7911 -12.6306 2
      vertex -18.9224 -11.3332 2
    endloop
  endfacet
  facet normal 0 0 1
    outer loop
      vertex -18.7911 -12.6306 2
      vertex -19.0614 -11.359 2
      vertex -18.8623 -12.6477 2
    endloop
  endfacet
  facet normal -0 0 1
    outer loop
      vertex -19.1988 -11.392 2
      vertex -18.8623 -12.6477 2
      vertex -19.0614 -11.359 2
    endloop
  endfacet
  facet normal 0 0 1
    outer loop
      vertex -18.8623 -12.6477 2
      vertex -19.1988 -11.392 2
      vertex -18.9326 -12.6685 2
    endloop
  endfacet
  facet normal -0 0 1
    outer loop
      vertex -19.3343 -11.4321 2
      vertex -18.9326 -12.6685 2
      vertex -19.1988 -11.392 2
    endloop
  endfacet
  facet normal 0 0 1
    outer loop
      vertex -18.9326 -12.6685 2
      vertex -19.3343 -11.4321 2
      vertex -19.0017 -12.693 2
    endloop
  endfacet
  facet normal -0 0 1
    outer loop
      vertex -19.4676 -11.4793 2
      vertex -19.0017 -12.693 2
      vertex -19.3343 -11.4321 2
    endloop
  endfacet
  facet normal 0 0 1
    outer loop
      vertex -19.0017 -12.693 2
      vertex -19.4676 -11.4793 2
      vertex -19.0694 -12.721 2
    endloop
  endfacet
  facet normal -0 0 1
    outer loop
      vertex -19.5982 -11.5334 2
      vertex -19.0694 -12.721 2
      vertex -19.4676 -11.4793 2
    endloop
  endfacet
  facet normal 0 0 1
    outer loop
      vertex -19.0694 -12.721 2
      vertex -19.5982 -11.5334 2
      vertex -19.1356 -12.7526 2
    endloop
  endfacet
  facet normal -0 0 1
    outer loop
      vertex -19.7258 -11.5943 2
      vertex -19.1356 -12.7526 2
      vertex -19.5982 -11.5334 2
    endloop
  endfacet
  facet normal 0 0 1
    outer loop
      vertex -19.1356 -12.7526 2
      vertex -19.7258 -11.5943 2
      vertex -19.2 -12.7876 2
    endloop
  endfacet
  facet normal -0 0 1
    outer loop
      vertex -19.85 -11.6617 2
      vertex -19.2 -12.7876 2
      vertex -19.7258 -11.5943 2
    endloop
  endfacet
  facet normal 0 0 1
    outer loop
      vertex -19.2 -12.7876 2
      vertex -19.85 -11.6617 2
      vertex -19.2625 -12.8259 2
    endloop
  endfacet
  facet normal -0 0 1
    outer loop
      vertex -19.9705 -11.7356 2
      vertex -19.2625 -12.8259 2
      vertex -19.85 -11.6617 2
    endloop
  endfacet
  facet normal 0 0 1
    outer loop
      vertex -19.2625 -12.8259 2
      vertex -19.9705 -11.7356 2
      vertex -19.3229 -12.8674 2
    endloop
  endfacet
  facet normal -0 0 1
    outer loop
      vertex -20.087 -11.8157 2
      vertex -19.3229 -12.8674 2
      vertex -19.9705 -11.7356 2
    endloop
  endfacet
  facet normal 0 0 1
    outer loop
      vertex -19.3229 -12.8674 2
      vertex -20.087 -11.8157 2
      vertex -19.381 -12.912 2
    endloop
  endfacet
  facet normal -0 0 1
    outer loop
      vertex -20.1992 -11.9017 2
      vertex -19.381 -12.912 2
      vertex -20.087 -11.8157 2
    endloop
  endfacet
  facet normal 0 0 1
    outer loop
      vertex -19.381 -12.912 2
      vertex -20.1992 -11.9017 2
      vertex -19.4368 -12.9596 2
    endloop
  endfacet
  facet normal -0 0 1
    outer loop
      vertex -20.3067 -11.9935 2
      vertex -19.4368 -12.9596 2
      vertex -20.1992 -11.9017 2
    endloop
  endfacet
  facet normal 0 0 1
    outer loop
      vertex -19.4368 -12.9596 2
      vertex -20.3067 -11.9935 2
      vertex -19.4899 -13.0101 2
    endloop
  endfacet
  facet normal -0 0 1
    outer loop
      vertex -20.4092 -12.0908 2
      vertex -19.4899 -13.0101 2
      vertex -20.3067 -11.9935 2
    endloop
  endfacet
  facet normal 0 0 1
    outer loop
      vertex -19.4899 -13.0101 2
      vertex -20.4092 -12.0908 2
      vertex -19.5404 -13.0632 2
    endloop
  endfacet
  facet normal -0 0 1
    outer loop
      vertex -20.5065 -12.1933 2
      vertex -19.5404 -13.0632 2
      vertex -20.4092 -12.0908 2
    endloop
  endfacet
  facet normal 0 0 1
    outer loop
      vertex -19.5404 -13.0632 2
      vertex -20.5065 -12.1933 2
      vertex -19.588 -13.119 2
    endloop
  endfacet
  facet normal -0 0 1
    outer loop
      vertex -20.5983 -12.3008 2
      vertex -19.588 -13.119 2
      vertex -20.5065 -12.1933 2
    endloop
  endfacet
  facet normal 0 0 1
    outer loop
      vertex -19.588 -13.119 2
      vertex -20.5983 -12.3008 2
      vertex -19.6326 -13.1771 2
    endloop
  endfacet
  facet normal -0 0 1
    outer loop
      vertex -20.6843 -12.413 2
      vertex -19.6326 -13.1771 2
      vertex -20.5983 -12.3008 2
    endloop
  endfacet
  facet normal 0 0 1
    outer loop
      vertex -19.6326 -13.1771 2
      vertex -20.6843 -12.413 2
      vertex -19.6741 -13.2375 2
    endloop
  endfacet
  facet normal -0 0 1
    outer loop
      vertex -20.7644 -12.5295 2
      vertex -19.6741 -13.2375 2
      vertex -20.6843 -12.413 2
    endloop
  endfacet
  facet normal 0 0 1
    outer loop
      vertex -19.6741 -13.2375 2
      vertex -20.7644 -12.5295 2
      vertex -19.7124 -13.3 2
    endloop
  endfacet
  facet normal -0 0 1
    outer loop
      vertex -20.8383 -12.65 2
      vertex -19.7124 -13.3 2
      vertex -20.7644 -12.5295 2
    endloop
  endfacet
  facet normal 0 0 1
    outer loop
      vertex -19.7124 -13.3 2
      vertex -20.8383 -12.65 2
      vertex -19.7474 -13.3644 2
    endloop
  endfacet
  facet normal -0 0 1
    outer loop
      vertex -17.2876 -14.7 2
      vertex -16.1617 -15.35 2
      vertex -17.2526 -14.6356 2
    endloop
  endfacet
  facet normal 0 0 1
    outer loop
      vertex -16.1617 -15.35 2
      vertex -17.2876 -14.7 2
      vertex -16.2356 -15.4705 2
    endloop
  endfacet
  facet normal -0 0 1
    outer loop
      vertex -17.3259 -14.7625 2
      vertex -16.2356 -15.4705 2
      vertex -17.2876 -14.7 2
    endloop
  endfacet
  facet normal 0 0 1
    outer loop
      vertex -16.2356 -15.4705 2
      vertex -17.3259 -14.7625 2
      vertex -16.3157 -15.587 2
    endloop
  endfacet
  facet normal -0 0 1
    outer loop
      vertex -17.3674 -14.8229 2
      vertex -16.3157 -15.587 2
      vertex -17.3259 -14.7625 2
    endloop
  endfacet
  facet normal 0 0 1
    outer loop
      vertex -16.3157 -15.587 2
      vertex -17.3674 -14.8229 2
      vertex -16.4017 -15.6992 2
    endloop
  endfacet
  facet normal -0 0 1
    outer loop
      vertex -17.412 -14.881 2
      vertex -16.4017 -15.6992 2
      vertex -17.3674 -14.8229 2
    endloop
  endfacet
  facet normal 0 0 1
    outer loop
      vertex -16.4017 -15.6992 2
      vertex -17.412 -14.881 2
      vertex -16.4935 -15.8067 2
    endloop
  endfacet
  facet normal -0 0 1
    outer loop
      vertex -17.4596 -14.9368 2
      vertex -16.4935 -15.8067 2
      vertex -17.412 -14.881 2
    endloop
  endfacet
  facet normal 0 0 1
    outer loop
      vertex -16.4935 -15.8067 2
      vertex -17.4596 -14.9368 2
      vertex -16.5908 -15.9092 2
    endloop
  endfacet
  facet normal -0 0 1
    outer loop
      vertex -17.5101 -14.9899 2
      vertex -16.5908 -15.9092 2
      vertex -17.4596 -14.9368 2
    endloop
  endfacet
  facet normal 0 0 1
    outer loop
      vertex -16.5908 -15.9092 2
      vertex -17.5101 -14.9899 2
      vertex -16.6933 -16.0065 2
    endloop
  endfacet
  facet normal -0 0 1
    outer loop
      vertex -17.5632 -15.0404 2
      vertex -16.6933 -16.0065 2
      vertex -17.5101 -14.9899 2
    endloop
  endfacet
  facet normal 0 0 1
    outer loop
      vertex -16.6933 -16.0065 2
      vertex -17.5632 -15.0404 2
      vertex -16.8008 -16.0983 2
    endloop
  endfacet
  facet normal -0 0 1
    outer loop
      vertex -17.619 -15.088 2
      vertex -16.8008 -16.0983 2
      vertex -17.5632 -15.0404 2
    endloop
  endfacet
  facet normal 0 0 1
    outer loop
      vertex -16.8008 -16.0983 2
      vertex -17.619 -15.088 2
      vertex -16.913 -16.1843 2
    endloop
  endfacet
  facet normal -0 0 1
    outer loop
      vertex -17.6771 -15.1326 2
      vertex -16.913 -16.1843 2
      vertex -17.619 -15.088 2
    endloop
  endfacet
  facet normal 0 0 1
    outer loop
      vertex -16.913 -16.1843 2
      vertex -17.6771 -15.1326 2
      vertex -17.0295 -16.2644 2
    endloop
  endfacet
  facet normal -0 0 1
    outer loop
      vertex -17.7375 -15.1741 2
      vertex -17.0295 -16.2644 2
      vertex -17.6771 -15.1326 2
    endloop
  endfacet
  facet normal 0 0 1
    outer loop
      vertex -17.0295 -16.2644 2
      vertex -17.7375 -15.1741 2
      vertex -17.15 -16.3383 2
    endloop
  endfacet
  facet normal -0 0 1
    outer loop
      vertex -17.8 -15.2124 2
      vertex -17.15 -16.3383 2
      vertex -17.7375 -15.1741 2
    endloop
  endfacet
  facet normal 0 0 1
    outer loop
      vertex -17.15 -16.3383 2
      vertex -17.8 -15.2124 2
      vertex -17.2742 -16.4057 2
    endloop
  endfacet
  facet normal -0 0 1
    outer loop
      vertex -17.8644 -15.2474 2
      vertex -17.2742 -16.4057 2
      vertex -17.8 -15.2124 2
    endloop
  endfacet
  facet normal 0 0 1
    outer loop
      vertex -17.2742 -16.4057 2
      vertex -17.8644 -15.2474 2
      vertex -17.4018 -16.4666 2
    endloop
  endfacet
  facet normal -0 0 1
    outer loop
      vertex -17.9306 -15.279 2
      vertex -17.4018 -16.4666 2
      vertex -17.8644 -15.2474 2
    endloop
  endfacet
  facet normal 0 0 1
    outer loop
      vertex -17.4018 -16.4666 2
      vertex -17.9306 -15.279 2
      vertex -17.5324 -16.5207 2
    endloop
  endfacet
  facet normal -0 0 1
    outer loop
      vertex -17.9983 -15.307 2
      vertex -17.5324 -16.5207 2
      vertex -17.9306 -15.279 2
    endloop
  endfacet
  facet normal 0 0 1
    outer loop
      vertex -17.5324 -16.5207 2
      vertex -17.9983 -15.307 2
      vertex -17.6657 -16.5679 2
    endloop
  endfacet
  facet normal -0 0 1
    outer loop
      vertex -18.0674 -15.3315 2
      vertex -17.6657 -16.5679 2
      vertex -17.9983 -15.307 2
    endloop
  endfacet
  facet normal 0 0 1
    outer loop
      vertex -17.6657 -16.5679 2
      vertex -18.0674 -15.3315 2
      vertex -17.8012 -16.608 2
    endloop
  endfacet
  facet normal -0 0 1
    outer loop
      vertex -18.1377 -15.3523 2
      vertex -17.8012 -16.608 2
      vertex -18.0674 -15.3315 2
    endloop
  endfacet
  facet normal 0 0 1
    outer loop
      vertex -17.8012 -16.608 2
      vertex -18.1377 -15.3523 2
      vertex -17.9386 -16.641 2
    endloop
  endfacet
  facet normal -0 0 1
    outer loop
      vertex -18.2089 -15.3694 2
      vertex -17.9386 -16.641 2
      vertex -18.1377 -15.3523 2
    endloop
  endfacet
  facet normal 0 0 1
    outer loop
      vertex -17.9386 -16.641 2
      vertex -18.2089 -15.3694 2
      vertex -18.0776 -16.6668 2
    endloop
  endfacet
  facet normal -0 0 1
    outer loop
      vertex -18.281 -15.3828 2
      vertex -18.0776 -16.6668 2
      vertex -18.2089 -15.3694 2
    endloop
  endfacet
  facet normal 0 0 1
    outer loop
      vertex -18.0776 -16.6668 2
      vertex -18.281 -15.3828 2
      vertex -18.2178 -16.6852 2
    endloop
  endfacet
  facet normal -0 0 1
    outer loop
      vertex -18.3537 -15.3923 2
      vertex -18.2178 -16.6852 2
      vertex -18.281 -15.3828 2
    endloop
  endfacet
  facet normal 0 0 1
    outer loop
      vertex -18.3537 -15.3923 2
      vertex -18.3587 -16.6963 2
      vertex -18.2178 -16.6852 2
    endloop
  endfacet
  facet normal -0 0 1
    outer loop
      vertex -18.4267 -15.3981 2
      vertex -18.3587 -16.6963 2
      vertex -18.3537 -15.3923 2
    endloop
  endfacet
  facet normal -0 0 1
    outer loop
      vertex -18.5 -15.4 2
      vertex -18.3587 -16.6963 2
      vertex -18.4267 -15.3981 2
    endloop
  endfacet
  facet normal 0 0 1
    outer loop
      vertex -18.5 -15.4 2
      vertex -18.5 -16.7 2
      vertex -18.3587 -16.6963 2
    endloop
  endfacet
  facet normal 0 0 1
    outer loop
      vertex -18.5733 -15.3981 2
      vertex -18.5 -16.7 2
      vertex -18.5 -15.4 2
    endloop
  endfacet
  facet normal 0 0 1
    outer loop
      vertex -18.5733 -15.3981 2
      vertex -18.6413 -16.6963 2
      vertex -18.5 -16.7 2
    endloop
  endfacet
  facet normal 0 0 1
    outer loop
      vertex -18.6463 -15.3923 2
      vertex -18.6413 -16.6963 2
      vertex -18.5733 -15.3981 2
    endloop
  endfacet
  facet normal 0 0 1
    outer loop
      vertex -18.7822 -16.6852 2
      vertex -18.6463 -15.3923 2
      vertex -18.719 -15.3828 2
    endloop
  endfacet
  facet normal 0 0 1
    outer loop
      vertex -18.6463 -15.3923 2
      vertex -18.7822 -16.6852 2
      vertex -18.6413 -16.6963 2
    endloop
  endfacet
  facet normal 0 0 1
    outer loop
      vertex -18.9224 -16.6668 2
      vertex -18.719 -15.3828 2
      vertex -18.7911 -15.3694 2
    endloop
  endfacet
  facet normal 0 0 1
    outer loop
      vertex -19.0614 -16.641 2
      vertex -18.7911 -15.3694 2
      vertex -18.8623 -15.3523 2
    endloop
  endfacet
  facet normal 0 0 1
    outer loop
      vertex -18.719 -15.3828 2
      vertex -18.9224 -16.6668 2
      vertex -18.7822 -16.6852 2
    endloop
  endfacet
  facet normal 0 0 1
    outer loop
      vertex -19.1988 -16.608 2
      vertex -18.8623 -15.3523 2
      vertex -18.9326 -15.3315 2
    endloop
  endfacet
  facet normal 0 0 1
    outer loop
      vertex -19.3343 -16.5679 2
      vertex -18.9326 -15.3315 2
      vertex -19.0017 -15.307 2
    endloop
  endfacet
  facet normal 0 0 1
    outer loop
      vertex -18.7911 -15.3694 2
      vertex -19.0614 -16.641 2
      vertex -18.9224 -16.6668 2
    endloop
  endfacet
  facet normal 0 0 1
    outer loop
      vertex -19.4676 -16.5207 2
      vertex -19.0017 -15.307 2
      vertex -19.0694 -15.279 2
    endloop
  endfacet
  facet normal 0 0 1
    outer loop
      vertex -19.5982 -16.4666 2
      vertex -19.0694 -15.279 2
      vertex -19.1356 -15.2474 2
    endloop
  endfacet
  facet normal 0 0 1
    outer loop
      vertex -18.8623 -15.3523 2
      vertex -19.1988 -16.608 2
      vertex -19.0614 -16.641 2
    endloop
  endfacet
  facet normal 0 0 1
    outer loop
      vertex -19.7258 -16.4057 2
      vertex -19.1356 -15.2474 2
      vertex -19.2 -15.2124 2
    endloop
  endfacet
  facet normal 0 0 1
    outer loop
      vertex -19.85 -16.3383 2
      vertex -19.2 -15.2124 2
      vertex -19.2625 -15.1741 2
    endloop
  endfacet
  facet normal 0 0 1
    outer loop
      vertex -19.9705 -16.2644 2
      vertex -19.2625 -15.1741 2
      vertex -19.3229 -15.1326 2
    endloop
  endfacet
  facet normal 0 0 1
    outer loop
      vertex -18.9326 -15.3315 2
      vertex -19.3343 -16.5679 2
      vertex -19.1988 -16.608 2
    endloop
  endfacet
  facet normal 0 0 1
    outer loop
      vertex -20.087 -16.1843 2
      vertex -19.3229 -15.1326 2
      vertex -19.381 -15.088 2
    endloop
  endfacet
  facet normal 0 0 1
    outer loop
      vertex -20.1992 -16.0983 2
      vertex -19.381 -15.088 2
      vertex -19.4368 -15.0404 2
    endloop
  endfacet
  facet normal 0 0 1
    outer loop
      vertex -19.0017 -15.307 2
      vertex -19.4676 -16.5207 2
      vertex -19.3343 -16.5679 2
    endloop
  endfacet
  facet normal 0 0 1
    outer loop
      vertex -20.3067 -16.0065 2
      vertex -19.4368 -15.0404 2
      vertex -19.4899 -14.9899 2
    endloop
  endfacet
  facet normal 0 0 1
    outer loop
      vertex -20.4092 -15.9092 2
      vertex -19.4899 -14.9899 2
      vertex -19.5404 -14.9368 2
    endloop
  endfacet
  facet normal 0 0 1
    outer loop
      vertex -20.5065 -15.8067 2
      vertex -19.5404 -14.9368 2
      vertex -19.588 -14.881 2
    endloop
  endfacet
  facet normal 0 0 1
    outer loop
      vertex -19.0694 -15.279 2
      vertex -19.5982 -16.4666 2
      vertex -19.4676 -16.5207 2
    endloop
  endfacet
  facet normal 0 0 1
    outer loop
      vertex -20.5983 -15.6992 2
      vertex -19.588 -14.881 2
      vertex -19.6326 -14.8229 2
    endloop
  endfacet
  facet normal 0 0 1
    outer loop
      vertex -20.6843 -15.587 2
      vertex -19.6326 -14.8229 2
      vertex -19.6741 -14.7625 2
    endloop
  endfacet
  facet normal 0 0 1
    outer loop
      vertex -20.7644 -15.4705 2
      vertex -19.6741 -14.7625 2
      vertex -19.7124 -14.7 2
    endloop
  endfacet
  facet normal 0 0 1
    outer loop
      vertex -19.1356 -15.2474 2
      vertex -19.7258 -16.4057 2
      vertex -19.5982 -16.4666 2
    endloop
  endfacet
  facet normal 0 0 1
    outer loop
      vertex -20.8383 -15.35 2
      vertex -19.7124 -14.7 2
      vertex -19.7474 -14.6356 2
    endloop
  endfacet
  facet normal 0 0 1
    outer loop
      vertex -20.9057 -15.2258 2
      vertex -19.7474 -14.6356 2
      vertex -19.779 -14.5694 2
    endloop
  endfacet
  facet normal 0 0 1
    outer loop
      vertex -20.9666 -15.0982 2
      vertex -19.779 -14.5694 2
      vertex -19.807 -14.5017 2
    endloop
  endfacet
  facet normal 0 0 1
    outer loop
      vertex -21.0207 -14.9676 2
      vertex -19.807 -14.5017 2
      vertex -19.8315 -14.4326 2
    endloop
  endfacet
  facet normal 0 0 1
    outer loop
      vertex -19.2 -15.2124 2
      vertex -19.85 -16.3383 2
      vertex -19.7258 -16.4057 2
    endloop
  endfacet
  facet normal 0 0 1
    outer loop
      vertex -21.0679 -14.8343 2
      vertex -19.8315 -14.4326 2
      vertex -19.8523 -14.3623 2
    endloop
  endfacet
  facet normal 0 0 1
    outer loop
      vertex -21.108 -14.6988 2
      vertex -19.8523 -14.3623 2
      vertex -19.8694 -14.2911 2
    endloop
  endfacet
  facet normal 0 0 1
    outer loop
      vertex -21.141 -14.5614 2
      vertex -19.8694 -14.2911 2
      vertex -19.8828 -14.219 2
    endloop
  endfacet
  facet normal 0 0 1
    outer loop
      vertex -21.1668 -14.4224 2
      vertex -19.8828 -14.219 2
      vertex -19.8923 -14.1463 2
    endloop
  endfacet
  facet normal 0 0 1
    outer loop
      vertex -21.1852 -14.2822 2
      vertex -19.8923 -14.1463 2
      vertex -19.8981 -14.0733 2
    endloop
  endfacet
  facet normal 0 0 1
    outer loop
      vertex -21.1963 -14.1413 2
      vertex -19.8981 -14.0733 2
      vertex -19.9 -14 2
    endloop
  endfacet
  facet normal -0 0 1
    outer loop
      vertex -20.9057 -12.7742 2
      vertex -19.7474 -13.3644 2
      vertex -20.8383 -12.65 2
    endloop
  endfacet
  facet normal 0 0 1
    outer loop
      vertex -19.2625 -15.1741 2
      vertex -19.9705 -16.2644 2
      vertex -19.85 -16.3383 2
    endloop
  endfacet
  facet normal 0 0 1
    outer loop
      vertex -19.7474 -13.3644 2
      vertex -20.9057 -12.7742 2
      vertex -19.779 -13.4306 2
    endloop
  endfacet
  facet normal 0 0 1
    outer loop
      vertex -19.3229 -15.1326 2
      vertex -20.087 -16.1843 2
      vertex -19.9705 -16.2644 2
    endloop
  endfacet
  facet normal -0 0 1
    outer loop
      vertex -20.9666 -12.9018 2
      vertex -19.779 -13.4306 2
      vertex -20.9057 -12.7742 2
    endloop
  endfacet
  facet normal 0 0 1
    outer loop
      vertex -19.381 -15.088 2
      vertex -20.1992 -16.0983 2
      vertex -20.087 -16.1843 2
    endloop
  endfacet
  facet normal 0 0 1
    outer loop
      vertex -19.779 -13.4306 2
      vertex -20.9666 -12.9018 2
      vertex -19.807 -13.4983 2
    endloop
  endfacet
  facet normal 0 0 1
    outer loop
      vertex -19.4368 -15.0404 2
      vertex -20.3067 -16.0065 2
      vertex -20.1992 -16.0983 2
    endloop
  endfacet
  facet normal -0 0 1
    outer loop
      vertex -21.0207 -13.0324 2
      vertex -19.807 -13.4983 2
      vertex -20.9666 -12.9018 2
    endloop
  endfacet
  facet normal 0 0 1
    outer loop
      vertex -19.4899 -14.9899 2
      vertex -20.4092 -15.9092 2
      vertex -20.3067 -16.0065 2
    endloop
  endfacet
  facet normal 0 0 1
    outer loop
      vertex -19.807 -13.4983 2
      vertex -21.0207 -13.0324 2
      vertex -19.8315 -13.5674 2
    endloop
  endfacet
  facet normal 0 0 1
    outer loop
      vertex -19.5404 -14.9368 2
      vertex -20.5065 -15.8067 2
      vertex -20.4092 -15.9092 2
    endloop
  endfacet
  facet normal -0 0 1
    outer loop
      vertex -21.0679 -13.1657 2
      vertex -19.8315 -13.5674 2
      vertex -21.0207 -13.0324 2
    endloop
  endfacet
  facet normal 0 0 1
    outer loop
      vertex -19.588 -14.881 2
      vertex -20.5983 -15.6992 2
      vertex -20.5065 -15.8067 2
    endloop
  endfacet
  facet normal 0 0 1
    outer loop
      vertex -19.8315 -13.5674 2
      vertex -21.0679 -13.1657 2
      vertex -19.8523 -13.6377 2
    endloop
  endfacet
  facet normal 0 0 1
    outer loop
      vertex -19.6326 -14.8229 2
      vertex -20.6843 -15.587 2
      vertex -20.5983 -15.6992 2
    endloop
  endfacet
  facet normal -0 0 1
    outer loop
      vertex -21.108 -13.3012 2
      vertex -19.8523 -13.6377 2
      vertex -21.0679 -13.1657 2
    endloop
  endfacet
  facet normal 0 0 1
    outer loop
      vertex -19.6741 -14.7625 2
      vertex -20.7644 -15.4705 2
      vertex -20.6843 -15.587 2
    endloop
  endfacet
  facet normal 0 0 1
    outer loop
      vertex -19.8523 -13.6377 2
      vertex -21.108 -13.3012 2
      vertex -19.8694 -13.7089 2
    endloop
  endfacet
  facet normal 0 0 1
    outer loop
      vertex -19.7124 -14.7 2
      vertex -20.8383 -15.35 2
      vertex -20.7644 -15.4705 2
    endloop
  endfacet
  facet normal -0 0 1
    outer loop
      vertex -21.141 -13.4386 2
      vertex -19.8694 -13.7089 2
      vertex -21.108 -13.3012 2
    endloop
  endfacet
  facet normal 0 0 1
    outer loop
      vertex -19.7474 -14.6356 2
      vertex -20.9057 -15.2258 2
      vertex -20.8383 -15.35 2
    endloop
  endfacet
  facet normal 0 0 1
    outer loop
      vertex -19.8694 -13.7089 2
      vertex -21.141 -13.4386 2
      vertex -19.8828 -13.781 2
    endloop
  endfacet
  facet normal 0 0 1
    outer loop
      vertex -19.779 -14.5694 2
      vertex -20.9666 -15.0982 2
      vertex -20.9057 -15.2258 2
    endloop
  endfacet
  facet normal -0 0 1
    outer loop
      vertex -21.1668 -13.5776 2
      vertex -19.8828 -13.781 2
      vertex -21.141 -13.4386 2
    endloop
  endfacet
  facet normal 0 0 1
    outer loop
      vertex -19.807 -14.5017 2
      vertex -21.0207 -14.9676 2
      vertex -20.9666 -15.0982 2
    endloop
  endfacet
  facet normal 0 0 1
    outer loop
      vertex -19.8828 -13.781 2
      vertex -21.1668 -13.5776 2
      vertex -19.8923 -13.8537 2
    endloop
  endfacet
  facet normal 0 0 1
    outer loop
      vertex -19.8315 -14.4326 2
      vertex -21.0679 -14.8343 2
      vertex -21.0207 -14.9676 2
    endloop
  endfacet
  facet normal -0 0 1
    outer loop
      vertex -21.1852 -13.7178 2
      vertex -19.8923 -13.8537 2
      vertex -21.1668 -13.5776 2
    endloop
  endfacet
  facet normal 0 0 1
    outer loop
      vertex -19.8523 -14.3623 2
      vertex -21.108 -14.6988 2
      vertex -21.0679 -14.8343 2
    endloop
  endfacet
  facet normal 0 0 1
    outer loop
      vertex -19.8923 -13.8537 2
      vertex -21.1852 -13.7178 2
      vertex -19.8981 -13.9267 2
    endloop
  endfacet
  facet normal 0 0 1
    outer loop
      vertex -19.8694 -14.2911 2
      vertex -21.141 -14.5614 2
      vertex -21.108 -14.6988 2
    endloop
  endfacet
  facet normal -0 0 1
    outer loop
      vertex -21.1963 -13.8587 2
      vertex -19.8981 -13.9267 2
      vertex -21.1852 -13.7178 2
    endloop
  endfacet
  facet normal 0 0 1
    outer loop
      vertex -19.8828 -14.219 2
      vertex -21.1668 -14.4224 2
      vertex -21.141 -14.5614 2
    endloop
  endfacet
  facet normal 0 0 1
    outer loop
      vertex -19.8981 -13.9267 2
      vertex -21.1963 -13.8587 2
      vertex -19.9 -14 2
    endloop
  endfacet
  facet normal 0 0 1
    outer loop
      vertex -19.8923 -14.1463 2
      vertex -21.1852 -14.2822 2
      vertex -21.1668 -14.4224 2
    endloop
  endfacet
  facet normal 0 0 1
    outer loop
      vertex -21.2 -14 2
      vertex -19.9 -14 2
      vertex -21.1963 -13.8587 2
    endloop
  endfacet
  facet normal 0 0 1
    outer loop
      vertex -19.8981 -14.0733 2
      vertex -21.1963 -14.1413 2
      vertex -21.1852 -14.2822 2
    endloop
  endfacet
  facet normal 0 0 1
    outer loop
      vertex -19.9 -14 2
      vertex -21.2 -14 2
      vertex -21.1963 -14.1413 2
    endloop
  endfacet
  facet normal 0.878921 0.476967 0
    outer loop
      vertex -20.8383 -15.35 4
      vertex -20.9057 -15.2258 2
      vertex -20.9057 -15.2258 4
    endloop
  endfacet
  facet normal 0.878921 0.476967 0
    outer loop
      vertex -20.9057 -15.2258 2
      vertex -20.8383 -15.35 4
      vertex -20.8383 -15.35 2
    endloop
  endfacet
  facet normal 0.92387 0.382706 0
    outer loop
      vertex -20.9666 -15.0982 4
      vertex -21.0207 -14.9676 2
      vertex -21.0207 -14.9676 4
    endloop
  endfacet
  facet normal 0.92387 0.382706 0
    outer loop
      vertex -21.0207 -14.9676 2
      vertex -20.9666 -15.0982 4
      vertex -20.9666 -15.0982 2
    endloop
  endfacet
  facet normal 0.760454 0.649392 0
    outer loop
      vertex -20.5065 -15.8067 4
      vertex -20.5983 -15.6992 2
      vertex -20.5983 -15.6992 4
    endloop
  endfacet
  facet normal 0.760454 0.649392 0
    outer loop
      vertex -20.5983 -15.6992 2
      vertex -20.5065 -15.8067 4
      vertex -20.5065 -15.8067 2
    endloop
  endfacet
  facet normal 0.130125 -0.991498 0
    outer loop
      vertex -18.9224 -11.3332 2
      vertex -18.7822 -11.3148 4
      vertex -18.9224 -11.3332 4
    endloop
  endfacet
  facet normal 0.130125 -0.991498 0
    outer loop
      vertex -18.7822 -11.3148 4
      vertex -18.9224 -11.3332 2
      vertex -18.7822 -11.3148 2
    endloop
  endfacet
  facet normal -0.996911 0.0785359 0
    outer loop
      vertex -15.8148 -14.2822 2
      vertex -15.8037 -14.1413 4
      vertex -15.8037 -14.1413 2
    endloop
  endfacet
  facet normal -0.996911 0.0785359 0
    outer loop
      vertex -15.8037 -14.1413 4
      vertex -15.8148 -14.2822 2
      vertex -15.8148 -14.2822 4
    endloop
  endfacet
  facet normal -0.991498 0.130125 0
    outer loop
      vertex -15.8332 -14.4224 2
      vertex -15.8148 -14.2822 4
      vertex -15.8148 -14.2822 2
    endloop
  endfacet
  facet normal -0.991498 0.130125 0
    outer loop
      vertex -15.8148 -14.2822 4
      vertex -15.8332 -14.4224 2
      vertex -15.8332 -14.4224 4
    endloop
  endfacet
  facet normal -0.999657 0.0261764 0
    outer loop
      vertex -15.8037 -14.1413 2
      vertex -15.8 -14 4
      vertex -15.8 -14 2
    endloop
  endfacet
  facet normal -0.999657 0.0261764 0
    outer loop
      vertex -15.8 -14 4
      vertex -15.8037 -14.1413 2
      vertex -15.8037 -14.1413 4
    endloop
  endfacet
  facet normal -0.958891 0.283775 0
    outer loop
      vertex -15.9321 -14.8343 2
      vertex -15.892 -14.6988 4
      vertex -15.892 -14.6988 2
    endloop
  endfacet
  facet normal -0.958891 0.283775 0
    outer loop
      vertex -15.892 -14.6988 4
      vertex -15.9321 -14.8343 2
      vertex -15.9321 -14.8343 4
    endloop
  endfacet
  facet normal -0.983207 0.182495 0
    outer loop
      vertex -15.859 -14.5614 2
      vertex -15.8332 -14.4224 4
      vertex -15.8332 -14.4224 2
    endloop
  endfacet
  facet normal -0.983207 0.182495 0
    outer loop
      vertex -15.8332 -14.4224 4
      vertex -15.859 -14.5614 2
      vertex -15.859 -14.5614 4
    endloop
  endfacet
  facet normal -0.182495 0.983207 0
    outer loop
      vertex -17.9386 -16.641 2
      vertex -18.0776 -16.6668 4
      vertex -17.9386 -16.641 4
    endloop
  endfacet
  facet normal -0.182495 0.983207 0
    outer loop
      vertex -18.0776 -16.6668 4
      vertex -17.9386 -16.641 2
      vertex -18.0776 -16.6668 2
    endloop
  endfacet
  facet normal -0.68847 0.725264 0
    outer loop
      vertex -16.5908 -15.9092 2
      vertex -16.6933 -16.0065 4
      vertex -16.5908 -15.9092 4
    endloop
  endfacet
  facet normal -0.68847 0.725264 0
    outer loop
      vertex -16.6933 -16.0065 4
      vertex -16.5908 -15.9092 2
      vertex -16.6933 -16.0065 2
    endloop
  endfacet
  facet normal -0.522794 0.852459 0
    outer loop
      vertex -17.0295 -16.2644 2
      vertex -17.15 -16.3383 4
      vertex -17.0295 -16.2644 4
    endloop
  endfacet
  facet normal -0.522794 0.852459 0
    outer loop
      vertex -17.15 -16.3383 4
      vertex -17.0295 -16.2644 2
      vertex -17.15 -16.3383 2
    endloop
  endfacet
  facet normal -0.43073 0.902481 0
    outer loop
      vertex -17.2742 -16.4057 2
      vertex -17.4018 -16.4666 4
      vertex -17.2742 -16.4057 4
    endloop
  endfacet
  facet normal -0.43073 0.902481 0
    outer loop
      vertex -17.4018 -16.4666 4
      vertex -17.2742 -16.4057 2
      vertex -17.4018 -16.4666 2
    endloop
  endfacet
  facet normal -0.878921 0.476967 0
    outer loop
      vertex -16.1617 -15.35 2
      vertex -16.0943 -15.2258 4
      vertex -16.0943 -15.2258 2
    endloop
  endfacet
  facet normal -0.878921 0.476967 0
    outer loop
      vertex -16.0943 -15.2258 4
      vertex -16.1617 -15.35 2
      vertex -16.1617 -15.35 4
    endloop
  endfacet
  facet normal -0.92387 0.382706 0
    outer loop
      vertex -16.0334 -15.0982 2
      vertex -15.9793 -14.9676 4
      vertex -15.9793 -14.9676 2
    endloop
  endfacet
  facet normal -0.92387 0.382706 0
    outer loop
      vertex -15.9793 -14.9676 4
      vertex -16.0334 -15.0982 2
      vertex -16.0334 -15.0982 4
    endloop
  endfacet
  facet normal -0.760454 0.649392 0
    outer loop
      vertex -16.4935 -15.8067 2
      vertex -16.4017 -15.6992 4
      vertex -16.4017 -15.6992 2
    endloop
  endfacet
  facet normal -0.760454 0.649392 0
    outer loop
      vertex -16.4017 -15.6992 4
      vertex -16.4935 -15.8067 2
      vertex -16.4935 -15.8067 4
    endloop
  endfacet
  facet normal -0.824021 0.566559 0
    outer loop
      vertex -16.3157 -15.587 2
      vertex -16.2356 -15.4705 4
      vertex -16.2356 -15.4705 2
    endloop
  endfacet
  facet normal -0.824021 0.566559 0
    outer loop
      vertex -16.2356 -15.4705 4
      vertex -16.3157 -15.587 2
      vertex -16.3157 -15.587 4
    endloop
  endfacet
  facet normal 0.130125 0.991498 -0
    outer loop
      vertex -18.7822 -16.6852 2
      vertex -18.9224 -16.6668 4
      vertex -18.7822 -16.6852 4
    endloop
  endfacet
  facet normal 0.130125 0.991498 0
    outer loop
      vertex -18.9224 -16.6668 4
      vertex -18.7822 -16.6852 2
      vertex -18.9224 -16.6668 2
    endloop
  endfacet
  facet normal 0.0261764 0.999657 -0
    outer loop
      vertex -18.5 -16.7 2
      vertex -18.6413 -16.6963 4
      vertex -18.5 -16.7 4
    endloop
  endfacet
  facet normal 0.0261764 0.999657 0
    outer loop
      vertex -18.6413 -16.6963 4
      vertex -18.5 -16.7 2
      vertex -18.6413 -16.6963 2
    endloop
  endfacet
  facet normal 0.233534 0.972349 -0
    outer loop
      vertex -19.0614 -16.641 2
      vertex -19.1988 -16.608 4
      vertex -19.0614 -16.641 4
    endloop
  endfacet
  facet normal 0.233534 0.972349 0
    outer loop
      vertex -19.1988 -16.608 4
      vertex -19.0614 -16.641 2
      vertex -19.1988 -16.608 2
    endloop
  endfacet
  facet normal 0.476967 0.878921 -0
    outer loop
      vertex -19.7258 -16.4057 2
      vertex -19.85 -16.3383 4
      vertex -19.7258 -16.4057 4
    endloop
  endfacet
  facet normal 0.476967 0.878921 0
    outer loop
      vertex -19.85 -16.3383 4
      vertex -19.7258 -16.4057 2
      vertex -19.85 -16.3383 2
    endloop
  endfacet
  facet normal 0.382706 0.92387 -0
    outer loop
      vertex -19.4676 -16.5207 2
      vertex -19.5982 -16.4666 4
      vertex -19.4676 -16.5207 4
    endloop
  endfacet
  facet normal 0.382706 0.92387 0
    outer loop
      vertex -19.5982 -16.4666 4
      vertex -19.4676 -16.5207 2
      vertex -19.5982 -16.4666 2
    endloop
  endfacet
  facet normal 0.649392 0.760454 -0
    outer loop
      vertex -20.1992 -16.0983 2
      vertex -20.3067 -16.0065 4
      vertex -20.1992 -16.0983 4
    endloop
  endfacet
  facet normal 0.649392 0.760454 0
    outer loop
      vertex -20.3067 -16.0065 4
      vertex -20.1992 -16.0983 2
      vertex -20.3067 -16.0065 2
    endloop
  endfacet
  facet normal 0.958891 0.283775 0
    outer loop
      vertex -21.0679 -14.8343 4
      vertex -21.108 -14.6988 2
      vertex -21.108 -14.6988 4
    endloop
  endfacet
  facet normal 0.958891 0.283775 0
    outer loop
      vertex -21.108 -14.6988 2
      vertex -21.0679 -14.8343 4
      vertex -21.0679 -14.8343 2
    endloop
  endfacet
  facet normal 0.996911 0.0785359 0
    outer loop
      vertex -21.1852 -14.2822 4
      vertex -21.1963 -14.1413 2
      vertex -21.1963 -14.1413 4
    endloop
  endfacet
  facet normal 0.996911 0.0785359 0
    outer loop
      vertex -21.1963 -14.1413 2
      vertex -21.1852 -14.2822 4
      vertex -21.1852 -14.2822 2
    endloop
  endfacet
  facet normal 0.983207 0.182495 0
    outer loop
      vertex -21.141 -14.5614 4
      vertex -21.1668 -14.4224 2
      vertex -21.1668 -14.4224 4
    endloop
  endfacet
  facet normal 0.983207 0.182495 0
    outer loop
      vertex -21.1668 -14.4224 2
      vertex -21.141 -14.5614 4
      vertex -21.141 -14.5614 2
    endloop
  endfacet
  facet normal 0.852459 0.522794 0
    outer loop
      vertex -20.7644 -15.4705 4
      vertex -20.8383 -15.35 2
      vertex -20.8383 -15.35 4
    endloop
  endfacet
  facet normal 0.852459 0.522794 0
    outer loop
      vertex -20.8383 -15.35 2
      vertex -20.7644 -15.4705 4
      vertex -20.7644 -15.4705 2
    endloop
  endfacet
  facet normal 0.902481 0.43073 0
    outer loop
      vertex -20.9057 -15.2258 4
      vertex -20.9666 -15.0982 2
      vertex -20.9666 -15.0982 4
    endloop
  endfacet
  facet normal 0.902481 0.43073 0
    outer loop
      vertex -20.9666 -15.0982 2
      vertex -20.9057 -15.2258 4
      vertex -20.9057 -15.2258 2
    endloop
  endfacet
  facet normal 0.793675 0.608342 0
    outer loop
      vertex -20.5983 -15.6992 4
      vertex -20.6843 -15.587 2
      vertex -20.6843 -15.587 4
    endloop
  endfacet
  facet normal 0.793675 0.608342 0
    outer loop
      vertex -20.6843 -15.587 2
      vertex -20.5983 -15.6992 4
      vertex -20.5983 -15.6992 2
    endloop
  endfacet
  facet normal 0.725264 0.68847 0
    outer loop
      vertex -20.4092 -15.9092 4
      vertex -20.5065 -15.8067 2
      vertex -20.5065 -15.8067 4
    endloop
  endfacet
  facet normal 0.725264 0.68847 0
    outer loop
      vertex -20.5065 -15.8067 2
      vertex -20.4092 -15.9092 4
      vertex -20.4092 -15.9092 2
    endloop
  endfacet
  facet normal -0.648993 -0.760794 0
    outer loop
      vertex 19.381 -12.912 0
      vertex 19.4368 -12.9596 2
      vertex 19.381 -12.912 2
    endloop
  endfacet
  facet normal -0.648993 -0.760794 -0
    outer loop
      vertex 19.4368 -12.9596 2
      vertex 19.381 -12.912 0
      vertex 19.4368 -12.9596 0
    endloop
  endfacet
  facet normal 0.334175 -0.942511 0
    outer loop
      vertex 17.9983 -12.693 0
      vertex 18.0674 -12.6685 2
      vertex 17.9983 -12.693 2
    endloop
  endfacet
  facet normal 0.334175 -0.942511 0
    outer loop
      vertex 18.0674 -12.6685 2
      vertex 17.9983 -12.693 0
      vertex 18.0674 -12.6685 0
    endloop
  endfacet
  facet normal 0.924083 -0.382191 0
    outer loop
      vertex 17.193 -13.4983 2
      vertex 17.221 -13.4306 0
      vertex 17.221 -13.4306 2
    endloop
  endfacet
  facet normal 0.924083 -0.382191 0
    outer loop
      vertex 17.221 -13.4306 0
      vertex 17.193 -13.4983 2
      vertex 17.193 -13.4983 0
    endloop
  endfacet
  facet normal -0.942511 -0.334175 0
    outer loop
      vertex 19.8315 -13.5674 0
      vertex 19.807 -13.4983 2
      vertex 19.807 -13.4983 0
    endloop
  endfacet
  facet normal -0.942511 -0.334175 0
    outer loop
      vertex 19.807 -13.4983 2
      vertex 19.8315 -13.5674 0
      vertex 19.8315 -13.5674 2
    endloop
  endfacet
  facet normal -0.878625 -0.477513 0
    outer loop
      vertex 19.7474 -13.3644 0
      vertex 19.7124 -13.3 2
      vertex 19.7124 -13.3 0
    endloop
  endfacet
  facet normal -0.878625 -0.477513 0
    outer loop
      vertex 19.7124 -13.3 2
      vertex 19.7474 -13.3644 0
      vertex 19.7474 -13.3644 2
    endloop
  endfacet
  facet normal -0.382191 -0.924083 0
    outer loop
      vertex 19.0017 -12.693 0
      vertex 19.0694 -12.721 2
      vertex 19.0017 -12.693 2
    endloop
  endfacet
  facet normal -0.382191 -0.924083 -0
    outer loop
      vertex 19.0694 -12.721 2
      vertex 19.0017 -12.693 0
      vertex 19.0694 -12.721 0
    endloop
  endfacet
  facet normal -0.129572 -0.99157 0
    outer loop
      vertex 18.6463 -12.6077 0
      vertex 18.719 -12.6172 2
      vertex 18.6463 -12.6077 2
    endloop
  endfacet
  facet normal -0.129572 -0.99157 -0
    outer loop
      vertex 18.719 -12.6172 2
      vertex 18.6463 -12.6077 0
      vertex 18.719 -12.6172 0
    endloop
  endfacet
  facet normal 0.99157 -0.129572 0
    outer loop
      vertex 17.1077 -13.8537 2
      vertex 17.1172 -13.781 0
      vertex 17.1172 -13.781 2
    endloop
  endfacet
  facet normal 0.99157 -0.129572 0
    outer loop
      vertex 17.1172 -13.781 0
      vertex 17.1077 -13.8537 2
      vertex 17.1077 -13.8537 0
    endloop
  endfacet
  facet normal 0.724625 -0.689144 0
    outer loop
      vertex 17.4596 -13.0632 2
      vertex 17.5101 -13.0101 0
      vertex 17.5101 -13.0101 2
    endloop
  endfacet
  facet normal 0.724625 -0.689144 0
    outer loop
      vertex 17.5101 -13.0101 0
      vertex 17.4596 -13.0632 2
      vertex 17.4596 -13.0632 0
    endloop
  endfacet
  facet normal 0.129572 -0.99157 0
    outer loop
      vertex 18.281 -12.6172 0
      vertex 18.3537 -12.6077 2
      vertex 18.281 -12.6172 2
    endloop
  endfacet
  facet normal 0.129572 -0.99157 0
    outer loop
      vertex 18.3537 -12.6077 2
      vertex 18.281 -12.6172 0
      vertex 18.3537 -12.6077 0
    endloop
  endfacet
  facet normal -0.760794 0.648993 0
    outer loop
      vertex 19.5404 -14.9368 0
      vertex 19.588 -14.881 2
      vertex 19.588 -14.881 0
    endloop
  endfacet
  facet normal -0.760794 0.648993 0
    outer loop
      vertex 19.588 -14.881 2
      vertex 19.5404 -14.9368 0
      vertex 19.5404 -14.9368 2
    endloop
  endfacet
  facet normal 0.129572 0.99157 -0
    outer loop
      vertex 18.3537 -15.3923 0
      vertex 18.281 -15.3828 2
      vertex 18.3537 -15.3923 2
    endloop
  endfacet
  facet normal 0.129572 0.99157 0
    outer loop
      vertex 18.281 -15.3828 2
      vertex 18.3537 -15.3923 0
      vertex 18.281 -15.3828 0
    endloop
  endfacet
  facet normal 0.689144 0.724625 -0
    outer loop
      vertex 17.5632 -15.0404 0
      vertex 17.5101 -14.9899 2
      vertex 17.5632 -15.0404 2
    endloop
  endfacet
  facet normal 0.689144 0.724625 0
    outer loop
      vertex 17.5101 -14.9899 2
      vertex 17.5632 -15.0404 0
      vertex 17.5101 -14.9899 0
    endloop
  endfacet
  facet normal 0.958908 0.283717 0
    outer loop
      vertex 17.1685 -14.4326 2
      vertex 17.1477 -14.3623 0
      vertex 17.1477 -14.3623 2
    endloop
  endfacet
  facet normal 0.958908 0.283717 0
    outer loop
      vertex 17.1477 -14.3623 0
      vertex 17.1685 -14.4326 2
      vertex 17.1685 -14.4326 0
    endloop
  endfacet
  facet normal -0.99157 -0.129572 0
    outer loop
      vertex 19.8923 -13.8537 0
      vertex 19.8828 -13.781 2
      vertex 19.8828 -13.781 0
    endloop
  endfacet
  facet normal -0.99157 -0.129572 0
    outer loop
      vertex 19.8828 -13.781 2
      vertex 19.8923 -13.8537 0
      vertex 19.8923 -13.8537 2
    endloop
  endfacet
  facet normal -0.97235 -0.233528 0
    outer loop
      vertex 19.8694 -13.7089 0
      vertex 19.8523 -13.6377 2
      vertex 19.8523 -13.6377 0
    endloop
  endfacet
  facet normal -0.97235 -0.233528 0
    outer loop
      vertex 19.8523 -13.6377 2
      vertex 19.8694 -13.7089 0
      vertex 19.8694 -13.7089 2
    endloop
  endfacet
  facet normal -0.824201 -0.566297 0
    outer loop
      vertex 19.6741 -13.2375 0
      vertex 19.6326 -13.1771 2
      vertex 19.6326 -13.1771 0
    endloop
  endfacet
  facet normal -0.824201 -0.566297 0
    outer loop
      vertex 19.6326 -13.1771 2
      vertex 19.6741 -13.2375 0
      vertex 19.6741 -13.2375 2
    endloop
  endfacet
  facet normal -0.522498 -0.85264 0
    outer loop
      vertex 19.2 -12.7876 0
      vertex 19.2625 -12.8259 2
      vertex 19.2 -12.7876 2
    endloop
  endfacet
  facet normal -0.522498 -0.85264 -0
    outer loop
      vertex 19.2625 -12.8259 2
      vertex 19.2 -12.7876 0
      vertex 19.2625 -12.8259 0
    endloop
  endfacet
  facet normal -0.477513 -0.878625 0
    outer loop
      vertex 19.1356 -12.7526 0
      vertex 19.2 -12.7876 2
      vertex 19.1356 -12.7526 2
    endloop
  endfacet
  facet normal -0.477513 -0.878625 -0
    outer loop
      vertex 19.2 -12.7876 2
      vertex 19.1356 -12.7526 0
      vertex 19.2 -12.7876 0
    endloop
  endfacet
  facet normal -0.182724 -0.983164 0
    outer loop
      vertex 18.719 -12.6172 0
      vertex 18.7911 -12.6306 2
      vertex 18.719 -12.6172 2
    endloop
  endfacet
  facet normal -0.182724 -0.983164 -0
    outer loop
      vertex 18.7911 -12.6306 2
      vertex 18.719 -12.6172 0
      vertex 18.7911 -12.6306 0
    endloop
  endfacet
  facet normal 0.983164 -0.182724 0
    outer loop
      vertex 17.1172 -13.781 2
      vertex 17.1306 -13.7089 0
      vertex 17.1306 -13.7089 2
    endloop
  endfacet
  facet normal 0.983164 -0.182724 0
    outer loop
      vertex 17.1306 -13.7089 0
      vertex 17.1172 -13.781 2
      vertex 17.1172 -13.781 0
    endloop
  endfacet
  facet normal 0.824201 -0.566297 0
    outer loop
      vertex 17.3259 -13.2375 2
      vertex 17.3674 -13.1771 0
      vertex 17.3674 -13.1771 2
    endloop
  endfacet
  facet normal 0.824201 -0.566297 0
    outer loop
      vertex 17.3674 -13.1771 0
      vertex 17.3259 -13.2375 2
      vertex 17.3259 -13.2375 0
    endloop
  endfacet
  facet normal 0.522498 -0.85264 0
    outer loop
      vertex 17.7375 -12.8259 0
      vertex 17.8 -12.7876 2
      vertex 17.7375 -12.8259 2
    endloop
  endfacet
  facet normal 0.522498 -0.85264 0
    outer loop
      vertex 17.8 -12.7876 2
      vertex 17.7375 -12.8259 0
      vertex 17.8 -12.7876 0
    endloop
  endfacet
  facet normal 0.43078 -0.902457 0
    outer loop
      vertex 17.8644 -12.7526 0
      vertex 17.9306 -12.721 2
      vertex 17.8644 -12.7526 2
    endloop
  endfacet
  facet normal 0.43078 -0.902457 0
    outer loop
      vertex 17.9306 -12.721 2
      vertex 17.8644 -12.7526 0
      vertex 17.9306 -12.721 0
    endloop
  endfacet
  facet normal -0.996859 0.0792025 0
    outer loop
      vertex 19.8923 -14.1463 0
      vertex 19.8981 -14.0733 2
      vertex 19.8981 -14.0733 0
    endloop
  endfacet
  facet normal -0.996859 0.0792025 0
    outer loop
      vertex 19.8981 -14.0733 2
      vertex 19.8923 -14.1463 0
      vertex 19.8923 -14.1463 2
    endloop
  endfacet
  facet normal -0.878625 0.477513 0
    outer loop
      vertex 19.7124 -14.7 0
      vertex 19.7474 -14.6356 2
      vertex 19.7474 -14.6356 0
    endloop
  endfacet
  facet normal -0.878625 0.477513 0
    outer loop
      vertex 19.7474 -14.6356 2
      vertex 19.7124 -14.7 0
      vertex 19.7124 -14.7 2
    endloop
  endfacet
  facet normal 0.0792025 0.996859 -0
    outer loop
      vertex 18.4267 -15.3981 0
      vertex 18.3537 -15.3923 2
      vertex 18.4267 -15.3981 2
    endloop
  endfacet
  facet normal 0.0792025 0.996859 0
    outer loop
      vertex 18.3537 -15.3923 2
      vertex 18.4267 -15.3981 0
      vertex 18.3537 -15.3923 0
    endloop
  endfacet
  facet normal 0.824201 0.566297 0
    outer loop
      vertex 17.3674 -14.8229 2
      vertex 17.3259 -14.7625 0
      vertex 17.3259 -14.7625 2
    endloop
  endfacet
  facet normal 0.824201 0.566297 0
    outer loop
      vertex 17.3259 -14.7625 0
      vertex 17.3674 -14.8229 2
      vertex 17.3674 -14.8229 0
    endloop
  endfacet
  facet normal -0.983164 -0.182724 0
    outer loop
      vertex 19.8828 -13.781 0
      vertex 19.8694 -13.7089 2
      vertex 19.8694 -13.7089 0
    endloop
  endfacet
  facet normal -0.983164 -0.182724 0
    outer loop
      vertex 19.8694 -13.7089 2
      vertex 19.8828 -13.781 0
      vertex 19.8828 -13.781 2
    endloop
  endfacet
  facet normal -0.902457 -0.43078 0
    outer loop
      vertex 19.779 -13.4306 0
      vertex 19.7474 -13.3644 2
      vertex 19.7474 -13.3644 0
    endloop
  endfacet
  facet normal -0.902457 -0.43078 0
    outer loop
      vertex 19.7474 -13.3644 2
      vertex 19.779 -13.4306 0
      vertex 19.779 -13.4306 2
    endloop
  endfacet
  facet normal -0.924083 -0.382191 0
    outer loop
      vertex 19.807 -13.4983 0
      vertex 19.779 -13.4306 2
      vertex 19.779 -13.4306 0
    endloop
  endfacet
  facet normal -0.924083 -0.382191 0
    outer loop
      vertex 19.779 -13.4306 2
      vertex 19.807 -13.4983 0
      vertex 19.807 -13.4983 2
    endloop
  endfacet
  facet normal -0.958908 -0.283717 0
    outer loop
      vertex 19.8523 -13.6377 0
      vertex 19.8315 -13.5674 2
      vertex 19.8315 -13.5674 0
    endloop
  endfacet
  facet normal -0.958908 -0.283717 0
    outer loop
      vertex 19.8315 -13.5674 2
      vertex 19.8523 -13.6377 0
      vertex 19.8523 -13.6377 2
    endloop
  endfacet
  facet normal -0.760794 -0.648993 0
    outer loop
      vertex 19.588 -13.119 0
      vertex 19.5404 -13.0632 2
      vertex 19.5404 -13.0632 0
    endloop
  endfacet
  facet normal -0.760794 -0.648993 0
    outer loop
      vertex 19.5404 -13.0632 2
      vertex 19.588 -13.119 0
      vertex 19.588 -13.119 2
    endloop
  endfacet
  facet normal -0.724625 -0.689144 0
    outer loop
      vertex 19.5404 -13.0632 0
      vertex 19.4899 -13.0101 2
      vertex 19.4899 -13.0101 0
    endloop
  endfacet
  facet normal -0.724625 -0.689144 0
    outer loop
      vertex 19.4899 -13.0101 2
      vertex 19.5404 -13.0632 0
      vertex 19.5404 -13.0632 2
    endloop
  endfacet
  facet normal -0.793233 -0.608919 0
    outer loop
      vertex 19.6326 -13.1771 0
      vertex 19.588 -13.119 2
      vertex 19.588 -13.119 0
    endloop
  endfacet
  facet normal -0.793233 -0.608919 0
    outer loop
      vertex 19.588 -13.119 2
      vertex 19.6326 -13.1771 0
      vertex 19.6326 -13.1771 2
    endloop
  endfacet
  facet normal -0.689144 -0.724625 0
    outer loop
      vertex 19.4368 -12.9596 0
      vertex 19.4899 -13.0101 2
      vertex 19.4368 -12.9596 2
    endloop
  endfacet
  facet normal -0.689144 -0.724625 -0
    outer loop
      vertex 19.4899 -13.0101 2
      vertex 19.4368 -12.9596 0
      vertex 19.4899 -13.0101 0
    endloop
  endfacet
  facet normal -0.608919 -0.793233 0
    outer loop
      vertex 19.3229 -12.8674 0
      vertex 19.381 -12.912 2
      vertex 19.3229 -12.8674 2
    endloop
  endfacet
  facet normal -0.608919 -0.793233 -0
    outer loop
      vertex 19.381 -12.912 2
      vertex 19.3229 -12.8674 0
      vertex 19.381 -12.912 0
    endloop
  endfacet
  facet normal -0.0259122 -0.999664 0
    outer loop
      vertex 18.5 -12.6 0
      vertex 18.5733 -12.6019 2
      vertex 18.5 -12.6 2
    endloop
  endfacet
  facet normal -0.0259122 -0.999664 -0
    outer loop
      vertex 18.5733 -12.6019 2
      vertex 18.5 -12.6 0
      vertex 18.5733 -12.6019 0
    endloop
  endfacet
  facet normal -0.566297 -0.824201 0
    outer loop
      vertex 19.2625 -12.8259 0
      vertex 19.3229 -12.8674 2
      vertex 19.2625 -12.8259 2
    endloop
  endfacet
  facet normal -0.566297 -0.824201 -0
    outer loop
      vertex 19.3229 -12.8674 2
      vertex 19.2625 -12.8259 0
      vertex 19.3229 -12.8674 0
    endloop
  endfacet
  facet normal -0.43078 -0.902457 0
    outer loop
      vertex 19.0694 -12.721 0
      vertex 19.1356 -12.7526 2
      vertex 19.0694 -12.721 2
    endloop
  endfacet
  facet normal -0.43078 -0.902457 -0
    outer loop
      vertex 19.1356 -12.7526 2
      vertex 19.0694 -12.721 0
      vertex 19.1356 -12.7526 0
    endloop
  endfacet
  facet normal -0.283717 -0.958908 0
    outer loop
      vertex 18.8623 -12.6477 0
      vertex 18.9326 -12.6685 2
      vertex 18.8623 -12.6477 2
    endloop
  endfacet
  facet normal -0.283717 -0.958908 -0
    outer loop
      vertex 18.9326 -12.6685 2
      vertex 18.8623 -12.6477 0
      vertex 18.9326 -12.6685 0
    endloop
  endfacet
  facet normal -0.334175 -0.942511 0
    outer loop
      vertex 18.9326 -12.6685 0
      vertex 19.0017 -12.693 2
      vertex 18.9326 -12.6685 2
    endloop
  endfacet
  facet normal -0.334175 -0.942511 -0
    outer loop
      vertex 19.0017 -12.693 2
      vertex 18.9326 -12.6685 0
      vertex 19.0017 -12.693 0
    endloop
  endfacet
  facet normal -0.233528 -0.97235 0
    outer loop
      vertex 18.7911 -12.6306 0
      vertex 18.8623 -12.6477 2
      vertex 18.7911 -12.6306 2
    endloop
  endfacet
  facet normal -0.233528 -0.97235 -0
    outer loop
      vertex 18.8623 -12.6477 2
      vertex 18.7911 -12.6306 0
      vertex 18.8623 -12.6477 0
    endloop
  endfacet
  facet normal 0.999664 -0.0259122 0
    outer loop
      vertex 17.1 -14 2
      vertex 17.1019 -13.9267 0
      vertex 17.1019 -13.9267 2
    endloop
  endfacet
  facet normal 0.999664 -0.0259122 0
    outer loop
      vertex 17.1019 -13.9267 0
      vertex 17.1 -14 2
      vertex 17.1 -14 0
    endloop
  endfacet
  facet normal 0.958908 -0.283717 0
    outer loop
      vertex 17.1477 -13.6377 2
      vertex 17.1685 -13.5674 0
      vertex 17.1685 -13.5674 2
    endloop
  endfacet
  facet normal 0.958908 -0.283717 0
    outer loop
      vertex 17.1685 -13.5674 0
      vertex 17.1477 -13.6377 2
      vertex 17.1477 -13.6377 0
    endloop
  endfacet
  facet normal 0.942511 -0.334175 0
    outer loop
      vertex 17.1685 -13.5674 2
      vertex 17.193 -13.4983 0
      vertex 17.193 -13.4983 2
    endloop
  endfacet
  facet normal 0.942511 -0.334175 0
    outer loop
      vertex 17.193 -13.4983 0
      vertex 17.1685 -13.5674 2
      vertex 17.1685 -13.5674 0
    endloop
  endfacet
  facet normal 0.97235 -0.233528 0
    outer loop
      vertex 17.1306 -13.7089 2
      vertex 17.1477 -13.6377 0
      vertex 17.1477 -13.6377 2
    endloop
  endfacet
  facet normal 0.97235 -0.233528 0
    outer loop
      vertex 17.1477 -13.6377 0
      vertex 17.1306 -13.7089 2
      vertex 17.1306 -13.7089 0
    endloop
  endfacet
  facet normal 0.878625 -0.477513 0
    outer loop
      vertex 17.2526 -13.3644 2
      vertex 17.2876 -13.3 0
      vertex 17.2876 -13.3 2
    endloop
  endfacet
  facet normal 0.878625 -0.477513 0
    outer loop
      vertex 17.2876 -13.3 0
      vertex 17.2526 -13.3644 2
      vertex 17.2526 -13.3644 0
    endloop
  endfacet
  facet normal 0.902457 -0.43078 0
    outer loop
      vertex 17.221 -13.4306 2
      vertex 17.2526 -13.3644 0
      vertex 17.2526 -13.3644 2
    endloop
  endfacet
  facet normal 0.902457 -0.43078 0
    outer loop
      vertex 17.2526 -13.3644 0
      vertex 17.221 -13.4306 2
      vertex 17.221 -13.4306 0
    endloop
  endfacet
  facet normal 0.760794 -0.648993 0
    outer loop
      vertex 17.412 -13.119 2
      vertex 17.4596 -13.0632 0
      vertex 17.4596 -13.0632 2
    endloop
  endfacet
  facet normal 0.760794 -0.648993 0
    outer loop
      vertex 17.4596 -13.0632 0
      vertex 17.412 -13.119 2
      vertex 17.412 -13.119 0
    endloop
  endfacet
  facet normal 0.233528 -0.97235 0
    outer loop
      vertex 18.1377 -12.6477 0
      vertex 18.2089 -12.6306 2
      vertex 18.1377 -12.6477 2
    endloop
  endfacet
  facet normal 0.233528 -0.97235 0
    outer loop
      vertex 18.2089 -12.6306 2
      vertex 18.1377 -12.6477 0
      vertex 18.2089 -12.6306 0
    endloop
  endfacet
  facet normal 0.283717 -0.958908 0
    outer loop
      vertex 18.0674 -12.6685 0
      vertex 18.1377 -12.6477 2
      vertex 18.0674 -12.6685 2
    endloop
  endfacet
  facet normal 0.283717 -0.958908 0
    outer loop
      vertex 18.1377 -12.6477 2
      vertex 18.0674 -12.6685 0
      vertex 18.1377 -12.6477 0
    endloop
  endfacet
  facet normal 0.0259122 -0.999664 0
    outer loop
      vertex 18.4267 -12.6019 0
      vertex 18.5 -12.6 2
      vertex 18.4267 -12.6019 2
    endloop
  endfacet
  facet normal 0.0259122 -0.999664 0
    outer loop
      vertex 18.5 -12.6 2
      vertex 18.4267 -12.6019 0
      vertex 18.5 -12.6 0
    endloop
  endfacet
  facet normal 0.0792025 -0.996859 0
    outer loop
      vertex 18.3537 -12.6077 0
      vertex 18.4267 -12.6019 2
      vertex 18.3537 -12.6077 2
    endloop
  endfacet
  facet normal 0.0792025 -0.996859 0
    outer loop
      vertex 18.4267 -12.6019 2
      vertex 18.3537 -12.6077 0
      vertex 18.4267 -12.6019 0
    endloop
  endfacet
  facet normal 0.382191 -0.924083 0
    outer loop
      vertex 17.9306 -12.721 0
      vertex 17.9983 -12.693 2
      vertex 17.9306 -12.721 2
    endloop
  endfacet
  facet normal 0.382191 -0.924083 0
    outer loop
      vertex 17.9983 -12.693 2
      vertex 17.9306 -12.721 0
      vertex 17.9983 -12.693 0
    endloop
  endfacet
  facet normal 0.608919 -0.793233 0
    outer loop
      vertex 17.619 -12.912 0
      vertex 17.6771 -12.8674 2
      vertex 17.619 -12.912 2
    endloop
  endfacet
  facet normal 0.608919 -0.793233 0
    outer loop
      vertex 17.6771 -12.8674 2
      vertex 17.619 -12.912 0
      vertex 17.6771 -12.8674 0
    endloop
  endfacet
  facet normal 0.648993 -0.760794 0
    outer loop
      vertex 17.5632 -12.9596 0
      vertex 17.619 -12.912 2
      vertex 17.5632 -12.9596 2
    endloop
  endfacet
  facet normal 0.648993 -0.760794 0
    outer loop
      vertex 17.619 -12.912 2
      vertex 17.5632 -12.9596 0
      vertex 17.619 -12.912 0
    endloop
  endfacet
  facet normal 0.566297 -0.824201 0
    outer loop
      vertex 17.6771 -12.8674 0
      vertex 17.7375 -12.8259 2
      vertex 17.6771 -12.8674 2
    endloop
  endfacet
  facet normal 0.566297 -0.824201 0
    outer loop
      vertex 17.7375 -12.8259 2
      vertex 17.6771 -12.8674 0
      vertex 17.7375 -12.8259 0
    endloop
  endfacet
  facet normal 0.689144 -0.724625 0
    outer loop
      vertex 17.5101 -13.0101 0
      vertex 17.5632 -12.9596 2
      vertex 17.5101 -13.0101 2
    endloop
  endfacet
  facet normal 0.689144 -0.724625 0
    outer loop
      vertex 17.5632 -12.9596 2
      vertex 17.5101 -13.0101 0
      vertex 17.5632 -12.9596 0
    endloop
  endfacet
  facet normal -0.999664 -0.0259122 0
    outer loop
      vertex 19.9 -14 0
      vertex 19.8981 -13.9267 2
      vertex 19.8981 -13.9267 0
    endloop
  endfacet
  facet normal -0.999664 -0.0259122 0
    outer loop
      vertex 19.8981 -13.9267 2
      vertex 19.9 -14 0
      vertex 19.9 -14 2
    endloop
  endfacet
  facet normal -0.0259122 0.999664 0
    outer loop
      vertex 18.5733 -15.3981 0
      vertex 18.5 -15.4 2
      vertex 18.5733 -15.3981 2
    endloop
  endfacet
  facet normal -0.0259122 0.999664 0
    outer loop
      vertex 18.5 -15.4 2
      vertex 18.5733 -15.3981 0
      vertex 18.5 -15.4 0
    endloop
  endfacet
  facet normal -0.942511 0.334175 0
    outer loop
      vertex 19.807 -14.5017 0
      vertex 19.8315 -14.4326 2
      vertex 19.8315 -14.4326 0
    endloop
  endfacet
  facet normal -0.942511 0.334175 0
    outer loop
      vertex 19.8315 -14.4326 2
      vertex 19.807 -14.5017 0
      vertex 19.807 -14.5017 2
    endloop
  endfacet
  facet normal -0.999664 0.0259122 0
    outer loop
      vertex 19.8981 -14.0733 0
      vertex 19.9 -14 2
      vertex 19.9 -14 0
    endloop
  endfacet
  facet normal -0.999664 0.0259122 0
    outer loop
      vertex 19.9 -14 2
      vertex 19.8981 -14.0733 0
      vertex 19.8981 -14.0733 2
    endloop
  endfacet
  facet normal -0.99157 0.129572 0
    outer loop
      vertex 19.8828 -14.219 0
      vertex 19.8923 -14.1463 2
      vertex 19.8923 -14.1463 0
    endloop
  endfacet
  facet normal -0.99157 0.129572 0
    outer loop
      vertex 19.8923 -14.1463 2
      vertex 19.8828 -14.219 0
      vertex 19.8828 -14.219 2
    endloop
  endfacet
  facet normal -0.97235 0.233528 0
    outer loop
      vertex 19.8523 -14.3623 0
      vertex 19.8694 -14.2911 2
      vertex 19.8694 -14.2911 0
    endloop
  endfacet
  facet normal -0.97235 0.233528 0
    outer loop
      vertex 19.8694 -14.2911 2
      vertex 19.8523 -14.3623 0
      vertex 19.8523 -14.3623 2
    endloop
  endfacet
  facet normal -0.0792025 0.996859 0
    outer loop
      vertex 18.6463 -15.3923 0
      vertex 18.5733 -15.3981 2
      vertex 18.6463 -15.3923 2
    endloop
  endfacet
  facet normal -0.0792025 0.996859 0
    outer loop
      vertex 18.5733 -15.3981 2
      vertex 18.6463 -15.3923 0
      vertex 18.5733 -15.3981 0
    endloop
  endfacet
  facet normal -0.129572 0.99157 0
    outer loop
      vertex 18.719 -15.3828 0
      vertex 18.6463 -15.3923 2
      vertex 18.719 -15.3828 2
    endloop
  endfacet
  facet normal -0.129572 0.99157 0
    outer loop
      vertex 18.6463 -15.3923 2
      vertex 18.719 -15.3828 0
      vertex 18.6463 -15.3923 0
    endloop
  endfacet
  facet normal -0.334175 0.942511 0
    outer loop
      vertex 19.0017 -15.307 0
      vertex 18.9326 -15.3315 2
      vertex 19.0017 -15.307 2
    endloop
  endfacet
  facet normal -0.334175 0.942511 0
    outer loop
      vertex 18.9326 -15.3315 2
      vertex 19.0017 -15.307 0
      vertex 18.9326 -15.3315 0
    endloop
  endfacet
  facet normal -0.233528 0.97235 0
    outer loop
      vertex 18.8623 -15.3523 0
      vertex 18.7911 -15.3694 2
      vertex 18.8623 -15.3523 2
    endloop
  endfacet
  facet normal -0.233528 0.97235 0
    outer loop
      vertex 18.7911 -15.3694 2
      vertex 18.8623 -15.3523 0
      vertex 18.7911 -15.3694 0
    endloop
  endfacet
  facet normal -0.608919 0.793233 0
    outer loop
      vertex 19.381 -15.088 0
      vertex 19.3229 -15.1326 2
      vertex 19.381 -15.088 2
    endloop
  endfacet
  facet normal -0.608919 0.793233 0
    outer loop
      vertex 19.3229 -15.1326 2
      vertex 19.381 -15.088 0
      vertex 19.3229 -15.1326 0
    endloop
  endfacet
  facet normal -0.689144 0.724625 0
    outer loop
      vertex 19.4899 -14.9899 0
      vertex 19.4368 -15.0404 2
      vertex 19.4899 -14.9899 2
    endloop
  endfacet
  facet normal -0.689144 0.724625 0
    outer loop
      vertex 19.4368 -15.0404 2
      vertex 19.4899 -14.9899 0
      vertex 19.4368 -15.0404 0
    endloop
  endfacet
  facet normal -0.522498 0.85264 0
    outer loop
      vertex 19.2625 -15.1741 0
      vertex 19.2 -15.2124 2
      vertex 19.2625 -15.1741 2
    endloop
  endfacet
  facet normal -0.522498 0.85264 0
    outer loop
      vertex 19.2 -15.2124 2
      vertex 19.2625 -15.1741 0
      vertex 19.2 -15.2124 0
    endloop
  endfacet
  facet normal -0.43078 0.902457 0
    outer loop
      vertex 19.1356 -15.2474 0
      vertex 19.0694 -15.279 2
      vertex 19.1356 -15.2474 2
    endloop
  endfacet
  facet normal -0.43078 0.902457 0
    outer loop
      vertex 19.0694 -15.279 2
      vertex 19.1356 -15.2474 0
      vertex 19.0694 -15.279 0
    endloop
  endfacet
  facet normal -0.902457 0.43078 0
    outer loop
      vertex 19.7474 -14.6356 0
      vertex 19.779 -14.5694 2
      vertex 19.779 -14.5694 0
    endloop
  endfacet
  facet normal -0.902457 0.43078 0
    outer loop
      vertex 19.779 -14.5694 2
      vertex 19.7474 -14.6356 0
      vertex 19.7474 -14.6356 2
    endloop
  endfacet
  facet normal -0.824201 0.566297 0
    outer loop
      vertex 19.6326 -14.8229 0
      vertex 19.6741 -14.7625 2
      vertex 19.6741 -14.7625 0
    endloop
  endfacet
  facet normal -0.824201 0.566297 0
    outer loop
      vertex 19.6741 -14.7625 2
      vertex 19.6326 -14.8229 0
      vertex 19.6326 -14.8229 2
    endloop
  endfacet
  facet normal 0.334175 0.942511 -0
    outer loop
      vertex 18.0674 -15.3315 0
      vertex 17.9983 -15.307 2
      vertex 18.0674 -15.3315 2
    endloop
  endfacet
  facet normal 0.334175 0.942511 0
    outer loop
      vertex 17.9983 -15.307 2
      vertex 18.0674 -15.3315 0
      vertex 17.9983 -15.307 0
    endloop
  endfacet
  facet normal 0.233528 0.97235 -0
    outer loop
      vertex 18.2089 -15.3694 0
      vertex 18.1377 -15.3523 2
      vertex 18.2089 -15.3694 2
    endloop
  endfacet
  facet normal 0.233528 0.97235 0
    outer loop
      vertex 18.1377 -15.3523 2
      vertex 18.2089 -15.3694 0
      vertex 18.1377 -15.3523 0
    endloop
  endfacet
  facet normal 0.522498 0.85264 -0
    outer loop
      vertex 17.8 -15.2124 0
      vertex 17.7375 -15.1741 2
      vertex 17.8 -15.2124 2
    endloop
  endfacet
  facet normal 0.522498 0.85264 0
    outer loop
      vertex 17.7375 -15.1741 2
      vertex 17.8 -15.2124 0
      vertex 17.7375 -15.1741 0
    endloop
  endfacet
  facet normal 0.43078 0.902457 -0
    outer loop
      vertex 17.9306 -15.279 0
      vertex 17.8644 -15.2474 2
      vertex 17.9306 -15.279 2
    endloop
  endfacet
  facet normal 0.43078 0.902457 0
    outer loop
      vertex 17.8644 -15.2474 2
      vertex 17.9306 -15.279 0
      vertex 17.8644 -15.2474 0
    endloop
  endfacet
  facet normal 0.608919 0.793233 -0
    outer loop
      vertex 17.6771 -15.1326 0
      vertex 17.619 -15.088 2
      vertex 17.6771 -15.1326 2
    endloop
  endfacet
  facet normal 0.608919 0.793233 0
    outer loop
      vertex 17.619 -15.088 2
      vertex 17.6771 -15.1326 0
      vertex 17.619 -15.088 0
    endloop
  endfacet
  facet normal 0.983164 0.182724 0
    outer loop
      vertex 17.1306 -14.2911 2
      vertex 17.1172 -14.219 0
      vertex 17.1172 -14.219 2
    endloop
  endfacet
  facet normal 0.983164 0.182724 0
    outer loop
      vertex 17.1172 -14.219 0
      vertex 17.1306 -14.2911 2
      vertex 17.1306 -14.2911 0
    endloop
  endfacet
  facet normal 0.99157 0.129572 0
    outer loop
      vertex 17.1172 -14.219 2
      vertex 17.1077 -14.1463 0
      vertex 17.1077 -14.1463 2
    endloop
  endfacet
  facet normal 0.99157 0.129572 0
    outer loop
      vertex 17.1077 -14.1463 0
      vertex 17.1172 -14.219 2
      vertex 17.1172 -14.219 0
    endloop
  endfacet
  facet normal 0.999664 0.0259122 0
    outer loop
      vertex 17.1019 -14.0733 2
      vertex 17.1 -14 0
      vertex 17.1 -14 2
    endloop
  endfacet
  facet normal 0.999664 0.0259122 0
    outer loop
      vertex 17.1 -14 0
      vertex 17.1019 -14.0733 2
      vertex 17.1019 -14.0733 0
    endloop
  endfacet
  facet normal 0.878625 0.477513 0
    outer loop
      vertex 17.2876 -14.7 2
      vertex 17.2526 -14.6356 0
      vertex 17.2526 -14.6356 2
    endloop
  endfacet
  facet normal 0.878625 0.477513 0
    outer loop
      vertex 17.2526 -14.6356 0
      vertex 17.2876 -14.7 2
      vertex 17.2876 -14.7 0
    endloop
  endfacet
  facet normal 0.924083 0.382191 0
    outer loop
      vertex 17.221 -14.5694 2
      vertex 17.193 -14.5017 0
      vertex 17.193 -14.5017 2
    endloop
  endfacet
  facet normal 0.924083 0.382191 0
    outer loop
      vertex 17.193 -14.5017 0
      vertex 17.221 -14.5694 2
      vertex 17.221 -14.5694 0
    endloop
  endfacet
  facet normal 0.760794 0.648993 0
    outer loop
      vertex 17.4596 -14.9368 2
      vertex 17.412 -14.881 0
      vertex 17.412 -14.881 2
    endloop
  endfacet
  facet normal 0.760794 0.648993 0
    outer loop
      vertex 17.412 -14.881 0
      vertex 17.4596 -14.9368 2
      vertex 17.4596 -14.9368 0
    endloop
  endfacet
  facet normal -0.996859 -0.0792025 0
    outer loop
      vertex 19.8981 -13.9267 0
      vertex 19.8923 -13.8537 2
      vertex 19.8923 -13.8537 0
    endloop
  endfacet
  facet normal -0.996859 -0.0792025 0
    outer loop
      vertex 19.8923 -13.8537 2
      vertex 19.8981 -13.9267 0
      vertex 19.8981 -13.9267 2
    endloop
  endfacet
  facet normal -0.85264 -0.522498 0
    outer loop
      vertex 19.7124 -13.3 0
      vertex 19.6741 -13.2375 2
      vertex 19.6741 -13.2375 0
    endloop
  endfacet
  facet normal -0.85264 -0.522498 0
    outer loop
      vertex 19.6741 -13.2375 2
      vertex 19.7124 -13.3 0
      vertex 19.7124 -13.3 2
    endloop
  endfacet
  facet normal -0.0792025 -0.996859 0
    outer loop
      vertex 18.5733 -12.6019 0
      vertex 18.6463 -12.6077 2
      vertex 18.5733 -12.6019 2
    endloop
  endfacet
  facet normal -0.0792025 -0.996859 -0
    outer loop
      vertex 18.6463 -12.6077 2
      vertex 18.5733 -12.6019 0
      vertex 18.6463 -12.6077 0
    endloop
  endfacet
  facet normal 0.996859 -0.0792025 0
    outer loop
      vertex 17.1019 -13.9267 2
      vertex 17.1077 -13.8537 0
      vertex 17.1077 -13.8537 2
    endloop
  endfacet
  facet normal 0.996859 -0.0792025 0
    outer loop
      vertex 17.1077 -13.8537 0
      vertex 17.1019 -13.9267 2
      vertex 17.1019 -13.9267 0
    endloop
  endfacet
  facet normal 0.85264 -0.522498 0
    outer loop
      vertex 17.2876 -13.3 2
      vertex 17.3259 -13.2375 0
      vertex 17.3259 -13.2375 2
    endloop
  endfacet
  facet normal 0.85264 -0.522498 0
    outer loop
      vertex 17.3259 -13.2375 0
      vertex 17.2876 -13.3 2
      vertex 17.2876 -13.3 0
    endloop
  endfacet
  facet normal 0.793233 -0.608919 0
    outer loop
      vertex 17.3674 -13.1771 2
      vertex 17.412 -13.119 0
      vertex 17.412 -13.119 2
    endloop
  endfacet
  facet normal 0.793233 -0.608919 0
    outer loop
      vertex 17.412 -13.119 0
      vertex 17.3674 -13.1771 2
      vertex 17.3674 -13.1771 0
    endloop
  endfacet
  facet normal 0.182724 -0.983164 0
    outer loop
      vertex 18.2089 -12.6306 0
      vertex 18.281 -12.6172 2
      vertex 18.2089 -12.6306 2
    endloop
  endfacet
  facet normal 0.182724 -0.983164 0
    outer loop
      vertex 18.281 -12.6172 2
      vertex 18.2089 -12.6306 0
      vertex 18.281 -12.6172 0
    endloop
  endfacet
  facet normal 0.477513 -0.878625 0
    outer loop
      vertex 17.8 -12.7876 0
      vertex 17.8644 -12.7526 2
      vertex 17.8 -12.7876 2
    endloop
  endfacet
  facet normal 0.477513 -0.878625 0
    outer loop
      vertex 17.8644 -12.7526 2
      vertex 17.8 -12.7876 0
      vertex 17.8644 -12.7526 0
    endloop
  endfacet
  facet normal -0.958908 0.283717 0
    outer loop
      vertex 19.8315 -14.4326 0
      vertex 19.8523 -14.3623 2
      vertex 19.8523 -14.3623 0
    endloop
  endfacet
  facet normal -0.958908 0.283717 0
    outer loop
      vertex 19.8523 -14.3623 2
      vertex 19.8315 -14.4326 0
      vertex 19.8315 -14.4326 2
    endloop
  endfacet
  facet normal -0.983164 0.182724 0
    outer loop
      vertex 19.8694 -14.2911 0
      vertex 19.8828 -14.219 2
      vertex 19.8828 -14.219 0
    endloop
  endfacet
  facet normal -0.983164 0.182724 0
    outer loop
      vertex 19.8828 -14.219 2
      vertex 19.8694 -14.2911 0
      vertex 19.8694 -14.2911 2
    endloop
  endfacet
  facet normal -0.182724 0.983164 0
    outer loop
      vertex 18.7911 -15.3694 0
      vertex 18.719 -15.3828 2
      vertex 18.7911 -15.3694 2
    endloop
  endfacet
  facet normal -0.182724 0.983164 0
    outer loop
      vertex 18.719 -15.3828 2
      vertex 18.7911 -15.3694 0
      vertex 18.719 -15.3828 0
    endloop
  endfacet
  facet normal -0.382191 0.924083 0
    outer loop
      vertex 19.0694 -15.279 0
      vertex 19.0017 -15.307 2
      vertex 19.0694 -15.279 2
    endloop
  endfacet
  facet normal -0.382191 0.924083 0
    outer loop
      vertex 19.0017 -15.307 2
      vertex 19.0694 -15.279 0
      vertex 19.0017 -15.307 0
    endloop
  endfacet
  facet normal -0.283717 0.958908 0
    outer loop
      vertex 18.9326 -15.3315 0
      vertex 18.8623 -15.3523 2
      vertex 18.9326 -15.3315 2
    endloop
  endfacet
  facet normal -0.283717 0.958908 0
    outer loop
      vertex 18.8623 -15.3523 2
      vertex 18.9326 -15.3315 0
      vertex 18.8623 -15.3523 0
    endloop
  endfacet
  facet normal -0.648993 0.760794 0
    outer loop
      vertex 19.4368 -15.0404 0
      vertex 19.381 -15.088 2
      vertex 19.4368 -15.0404 2
    endloop
  endfacet
  facet normal -0.648993 0.760794 0
    outer loop
      vertex 19.381 -15.088 2
      vertex 19.4368 -15.0404 0
      vertex 19.381 -15.088 0
    endloop
  endfacet
  facet normal -0.724625 0.689144 0
    outer loop
      vertex 19.4899 -14.9899 0
      vertex 19.5404 -14.9368 2
      vertex 19.5404 -14.9368 0
    endloop
  endfacet
  facet normal -0.724625 0.689144 0
    outer loop
      vertex 19.5404 -14.9368 2
      vertex 19.4899 -14.9899 0
      vertex 19.4899 -14.9899 2
    endloop
  endfacet
  facet normal -0.566297 0.824201 0
    outer loop
      vertex 19.3229 -15.1326 0
      vertex 19.2625 -15.1741 2
      vertex 19.3229 -15.1326 2
    endloop
  endfacet
  facet normal -0.566297 0.824201 0
    outer loop
      vertex 19.2625 -15.1741 2
      vertex 19.3229 -15.1326 0
      vertex 19.2625 -15.1741 0
    endloop
  endfacet
  facet normal -0.477513 0.878625 0
    outer loop
      vertex 19.2 -15.2124 0
      vertex 19.1356 -15.2474 2
      vertex 19.2 -15.2124 2
    endloop
  endfacet
  facet normal -0.477513 0.878625 0
    outer loop
      vertex 19.1356 -15.2474 2
      vertex 19.2 -15.2124 0
      vertex 19.1356 -15.2474 0
    endloop
  endfacet
  facet normal -0.924083 0.382191 0
    outer loop
      vertex 19.779 -14.5694 0
      vertex 19.807 -14.5017 2
      vertex 19.807 -14.5017 0
    endloop
  endfacet
  facet normal -0.924083 0.382191 0
    outer loop
      vertex 19.807 -14.5017 2
      vertex 19.779 -14.5694 0
      vertex 19.779 -14.5694 2
    endloop
  endfacet
  facet normal -0.793233 0.608919 0
    outer loop
      vertex 19.588 -14.881 0
      vertex 19.6326 -14.8229 2
      vertex 19.6326 -14.8229 0
    endloop
  endfacet
  facet normal -0.793233 0.608919 0
    outer loop
      vertex 19.6326 -14.8229 2
      vertex 19.588 -14.881 0
      vertex 19.588 -14.881 2
    endloop
  endfacet
  facet normal -0.85264 0.522498 0
    outer loop
      vertex 19.6741 -14.7625 0
      vertex 19.7124 -14.7 2
      vertex 19.7124 -14.7 0
    endloop
  endfacet
  facet normal -0.85264 0.522498 0
    outer loop
      vertex 19.7124 -14.7 2
      vertex 19.6741 -14.7625 0
      vertex 19.6741 -14.7625 2
    endloop
  endfacet
  facet normal 0.0259122 0.999664 -0
    outer loop
      vertex 18.5 -15.4 0
      vertex 18.4267 -15.3981 2
      vertex 18.5 -15.4 2
    endloop
  endfacet
  facet normal 0.0259122 0.999664 0
    outer loop
      vertex 18.4267 -15.3981 2
      vertex 18.5 -15.4 0
      vertex 18.4267 -15.3981 0
    endloop
  endfacet
  facet normal 0.283717 0.958908 -0
    outer loop
      vertex 18.1377 -15.3523 0
      vertex 18.0674 -15.3315 2
      vertex 18.1377 -15.3523 2
    endloop
  endfacet
  facet normal 0.283717 0.958908 0
    outer loop
      vertex 18.0674 -15.3315 2
      vertex 18.1377 -15.3523 0
      vertex 18.0674 -15.3315 0
    endloop
  endfacet
  facet normal 0.182724 0.983164 -0
    outer loop
      vertex 18.281 -15.3828 0
      vertex 18.2089 -15.3694 2
      vertex 18.281 -15.3828 2
    endloop
  endfacet
  facet normal 0.182724 0.983164 0
    outer loop
      vertex 18.2089 -15.3694 2
      vertex 18.281 -15.3828 0
      vertex 18.2089 -15.3694 0
    endloop
  endfacet
  facet normal 0.477513 0.878625 -0
    outer loop
      vertex 17.8644 -15.2474 0
      vertex 17.8 -15.2124 2
      vertex 17.8644 -15.2474 2
    endloop
  endfacet
  facet normal 0.477513 0.878625 0
    outer loop
      vertex 17.8 -15.2124 2
      vertex 17.8644 -15.2474 0
      vertex 17.8 -15.2124 0
    endloop
  endfacet
  facet normal 0.382191 0.924083 -0
    outer loop
      vertex 17.9983 -15.307 0
      vertex 17.9306 -15.279 2
      vertex 17.9983 -15.307 2
    endloop
  endfacet
  facet normal 0.382191 0.924083 0
    outer loop
      vertex 17.9306 -15.279 2
      vertex 17.9983 -15.307 0
      vertex 17.9306 -15.279 0
    endloop
  endfacet
  facet normal 0.648993 0.760794 -0
    outer loop
      vertex 17.619 -15.088 0
      vertex 17.5632 -15.0404 2
      vertex 17.619 -15.088 2
    endloop
  endfacet
  facet normal 0.648993 0.760794 0
    outer loop
      vertex 17.5632 -15.0404 2
      vertex 17.619 -15.088 0
      vertex 17.5632 -15.0404 0
    endloop
  endfacet
  facet normal 0.566297 0.824201 -0
    outer loop
      vertex 17.7375 -15.1741 0
      vertex 17.6771 -15.1326 2
      vertex 17.7375 -15.1741 2
    endloop
  endfacet
  facet normal 0.566297 0.824201 0
    outer loop
      vertex 17.6771 -15.1326 2
      vertex 17.7375 -15.1741 0
      vertex 17.6771 -15.1326 0
    endloop
  endfacet
  facet normal 0.942511 0.334175 0
    outer loop
      vertex 17.193 -14.5017 2
      vertex 17.1685 -14.4326 0
      vertex 17.1685 -14.4326 2
    endloop
  endfacet
  facet normal 0.942511 0.334175 0
    outer loop
      vertex 17.1685 -14.4326 0
      vertex 17.193 -14.5017 2
      vertex 17.193 -14.5017 0
    endloop
  endfacet
  facet normal 0.97235 0.233528 0
    outer loop
      vertex 17.1477 -14.3623 2
      vertex 17.1306 -14.2911 0
      vertex 17.1306 -14.2911 2
    endloop
  endfacet
  facet normal 0.97235 0.233528 0
    outer loop
      vertex 17.1306 -14.2911 0
      vertex 17.1477 -14.3623 2
      vertex 17.1477 -14.3623 0
    endloop
  endfacet
  facet normal 0.996859 0.0792025 0
    outer loop
      vertex 17.1077 -14.1463 2
      vertex 17.1019 -14.0733 0
      vertex 17.1019 -14.0733 2
    endloop
  endfacet
  facet normal 0.996859 0.0792025 0
    outer loop
      vertex 17.1019 -14.0733 0
      vertex 17.1077 -14.1463 2
      vertex 17.1077 -14.1463 0
    endloop
  endfacet
  facet normal 0.85264 0.522498 0
    outer loop
      vertex 17.3259 -14.7625 2
      vertex 17.2876 -14.7 0
      vertex 17.2876 -14.7 2
    endloop
  endfacet
  facet normal 0.85264 0.522498 0
    outer loop
      vertex 17.2876 -14.7 0
      vertex 17.3259 -14.7625 2
      vertex 17.3259 -14.7625 0
    endloop
  endfacet
  facet normal 0.902457 0.43078 0
    outer loop
      vertex 17.2526 -14.6356 2
      vertex 17.221 -14.5694 0
      vertex 17.221 -14.5694 2
    endloop
  endfacet
  facet normal 0.902457 0.43078 0
    outer loop
      vertex 17.221 -14.5694 0
      vertex 17.2526 -14.6356 2
      vertex 17.2526 -14.6356 0
    endloop
  endfacet
  facet normal 0.793233 0.608919 0
    outer loop
      vertex 17.412 -14.881 2
      vertex 17.3674 -14.8229 0
      vertex 17.3674 -14.8229 2
    endloop
  endfacet
  facet normal 0.793233 0.608919 0
    outer loop
      vertex 17.3674 -14.8229 0
      vertex 17.412 -14.881 2
      vertex 17.412 -14.881 0
    endloop
  endfacet
  facet normal 0.724625 0.689144 0
    outer loop
      vertex 17.5101 -14.9899 2
      vertex 17.4596 -14.9368 0
      vertex 17.4596 -14.9368 2
    endloop
  endfacet
  facet normal 0.724625 0.689144 0
    outer loop
      vertex 17.4596 -14.9368 0
      vertex 17.5101 -14.9899 2
      vertex 17.5101 -14.9899 0
    endloop
  endfacet
  facet normal -0.68847 -0.725264 0
    outer loop
      vertex 20.3067 -11.9935 2
      vertex 20.4092 -12.0908 4
      vertex 20.3067 -11.9935 4
    endloop
  endfacet
  facet normal -0.68847 -0.725264 -0
    outer loop
      vertex 20.4092 -12.0908 4
      vertex 20.3067 -11.9935 2
      vertex 20.4092 -12.0908 2
    endloop
  endfacet
  facet normal 0.333782 -0.94265 0
    outer loop
      vertex 17.5324 -11.4793 2
      vertex 17.6657 -11.4321 4
      vertex 17.5324 -11.4793 4
    endloop
  endfacet
  facet normal 0.333782 -0.94265 0
    outer loop
      vertex 17.6657 -11.4321 4
      vertex 17.5324 -11.4793 2
      vertex 17.6657 -11.4321 2
    endloop
  endfacet
  facet normal 0.92387 -0.382706 0
    outer loop
      vertex 15.9793 -13.0324 4
      vertex 16.0334 -12.9018 2
      vertex 16.0334 -12.9018 4
    endloop
  endfacet
  facet normal 0.92387 -0.382706 0
    outer loop
      vertex 16.0334 -12.9018 2
      vertex 15.9793 -13.0324 4
      vertex 15.9793 -13.0324 2
    endloop
  endfacet
  facet normal -0.958891 -0.283775 0
    outer loop
      vertex 21.108 -13.3012 2
      vertex 21.0679 -13.1657 4
      vertex 21.0679 -13.1657 2
    endloop
  endfacet
  facet normal -0.958891 -0.283775 0
    outer loop
      vertex 21.0679 -13.1657 4
      vertex 21.108 -13.3012 2
      vertex 21.108 -13.3012 4
    endloop
  endfacet
  facet normal -0.902481 -0.43073 0
    outer loop
      vertex 20.9666 -12.9018 2
      vertex 20.9057 -12.7742 4
      vertex 20.9057 -12.7742 2
    endloop
  endfacet
  facet normal -0.902481 -0.43073 0
    outer loop
      vertex 20.9057 -12.7742 4
      vertex 20.9666 -12.9018 2
      vertex 20.9666 -12.9018 4
    endloop
  endfacet
  facet normal -0.382706 -0.92387 0
    outer loop
      vertex 19.4676 -11.4793 2
      vertex 19.5982 -11.5334 4
      vertex 19.4676 -11.4793 4
    endloop
  endfacet
  facet normal -0.382706 -0.92387 -0
    outer loop
      vertex 19.5982 -11.5334 4
      vertex 19.4676 -11.4793 2
      vertex 19.5982 -11.5334 2
    endloop
  endfacet
  facet normal 0.725264 -0.68847 0
    outer loop
      vertex 16.4935 -12.1933 4
      vertex 16.5908 -12.0908 2
      vertex 16.5908 -12.0908 4
    endloop
  endfacet
  facet normal 0.725264 -0.68847 0
    outer loop
      vertex 16.5908 -12.0908 2
      vertex 16.4935 -12.1933 4
      vertex 16.4935 -12.1933 2
    endloop
  endfacet
  facet normal 0.182495 -0.983207 0
    outer loop
      vertex 17.9386 -11.359 2
      vertex 18.0776 -11.3332 4
      vertex 17.9386 -11.359 4
    endloop
  endfacet
  facet normal 0.182495 -0.983207 0
    outer loop
      vertex 18.0776 -11.3332 4
      vertex 17.9386 -11.359 2
      vertex 18.0776 -11.3332 2
    endloop
  endfacet
  facet normal -0.725264 0.68847 0
    outer loop
      vertex 20.4092 -15.9092 2
      vertex 20.5065 -15.8067 4
      vertex 20.5065 -15.8067 2
    endloop
  endfacet
  facet normal -0.725264 0.68847 0
    outer loop
      vertex 20.5065 -15.8067 4
      vertex 20.4092 -15.9092 2
      vertex 20.4092 -15.9092 4
    endloop
  endfacet
  facet normal 0.68847 0.725264 -0
    outer loop
      vertex 16.6933 -16.0065 2
      vertex 16.5908 -15.9092 4
      vertex 16.6933 -16.0065 4
    endloop
  endfacet
  facet normal 0.68847 0.725264 0
    outer loop
      vertex 16.5908 -15.9092 4
      vertex 16.6933 -16.0065 2
      vertex 16.5908 -15.9092 2
    endloop
  endfacet
  facet normal 0.94265 0.333782 0
    outer loop
      vertex 15.9793 -14.9676 4
      vertex 15.9321 -14.8343 2
      vertex 15.9321 -14.8343 4
    endloop
  endfacet
  facet normal 0.94265 0.333782 0
    outer loop
      vertex 15.9321 -14.8343 2
      vertex 15.9793 -14.9676 4
      vertex 15.9793 -14.9676 2
    endloop
  endfacet
  facet normal -0.991498 -0.130125 0
    outer loop
      vertex 21.1852 -13.7178 2
      vertex 21.1668 -13.5776 4
      vertex 21.1668 -13.5776 2
    endloop
  endfacet
  facet normal -0.991498 -0.130125 0
    outer loop
      vertex 21.1668 -13.5776 4
      vertex 21.1852 -13.7178 2
      vertex 21.1852 -13.7178 4
    endloop
  endfacet
  facet normal -0.983207 -0.182495 0
    outer loop
      vertex 21.1668 -13.5776 2
      vertex 21.141 -13.4386 4
      vertex 21.141 -13.4386 2
    endloop
  endfacet
  facet normal -0.983207 -0.182495 0
    outer loop
      vertex 21.141 -13.4386 4
      vertex 21.1668 -13.5776 2
      vertex 21.1668 -13.5776 4
    endloop
  endfacet
  facet normal -0.852459 -0.522794 0
    outer loop
      vertex 20.8383 -12.65 2
      vertex 20.7644 -12.5295 4
      vertex 20.7644 -12.5295 2
    endloop
  endfacet
  facet normal -0.852459 -0.522794 0
    outer loop
      vertex 20.7644 -12.5295 4
      vertex 20.8383 -12.65 2
      vertex 20.8383 -12.65 4
    endloop
  endfacet
  facet normal -0.566559 -0.824021 0
    outer loop
      vertex 19.9705 -11.7356 2
      vertex 20.087 -11.8157 4
      vertex 19.9705 -11.7356 4
    endloop
  endfacet
  facet normal -0.566559 -0.824021 -0
    outer loop
      vertex 20.087 -11.8157 4
      vertex 19.9705 -11.7356 2
      vertex 20.087 -11.8157 2
    endloop
  endfacet
  facet normal -0.0261764 -0.999657 0
    outer loop
      vertex 18.5 -11.3 2
      vertex 18.6413 -11.3037 4
      vertex 18.5 -11.3 4
    endloop
  endfacet
  facet normal -0.0261764 -0.999657 -0
    outer loop
      vertex 18.6413 -11.3037 4
      vertex 18.5 -11.3 2
      vertex 18.6413 -11.3037 2
    endloop
  endfacet
  facet normal -0.333782 -0.94265 0
    outer loop
      vertex 19.3343 -11.4321 2
      vertex 19.4676 -11.4793 4
      vertex 19.3343 -11.4321 4
    endloop
  endfacet
  facet normal -0.333782 -0.94265 -0
    outer loop
      vertex 19.4676 -11.4793 4
      vertex 19.3343 -11.4321 2
      vertex 19.4676 -11.4793 2
    endloop
  endfacet
  facet normal -0.233534 -0.972349 0
    outer loop
      vertex 19.0614 -11.359 2
      vertex 19.1988 -11.392 4
      vertex 19.0614 -11.359 4
    endloop
  endfacet
  facet normal -0.233534 -0.972349 -0
    outer loop
      vertex 19.1988 -11.392 4
      vertex 19.0614 -11.359 2
      vertex 19.1988 -11.392 2
    endloop
  endfacet
  facet normal 0.999657 -0.0261764 0
    outer loop
      vertex 15.8 -14 4
      vertex 15.8037 -13.8587 2
      vertex 15.8037 -13.8587 4
    endloop
  endfacet
  facet normal 0.999657 -0.0261764 0
    outer loop
      vertex 15.8037 -13.8587 2
      vertex 15.8 -14 4
      vertex 15.8 -14 2
    endloop
  endfacet
  facet normal 0.94265 -0.333782 0
    outer loop
      vertex 15.9321 -13.1657 4
      vertex 15.9793 -13.0324 2
      vertex 15.9793 -13.0324 4
    endloop
  endfacet
  facet normal 0.94265 -0.333782 0
    outer loop
      vertex 15.9793 -13.0324 2
      vertex 15.9321 -13.1657 4
      vertex 15.9321 -13.1657 2
    endloop
  endfacet
  facet normal 0.972349 -0.233534 0
    outer loop
      vertex 15.859 -13.4386 4
      vertex 15.892 -13.3012 2
      vertex 15.892 -13.3012 4
    endloop
  endfacet
  facet normal 0.972349 -0.233534 0
    outer loop
      vertex 15.892 -13.3012 2
      vertex 15.859 -13.4386 4
      vertex 15.859 -13.4386 2
    endloop
  endfacet
  facet normal 0.824021 -0.566559 0
    outer loop
      vertex 16.2356 -12.5295 4
      vertex 16.3157 -12.413 2
      vertex 16.3157 -12.413 4
    endloop
  endfacet
  facet normal 0.824021 -0.566559 0
    outer loop
      vertex 16.3157 -12.413 2
      vertex 16.2356 -12.5295 4
      vertex 16.2356 -12.5295 2
    endloop
  endfacet
  facet normal 0.522794 -0.852459 0
    outer loop
      vertex 17.0295 -11.7356 2
      vertex 17.15 -11.6617 4
      vertex 17.0295 -11.7356 4
    endloop
  endfacet
  facet normal 0.522794 -0.852459 0
    outer loop
      vertex 17.15 -11.6617 4
      vertex 17.0295 -11.7356 2
      vertex 17.15 -11.6617 2
    endloop
  endfacet
  facet normal 0.43073 -0.902481 0
    outer loop
      vertex 17.2742 -11.5943 2
      vertex 17.4018 -11.5334 4
      vertex 17.2742 -11.5943 4
    endloop
  endfacet
  facet normal 0.43073 -0.902481 0
    outer loop
      vertex 17.4018 -11.5334 4
      vertex 17.2742 -11.5943 2
      vertex 17.4018 -11.5334 2
    endloop
  endfacet
  facet normal -0.999657 -0.0261764 0
    outer loop
      vertex 21.2 -14 2
      vertex 21.1963 -13.8587 4
      vertex 21.1963 -13.8587 2
    endloop
  endfacet
  facet normal -0.999657 -0.0261764 0
    outer loop
      vertex 21.1963 -13.8587 4
      vertex 21.2 -14 2
      vertex 21.2 -14 4
    endloop
  endfacet
  facet normal 0.333782 0.94265 -0
    outer loop
      vertex 17.6657 -16.5679 2
      vertex 17.5324 -16.5207 4
      vertex 17.6657 -16.5679 4
    endloop
  endfacet
  facet normal 0.333782 0.94265 0
    outer loop
      vertex 17.5324 -16.5207 4
      vertex 17.6657 -16.5679 2
      vertex 17.5324 -16.5207 2
    endloop
  endfacet
  facet normal 0.824021 0.566559 0
    outer loop
      vertex 16.3157 -15.587 4
      vertex 16.2356 -15.4705 2
      vertex 16.2356 -15.4705 4
    endloop
  endfacet
  facet normal 0.824021 0.566559 0
    outer loop
      vertex 16.2356 -15.4705 2
      vertex 16.3157 -15.587 4
      vertex 16.3157 -15.587 2
    endloop
  endfacet
  facet normal -0.996911 -0.0785359 0
    outer loop
      vertex 21.1963 -13.8587 2
      vertex 21.1852 -13.7178 4
      vertex 21.1852 -13.7178 2
    endloop
  endfacet
  facet normal -0.996911 -0.0785359 0
    outer loop
      vertex 21.1852 -13.7178 4
      vertex 21.1963 -13.8587 2
      vertex 21.1963 -13.8587 4
    endloop
  endfacet
  facet normal -0.92387 -0.382706 0
    outer loop
      vertex 21.0207 -13.0324 2
      vertex 20.9666 -12.9018 4
      vertex 20.9666 -12.9018 2
    endloop
  endfacet
  facet normal -0.92387 -0.382706 0
    outer loop
      vertex 20.9666 -12.9018 4
      vertex 21.0207 -13.0324 2
      vertex 21.0207 -13.0324 4
    endloop
  endfacet
  facet normal -0.94265 -0.333782 0
    outer loop
      vertex 21.0679 -13.1657 2
      vertex 21.0207 -13.0324 4
      vertex 21.0207 -13.0324 2
    endloop
  endfacet
  facet normal -0.94265 -0.333782 0
    outer loop
      vertex 21.0207 -13.0324 4
      vertex 21.0679 -13.1657 2
      vertex 21.0679 -13.1657 4
    endloop
  endfacet
  facet normal -0.972349 -0.233534 0
    outer loop
      vertex 21.141 -13.4386 2
      vertex 21.108 -13.3012 4
      vertex 21.108 -13.3012 2
    endloop
  endfacet
  facet normal -0.972349 -0.233534 0
    outer loop
      vertex 21.108 -13.3012 4
      vertex 21.141 -13.4386 2
      vertex 21.141 -13.4386 4
    endloop
  endfacet
  facet normal -0.878921 -0.476967 0
    outer loop
      vertex 20.9057 -12.7742 2
      vertex 20.8383 -12.65 4
      vertex 20.8383 -12.65 2
    endloop
  endfacet
  facet normal -0.878921 -0.476967 0
    outer loop
      vertex 20.8383 -12.65 4
      vertex 20.9057 -12.7742 2
      vertex 20.9057 -12.7742 4
    endloop
  endfacet
  facet normal -0.793675 -0.608342 0
    outer loop
      vertex 20.6843 -12.413 2
      vertex 20.5983 -12.3008 4
      vertex 20.5983 -12.3008 2
    endloop
  endfacet
  facet normal -0.793675 -0.608342 0
    outer loop
      vertex 20.5983 -12.3008 4
      vertex 20.6843 -12.413 2
      vertex 20.6843 -12.413 4
    endloop
  endfacet
  facet normal -0.760454 -0.649392 0
    outer loop
      vertex 20.5983 -12.3008 2
      vertex 20.5065 -12.1933 4
      vertex 20.5065 -12.1933 2
    endloop
  endfacet
  facet normal -0.760454 -0.649392 0
    outer loop
      vertex 20.5065 -12.1933 4
      vertex 20.5983 -12.3008 2
      vertex 20.5983 -12.3008 4
    endloop
  endfacet
  facet normal -0.824021 -0.566559 0
    outer loop
      vertex 20.7644 -12.5295 2
      vertex 20.6843 -12.413 4
      vertex 20.6843 -12.413 2
    endloop
  endfacet
  facet normal -0.824021 -0.566559 0
    outer loop
      vertex 20.6843 -12.413 4
      vertex 20.7644 -12.5295 2
      vertex 20.7644 -12.5295 4
    endloop
  endfacet
  facet normal -0.725264 -0.68847 0
    outer loop
      vertex 20.5065 -12.1933 2
      vertex 20.4092 -12.0908 4
      vertex 20.4092 -12.0908 2
    endloop
  endfacet
  facet normal -0.725264 -0.68847 0
    outer loop
      vertex 20.4092 -12.0908 4
      vertex 20.5065 -12.1933 2
      vertex 20.5065 -12.1933 4
    endloop
  endfacet
  facet normal -0.649392 -0.760454 0
    outer loop
      vertex 20.1992 -11.9017 2
      vertex 20.3067 -11.9935 4
      vertex 20.1992 -11.9017 4
    endloop
  endfacet
  facet normal -0.649392 -0.760454 -0
    outer loop
      vertex 20.3067 -11.9935 4
      vertex 20.1992 -11.9017 2
      vertex 20.3067 -11.9935 2
    endloop
  endfacet
  facet normal -0.608342 -0.793675 0
    outer loop
      vertex 20.087 -11.8157 2
      vertex 20.1992 -11.9017 4
      vertex 20.087 -11.8157 4
    endloop
  endfacet
  facet normal -0.608342 -0.793675 -0
    outer loop
      vertex 20.1992 -11.9017 4
      vertex 20.087 -11.8157 2
      vertex 20.1992 -11.9017 2
    endloop
  endfacet
  facet normal -0.476967 -0.878921 0
    outer loop
      vertex 19.7258 -11.5943 2
      vertex 19.85 -11.6617 4
      vertex 19.7258 -11.5943 4
    endloop
  endfacet
  facet normal -0.476967 -0.878921 -0
    outer loop
      vertex 19.85 -11.6617 4
      vertex 19.7258 -11.5943 2
      vertex 19.85 -11.6617 2
    endloop
  endfacet
  facet normal -0.43073 -0.902481 0
    outer loop
      vertex 19.5982 -11.5334 2
      vertex 19.7258 -11.5943 4
      vertex 19.5982 -11.5334 4
    endloop
  endfacet
  facet normal -0.43073 -0.902481 -0
    outer loop
      vertex 19.7258 -11.5943 4
      vertex 19.5982 -11.5334 2
      vertex 19.7258 -11.5943 2
    endloop
  endfacet
  facet normal -0.522794 -0.852459 0
    outer loop
      vertex 19.85 -11.6617 2
      vertex 19.9705 -11.7356 4
      vertex 19.85 -11.6617 4
    endloop
  endfacet
  facet normal -0.522794 -0.852459 -0
    outer loop
      vertex 19.9705 -11.7356 4
      vertex 19.85 -11.6617 2
      vertex 19.9705 -11.7356 2
    endloop
  endfacet
  facet normal -0.182495 -0.983207 0
    outer loop
      vertex 18.9224 -11.3332 2
      vertex 19.0614 -11.359 4
      vertex 18.9224 -11.3332 4
    endloop
  endfacet
  facet normal -0.182495 -0.983207 -0
    outer loop
      vertex 19.0614 -11.359 4
      vertex 18.9224 -11.3332 2
      vertex 19.0614 -11.359 2
    endloop
  endfacet
  facet normal -0.130125 -0.991498 0
    outer loop
      vertex 18.7822 -11.3148 2
      vertex 18.9224 -11.3332 4
      vertex 18.7822 -11.3148 4
    endloop
  endfacet
  facet normal -0.130125 -0.991498 -0
    outer loop
      vertex 18.9224 -11.3332 4
      vertex 18.7822 -11.3148 2
      vertex 18.9224 -11.3332 2
    endloop
  endfacet
  facet normal -0.0785359 -0.996911 0
    outer loop
      vertex 18.6413 -11.3037 2
      vertex 18.7822 -11.3148 4
      vertex 18.6413 -11.3037 4
    endloop
  endfacet
  facet normal -0.0785359 -0.996911 -0
    outer loop
      vertex 18.7822 -11.3148 4
      vertex 18.6413 -11.3037 2
      vertex 18.7822 -11.3148 2
    endloop
  endfacet
  facet normal -0.283775 -0.958891 0
    outer loop
      vertex 19.1988 -11.392 2
      vertex 19.3343 -11.4321 4
      vertex 19.1988 -11.392 4
    endloop
  endfacet
  facet normal -0.283775 -0.958891 -0
    outer loop
      vertex 19.3343 -11.4321 4
      vertex 19.1988 -11.392 2
      vertex 19.3343 -11.4321 2
    endloop
  endfacet
  facet normal 0.983207 -0.182495 0
    outer loop
      vertex 15.8332 -13.5776 4
      vertex 15.859 -13.4386 2
      vertex 15.859 -13.4386 4
    endloop
  endfacet
  facet normal 0.983207 -0.182495 0
    outer loop
      vertex 15.859 -13.4386 2
      vertex 15.8332 -13.5776 4
      vertex 15.8332 -13.5776 2
    endloop
  endfacet
  facet normal 0.991498 -0.130125 0
    outer loop
      vertex 15.8148 -13.7178 4
      vertex 15.8332 -13.5776 2
      vertex 15.8332 -13.5776 4
    endloop
  endfacet
  facet normal 0.991498 -0.130125 0
    outer loop
      vertex 15.8332 -13.5776 2
      vertex 15.8148 -13.7178 4
      vertex 15.8148 -13.7178 2
    endloop
  endfacet
  facet normal 0.996911 -0.0785359 0
    outer loop
      vertex 15.8037 -13.8587 4
      vertex 15.8148 -13.7178 2
      vertex 15.8148 -13.7178 4
    endloop
  endfacet
  facet normal 0.996911 -0.0785359 0
    outer loop
      vertex 15.8148 -13.7178 2
      vertex 15.8037 -13.8587 4
      vertex 15.8037 -13.8587 2
    endloop
  endfacet
  facet normal 0.958891 -0.283775 0
    outer loop
      vertex 15.892 -13.3012 4
      vertex 15.9321 -13.1657 2
      vertex 15.9321 -13.1657 4
    endloop
  endfacet
  facet normal 0.958891 -0.283775 0
    outer loop
      vertex 15.9321 -13.1657 2
      vertex 15.892 -13.3012 4
      vertex 15.892 -13.3012 2
    endloop
  endfacet
  facet normal 0.878921 -0.476967 0
    outer loop
      vertex 16.0943 -12.7742 4
      vertex 16.1617 -12.65 2
      vertex 16.1617 -12.65 4
    endloop
  endfacet
  facet normal 0.878921 -0.476967 0
    outer loop
      vertex 16.1617 -12.65 2
      vertex 16.0943 -12.7742 4
      vertex 16.0943 -12.7742 2
    endloop
  endfacet
  facet normal 0.852459 -0.522794 0
    outer loop
      vertex 16.1617 -12.65 4
      vertex 16.2356 -12.5295 2
      vertex 16.2356 -12.5295 4
    endloop
  endfacet
  facet normal 0.852459 -0.522794 0
    outer loop
      vertex 16.2356 -12.5295 2
      vertex 16.1617 -12.65 4
      vertex 16.1617 -12.65 2
    endloop
  endfacet
  facet normal 0.902481 -0.43073 0
    outer loop
      vertex 16.0334 -12.9018 4
      vertex 16.0943 -12.7742 2
      vertex 16.0943 -12.7742 4
    endloop
  endfacet
  facet normal 0.902481 -0.43073 0
    outer loop
      vertex 16.0943 -12.7742 2
      vertex 16.0334 -12.9018 4
      vertex 16.0334 -12.9018 2
    endloop
  endfacet
  facet normal 0.760454 -0.649392 0
    outer loop
      vertex 16.4017 -12.3008 4
      vertex 16.4935 -12.1933 2
      vertex 16.4935 -12.1933 4
    endloop
  endfacet
  facet normal 0.760454 -0.649392 0
    outer loop
      vertex 16.4935 -12.1933 2
      vertex 16.4017 -12.3008 4
      vertex 16.4017 -12.3008 2
    endloop
  endfacet
  facet normal 0.793675 -0.608342 0
    outer loop
      vertex 16.3157 -12.413 4
      vertex 16.4017 -12.3008 2
      vertex 16.4017 -12.3008 4
    endloop
  endfacet
  facet normal 0.793675 -0.608342 0
    outer loop
      vertex 16.4017 -12.3008 2
      vertex 16.3157 -12.413 4
      vertex 16.3157 -12.413 2
    endloop
  endfacet
  facet normal 0.233534 -0.972349 0
    outer loop
      vertex 17.8012 -11.392 2
      vertex 17.9386 -11.359 4
      vertex 17.8012 -11.392 4
    endloop
  endfacet
  facet normal 0.233534 -0.972349 0
    outer loop
      vertex 17.9386 -11.359 4
      vertex 17.8012 -11.392 2
      vertex 17.9386 -11.359 2
    endloop
  endfacet
  facet normal 0.283775 -0.958891 0
    outer loop
      vertex 17.6657 -11.4321 2
      vertex 17.8012 -11.392 4
      vertex 17.6657 -11.4321 4
    endloop
  endfacet
  facet normal 0.283775 -0.958891 0
    outer loop
      vertex 17.8012 -11.392 4
      vertex 17.6657 -11.4321 2
      vertex 17.8012 -11.392 2
    endloop
  endfacet
  facet normal 0.0261764 -0.999657 0
    outer loop
      vertex 18.3587 -11.3037 2
      vertex 18.5 -11.3 4
      vertex 18.3587 -11.3037 4
    endloop
  endfacet
  facet normal 0.0261764 -0.999657 0
    outer loop
      vertex 18.5 -11.3 4
      vertex 18.3587 -11.3037 2
      vertex 18.5 -11.3 2
    endloop
  endfacet
  facet normal 0.0785359 -0.996911 0
    outer loop
      vertex 18.2178 -11.3148 2
      vertex 18.3587 -11.3037 4
      vertex 18.2178 -11.3148 4
    endloop
  endfacet
  facet normal 0.0785359 -0.996911 0
    outer loop
      vertex 18.3587 -11.3037 4
      vertex 18.2178 -11.3148 2
      vertex 18.3587 -11.3037 2
    endloop
  endfacet
  facet normal 0.476967 -0.878921 0
    outer loop
      vertex 17.15 -11.6617 2
      vertex 17.2742 -11.5943 4
      vertex 17.15 -11.6617 4
    endloop
  endfacet
  facet normal 0.476967 -0.878921 0
    outer loop
      vertex 17.2742 -11.5943 4
      vertex 17.15 -11.6617 2
      vertex 17.2742 -11.5943 2
    endloop
  endfacet
  facet normal 0.382706 -0.92387 0
    outer loop
      vertex 17.4018 -11.5334 2
      vertex 17.5324 -11.4793 4
      vertex 17.4018 -11.5334 4
    endloop
  endfacet
  facet normal 0.382706 -0.92387 0
    outer loop
      vertex 17.5324 -11.4793 4
      vertex 17.4018 -11.5334 2
      vertex 17.5324 -11.4793 2
    endloop
  endfacet
  facet normal 0.608342 -0.793675 0
    outer loop
      vertex 16.8008 -11.9017 2
      vertex 16.913 -11.8157 4
      vertex 16.8008 -11.9017 4
    endloop
  endfacet
  facet normal 0.608342 -0.793675 0
    outer loop
      vertex 16.913 -11.8157 4
      vertex 16.8008 -11.9017 2
      vertex 16.913 -11.8157 2
    endloop
  endfacet
  facet normal 0.649392 -0.760454 0
    outer loop
      vertex 16.6933 -11.9935 2
      vertex 16.8008 -11.9017 4
      vertex 16.6933 -11.9935 4
    endloop
  endfacet
  facet normal 0.649392 -0.760454 0
    outer loop
      vertex 16.8008 -11.9017 4
      vertex 16.6933 -11.9935 2
      vertex 16.8008 -11.9017 2
    endloop
  endfacet
  facet normal 0.566559 -0.824021 0
    outer loop
      vertex 16.913 -11.8157 2
      vertex 17.0295 -11.7356 4
      vertex 16.913 -11.8157 4
    endloop
  endfacet
  facet normal 0.566559 -0.824021 0
    outer loop
      vertex 17.0295 -11.7356 4
      vertex 16.913 -11.8157 2
      vertex 17.0295 -11.7356 2
    endloop
  endfacet
  facet normal 0.68847 -0.725264 0
    outer loop
      vertex 16.5908 -12.0908 2
      vertex 16.6933 -11.9935 4
      vertex 16.5908 -12.0908 4
    endloop
  endfacet
  facet normal 0.68847 -0.725264 0
    outer loop
      vertex 16.6933 -11.9935 4
      vertex 16.5908 -12.0908 2
      vertex 16.6933 -11.9935 2
    endloop
  endfacet
  facet normal -0.0261764 0.999657 0
    outer loop
      vertex 18.6413 -16.6963 2
      vertex 18.5 -16.7 4
      vertex 18.6413 -16.6963 4
    endloop
  endfacet
  facet normal -0.0261764 0.999657 0
    outer loop
      vertex 18.5 -16.7 4
      vertex 18.6413 -16.6963 2
      vertex 18.5 -16.7 2
    endloop
  endfacet
  facet normal -0.94265 0.333782 0
    outer loop
      vertex 21.0207 -14.9676 2
      vertex 21.0679 -14.8343 4
      vertex 21.0679 -14.8343 2
    endloop
  endfacet
  facet normal -0.94265 0.333782 0
    outer loop
      vertex 21.0679 -14.8343 4
      vertex 21.0207 -14.9676 2
      vertex 21.0207 -14.9676 4
    endloop
  endfacet
  facet normal -0.972349 0.233534 0
    outer loop
      vertex 21.108 -14.6988 2
      vertex 21.141 -14.5614 4
      vertex 21.141 -14.5614 2
    endloop
  endfacet
  facet normal -0.972349 0.233534 0
    outer loop
      vertex 21.141 -14.5614 4
      vertex 21.108 -14.6988 2
      vertex 21.108 -14.6988 4
    endloop
  endfacet
  facet normal -0.0785359 0.996911 0
    outer loop
      vertex 18.7822 -16.6852 2
      vertex 18.6413 -16.6963 4
      vertex 18.7822 -16.6852 4
    endloop
  endfacet
  facet normal -0.0785359 0.996911 0
    outer loop
      vertex 18.6413 -16.6963 4
      vertex 18.7822 -16.6852 2
      vertex 18.6413 -16.6963 2
    endloop
  endfacet
  facet normal -0.130125 0.991498 0
    outer loop
      vertex 18.9224 -16.6668 2
      vertex 18.7822 -16.6852 4
      vertex 18.9224 -16.6668 4
    endloop
  endfacet
  facet normal -0.130125 0.991498 0
    outer loop
      vertex 18.7822 -16.6852 4
      vertex 18.9224 -16.6668 2
      vertex 18.7822 -16.6852 2
    endloop
  endfacet
  facet normal -0.283775 0.958891 0
    outer loop
      vertex 19.3343 -16.5679 2
      vertex 19.1988 -16.608 4
      vertex 19.3343 -16.5679 4
    endloop
  endfacet
  facet normal -0.283775 0.958891 0
    outer loop
      vertex 19.1988 -16.608 4
      vertex 19.3343 -16.5679 2
      vertex 19.1988 -16.608 2
    endloop
  endfacet
  facet normal -0.333782 0.94265 0
    outer loop
      vertex 19.4676 -16.5207 2
      vertex 19.3343 -16.5679 4
      vertex 19.4676 -16.5207 4
    endloop
  endfacet
  facet normal -0.333782 0.94265 0
    outer loop
      vertex 19.3343 -16.5679 4
      vertex 19.4676 -16.5207 2
      vertex 19.3343 -16.5679 2
    endloop
  endfacet
  facet normal -0.233534 0.972349 0
    outer loop
      vertex 19.1988 -16.608 2
      vertex 19.0614 -16.641 4
      vertex 19.1988 -16.608 4
    endloop
  endfacet
  facet normal -0.233534 0.972349 0
    outer loop
      vertex 19.0614 -16.641 4
      vertex 19.1988 -16.608 2
      vertex 19.0614 -16.641 2
    endloop
  endfacet
  facet normal -0.608342 0.793675 0
    outer loop
      vertex 20.1992 -16.0983 2
      vertex 20.087 -16.1843 4
      vertex 20.1992 -16.0983 4
    endloop
  endfacet
  facet normal -0.608342 0.793675 0
    outer loop
      vertex 20.087 -16.1843 4
      vertex 20.1992 -16.0983 2
      vertex 20.087 -16.1843 2
    endloop
  endfacet
  facet normal -0.566559 0.824021 0
    outer loop
      vertex 20.087 -16.1843 2
      vertex 19.9705 -16.2644 4
      vertex 20.087 -16.1843 4
    endloop
  endfacet
  facet normal -0.566559 0.824021 0
    outer loop
      vertex 19.9705 -16.2644 4
      vertex 20.087 -16.1843 2
      vertex 19.9705 -16.2644 2
    endloop
  endfacet
  facet normal -0.649392 0.760454 0
    outer loop
      vertex 20.3067 -16.0065 2
      vertex 20.1992 -16.0983 4
      vertex 20.3067 -16.0065 4
    endloop
  endfacet
  facet normal -0.649392 0.760454 0
    outer loop
      vertex 20.1992 -16.0983 4
      vertex 20.3067 -16.0065 2
      vertex 20.1992 -16.0983 2
    endloop
  endfacet
  facet normal -0.476967 0.878921 0
    outer loop
      vertex 19.85 -16.3383 2
      vertex 19.7258 -16.4057 4
      vertex 19.85 -16.3383 4
    endloop
  endfacet
  facet normal -0.476967 0.878921 0
    outer loop
      vertex 19.7258 -16.4057 4
      vertex 19.85 -16.3383 2
      vertex 19.7258 -16.4057 2
    endloop
  endfacet
  facet normal -0.382706 0.92387 0
    outer loop
      vertex 19.5982 -16.4666 2
      vertex 19.4676 -16.5207 4
      vertex 19.5982 -16.4666 4
    endloop
  endfacet
  facet normal -0.382706 0.92387 0
    outer loop
      vertex 19.4676 -16.5207 4
      vertex 19.5982 -16.4666 2
      vertex 19.4676 -16.5207 2
    endloop
  endfacet
  facet normal -0.852459 0.522794 0
    outer loop
      vertex 20.7644 -15.4705 2
      vertex 20.8383 -15.35 4
      vertex 20.8383 -15.35 2
    endloop
  endfacet
  facet normal -0.852459 0.522794 0
    outer loop
      vertex 20.8383 -15.35 4
      vertex 20.7644 -15.4705 2
      vertex 20.7644 -15.4705 4
    endloop
  endfacet
  facet normal -0.902481 0.43073 0
    outer loop
      vertex 20.9057 -15.2258 2
      vertex 20.9666 -15.0982 4
      vertex 20.9666 -15.0982 2
    endloop
  endfacet
  facet normal -0.902481 0.43073 0
    outer loop
      vertex 20.9666 -15.0982 4
      vertex 20.9057 -15.2258 2
      vertex 20.9057 -15.2258 4
    endloop
  endfacet
  facet normal -0.793675 0.608342 0
    outer loop
      vertex 20.5983 -15.6992 2
      vertex 20.6843 -15.587 4
      vertex 20.6843 -15.587 2
    endloop
  endfacet
  facet normal -0.793675 0.608342 0
    outer loop
      vertex 20.6843 -15.587 4
      vertex 20.5983 -15.6992 2
      vertex 20.5983 -15.6992 4
    endloop
  endfacet
  facet normal 0.182495 0.983207 -0
    outer loop
      vertex 18.0776 -16.6668 2
      vertex 17.9386 -16.641 4
      vertex 18.0776 -16.6668 4
    endloop
  endfacet
  facet normal 0.182495 0.983207 0
    outer loop
      vertex 17.9386 -16.641 4
      vertex 18.0776 -16.6668 2
      vertex 17.9386 -16.641 2
    endloop
  endfacet
  facet normal 0.0785359 0.996911 -0
    outer loop
      vertex 18.3587 -16.6963 2
      vertex 18.2178 -16.6852 4
      vertex 18.3587 -16.6963 4
    endloop
  endfacet
  facet normal 0.0785359 0.996911 0
    outer loop
      vertex 18.2178 -16.6852 4
      vertex 18.3587 -16.6963 2
      vertex 18.2178 -16.6852 2
    endloop
  endfacet
  facet normal 0.283775 0.958891 -0
    outer loop
      vertex 17.8012 -16.608 2
      vertex 17.6657 -16.5679 4
      vertex 17.8012 -16.608 4
    endloop
  endfacet
  facet normal 0.283775 0.958891 0
    outer loop
      vertex 17.6657 -16.5679 4
      vertex 17.8012 -16.608 2
      vertex 17.6657 -16.5679 2
    endloop
  endfacet
  facet normal 0.522794 0.852459 -0
    outer loop
      vertex 17.15 -16.3383 2
      vertex 17.0295 -16.2644 4
      vertex 17.15 -16.3383 4
    endloop
  endfacet
  facet normal 0.522794 0.852459 0
    outer loop
      vertex 17.0295 -16.2644 4
      vertex 17.15 -16.3383 2
      vertex 17.0295 -16.2644 2
    endloop
  endfacet
  facet normal 0.43073 0.902481 -0
    outer loop
      vertex 17.4018 -16.4666 2
      vertex 17.2742 -16.4057 4
      vertex 17.4018 -16.4666 4
    endloop
  endfacet
  facet normal 0.43073 0.902481 0
    outer loop
      vertex 17.2742 -16.4057 4
      vertex 17.4018 -16.4666 2
      vertex 17.2742 -16.4057 2
    endloop
  endfacet
  facet normal 0.566559 0.824021 -0
    outer loop
      vertex 17.0295 -16.2644 2
      vertex 16.913 -16.1843 4
      vertex 17.0295 -16.2644 4
    endloop
  endfacet
  facet normal 0.566559 0.824021 0
    outer loop
      vertex 16.913 -16.1843 4
      vertex 17.0295 -16.2644 2
      vertex 16.913 -16.1843 2
    endloop
  endfacet
  facet normal 0.608342 0.793675 -0
    outer loop
      vertex 16.913 -16.1843 2
      vertex 16.8008 -16.0983 4
      vertex 16.913 -16.1843 4
    endloop
  endfacet
  facet normal 0.608342 0.793675 0
    outer loop
      vertex 16.8008 -16.0983 4
      vertex 16.913 -16.1843 2
      vertex 16.8008 -16.0983 2
    endloop
  endfacet
  facet normal 0.972349 0.233534 0
    outer loop
      vertex 15.892 -14.6988 4
      vertex 15.859 -14.5614 2
      vertex 15.859 -14.5614 4
    endloop
  endfacet
  facet normal 0.972349 0.233534 0
    outer loop
      vertex 15.859 -14.5614 2
      vertex 15.892 -14.6988 4
      vertex 15.892 -14.6988 2
    endloop
  endfacet
  facet normal 0.991498 0.130125 0
    outer loop
      vertex 15.8332 -14.4224 4
      vertex 15.8148 -14.2822 2
      vertex 15.8148 -14.2822 4
    endloop
  endfacet
  facet normal 0.991498 0.130125 0
    outer loop
      vertex 15.8148 -14.2822 2
      vertex 15.8332 -14.4224 4
      vertex 15.8332 -14.4224 2
    endloop
  endfacet
  facet normal 0.999657 0.0261764 0
    outer loop
      vertex 15.8037 -14.1413 4
      vertex 15.8 -14 2
      vertex 15.8 -14 4
    endloop
  endfacet
  facet normal 0.999657 0.0261764 0
    outer loop
      vertex 15.8 -14 2
      vertex 15.8037 -14.1413 4
      vertex 15.8037 -14.1413 2
    endloop
  endfacet
  facet normal 0 0 1
    outer loop
      vertex 19.9 -14 2
      vertex 21.2 -14 2
      vertex 21.1963 -13.8587 2
    endloop
  endfacet
  facet normal 0 0 1
    outer loop
      vertex 19.8981 -13.9267 2
      vertex 21.1963 -13.8587 2
      vertex 21.1852 -13.7178 2
    endloop
  endfacet
  facet normal 0 0 1
    outer loop
      vertex 21.2 -14 2
      vertex 19.9 -14 2
      vertex 21.1963 -14.1413 2
    endloop
  endfacet
  facet normal 0 0 1
    outer loop
      vertex 19.8923 -13.8537 2
      vertex 21.1852 -13.7178 2
      vertex 21.1668 -13.5776 2
    endloop
  endfacet
  facet normal -0 0 1
    outer loop
      vertex 19.8981 -14.0733 2
      vertex 21.1963 -14.1413 2
      vertex 19.9 -14 2
    endloop
  endfacet
  facet normal 0 0 1
    outer loop
      vertex 19.8828 -13.781 2
      vertex 21.1668 -13.5776 2
      vertex 21.141 -13.4386 2
    endloop
  endfacet
  facet normal 0 0 1
    outer loop
      vertex 21.1963 -14.1413 2
      vertex 19.8981 -14.0733 2
      vertex 21.1852 -14.2822 2
    endloop
  endfacet
  facet normal 0 0 1
    outer loop
      vertex 19.8694 -13.7089 2
      vertex 21.141 -13.4386 2
      vertex 21.108 -13.3012 2
    endloop
  endfacet
  facet normal -0 0 1
    outer loop
      vertex 19.8923 -14.1463 2
      vertex 21.1852 -14.2822 2
      vertex 19.8981 -14.0733 2
    endloop
  endfacet
  facet normal 0 0 1
    outer loop
      vertex 19.8523 -13.6377 2
      vertex 21.108 -13.3012 2
      vertex 21.0679 -13.1657 2
    endloop
  endfacet
  facet normal 0 0 1
    outer loop
      vertex 21.1852 -14.2822 2
      vertex 19.8923 -14.1463 2
      vertex 21.1668 -14.4224 2
    endloop
  endfacet
  facet normal 0 0 1
    outer loop
      vertex 19.8315 -13.5674 2
      vertex 21.0679 -13.1657 2
      vertex 21.0207 -13.0324 2
    endloop
  endfacet
  facet normal -0 0 1
    outer loop
      vertex 19.8828 -14.219 2
      vertex 21.1668 -14.4224 2
      vertex 19.8923 -14.1463 2
    endloop
  endfacet
  facet normal 0 0 1
    outer loop
      vertex 19.807 -13.4983 2
      vertex 21.0207 -13.0324 2
      vertex 20.9666 -12.9018 2
    endloop
  endfacet
  facet normal 0 0 1
    outer loop
      vertex 21.1668 -14.4224 2
      vertex 19.8828 -14.219 2
      vertex 21.141 -14.5614 2
    endloop
  endfacet
  facet normal 0 0 1
    outer loop
      vertex 19.779 -13.4306 2
      vertex 20.9666 -12.9018 2
      vertex 20.9057 -12.7742 2
    endloop
  endfacet
  facet normal -0 0 1
    outer loop
      vertex 19.8694 -14.2911 2
      vertex 21.141 -14.5614 2
      vertex 19.8828 -14.219 2
    endloop
  endfacet
  facet normal 0 0 1
    outer loop
      vertex 19.7474 -13.3644 2
      vertex 20.9057 -12.7742 2
      vertex 20.8383 -12.65 2
    endloop
  endfacet
  facet normal 0 0 1
    outer loop
      vertex 21.141 -14.5614 2
      vertex 19.8694 -14.2911 2
      vertex 21.108 -14.6988 2
    endloop
  endfacet
  facet normal 0 0 1
    outer loop
      vertex 19.7124 -13.3 2
      vertex 20.8383 -12.65 2
      vertex 20.7644 -12.5295 2
    endloop
  endfacet
  facet normal -0 0 1
    outer loop
      vertex 19.8523 -14.3623 2
      vertex 21.108 -14.6988 2
      vertex 19.8694 -14.2911 2
    endloop
  endfacet
  facet normal 0 0 1
    outer loop
      vertex 19.6741 -13.2375 2
      vertex 20.7644 -12.5295 2
      vertex 20.6843 -12.413 2
    endloop
  endfacet
  facet normal 0 0 1
    outer loop
      vertex 21.108 -14.6988 2
      vertex 19.8523 -14.3623 2
      vertex 21.0679 -14.8343 2
    endloop
  endfacet
  facet normal 0 0 1
    outer loop
      vertex 19.6326 -13.1771 2
      vertex 20.6843 -12.413 2
      vertex 20.5983 -12.3008 2
    endloop
  endfacet
  facet normal -0 0 1
    outer loop
      vertex 19.8315 -14.4326 2
      vertex 21.0679 -14.8343 2
      vertex 19.8523 -14.3623 2
    endloop
  endfacet
  facet normal 0 0 1
    outer loop
      vertex 19.588 -13.119 2
      vertex 20.5983 -12.3008 2
      vertex 20.5065 -12.1933 2
    endloop
  endfacet
  facet normal 0 0 1
    outer loop
      vertex 21.0679 -14.8343 2
      vertex 19.8315 -14.4326 2
      vertex 21.0207 -14.9676 2
    endloop
  endfacet
  facet normal 0 0 1
    outer loop
      vertex 19.5404 -13.0632 2
      vertex 20.5065 -12.1933 2
      vertex 20.4092 -12.0908 2
    endloop
  endfacet
  facet normal -0 0 1
    outer loop
      vertex 19.807 -14.5017 2
      vertex 21.0207 -14.9676 2
      vertex 19.8315 -14.4326 2
    endloop
  endfacet
  facet normal 0 0 1
    outer loop
      vertex 19.4899 -13.0101 2
      vertex 20.4092 -12.0908 2
      vertex 20.3067 -11.9935 2
    endloop
  endfacet
  facet normal 0 0 1
    outer loop
      vertex 21.0207 -14.9676 2
      vertex 19.807 -14.5017 2
      vertex 20.9666 -15.0982 2
    endloop
  endfacet
  facet normal 0 0 1
    outer loop
      vertex 19.4368 -12.9596 2
      vertex 20.3067 -11.9935 2
      vertex 20.1992 -11.9017 2
    endloop
  endfacet
  facet normal -0 0 1
    outer loop
      vertex 19.779 -14.5694 2
      vertex 20.9666 -15.0982 2
      vertex 19.807 -14.5017 2
    endloop
  endfacet
  facet normal 0 0 1
    outer loop
      vertex 19.381 -12.912 2
      vertex 20.1992 -11.9017 2
      vertex 20.087 -11.8157 2
    endloop
  endfacet
  facet normal 0 0 1
    outer loop
      vertex 20.9666 -15.0982 2
      vertex 19.779 -14.5694 2
      vertex 20.9057 -15.2258 2
    endloop
  endfacet
  facet normal 0 0 1
    outer loop
      vertex 19.3229 -12.8674 2
      vertex 20.087 -11.8157 2
      vertex 19.9705 -11.7356 2
    endloop
  endfacet
  facet normal -0 0 1
    outer loop
      vertex 19.7474 -14.6356 2
      vertex 20.9057 -15.2258 2
      vertex 19.779 -14.5694 2
    endloop
  endfacet
  facet normal 0 0 1
    outer loop
      vertex 20.9057 -15.2258 2
      vertex 19.7474 -14.6356 2
      vertex 20.8383 -15.35 2
    endloop
  endfacet
  facet normal 0 0 1
    outer loop
      vertex 21.1963 -13.8587 2
      vertex 19.8981 -13.9267 2
      vertex 19.9 -14 2
    endloop
  endfacet
  facet normal 0 0 1
    outer loop
      vertex 21.1852 -13.7178 2
      vertex 19.8923 -13.8537 2
      vertex 19.8981 -13.9267 2
    endloop
  endfacet
  facet normal 0 0 1
    outer loop
      vertex 21.1668 -13.5776 2
      vertex 19.8828 -13.781 2
      vertex 19.8923 -13.8537 2
    endloop
  endfacet
  facet normal 0 0 1
    outer loop
      vertex 21.141 -13.4386 2
      vertex 19.8694 -13.7089 2
      vertex 19.8828 -13.781 2
    endloop
  endfacet
  facet normal 0 0 1
    outer loop
      vertex 21.108 -13.3012 2
      vertex 19.8523 -13.6377 2
      vertex 19.8694 -13.7089 2
    endloop
  endfacet
  facet normal 0 0 1
    outer loop
      vertex 19.2625 -12.8259 2
      vertex 19.9705 -11.7356 2
      vertex 19.85 -11.6617 2
    endloop
  endfacet
  facet normal 0 0 1
    outer loop
      vertex 21.0679 -13.1657 2
      vertex 19.8315 -13.5674 2
      vertex 19.8523 -13.6377 2
    endloop
  endfacet
  facet normal 0 0 1
    outer loop
      vertex 21.0207 -13.0324 2
      vertex 19.807 -13.4983 2
      vertex 19.8315 -13.5674 2
    endloop
  endfacet
  facet normal 0 0 1
    outer loop
      vertex 20.9666 -12.9018 2
      vertex 19.779 -13.4306 2
      vertex 19.807 -13.4983 2
    endloop
  endfacet
  facet normal 0 0 1
    outer loop
      vertex 20.9057 -12.7742 2
      vertex 19.7474 -13.3644 2
      vertex 19.779 -13.4306 2
    endloop
  endfacet
  facet normal 0 0 1
    outer loop
      vertex 19.2 -12.7876 2
      vertex 19.85 -11.6617 2
      vertex 19.7258 -11.5943 2
    endloop
  endfacet
  facet normal 0 0 1
    outer loop
      vertex 20.8383 -12.65 2
      vertex 19.7124 -13.3 2
      vertex 19.7474 -13.3644 2
    endloop
  endfacet
  facet normal 0 0 1
    outer loop
      vertex 20.7644 -12.5295 2
      vertex 19.6741 -13.2375 2
      vertex 19.7124 -13.3 2
    endloop
  endfacet
  facet normal 0 0 1
    outer loop
      vertex 20.6843 -12.413 2
      vertex 19.6326 -13.1771 2
      vertex 19.6741 -13.2375 2
    endloop
  endfacet
  facet normal 0 0 1
    outer loop
      vertex 19.1356 -12.7526 2
      vertex 19.7258 -11.5943 2
      vertex 19.5982 -11.5334 2
    endloop
  endfacet
  facet normal 0 0 1
    outer loop
      vertex 20.5983 -12.3008 2
      vertex 19.588 -13.119 2
      vertex 19.6326 -13.1771 2
    endloop
  endfacet
  facet normal 0 0 1
    outer loop
      vertex 20.5065 -12.1933 2
      vertex 19.5404 -13.0632 2
      vertex 19.588 -13.119 2
    endloop
  endfacet
  facet normal 0 0 1
    outer loop
      vertex 20.4092 -12.0908 2
      vertex 19.4899 -13.0101 2
      vertex 19.5404 -13.0632 2
    endloop
  endfacet
  facet normal 0 0 1
    outer loop
      vertex 19.0694 -12.721 2
      vertex 19.5982 -11.5334 2
      vertex 19.4676 -11.4793 2
    endloop
  endfacet
  facet normal 0 0 1
    outer loop
      vertex 20.3067 -11.9935 2
      vertex 19.4368 -12.9596 2
      vertex 19.4899 -13.0101 2
    endloop
  endfacet
  facet normal 0 0 1
    outer loop
      vertex 20.1992 -11.9017 2
      vertex 19.381 -12.912 2
      vertex 19.4368 -12.9596 2
    endloop
  endfacet
  facet normal 0 0 1
    outer loop
      vertex 19.0017 -12.693 2
      vertex 19.4676 -11.4793 2
      vertex 19.3343 -11.4321 2
    endloop
  endfacet
  facet normal 0 0 1
    outer loop
      vertex 20.087 -11.8157 2
      vertex 19.3229 -12.8674 2
      vertex 19.381 -12.912 2
    endloop
  endfacet
  facet normal 0 0 1
    outer loop
      vertex 19.9705 -11.7356 2
      vertex 19.2625 -12.8259 2
      vertex 19.3229 -12.8674 2
    endloop
  endfacet
  facet normal 0 0 1
    outer loop
      vertex 19.85 -11.6617 2
      vertex 19.2 -12.7876 2
      vertex 19.2625 -12.8259 2
    endloop
  endfacet
  facet normal 0 0 1
    outer loop
      vertex 18.9326 -12.6685 2
      vertex 19.3343 -11.4321 2
      vertex 19.1988 -11.392 2
    endloop
  endfacet
  facet normal 0 0 1
    outer loop
      vertex 19.7258 -11.5943 2
      vertex 19.1356 -12.7526 2
      vertex 19.2 -12.7876 2
    endloop
  endfacet
  facet normal 0 0 1
    outer loop
      vertex 19.5982 -11.5334 2
      vertex 19.0694 -12.721 2
      vertex 19.1356 -12.7526 2
    endloop
  endfacet
  facet normal 0 0 1
    outer loop
      vertex 18.8623 -12.6477 2
      vertex 19.1988 -11.392 2
      vertex 19.0614 -11.359 2
    endloop
  endfacet
  facet normal 0 0 1
    outer loop
      vertex 19.4676 -11.4793 2
      vertex 19.0017 -12.693 2
      vertex 19.0694 -12.721 2
    endloop
  endfacet
  facet normal 0 0 1
    outer loop
      vertex 19.3343 -11.4321 2
      vertex 18.9326 -12.6685 2
      vertex 19.0017 -12.693 2
    endloop
  endfacet
  facet normal 0 0 1
    outer loop
      vertex 18.7911 -12.6306 2
      vertex 19.0614 -11.359 2
      vertex 18.9224 -11.3332 2
    endloop
  endfacet
  facet normal 0 0 1
    outer loop
      vertex 19.1988 -11.392 2
      vertex 18.8623 -12.6477 2
      vertex 18.9326 -12.6685 2
    endloop
  endfacet
  facet normal 0 0 1
    outer loop
      vertex 19.0614 -11.359 2
      vertex 18.7911 -12.6306 2
      vertex 18.8623 -12.6477 2
    endloop
  endfacet
  facet normal 0 0 1
    outer loop
      vertex 18.719 -12.6172 2
      vertex 18.9224 -11.3332 2
      vertex 18.7822 -11.3148 2
    endloop
  endfacet
  facet normal 0 0 1
    outer loop
      vertex 18.9224 -11.3332 2
      vertex 18.719 -12.6172 2
      vertex 18.7911 -12.6306 2
    endloop
  endfacet
  facet normal 0 0 1
    outer loop
      vertex 18.7822 -11.3148 2
      vertex 18.6463 -12.6077 2
      vertex 18.719 -12.6172 2
    endloop
  endfacet
  facet normal 0 0 1
    outer loop
      vertex 18.6413 -11.3037 2
      vertex 18.6463 -12.6077 2
      vertex 18.7822 -11.3148 2
    endloop
  endfacet
  facet normal 0 0 1
    outer loop
      vertex 18.6413 -11.3037 2
      vertex 18.5733 -12.6019 2
      vertex 18.6463 -12.6077 2
    endloop
  endfacet
  facet normal 0 0 1
    outer loop
      vertex 18.5 -11.3 2
      vertex 18.5733 -12.6019 2
      vertex 18.6413 -11.3037 2
    endloop
  endfacet
  facet normal 0 0 1
    outer loop
      vertex 18.5 -11.3 2
      vertex 18.5 -12.6 2
      vertex 18.5733 -12.6019 2
    endloop
  endfacet
  facet normal 0 0 1
    outer loop
      vertex 18.5 -11.3 2
      vertex 18.4267 -12.6019 2
      vertex 18.5 -12.6 2
    endloop
  endfacet
  facet normal -0 0 1
    outer loop
      vertex 18.3587 -11.3037 2
      vertex 18.4267 -12.6019 2
      vertex 18.5 -11.3 2
    endloop
  endfacet
  facet normal 0 0 1
    outer loop
      vertex 18.3587 -11.3037 2
      vertex 18.3537 -12.6077 2
      vertex 18.4267 -12.6019 2
    endloop
  endfacet
  facet normal -0 0 1
    outer loop
      vertex 18.2178 -11.3148 2
      vertex 18.3537 -12.6077 2
      vertex 18.3587 -11.3037 2
    endloop
  endfacet
  facet normal 0 0 1
    outer loop
      vertex 18.3537 -12.6077 2
      vertex 18.2178 -11.3148 2
      vertex 18.281 -12.6172 2
    endloop
  endfacet
  facet normal -0 0 1
    outer loop
      vertex 18.0776 -11.3332 2
      vertex 18.281 -12.6172 2
      vertex 18.2178 -11.3148 2
    endloop
  endfacet
  facet normal 0 0 1
    outer loop
      vertex 18.281 -12.6172 2
      vertex 18.0776 -11.3332 2
      vertex 18.2089 -12.6306 2
    endloop
  endfacet
  facet normal -0 0 1
    outer loop
      vertex 17.9386 -11.359 2
      vertex 18.2089 -12.6306 2
      vertex 18.0776 -11.3332 2
    endloop
  endfacet
  facet normal 0 0 1
    outer loop
      vertex 18.2089 -12.6306 2
      vertex 17.9386 -11.359 2
      vertex 18.1377 -12.6477 2
    endloop
  endfacet
  facet normal -0 0 1
    outer loop
      vertex 17.8012 -11.392 2
      vertex 18.1377 -12.6477 2
      vertex 17.9386 -11.359 2
    endloop
  endfacet
  facet normal 0 0 1
    outer loop
      vertex 18.1377 -12.6477 2
      vertex 17.8012 -11.392 2
      vertex 18.0674 -12.6685 2
    endloop
  endfacet
  facet normal -0 0 1
    outer loop
      vertex 17.6657 -11.4321 2
      vertex 18.0674 -12.6685 2
      vertex 17.8012 -11.392 2
    endloop
  endfacet
  facet normal 0 0 1
    outer loop
      vertex 18.0674 -12.6685 2
      vertex 17.6657 -11.4321 2
      vertex 17.9983 -12.693 2
    endloop
  endfacet
  facet normal -0 0 1
    outer loop
      vertex 17.5324 -11.4793 2
      vertex 17.9983 -12.693 2
      vertex 17.6657 -11.4321 2
    endloop
  endfacet
  facet normal 0 0 1
    outer loop
      vertex 17.9983 -12.693 2
      vertex 17.5324 -11.4793 2
      vertex 17.9306 -12.721 2
    endloop
  endfacet
  facet normal -0 0 1
    outer loop
      vertex 17.4018 -11.5334 2
      vertex 17.9306 -12.721 2
      vertex 17.5324 -11.4793 2
    endloop
  endfacet
  facet normal 0 0 1
    outer loop
      vertex 17.9306 -12.721 2
      vertex 17.4018 -11.5334 2
      vertex 17.8644 -12.7526 2
    endloop
  endfacet
  facet normal -0 0 1
    outer loop
      vertex 17.2742 -11.5943 2
      vertex 17.8644 -12.7526 2
      vertex 17.4018 -11.5334 2
    endloop
  endfacet
  facet normal 0 0 1
    outer loop
      vertex 17.8644 -12.7526 2
      vertex 17.2742 -11.5943 2
      vertex 17.8 -12.7876 2
    endloop
  endfacet
  facet normal -0 0 1
    outer loop
      vertex 17.15 -11.6617 2
      vertex 17.8 -12.7876 2
      vertex 17.2742 -11.5943 2
    endloop
  endfacet
  facet normal 0 0 1
    outer loop
      vertex 17.8 -12.7876 2
      vertex 17.15 -11.6617 2
      vertex 17.7375 -12.8259 2
    endloop
  endfacet
  facet normal -0 0 1
    outer loop
      vertex 17.0295 -11.7356 2
      vertex 17.7375 -12.8259 2
      vertex 17.15 -11.6617 2
    endloop
  endfacet
  facet normal 0 0 1
    outer loop
      vertex 17.7375 -12.8259 2
      vertex 17.0295 -11.7356 2
      vertex 17.6771 -12.8674 2
    endloop
  endfacet
  facet normal -0 0 1
    outer loop
      vertex 16.913 -11.8157 2
      vertex 17.6771 -12.8674 2
      vertex 17.0295 -11.7356 2
    endloop
  endfacet
  facet normal 0 0 1
    outer loop
      vertex 17.6771 -12.8674 2
      vertex 16.913 -11.8157 2
      vertex 17.619 -12.912 2
    endloop
  endfacet
  facet normal -0 0 1
    outer loop
      vertex 16.8008 -11.9017 2
      vertex 17.619 -12.912 2
      vertex 16.913 -11.8157 2
    endloop
  endfacet
  facet normal 0 0 1
    outer loop
      vertex 17.619 -12.912 2
      vertex 16.8008 -11.9017 2
      vertex 17.5632 -12.9596 2
    endloop
  endfacet
  facet normal -0 0 1
    outer loop
      vertex 16.6933 -11.9935 2
      vertex 17.5632 -12.9596 2
      vertex 16.8008 -11.9017 2
    endloop
  endfacet
  facet normal 0 0 1
    outer loop
      vertex 17.5632 -12.9596 2
      vertex 16.6933 -11.9935 2
      vertex 17.5101 -13.0101 2
    endloop
  endfacet
  facet normal -0 0 1
    outer loop
      vertex 16.5908 -12.0908 2
      vertex 17.5101 -13.0101 2
      vertex 16.6933 -11.9935 2
    endloop
  endfacet
  facet normal 0 0 1
    outer loop
      vertex 17.5101 -13.0101 2
      vertex 16.5908 -12.0908 2
      vertex 17.4596 -13.0632 2
    endloop
  endfacet
  facet normal -0 0 1
    outer loop
      vertex 16.4935 -12.1933 2
      vertex 17.4596 -13.0632 2
      vertex 16.5908 -12.0908 2
    endloop
  endfacet
  facet normal 0 0 1
    outer loop
      vertex 17.4596 -13.0632 2
      vertex 16.4935 -12.1933 2
      vertex 17.412 -13.119 2
    endloop
  endfacet
  facet normal -0 0 1
    outer loop
      vertex 16.4017 -12.3008 2
      vertex 17.412 -13.119 2
      vertex 16.4935 -12.1933 2
    endloop
  endfacet
  facet normal 0 0 1
    outer loop
      vertex 17.412 -13.119 2
      vertex 16.4017 -12.3008 2
      vertex 17.3674 -13.1771 2
    endloop
  endfacet
  facet normal -0 0 1
    outer loop
      vertex 16.3157 -12.413 2
      vertex 17.3674 -13.1771 2
      vertex 16.4017 -12.3008 2
    endloop
  endfacet
  facet normal 0 0 1
    outer loop
      vertex 17.3674 -13.1771 2
      vertex 16.3157 -12.413 2
      vertex 17.3259 -13.2375 2
    endloop
  endfacet
  facet normal -0 0 1
    outer loop
      vertex 16.2356 -12.5295 2
      vertex 17.3259 -13.2375 2
      vertex 16.3157 -12.413 2
    endloop
  endfacet
  facet normal 0 0 1
    outer loop
      vertex 17.3259 -13.2375 2
      vertex 16.2356 -12.5295 2
      vertex 17.2876 -13.3 2
    endloop
  endfacet
  facet normal -0 0 1
    outer loop
      vertex 16.1617 -12.65 2
      vertex 17.2876 -13.3 2
      vertex 16.2356 -12.5295 2
    endloop
  endfacet
  facet normal 0 0 1
    outer loop
      vertex 17.2876 -13.3 2
      vertex 16.1617 -12.65 2
      vertex 17.2526 -13.3644 2
    endloop
  endfacet
  facet normal -0 0 1
    outer loop
      vertex 19.7124 -14.7 2
      vertex 20.8383 -15.35 2
      vertex 19.7474 -14.6356 2
    endloop
  endfacet
  facet normal 0 0 1
    outer loop
      vertex 20.8383 -15.35 2
      vertex 19.7124 -14.7 2
      vertex 20.7644 -15.4705 2
    endloop
  endfacet
  facet normal -0 0 1
    outer loop
      vertex 19.6741 -14.7625 2
      vertex 20.7644 -15.4705 2
      vertex 19.7124 -14.7 2
    endloop
  endfacet
  facet normal 0 0 1
    outer loop
      vertex 20.7644 -15.4705 2
      vertex 19.6741 -14.7625 2
      vertex 20.6843 -15.587 2
    endloop
  endfacet
  facet normal -0 0 1
    outer loop
      vertex 19.6326 -14.8229 2
      vertex 20.6843 -15.587 2
      vertex 19.6741 -14.7625 2
    endloop
  endfacet
  facet normal 0 0 1
    outer loop
      vertex 20.6843 -15.587 2
      vertex 19.6326 -14.8229 2
      vertex 20.5983 -15.6992 2
    endloop
  endfacet
  facet normal -0 0 1
    outer loop
      vertex 19.588 -14.881 2
      vertex 20.5983 -15.6992 2
      vertex 19.6326 -14.8229 2
    endloop
  endfacet
  facet normal 0 0 1
    outer loop
      vertex 20.5983 -15.6992 2
      vertex 19.588 -14.881 2
      vertex 20.5065 -15.8067 2
    endloop
  endfacet
  facet normal -0 0 1
    outer loop
      vertex 19.5404 -14.9368 2
      vertex 20.5065 -15.8067 2
      vertex 19.588 -14.881 2
    endloop
  endfacet
  facet normal 0 0 1
    outer loop
      vertex 20.5065 -15.8067 2
      vertex 19.5404 -14.9368 2
      vertex 20.4092 -15.9092 2
    endloop
  endfacet
  facet normal -0 0 1
    outer loop
      vertex 19.4899 -14.9899 2
      vertex 20.4092 -15.9092 2
      vertex 19.5404 -14.9368 2
    endloop
  endfacet
  facet normal 0 0 1
    outer loop
      vertex 20.4092 -15.9092 2
      vertex 19.4899 -14.9899 2
      vertex 20.3067 -16.0065 2
    endloop
  endfacet
  facet normal -0 0 1
    outer loop
      vertex 19.4368 -15.0404 2
      vertex 20.3067 -16.0065 2
      vertex 19.4899 -14.9899 2
    endloop
  endfacet
  facet normal 0 0 1
    outer loop
      vertex 20.3067 -16.0065 2
      vertex 19.4368 -15.0404 2
      vertex 20.1992 -16.0983 2
    endloop
  endfacet
  facet normal -0 0 1
    outer loop
      vertex 19.381 -15.088 2
      vertex 20.1992 -16.0983 2
      vertex 19.4368 -15.0404 2
    endloop
  endfacet
  facet normal 0 0 1
    outer loop
      vertex 20.1992 -16.0983 2
      vertex 19.381 -15.088 2
      vertex 20.087 -16.1843 2
    endloop
  endfacet
  facet normal -0 0 1
    outer loop
      vertex 19.3229 -15.1326 2
      vertex 20.087 -16.1843 2
      vertex 19.381 -15.088 2
    endloop
  endfacet
  facet normal 0 0 1
    outer loop
      vertex 20.087 -16.1843 2
      vertex 19.3229 -15.1326 2
      vertex 19.9705 -16.2644 2
    endloop
  endfacet
  facet normal -0 0 1
    outer loop
      vertex 19.2625 -15.1741 2
      vertex 19.9705 -16.2644 2
      vertex 19.3229 -15.1326 2
    endloop
  endfacet
  facet normal 0 0 1
    outer loop
      vertex 19.9705 -16.2644 2
      vertex 19.2625 -15.1741 2
      vertex 19.85 -16.3383 2
    endloop
  endfacet
  facet normal -0 0 1
    outer loop
      vertex 19.2 -15.2124 2
      vertex 19.85 -16.3383 2
      vertex 19.2625 -15.1741 2
    endloop
  endfacet
  facet normal 0 0 1
    outer loop
      vertex 19.85 -16.3383 2
      vertex 19.2 -15.2124 2
      vertex 19.7258 -16.4057 2
    endloop
  endfacet
  facet normal -0 0 1
    outer loop
      vertex 19.1356 -15.2474 2
      vertex 19.7258 -16.4057 2
      vertex 19.2 -15.2124 2
    endloop
  endfacet
  facet normal 0 0 1
    outer loop
      vertex 19.7258 -16.4057 2
      vertex 19.1356 -15.2474 2
      vertex 19.5982 -16.4666 2
    endloop
  endfacet
  facet normal -0 0 1
    outer loop
      vertex 19.0694 -15.279 2
      vertex 19.5982 -16.4666 2
      vertex 19.1356 -15.2474 2
    endloop
  endfacet
  facet normal 0 0 1
    outer loop
      vertex 19.5982 -16.4666 2
      vertex 19.0694 -15.279 2
      vertex 19.4676 -16.5207 2
    endloop
  endfacet
  facet normal -0 0 1
    outer loop
      vertex 19.0017 -15.307 2
      vertex 19.4676 -16.5207 2
      vertex 19.0694 -15.279 2
    endloop
  endfacet
  facet normal 0 0 1
    outer loop
      vertex 19.4676 -16.5207 2
      vertex 19.0017 -15.307 2
      vertex 19.3343 -16.5679 2
    endloop
  endfacet
  facet normal -0 0 1
    outer loop
      vertex 18.9326 -15.3315 2
      vertex 19.3343 -16.5679 2
      vertex 19.0017 -15.307 2
    endloop
  endfacet
  facet normal 0 0 1
    outer loop
      vertex 19.3343 -16.5679 2
      vertex 18.9326 -15.3315 2
      vertex 19.1988 -16.608 2
    endloop
  endfacet
  facet normal -0 0 1
    outer loop
      vertex 18.8623 -15.3523 2
      vertex 19.1988 -16.608 2
      vertex 18.9326 -15.3315 2
    endloop
  endfacet
  facet normal 0 0 1
    outer loop
      vertex 19.1988 -16.608 2
      vertex 18.8623 -15.3523 2
      vertex 19.0614 -16.641 2
    endloop
  endfacet
  facet normal -0 0 1
    outer loop
      vertex 18.7911 -15.3694 2
      vertex 19.0614 -16.641 2
      vertex 18.8623 -15.3523 2
    endloop
  endfacet
  facet normal 0 0 1
    outer loop
      vertex 19.0614 -16.641 2
      vertex 18.7911 -15.3694 2
      vertex 18.9224 -16.6668 2
    endloop
  endfacet
  facet normal -0 0 1
    outer loop
      vertex 18.719 -15.3828 2
      vertex 18.9224 -16.6668 2
      vertex 18.7911 -15.3694 2
    endloop
  endfacet
  facet normal 0 0 1
    outer loop
      vertex 18.9224 -16.6668 2
      vertex 18.719 -15.3828 2
      vertex 18.7822 -16.6852 2
    endloop
  endfacet
  facet normal -0 0 1
    outer loop
      vertex 18.6463 -15.3923 2
      vertex 18.7822 -16.6852 2
      vertex 18.719 -15.3828 2
    endloop
  endfacet
  facet normal 0 0 1
    outer loop
      vertex 18.6463 -15.3923 2
      vertex 18.6413 -16.6963 2
      vertex 18.7822 -16.6852 2
    endloop
  endfacet
  facet normal -0 0 1
    outer loop
      vertex 18.5733 -15.3981 2
      vertex 18.6413 -16.6963 2
      vertex 18.6463 -15.3923 2
    endloop
  endfacet
  facet normal -0 0 1
    outer loop
      vertex 18.5 -15.4 2
      vertex 18.6413 -16.6963 2
      vertex 18.5733 -15.3981 2
    endloop
  endfacet
  facet normal 0 0 1
    outer loop
      vertex 18.5 -15.4 2
      vertex 18.5 -16.7 2
      vertex 18.6413 -16.6963 2
    endloop
  endfacet
  facet normal 0 0 1
    outer loop
      vertex 18.4267 -15.3981 2
      vertex 18.5 -16.7 2
      vertex 18.5 -15.4 2
    endloop
  endfacet
  facet normal 0 0 1
    outer loop
      vertex 18.4267 -15.3981 2
      vertex 18.3587 -16.6963 2
      vertex 18.5 -16.7 2
    endloop
  endfacet
  facet normal 0 0 1
    outer loop
      vertex 18.3537 -15.3923 2
      vertex 18.3587 -16.6963 2
      vertex 18.4267 -15.3981 2
    endloop
  endfacet
  facet normal 0 0 1
    outer loop
      vertex 18.2178 -16.6852 2
      vertex 18.3537 -15.3923 2
      vertex 18.281 -15.3828 2
    endloop
  endfacet
  facet normal 0 0 1
    outer loop
      vertex 18.3537 -15.3923 2
      vertex 18.2178 -16.6852 2
      vertex 18.3587 -16.6963 2
    endloop
  endfacet
  facet normal 0 0 1
    outer loop
      vertex 18.0776 -16.6668 2
      vertex 18.281 -15.3828 2
      vertex 18.2089 -15.3694 2
    endloop
  endfacet
  facet normal 0 0 1
    outer loop
      vertex 17.9386 -16.641 2
      vertex 18.2089 -15.3694 2
      vertex 18.1377 -15.3523 2
    endloop
  endfacet
  facet normal 0 0 1
    outer loop
      vertex 18.281 -15.3828 2
      vertex 18.0776 -16.6668 2
      vertex 18.2178 -16.6852 2
    endloop
  endfacet
  facet normal 0 0 1
    outer loop
      vertex 17.8012 -16.608 2
      vertex 18.1377 -15.3523 2
      vertex 18.0674 -15.3315 2
    endloop
  endfacet
  facet normal 0 0 1
    outer loop
      vertex 17.6657 -16.5679 2
      vertex 18.0674 -15.3315 2
      vertex 17.9983 -15.307 2
    endloop
  endfacet
  facet normal 0 0 1
    outer loop
      vertex 18.2089 -15.3694 2
      vertex 17.9386 -16.641 2
      vertex 18.0776 -16.6668 2
    endloop
  endfacet
  facet normal 0 0 1
    outer loop
      vertex 17.5324 -16.5207 2
      vertex 17.9983 -15.307 2
      vertex 17.9306 -15.279 2
    endloop
  endfacet
  facet normal 0 0 1
    outer loop
      vertex 17.4018 -16.4666 2
      vertex 17.9306 -15.279 2
      vertex 17.8644 -15.2474 2
    endloop
  endfacet
  facet normal 0 0 1
    outer loop
      vertex 18.1377 -15.3523 2
      vertex 17.8012 -16.608 2
      vertex 17.9386 -16.641 2
    endloop
  endfacet
  facet normal 0 0 1
    outer loop
      vertex 17.2742 -16.4057 2
      vertex 17.8644 -15.2474 2
      vertex 17.8 -15.2124 2
    endloop
  endfacet
  facet normal 0 0 1
    outer loop
      vertex 17.15 -16.3383 2
      vertex 17.8 -15.2124 2
      vertex 17.7375 -15.1741 2
    endloop
  endfacet
  facet normal 0 0 1
    outer loop
      vertex 17.0295 -16.2644 2
      vertex 17.7375 -15.1741 2
      vertex 17.6771 -15.1326 2
    endloop
  endfacet
  facet normal 0 0 1
    outer loop
      vertex 18.0674 -15.3315 2
      vertex 17.6657 -16.5679 2
      vertex 17.8012 -16.608 2
    endloop
  endfacet
  facet normal 0 0 1
    outer loop
      vertex 16.913 -16.1843 2
      vertex 17.6771 -15.1326 2
      vertex 17.619 -15.088 2
    endloop
  endfacet
  facet normal 0 0 1
    outer loop
      vertex 16.8008 -16.0983 2
      vertex 17.619 -15.088 2
      vertex 17.5632 -15.0404 2
    endloop
  endfacet
  facet normal 0 0 1
    outer loop
      vertex 17.9983 -15.307 2
      vertex 17.5324 -16.5207 2
      vertex 17.6657 -16.5679 2
    endloop
  endfacet
  facet normal 0 0 1
    outer loop
      vertex 16.6933 -16.0065 2
      vertex 17.5632 -15.0404 2
      vertex 17.5101 -14.9899 2
    endloop
  endfacet
  facet normal 0 0 1
    outer loop
      vertex 16.5908 -15.9092 2
      vertex 17.5101 -14.9899 2
      vertex 17.4596 -14.9368 2
    endloop
  endfacet
  facet normal 0 0 1
    outer loop
      vertex 16.4935 -15.8067 2
      vertex 17.4596 -14.9368 2
      vertex 17.412 -14.881 2
    endloop
  endfacet
  facet normal 0 0 1
    outer loop
      vertex 17.9306 -15.279 2
      vertex 17.4018 -16.4666 2
      vertex 17.5324 -16.5207 2
    endloop
  endfacet
  facet normal 0 0 1
    outer loop
      vertex 16.4017 -15.6992 2
      vertex 17.412 -14.881 2
      vertex 17.3674 -14.8229 2
    endloop
  endfacet
  facet normal 0 0 1
    outer loop
      vertex 16.3157 -15.587 2
      vertex 17.3674 -14.8229 2
      vertex 17.3259 -14.7625 2
    endloop
  endfacet
  facet normal 0 0 1
    outer loop
      vertex 16.2356 -15.4705 2
      vertex 17.3259 -14.7625 2
      vertex 17.2876 -14.7 2
    endloop
  endfacet
  facet normal 0 0 1
    outer loop
      vertex 17.8644 -15.2474 2
      vertex 17.2742 -16.4057 2
      vertex 17.4018 -16.4666 2
    endloop
  endfacet
  facet normal 0 0 1
    outer loop
      vertex 16.1617 -15.35 2
      vertex 17.2876 -14.7 2
      vertex 17.2526 -14.6356 2
    endloop
  endfacet
  facet normal 0 0 1
    outer loop
      vertex 16.0943 -15.2258 2
      vertex 17.2526 -14.6356 2
      vertex 17.221 -14.5694 2
    endloop
  endfacet
  facet normal 0 0 1
    outer loop
      vertex 16.0334 -15.0982 2
      vertex 17.221 -14.5694 2
      vertex 17.193 -14.5017 2
    endloop
  endfacet
  facet normal 0 0 1
    outer loop
      vertex 15.9793 -14.9676 2
      vertex 17.193 -14.5017 2
      vertex 17.1685 -14.4326 2
    endloop
  endfacet
  facet normal 0 0 1
    outer loop
      vertex 17.8 -15.2124 2
      vertex 17.15 -16.3383 2
      vertex 17.2742 -16.4057 2
    endloop
  endfacet
  facet normal 0 0 1
    outer loop
      vertex 15.9321 -14.8343 2
      vertex 17.1685 -14.4326 2
      vertex 17.1477 -14.3623 2
    endloop
  endfacet
  facet normal 0 0 1
    outer loop
      vertex 15.892 -14.6988 2
      vertex 17.1477 -14.3623 2
      vertex 17.1306 -14.2911 2
    endloop
  endfacet
  facet normal 0 0 1
    outer loop
      vertex 15.859 -14.5614 2
      vertex 17.1306 -14.2911 2
      vertex 17.1172 -14.219 2
    endloop
  endfacet
  facet normal 0 0 1
    outer loop
      vertex 15.8332 -14.4224 2
      vertex 17.1172 -14.219 2
      vertex 17.1077 -14.1463 2
    endloop
  endfacet
  facet normal 0 0 1
    outer loop
      vertex 15.8148 -14.2822 2
      vertex 17.1077 -14.1463 2
      vertex 17.1019 -14.0733 2
    endloop
  endfacet
  facet normal 0 0 1
    outer loop
      vertex 15.8037 -14.1413 2
      vertex 17.1019 -14.0733 2
      vertex 17.1 -14 2
    endloop
  endfacet
  facet normal -0 0 1
    outer loop
      vertex 16.0943 -12.7742 2
      vertex 17.2526 -13.3644 2
      vertex 16.1617 -12.65 2
    endloop
  endfacet
  facet normal 0 0 1
    outer loop
      vertex 17.7375 -15.1741 2
      vertex 17.0295 -16.2644 2
      vertex 17.15 -16.3383 2
    endloop
  endfacet
  facet normal 0 0 1
    outer loop
      vertex 17.2526 -13.3644 2
      vertex 16.0943 -12.7742 2
      vertex 17.221 -13.4306 2
    endloop
  endfacet
  facet normal 0 0 1
    outer loop
      vertex 17.6771 -15.1326 2
      vertex 16.913 -16.1843 2
      vertex 17.0295 -16.2644 2
    endloop
  endfacet
  facet normal -0 0 1
    outer loop
      vertex 16.0334 -12.9018 2
      vertex 17.221 -13.4306 2
      vertex 16.0943 -12.7742 2
    endloop
  endfacet
  facet normal 0 0 1
    outer loop
      vertex 17.619 -15.088 2
      vertex 16.8008 -16.0983 2
      vertex 16.913 -16.1843 2
    endloop
  endfacet
  facet normal 0 0 1
    outer loop
      vertex 17.221 -13.4306 2
      vertex 16.0334 -12.9018 2
      vertex 17.193 -13.4983 2
    endloop
  endfacet
  facet normal 0 0 1
    outer loop
      vertex 17.5632 -15.0404 2
      vertex 16.6933 -16.0065 2
      vertex 16.8008 -16.0983 2
    endloop
  endfacet
  facet normal -0 0 1
    outer loop
      vertex 15.9793 -13.0324 2
      vertex 17.193 -13.4983 2
      vertex 16.0334 -12.9018 2
    endloop
  endfacet
  facet normal 0 0 1
    outer loop
      vertex 17.5101 -14.9899 2
      vertex 16.5908 -15.9092 2
      vertex 16.6933 -16.0065 2
    endloop
  endfacet
  facet normal 0 0 1
    outer loop
      vertex 17.193 -13.4983 2
      vertex 15.9793 -13.0324 2
      vertex 17.1685 -13.5674 2
    endloop
  endfacet
  facet normal 0 0 1
    outer loop
      vertex 17.4596 -14.9368 2
      vertex 16.4935 -15.8067 2
      vertex 16.5908 -15.9092 2
    endloop
  endfacet
  facet normal -0 0 1
    outer loop
      vertex 15.9321 -13.1657 2
      vertex 17.1685 -13.5674 2
      vertex 15.9793 -13.0324 2
    endloop
  endfacet
  facet normal 0 0 1
    outer loop
      vertex 17.412 -14.881 2
      vertex 16.4017 -15.6992 2
      vertex 16.4935 -15.8067 2
    endloop
  endfacet
  facet normal 0 0 1
    outer loop
      vertex 17.1685 -13.5674 2
      vertex 15.9321 -13.1657 2
      vertex 17.1477 -13.6377 2
    endloop
  endfacet
  facet normal 0 0 1
    outer loop
      vertex 17.3674 -14.8229 2
      vertex 16.3157 -15.587 2
      vertex 16.4017 -15.6992 2
    endloop
  endfacet
  facet normal -0 0 1
    outer loop
      vertex 15.892 -13.3012 2
      vertex 17.1477 -13.6377 2
      vertex 15.9321 -13.1657 2
    endloop
  endfacet
  facet normal 0 0 1
    outer loop
      vertex 17.3259 -14.7625 2
      vertex 16.2356 -15.4705 2
      vertex 16.3157 -15.587 2
    endloop
  endfacet
  facet normal 0 0 1
    outer loop
      vertex 17.1477 -13.6377 2
      vertex 15.892 -13.3012 2
      vertex 17.1306 -13.7089 2
    endloop
  endfacet
  facet normal 0 0 1
    outer loop
      vertex 17.2876 -14.7 2
      vertex 16.1617 -15.35 2
      vertex 16.2356 -15.4705 2
    endloop
  endfacet
  facet normal -0 0 1
    outer loop
      vertex 15.859 -13.4386 2
      vertex 17.1306 -13.7089 2
      vertex 15.892 -13.3012 2
    endloop
  endfacet
  facet normal 0 0 1
    outer loop
      vertex 17.2526 -14.6356 2
      vertex 16.0943 -15.2258 2
      vertex 16.1617 -15.35 2
    endloop
  endfacet
  facet normal 0 0 1
    outer loop
      vertex 17.1306 -13.7089 2
      vertex 15.859 -13.4386 2
      vertex 17.1172 -13.781 2
    endloop
  endfacet
  facet normal 0 0 1
    outer loop
      vertex 17.221 -14.5694 2
      vertex 16.0334 -15.0982 2
      vertex 16.0943 -15.2258 2
    endloop
  endfacet
  facet normal -0 0 1
    outer loop
      vertex 15.8332 -13.5776 2
      vertex 17.1172 -13.781 2
      vertex 15.859 -13.4386 2
    endloop
  endfacet
  facet normal 0 0 1
    outer loop
      vertex 17.193 -14.5017 2
      vertex 15.9793 -14.9676 2
      vertex 16.0334 -15.0982 2
    endloop
  endfacet
  facet normal 0 0 1
    outer loop
      vertex 17.1172 -13.781 2
      vertex 15.8332 -13.5776 2
      vertex 17.1077 -13.8537 2
    endloop
  endfacet
  facet normal 0 0 1
    outer loop
      vertex 17.1685 -14.4326 2
      vertex 15.9321 -14.8343 2
      vertex 15.9793 -14.9676 2
    endloop
  endfacet
  facet normal -0 0 1
    outer loop
      vertex 15.8148 -13.7178 2
      vertex 17.1077 -13.8537 2
      vertex 15.8332 -13.5776 2
    endloop
  endfacet
  facet normal 0 0 1
    outer loop
      vertex 17.1477 -14.3623 2
      vertex 15.892 -14.6988 2
      vertex 15.9321 -14.8343 2
    endloop
  endfacet
  facet normal 0 0 1
    outer loop
      vertex 17.1077 -13.8537 2
      vertex 15.8148 -13.7178 2
      vertex 17.1019 -13.9267 2
    endloop
  endfacet
  facet normal 0 0 1
    outer loop
      vertex 17.1306 -14.2911 2
      vertex 15.859 -14.5614 2
      vertex 15.892 -14.6988 2
    endloop
  endfacet
  facet normal -0 0 1
    outer loop
      vertex 15.8037 -13.8587 2
      vertex 17.1019 -13.9267 2
      vertex 15.8148 -13.7178 2
    endloop
  endfacet
  facet normal 0 0 1
    outer loop
      vertex 17.1172 -14.219 2
      vertex 15.8332 -14.4224 2
      vertex 15.859 -14.5614 2
    endloop
  endfacet
  facet normal 0 0 1
    outer loop
      vertex 17.1019 -13.9267 2
      vertex 15.8037 -13.8587 2
      vertex 17.1 -14 2
    endloop
  endfacet
  facet normal 0 0 1
    outer loop
      vertex 17.1077 -14.1463 2
      vertex 15.8148 -14.2822 2
      vertex 15.8332 -14.4224 2
    endloop
  endfacet
  facet normal 0 0 1
    outer loop
      vertex 15.8 -14 2
      vertex 17.1 -14 2
      vertex 15.8037 -13.8587 2
    endloop
  endfacet
  facet normal 0 0 1
    outer loop
      vertex 17.1019 -14.0733 2
      vertex 15.8037 -14.1413 2
      vertex 15.8148 -14.2822 2
    endloop
  endfacet
  facet normal 0 0 1
    outer loop
      vertex 17.1 -14 2
      vertex 15.8 -14 2
      vertex 15.8037 -14.1413 2
    endloop
  endfacet
  facet normal 0.878921 0.476967 0
    outer loop
      vertex 16.1617 -15.35 4
      vertex 16.0943 -15.2258 2
      vertex 16.0943 -15.2258 4
    endloop
  endfacet
  facet normal 0.878921 0.476967 0
    outer loop
      vertex 16.0943 -15.2258 2
      vertex 16.1617 -15.35 4
      vertex 16.1617 -15.35 2
    endloop
  endfacet
  facet normal 0.92387 0.382706 0
    outer loop
      vertex 16.0334 -15.0982 4
      vertex 15.9793 -14.9676 2
      vertex 15.9793 -14.9676 4
    endloop
  endfacet
  facet normal 0.92387 0.382706 0
    outer loop
      vertex 15.9793 -14.9676 2
      vertex 16.0334 -15.0982 4
      vertex 16.0334 -15.0982 2
    endloop
  endfacet
  facet normal 0.760454 0.649392 0
    outer loop
      vertex 16.4935 -15.8067 4
      vertex 16.4017 -15.6992 2
      vertex 16.4017 -15.6992 4
    endloop
  endfacet
  facet normal 0.760454 0.649392 0
    outer loop
      vertex 16.4017 -15.6992 2
      vertex 16.4935 -15.8067 4
      vertex 16.4935 -15.8067 2
    endloop
  endfacet
  facet normal 0.130125 -0.991498 0
    outer loop
      vertex 18.0776 -11.3332 2
      vertex 18.2178 -11.3148 4
      vertex 18.0776 -11.3332 4
    endloop
  endfacet
  facet normal 0.130125 -0.991498 0
    outer loop
      vertex 18.2178 -11.3148 4
      vertex 18.0776 -11.3332 2
      vertex 18.2178 -11.3148 2
    endloop
  endfacet
  facet normal -0.996911 0.0785359 0
    outer loop
      vertex 21.1852 -14.2822 2
      vertex 21.1963 -14.1413 4
      vertex 21.1963 -14.1413 2
    endloop
  endfacet
  facet normal -0.996911 0.0785359 0
    outer loop
      vertex 21.1963 -14.1413 4
      vertex 21.1852 -14.2822 2
      vertex 21.1852 -14.2822 4
    endloop
  endfacet
  facet normal -0.991498 0.130125 0
    outer loop
      vertex 21.1668 -14.4224 2
      vertex 21.1852 -14.2822 4
      vertex 21.1852 -14.2822 2
    endloop
  endfacet
  facet normal -0.991498 0.130125 0
    outer loop
      vertex 21.1852 -14.2822 4
      vertex 21.1668 -14.4224 2
      vertex 21.1668 -14.4224 4
    endloop
  endfacet
  facet normal -0.999657 0.0261764 0
    outer loop
      vertex 21.1963 -14.1413 2
      vertex 21.2 -14 4
      vertex 21.2 -14 2
    endloop
  endfacet
  facet normal -0.999657 0.0261764 0
    outer loop
      vertex 21.2 -14 4
      vertex 21.1963 -14.1413 2
      vertex 21.1963 -14.1413 4
    endloop
  endfacet
  facet normal -0.958891 0.283775 0
    outer loop
      vertex 21.0679 -14.8343 2
      vertex 21.108 -14.6988 4
      vertex 21.108 -14.6988 2
    endloop
  endfacet
  facet normal -0.958891 0.283775 0
    outer loop
      vertex 21.108 -14.6988 4
      vertex 21.0679 -14.8343 2
      vertex 21.0679 -14.8343 4
    endloop
  endfacet
  facet normal -0.983207 0.182495 0
    outer loop
      vertex 21.141 -14.5614 2
      vertex 21.1668 -14.4224 4
      vertex 21.1668 -14.4224 2
    endloop
  endfacet
  facet normal -0.983207 0.182495 0
    outer loop
      vertex 21.1668 -14.4224 4
      vertex 21.141 -14.5614 2
      vertex 21.141 -14.5614 4
    endloop
  endfacet
  facet normal -0.182495 0.983207 0
    outer loop
      vertex 19.0614 -16.641 2
      vertex 18.9224 -16.6668 4
      vertex 19.0614 -16.641 4
    endloop
  endfacet
  facet normal -0.182495 0.983207 0
    outer loop
      vertex 18.9224 -16.6668 4
      vertex 19.0614 -16.641 2
      vertex 18.9224 -16.6668 2
    endloop
  endfacet
  facet normal -0.68847 0.725264 0
    outer loop
      vertex 20.4092 -15.9092 2
      vertex 20.3067 -16.0065 4
      vertex 20.4092 -15.9092 4
    endloop
  endfacet
  facet normal -0.68847 0.725264 0
    outer loop
      vertex 20.3067 -16.0065 4
      vertex 20.4092 -15.9092 2
      vertex 20.3067 -16.0065 2
    endloop
  endfacet
  facet normal -0.522794 0.852459 0
    outer loop
      vertex 19.9705 -16.2644 2
      vertex 19.85 -16.3383 4
      vertex 19.9705 -16.2644 4
    endloop
  endfacet
  facet normal -0.522794 0.852459 0
    outer loop
      vertex 19.85 -16.3383 4
      vertex 19.9705 -16.2644 2
      vertex 19.85 -16.3383 2
    endloop
  endfacet
  facet normal -0.43073 0.902481 0
    outer loop
      vertex 19.7258 -16.4057 2
      vertex 19.5982 -16.4666 4
      vertex 19.7258 -16.4057 4
    endloop
  endfacet
  facet normal -0.43073 0.902481 0
    outer loop
      vertex 19.5982 -16.4666 4
      vertex 19.7258 -16.4057 2
      vertex 19.5982 -16.4666 2
    endloop
  endfacet
  facet normal -0.878921 0.476967 0
    outer loop
      vertex 20.8383 -15.35 2
      vertex 20.9057 -15.2258 4
      vertex 20.9057 -15.2258 2
    endloop
  endfacet
  facet normal -0.878921 0.476967 0
    outer loop
      vertex 20.9057 -15.2258 4
      vertex 20.8383 -15.35 2
      vertex 20.8383 -15.35 4
    endloop
  endfacet
  facet normal -0.92387 0.382706 0
    outer loop
      vertex 20.9666 -15.0982 2
      vertex 21.0207 -14.9676 4
      vertex 21.0207 -14.9676 2
    endloop
  endfacet
  facet normal -0.92387 0.382706 0
    outer loop
      vertex 21.0207 -14.9676 4
      vertex 20.9666 -15.0982 2
      vertex 20.9666 -15.0982 4
    endloop
  endfacet
  facet normal -0.760454 0.649392 0
    outer loop
      vertex 20.5065 -15.8067 2
      vertex 20.5983 -15.6992 4
      vertex 20.5983 -15.6992 2
    endloop
  endfacet
  facet normal -0.760454 0.649392 0
    outer loop
      vertex 20.5983 -15.6992 4
      vertex 20.5065 -15.8067 2
      vertex 20.5065 -15.8067 4
    endloop
  endfacet
  facet normal -0.824021 0.566559 0
    outer loop
      vertex 20.6843 -15.587 2
      vertex 20.7644 -15.4705 4
      vertex 20.7644 -15.4705 2
    endloop
  endfacet
  facet normal -0.824021 0.566559 0
    outer loop
      vertex 20.7644 -15.4705 4
      vertex 20.6843 -15.587 2
      vertex 20.6843 -15.587 4
    endloop
  endfacet
  facet normal 0.130125 0.991498 -0
    outer loop
      vertex 18.2178 -16.6852 2
      vertex 18.0776 -16.6668 4
      vertex 18.2178 -16.6852 4
    endloop
  endfacet
  facet normal 0.130125 0.991498 0
    outer loop
      vertex 18.0776 -16.6668 4
      vertex 18.2178 -16.6852 2
      vertex 18.0776 -16.6668 2
    endloop
  endfacet
  facet normal 0.0261764 0.999657 -0
    outer loop
      vertex 18.5 -16.7 2
      vertex 18.3587 -16.6963 4
      vertex 18.5 -16.7 4
    endloop
  endfacet
  facet normal 0.0261764 0.999657 0
    outer loop
      vertex 18.3587 -16.6963 4
      vertex 18.5 -16.7 2
      vertex 18.3587 -16.6963 2
    endloop
  endfacet
  facet normal 0.233534 0.972349 -0
    outer loop
      vertex 17.9386 -16.641 2
      vertex 17.8012 -16.608 4
      vertex 17.9386 -16.641 4
    endloop
  endfacet
  facet normal 0.233534 0.972349 0
    outer loop
      vertex 17.8012 -16.608 4
      vertex 17.9386 -16.641 2
      vertex 17.8012 -16.608 2
    endloop
  endfacet
  facet normal 0.476967 0.878921 -0
    outer loop
      vertex 17.2742 -16.4057 2
      vertex 17.15 -16.3383 4
      vertex 17.2742 -16.4057 4
    endloop
  endfacet
  facet normal 0.476967 0.878921 0
    outer loop
      vertex 17.15 -16.3383 4
      vertex 17.2742 -16.4057 2
      vertex 17.15 -16.3383 2
    endloop
  endfacet
  facet normal 0.382706 0.92387 -0
    outer loop
      vertex 17.5324 -16.5207 2
      vertex 17.4018 -16.4666 4
      vertex 17.5324 -16.5207 4
    endloop
  endfacet
  facet normal 0.382706 0.92387 0
    outer loop
      vertex 17.4018 -16.4666 4
      vertex 17.5324 -16.5207 2
      vertex 17.4018 -16.4666 2
    endloop
  endfacet
  facet normal 0.649392 0.760454 -0
    outer loop
      vertex 16.8008 -16.0983 2
      vertex 16.6933 -16.0065 4
      vertex 16.8008 -16.0983 4
    endloop
  endfacet
  facet normal 0.649392 0.760454 0
    outer loop
      vertex 16.6933 -16.0065 4
      vertex 16.8008 -16.0983 2
      vertex 16.6933 -16.0065 2
    endloop
  endfacet
  facet normal 0.958891 0.283775 0
    outer loop
      vertex 15.9321 -14.8343 4
      vertex 15.892 -14.6988 2
      vertex 15.892 -14.6988 4
    endloop
  endfacet
  facet normal 0.958891 0.283775 0
    outer loop
      vertex 15.892 -14.6988 2
      vertex 15.9321 -14.8343 4
      vertex 15.9321 -14.8343 2
    endloop
  endfacet
  facet normal 0.996911 0.0785359 0
    outer loop
      vertex 15.8148 -14.2822 4
      vertex 15.8037 -14.1413 2
      vertex 15.8037 -14.1413 4
    endloop
  endfacet
  facet normal 0.996911 0.0785359 0
    outer loop
      vertex 15.8037 -14.1413 2
      vertex 15.8148 -14.2822 4
      vertex 15.8148 -14.2822 2
    endloop
  endfacet
  facet normal 0.983207 0.182495 0
    outer loop
      vertex 15.859 -14.5614 4
      vertex 15.8332 -14.4224 2
      vertex 15.8332 -14.4224 4
    endloop
  endfacet
  facet normal 0.983207 0.182495 0
    outer loop
      vertex 15.8332 -14.4224 2
      vertex 15.859 -14.5614 4
      vertex 15.859 -14.5614 2
    endloop
  endfacet
  facet normal 0.852459 0.522794 0
    outer loop
      vertex 16.2356 -15.4705 4
      vertex 16.1617 -15.35 2
      vertex 16.1617 -15.35 4
    endloop
  endfacet
  facet normal 0.852459 0.522794 0
    outer loop
      vertex 16.1617 -15.35 2
      vertex 16.2356 -15.4705 4
      vertex 16.2356 -15.4705 2
    endloop
  endfacet
  facet normal 0.902481 0.43073 0
    outer loop
      vertex 16.0943 -15.2258 4
      vertex 16.0334 -15.0982 2
      vertex 16.0334 -15.0982 4
    endloop
  endfacet
  facet normal 0.902481 0.43073 0
    outer loop
      vertex 16.0334 -15.0982 2
      vertex 16.0943 -15.2258 4
      vertex 16.0943 -15.2258 2
    endloop
  endfacet
  facet normal 0.793675 0.608342 0
    outer loop
      vertex 16.4017 -15.6992 4
      vertex 16.3157 -15.587 2
      vertex 16.3157 -15.587 4
    endloop
  endfacet
  facet normal 0.793675 0.608342 0
    outer loop
      vertex 16.3157 -15.587 2
      vertex 16.4017 -15.6992 4
      vertex 16.4017 -15.6992 2
    endloop
  endfacet
  facet normal 0.725264 0.68847 0
    outer loop
      vertex 16.5908 -15.9092 4
      vertex 16.4935 -15.8067 2
      vertex 16.4935 -15.8067 4
    endloop
  endfacet
  facet normal 0.725264 0.68847 0
    outer loop
      vertex 16.4935 -15.8067 2
      vertex 16.5908 -15.9092 4
      vertex 16.5908 -15.9092 2
    endloop
  endfacet
  facet normal -0.648993 -0.760794 0
    outer loop
      vertex -17.619 15.088 0
      vertex -17.5632 15.0404 2
      vertex -17.619 15.088 2
    endloop
  endfacet
  facet normal -0.648993 -0.760794 -0
    outer loop
      vertex -17.5632 15.0404 2
      vertex -17.619 15.088 0
      vertex -17.5632 15.0404 0
    endloop
  endfacet
  facet normal 0.334175 -0.942511 0
    outer loop
      vertex -19.0017 15.307 0
      vertex -18.9326 15.3315 2
      vertex -19.0017 15.307 2
    endloop
  endfacet
  facet normal 0.334175 -0.942511 0
    outer loop
      vertex -18.9326 15.3315 2
      vertex -19.0017 15.307 0
      vertex -18.9326 15.3315 0
    endloop
  endfacet
  facet normal 0.924083 -0.382191 0
    outer loop
      vertex -19.807 14.5017 2
      vertex -19.779 14.5694 0
      vertex -19.779 14.5694 2
    endloop
  endfacet
  facet normal 0.924083 -0.382191 0
    outer loop
      vertex -19.779 14.5694 0
      vertex -19.807 14.5017 2
      vertex -19.807 14.5017 0
    endloop
  endfacet
  facet normal -0.942511 -0.334175 0
    outer loop
      vertex -17.1685 14.4326 0
      vertex -17.193 14.5017 2
      vertex -17.193 14.5017 0
    endloop
  endfacet
  facet normal -0.942511 -0.334175 0
    outer loop
      vertex -17.193 14.5017 2
      vertex -17.1685 14.4326 0
      vertex -17.1685 14.4326 2
    endloop
  endfacet
  facet normal -0.878625 -0.477513 0
    outer loop
      vertex -17.2526 14.6356 0
      vertex -17.2876 14.7 2
      vertex -17.2876 14.7 0
    endloop
  endfacet
  facet normal -0.878625 -0.477513 0
    outer loop
      vertex -17.2876 14.7 2
      vertex -17.2526 14.6356 0
      vertex -17.2526 14.6356 2
    endloop
  endfacet
  facet normal -0.382191 -0.924083 0
    outer loop
      vertex -17.9983 15.307 0
      vertex -17.9306 15.279 2
      vertex -17.9983 15.307 2
    endloop
  endfacet
  facet normal -0.382191 -0.924083 -0
    outer loop
      vertex -17.9306 15.279 2
      vertex -17.9983 15.307 0
      vertex -17.9306 15.279 0
    endloop
  endfacet
  facet normal -0.129572 -0.99157 0
    outer loop
      vertex -18.3537 15.3923 0
      vertex -18.281 15.3828 2
      vertex -18.3537 15.3923 2
    endloop
  endfacet
  facet normal -0.129572 -0.99157 -0
    outer loop
      vertex -18.281 15.3828 2
      vertex -18.3537 15.3923 0
      vertex -18.281 15.3828 0
    endloop
  endfacet
  facet normal 0.99157 -0.129572 0
    outer loop
      vertex -19.8923 14.1463 2
      vertex -19.8828 14.219 0
      vertex -19.8828 14.219 2
    endloop
  endfacet
  facet normal 0.99157 -0.129572 0
    outer loop
      vertex -19.8828 14.219 0
      vertex -19.8923 14.1463 2
      vertex -19.8923 14.1463 0
    endloop
  endfacet
  facet normal 0.724625 -0.689144 0
    outer loop
      vertex -19.5404 14.9368 2
      vertex -19.4899 14.9899 0
      vertex -19.4899 14.9899 2
    endloop
  endfacet
  facet normal 0.724625 -0.689144 0
    outer loop
      vertex -19.4899 14.9899 0
      vertex -19.5404 14.9368 2
      vertex -19.5404 14.9368 0
    endloop
  endfacet
  facet normal 0.129572 -0.99157 0
    outer loop
      vertex -18.719 15.3828 0
      vertex -18.6463 15.3923 2
      vertex -18.719 15.3828 2
    endloop
  endfacet
  facet normal 0.129572 -0.99157 0
    outer loop
      vertex -18.6463 15.3923 2
      vertex -18.719 15.3828 0
      vertex -18.6463 15.3923 0
    endloop
  endfacet
  facet normal -0.760794 0.648993 0
    outer loop
      vertex -17.4596 13.0632 0
      vertex -17.412 13.119 2
      vertex -17.412 13.119 0
    endloop
  endfacet
  facet normal -0.760794 0.648993 0
    outer loop
      vertex -17.412 13.119 2
      vertex -17.4596 13.0632 0
      vertex -17.4596 13.0632 2
    endloop
  endfacet
  facet normal 0.129572 0.99157 -0
    outer loop
      vertex -18.6463 12.6077 0
      vertex -18.719 12.6172 2
      vertex -18.6463 12.6077 2
    endloop
  endfacet
  facet normal 0.129572 0.99157 0
    outer loop
      vertex -18.719 12.6172 2
      vertex -18.6463 12.6077 0
      vertex -18.719 12.6172 0
    endloop
  endfacet
  facet normal 0.689144 0.724625 -0
    outer loop
      vertex -19.4368 12.9596 0
      vertex -19.4899 13.0101 2
      vertex -19.4368 12.9596 2
    endloop
  endfacet
  facet normal 0.689144 0.724625 0
    outer loop
      vertex -19.4899 13.0101 2
      vertex -19.4368 12.9596 0
      vertex -19.4899 13.0101 0
    endloop
  endfacet
  facet normal 0.958908 0.283717 0
    outer loop
      vertex -19.8315 13.5674 2
      vertex -19.8523 13.6377 0
      vertex -19.8523 13.6377 2
    endloop
  endfacet
  facet normal 0.958908 0.283717 0
    outer loop
      vertex -19.8523 13.6377 0
      vertex -19.8315 13.5674 2
      vertex -19.8315 13.5674 0
    endloop
  endfacet
  facet normal -0.99157 -0.129572 0
    outer loop
      vertex -17.1077 14.1463 0
      vertex -17.1172 14.219 2
      vertex -17.1172 14.219 0
    endloop
  endfacet
  facet normal -0.99157 -0.129572 0
    outer loop
      vertex -17.1172 14.219 2
      vertex -17.1077 14.1463 0
      vertex -17.1077 14.1463 2
    endloop
  endfacet
  facet normal -0.97235 -0.233528 0
    outer loop
      vertex -17.1306 14.2911 0
      vertex -17.1477 14.3623 2
      vertex -17.1477 14.3623 0
    endloop
  endfacet
  facet normal -0.97235 -0.233528 0
    outer loop
      vertex -17.1477 14.3623 2
      vertex -17.1306 14.2911 0
      vertex -17.1306 14.2911 2
    endloop
  endfacet
  facet normal -0.824201 -0.566297 0
    outer loop
      vertex -17.3259 14.7625 0
      vertex -17.3674 14.8229 2
      vertex -17.3674 14.8229 0
    endloop
  endfacet
  facet normal -0.824201 -0.566297 0
    outer loop
      vertex -17.3674 14.8229 2
      vertex -17.3259 14.7625 0
      vertex -17.3259 14.7625 2
    endloop
  endfacet
  facet normal -0.522498 -0.85264 0
    outer loop
      vertex -17.8 15.2124 0
      vertex -17.7375 15.1741 2
      vertex -17.8 15.2124 2
    endloop
  endfacet
  facet normal -0.522498 -0.85264 -0
    outer loop
      vertex -17.7375 15.1741 2
      vertex -17.8 15.2124 0
      vertex -17.7375 15.1741 0
    endloop
  endfacet
  facet normal -0.477513 -0.878625 0
    outer loop
      vertex -17.8644 15.2474 0
      vertex -17.8 15.2124 2
      vertex -17.8644 15.2474 2
    endloop
  endfacet
  facet normal -0.477513 -0.878625 -0
    outer loop
      vertex -17.8 15.2124 2
      vertex -17.8644 15.2474 0
      vertex -17.8 15.2124 0
    endloop
  endfacet
  facet normal -0.182724 -0.983164 0
    outer loop
      vertex -18.281 15.3828 0
      vertex -18.2089 15.3694 2
      vertex -18.281 15.3828 2
    endloop
  endfacet
  facet normal -0.182724 -0.983164 -0
    outer loop
      vertex -18.2089 15.3694 2
      vertex -18.281 15.3828 0
      vertex -18.2089 15.3694 0
    endloop
  endfacet
  facet normal 0.983164 -0.182724 0
    outer loop
      vertex -19.8828 14.219 2
      vertex -19.8694 14.2911 0
      vertex -19.8694 14.2911 2
    endloop
  endfacet
  facet normal 0.983164 -0.182724 0
    outer loop
      vertex -19.8694 14.2911 0
      vertex -19.8828 14.219 2
      vertex -19.8828 14.219 0
    endloop
  endfacet
  facet normal 0.824201 -0.566297 0
    outer loop
      vertex -19.6741 14.7625 2
      vertex -19.6326 14.8229 0
      vertex -19.6326 14.8229 2
    endloop
  endfacet
  facet normal 0.824201 -0.566297 0
    outer loop
      vertex -19.6326 14.8229 0
      vertex -19.6741 14.7625 2
      vertex -19.6741 14.7625 0
    endloop
  endfacet
  facet normal 0.522498 -0.85264 0
    outer loop
      vertex -19.2625 15.1741 0
      vertex -19.2 15.2124 2
      vertex -19.2625 15.1741 2
    endloop
  endfacet
  facet normal 0.522498 -0.85264 0
    outer loop
      vertex -19.2 15.2124 2
      vertex -19.2625 15.1741 0
      vertex -19.2 15.2124 0
    endloop
  endfacet
  facet normal 0.43078 -0.902457 0
    outer loop
      vertex -19.1356 15.2474 0
      vertex -19.0694 15.279 2
      vertex -19.1356 15.2474 2
    endloop
  endfacet
  facet normal 0.43078 -0.902457 0
    outer loop
      vertex -19.0694 15.279 2
      vertex -19.1356 15.2474 0
      vertex -19.0694 15.279 0
    endloop
  endfacet
  facet normal -0.996859 0.0792025 0
    outer loop
      vertex -17.1077 13.8537 0
      vertex -17.1019 13.9267 2
      vertex -17.1019 13.9267 0
    endloop
  endfacet
  facet normal -0.996859 0.0792025 0
    outer loop
      vertex -17.1019 13.9267 2
      vertex -17.1077 13.8537 0
      vertex -17.1077 13.8537 2
    endloop
  endfacet
  facet normal -0.878625 0.477513 0
    outer loop
      vertex -17.2876 13.3 0
      vertex -17.2526 13.3644 2
      vertex -17.2526 13.3644 0
    endloop
  endfacet
  facet normal -0.878625 0.477513 0
    outer loop
      vertex -17.2526 13.3644 2
      vertex -17.2876 13.3 0
      vertex -17.2876 13.3 2
    endloop
  endfacet
  facet normal 0.0792025 0.996859 -0
    outer loop
      vertex -18.5733 12.6019 0
      vertex -18.6463 12.6077 2
      vertex -18.5733 12.6019 2
    endloop
  endfacet
  facet normal 0.0792025 0.996859 0
    outer loop
      vertex -18.6463 12.6077 2
      vertex -18.5733 12.6019 0
      vertex -18.6463 12.6077 0
    endloop
  endfacet
  facet normal 0.824201 0.566297 0
    outer loop
      vertex -19.6326 13.1771 2
      vertex -19.6741 13.2375 0
      vertex -19.6741 13.2375 2
    endloop
  endfacet
  facet normal 0.824201 0.566297 0
    outer loop
      vertex -19.6741 13.2375 0
      vertex -19.6326 13.1771 2
      vertex -19.6326 13.1771 0
    endloop
  endfacet
  facet normal -0.983164 -0.182724 0
    outer loop
      vertex -17.1172 14.219 0
      vertex -17.1306 14.2911 2
      vertex -17.1306 14.2911 0
    endloop
  endfacet
  facet normal -0.983164 -0.182724 0
    outer loop
      vertex -17.1306 14.2911 2
      vertex -17.1172 14.219 0
      vertex -17.1172 14.219 2
    endloop
  endfacet
  facet normal -0.902457 -0.43078 0
    outer loop
      vertex -17.221 14.5694 0
      vertex -17.2526 14.6356 2
      vertex -17.2526 14.6356 0
    endloop
  endfacet
  facet normal -0.902457 -0.43078 0
    outer loop
      vertex -17.2526 14.6356 2
      vertex -17.221 14.5694 0
      vertex -17.221 14.5694 2
    endloop
  endfacet
  facet normal -0.924083 -0.382191 0
    outer loop
      vertex -17.193 14.5017 0
      vertex -17.221 14.5694 2
      vertex -17.221 14.5694 0
    endloop
  endfacet
  facet normal -0.924083 -0.382191 0
    outer loop
      vertex -17.221 14.5694 2
      vertex -17.193 14.5017 0
      vertex -17.193 14.5017 2
    endloop
  endfacet
  facet normal -0.958908 -0.283717 0
    outer loop
      vertex -17.1477 14.3623 0
      vertex -17.1685 14.4326 2
      vertex -17.1685 14.4326 0
    endloop
  endfacet
  facet normal -0.958908 -0.283717 0
    outer loop
      vertex -17.1685 14.4326 2
      vertex -17.1477 14.3623 0
      vertex -17.1477 14.3623 2
    endloop
  endfacet
  facet normal -0.760794 -0.648993 0
    outer loop
      vertex -17.412 14.881 0
      vertex -17.4596 14.9368 2
      vertex -17.4596 14.9368 0
    endloop
  endfacet
  facet normal -0.760794 -0.648993 0
    outer loop
      vertex -17.4596 14.9368 2
      vertex -17.412 14.881 0
      vertex -17.412 14.881 2
    endloop
  endfacet
  facet normal -0.724625 -0.689144 0
    outer loop
      vertex -17.4596 14.9368 0
      vertex -17.5101 14.9899 2
      vertex -17.5101 14.9899 0
    endloop
  endfacet
  facet normal -0.724625 -0.689144 0
    outer loop
      vertex -17.5101 14.9899 2
      vertex -17.4596 14.9368 0
      vertex -17.4596 14.9368 2
    endloop
  endfacet
  facet normal -0.793233 -0.608919 0
    outer loop
      vertex -17.3674 14.8229 0
      vertex -17.412 14.881 2
      vertex -17.412 14.881 0
    endloop
  endfacet
  facet normal -0.793233 -0.608919 0
    outer loop
      vertex -17.412 14.881 2
      vertex -17.3674 14.8229 0
      vertex -17.3674 14.8229 2
    endloop
  endfacet
  facet normal -0.689144 -0.724625 0
    outer loop
      vertex -17.5632 15.0404 0
      vertex -17.5101 14.9899 2
      vertex -17.5632 15.0404 2
    endloop
  endfacet
  facet normal -0.689144 -0.724625 -0
    outer loop
      vertex -17.5101 14.9899 2
      vertex -17.5632 15.0404 0
      vertex -17.5101 14.9899 0
    endloop
  endfacet
  facet normal -0.608919 -0.793233 0
    outer loop
      vertex -17.6771 15.1326 0
      vertex -17.619 15.088 2
      vertex -17.6771 15.1326 2
    endloop
  endfacet
  facet normal -0.608919 -0.793233 -0
    outer loop
      vertex -17.619 15.088 2
      vertex -17.6771 15.1326 0
      vertex -17.619 15.088 0
    endloop
  endfacet
  facet normal -0.0259122 -0.999664 0
    outer loop
      vertex -18.5 15.4 0
      vertex -18.4267 15.3981 2
      vertex -18.5 15.4 2
    endloop
  endfacet
  facet normal -0.0259122 -0.999664 -0
    outer loop
      vertex -18.4267 15.3981 2
      vertex -18.5 15.4 0
      vertex -18.4267 15.3981 0
    endloop
  endfacet
  facet normal -0.566297 -0.824201 0
    outer loop
      vertex -17.7375 15.1741 0
      vertex -17.6771 15.1326 2
      vertex -17.7375 15.1741 2
    endloop
  endfacet
  facet normal -0.566297 -0.824201 -0
    outer loop
      vertex -17.6771 15.1326 2
      vertex -17.7375 15.1741 0
      vertex -17.6771 15.1326 0
    endloop
  endfacet
  facet normal -0.43078 -0.902457 0
    outer loop
      vertex -17.9306 15.279 0
      vertex -17.8644 15.2474 2
      vertex -17.9306 15.279 2
    endloop
  endfacet
  facet normal -0.43078 -0.902457 -0
    outer loop
      vertex -17.8644 15.2474 2
      vertex -17.9306 15.279 0
      vertex -17.8644 15.2474 0
    endloop
  endfacet
  facet normal -0.283717 -0.958908 0
    outer loop
      vertex -18.1377 15.3523 0
      vertex -18.0674 15.3315 2
      vertex -18.1377 15.3523 2
    endloop
  endfacet
  facet normal -0.283717 -0.958908 -0
    outer loop
      vertex -18.0674 15.3315 2
      vertex -18.1377 15.3523 0
      vertex -18.0674 15.3315 0
    endloop
  endfacet
  facet normal -0.334175 -0.942511 0
    outer loop
      vertex -18.0674 15.3315 0
      vertex -17.9983 15.307 2
      vertex -18.0674 15.3315 2
    endloop
  endfacet
  facet normal -0.334175 -0.942511 -0
    outer loop
      vertex -17.9983 15.307 2
      vertex -18.0674 15.3315 0
      vertex -17.9983 15.307 0
    endloop
  endfacet
  facet normal -0.233528 -0.97235 0
    outer loop
      vertex -18.2089 15.3694 0
      vertex -18.1377 15.3523 2
      vertex -18.2089 15.3694 2
    endloop
  endfacet
  facet normal -0.233528 -0.97235 -0
    outer loop
      vertex -18.1377 15.3523 2
      vertex -18.2089 15.3694 0
      vertex -18.1377 15.3523 0
    endloop
  endfacet
  facet normal 0.999664 -0.0259122 0
    outer loop
      vertex -19.9 14 2
      vertex -19.8981 14.0733 0
      vertex -19.8981 14.0733 2
    endloop
  endfacet
  facet normal 0.999664 -0.0259122 0
    outer loop
      vertex -19.8981 14.0733 0
      vertex -19.9 14 2
      vertex -19.9 14 0
    endloop
  endfacet
  facet normal 0.958908 -0.283717 0
    outer loop
      vertex -19.8523 14.3623 2
      vertex -19.8315 14.4326 0
      vertex -19.8315 14.4326 2
    endloop
  endfacet
  facet normal 0.958908 -0.283717 0
    outer loop
      vertex -19.8315 14.4326 0
      vertex -19.8523 14.3623 2
      vertex -19.8523 14.3623 0
    endloop
  endfacet
  facet normal 0.942511 -0.334175 0
    outer loop
      vertex -19.8315 14.4326 2
      vertex -19.807 14.5017 0
      vertex -19.807 14.5017 2
    endloop
  endfacet
  facet normal 0.942511 -0.334175 0
    outer loop
      vertex -19.807 14.5017 0
      vertex -19.8315 14.4326 2
      vertex -19.8315 14.4326 0
    endloop
  endfacet
  facet normal 0.97235 -0.233528 0
    outer loop
      vertex -19.8694 14.2911 2
      vertex -19.8523 14.3623 0
      vertex -19.8523 14.3623 2
    endloop
  endfacet
  facet normal 0.97235 -0.233528 0
    outer loop
      vertex -19.8523 14.3623 0
      vertex -19.8694 14.2911 2
      vertex -19.8694 14.2911 0
    endloop
  endfacet
  facet normal 0.878625 -0.477513 0
    outer loop
      vertex -19.7474 14.6356 2
      vertex -19.7124 14.7 0
      vertex -19.7124 14.7 2
    endloop
  endfacet
  facet normal 0.878625 -0.477513 0
    outer loop
      vertex -19.7124 14.7 0
      vertex -19.7474 14.6356 2
      vertex -19.7474 14.6356 0
    endloop
  endfacet
  facet normal 0.902457 -0.43078 0
    outer loop
      vertex -19.779 14.5694 2
      vertex -19.7474 14.6356 0
      vertex -19.7474 14.6356 2
    endloop
  endfacet
  facet normal 0.902457 -0.43078 0
    outer loop
      vertex -19.7474 14.6356 0
      vertex -19.779 14.5694 2
      vertex -19.779 14.5694 0
    endloop
  endfacet
  facet normal 0.760794 -0.648993 0
    outer loop
      vertex -19.588 14.881 2
      vertex -19.5404 14.9368 0
      vertex -19.5404 14.9368 2
    endloop
  endfacet
  facet normal 0.760794 -0.648993 0
    outer loop
      vertex -19.5404 14.9368 0
      vertex -19.588 14.881 2
      vertex -19.588 14.881 0
    endloop
  endfacet
  facet normal 0.233528 -0.97235 0
    outer loop
      vertex -18.8623 15.3523 0
      vertex -18.7911 15.3694 2
      vertex -18.8623 15.3523 2
    endloop
  endfacet
  facet normal 0.233528 -0.97235 0
    outer loop
      vertex -18.7911 15.3694 2
      vertex -18.8623 15.3523 0
      vertex -18.7911 15.3694 0
    endloop
  endfacet
  facet normal 0.283717 -0.958908 0
    outer loop
      vertex -18.9326 15.3315 0
      vertex -18.8623 15.3523 2
      vertex -18.9326 15.3315 2
    endloop
  endfacet
  facet normal 0.283717 -0.958908 0
    outer loop
      vertex -18.8623 15.3523 2
      vertex -18.9326 15.3315 0
      vertex -18.8623 15.3523 0
    endloop
  endfacet
  facet normal 0.0259122 -0.999664 0
    outer loop
      vertex -18.5733 15.3981 0
      vertex -18.5 15.4 2
      vertex -18.5733 15.3981 2
    endloop
  endfacet
  facet normal 0.0259122 -0.999664 0
    outer loop
      vertex -18.5 15.4 2
      vertex -18.5733 15.3981 0
      vertex -18.5 15.4 0
    endloop
  endfacet
  facet normal 0.0792025 -0.996859 0
    outer loop
      vertex -18.6463 15.3923 0
      vertex -18.5733 15.3981 2
      vertex -18.6463 15.3923 2
    endloop
  endfacet
  facet normal 0.0792025 -0.996859 0
    outer loop
      vertex -18.5733 15.3981 2
      vertex -18.6463 15.3923 0
      vertex -18.5733 15.3981 0
    endloop
  endfacet
  facet normal 0.382191 -0.924083 0
    outer loop
      vertex -19.0694 15.279 0
      vertex -19.0017 15.307 2
      vertex -19.0694 15.279 2
    endloop
  endfacet
  facet normal 0.382191 -0.924083 0
    outer loop
      vertex -19.0017 15.307 2
      vertex -19.0694 15.279 0
      vertex -19.0017 15.307 0
    endloop
  endfacet
  facet normal 0.608919 -0.793233 0
    outer loop
      vertex -19.381 15.088 0
      vertex -19.3229 15.1326 2
      vertex -19.381 15.088 2
    endloop
  endfacet
  facet normal 0.608919 -0.793233 0
    outer loop
      vertex -19.3229 15.1326 2
      vertex -19.381 15.088 0
      vertex -19.3229 15.1326 0
    endloop
  endfacet
  facet normal 0.648993 -0.760794 0
    outer loop
      vertex -19.4368 15.0404 0
      vertex -19.381 15.088 2
      vertex -19.4368 15.0404 2
    endloop
  endfacet
  facet normal 0.648993 -0.760794 0
    outer loop
      vertex -19.381 15.088 2
      vertex -19.4368 15.0404 0
      vertex -19.381 15.088 0
    endloop
  endfacet
  facet normal 0.566297 -0.824201 0
    outer loop
      vertex -19.3229 15.1326 0
      vertex -19.2625 15.1741 2
      vertex -19.3229 15.1326 2
    endloop
  endfacet
  facet normal 0.566297 -0.824201 0
    outer loop
      vertex -19.2625 15.1741 2
      vertex -19.3229 15.1326 0
      vertex -19.2625 15.1741 0
    endloop
  endfacet
  facet normal 0.689144 -0.724625 0
    outer loop
      vertex -19.4899 14.9899 0
      vertex -19.4368 15.0404 2
      vertex -19.4899 14.9899 2
    endloop
  endfacet
  facet normal 0.689144 -0.724625 0
    outer loop
      vertex -19.4368 15.0404 2
      vertex -19.4899 14.9899 0
      vertex -19.4368 15.0404 0
    endloop
  endfacet
  facet normal -0.999664 -0.0259122 0
    outer loop
      vertex -17.1 14 0
      vertex -17.1019 14.0733 2
      vertex -17.1019 14.0733 0
    endloop
  endfacet
  facet normal -0.999664 -0.0259122 0
    outer loop
      vertex -17.1019 14.0733 2
      vertex -17.1 14 0
      vertex -17.1 14 2
    endloop
  endfacet
  facet normal -0.0259122 0.999664 0
    outer loop
      vertex -18.4267 12.6019 0
      vertex -18.5 12.6 2
      vertex -18.4267 12.6019 2
    endloop
  endfacet
  facet normal -0.0259122 0.999664 0
    outer loop
      vertex -18.5 12.6 2
      vertex -18.4267 12.6019 0
      vertex -18.5 12.6 0
    endloop
  endfacet
  facet normal -0.942511 0.334175 0
    outer loop
      vertex -17.193 13.4983 0
      vertex -17.1685 13.5674 2
      vertex -17.1685 13.5674 0
    endloop
  endfacet
  facet normal -0.942511 0.334175 0
    outer loop
      vertex -17.1685 13.5674 2
      vertex -17.193 13.4983 0
      vertex -17.193 13.4983 2
    endloop
  endfacet
  facet normal -0.999664 0.0259122 0
    outer loop
      vertex -17.1019 13.9267 0
      vertex -17.1 14 2
      vertex -17.1 14 0
    endloop
  endfacet
  facet normal -0.999664 0.0259122 0
    outer loop
      vertex -17.1 14 2
      vertex -17.1019 13.9267 0
      vertex -17.1019 13.9267 2
    endloop
  endfacet
  facet normal -0.99157 0.129572 0
    outer loop
      vertex -17.1172 13.781 0
      vertex -17.1077 13.8537 2
      vertex -17.1077 13.8537 0
    endloop
  endfacet
  facet normal -0.99157 0.129572 0
    outer loop
      vertex -17.1077 13.8537 2
      vertex -17.1172 13.781 0
      vertex -17.1172 13.781 2
    endloop
  endfacet
  facet normal -0.97235 0.233528 0
    outer loop
      vertex -17.1477 13.6377 0
      vertex -17.1306 13.7089 2
      vertex -17.1306 13.7089 0
    endloop
  endfacet
  facet normal -0.97235 0.233528 0
    outer loop
      vertex -17.1306 13.7089 2
      vertex -17.1477 13.6377 0
      vertex -17.1477 13.6377 2
    endloop
  endfacet
  facet normal -0.0792025 0.996859 0
    outer loop
      vertex -18.3537 12.6077 0
      vertex -18.4267 12.6019 2
      vertex -18.3537 12.6077 2
    endloop
  endfacet
  facet normal -0.0792025 0.996859 0
    outer loop
      vertex -18.4267 12.6019 2
      vertex -18.3537 12.6077 0
      vertex -18.4267 12.6019 0
    endloop
  endfacet
  facet normal -0.129572 0.99157 0
    outer loop
      vertex -18.281 12.6172 0
      vertex -18.3537 12.6077 2
      vertex -18.281 12.6172 2
    endloop
  endfacet
  facet normal -0.129572 0.99157 0
    outer loop
      vertex -18.3537 12.6077 2
      vertex -18.281 12.6172 0
      vertex -18.3537 12.6077 0
    endloop
  endfacet
  facet normal -0.334175 0.942511 0
    outer loop
      vertex -17.9983 12.693 0
      vertex -18.0674 12.6685 2
      vertex -17.9983 12.693 2
    endloop
  endfacet
  facet normal -0.334175 0.942511 0
    outer loop
      vertex -18.0674 12.6685 2
      vertex -17.9983 12.693 0
      vertex -18.0674 12.6685 0
    endloop
  endfacet
  facet normal -0.233528 0.97235 0
    outer loop
      vertex -18.1377 12.6477 0
      vertex -18.2089 12.6306 2
      vertex -18.1377 12.6477 2
    endloop
  endfacet
  facet normal -0.233528 0.97235 0
    outer loop
      vertex -18.2089 12.6306 2
      vertex -18.1377 12.6477 0
      vertex -18.2089 12.6306 0
    endloop
  endfacet
  facet normal -0.608919 0.793233 0
    outer loop
      vertex -17.619 12.912 0
      vertex -17.6771 12.8674 2
      vertex -17.619 12.912 2
    endloop
  endfacet
  facet normal -0.608919 0.793233 0
    outer loop
      vertex -17.6771 12.8674 2
      vertex -17.619 12.912 0
      vertex -17.6771 12.8674 0
    endloop
  endfacet
  facet normal -0.689144 0.724625 0
    outer loop
      vertex -17.5101 13.0101 0
      vertex -17.5632 12.9596 2
      vertex -17.5101 13.0101 2
    endloop
  endfacet
  facet normal -0.689144 0.724625 0
    outer loop
      vertex -17.5632 12.9596 2
      vertex -17.5101 13.0101 0
      vertex -17.5632 12.9596 0
    endloop
  endfacet
  facet normal -0.522498 0.85264 0
    outer loop
      vertex -17.7375 12.8259 0
      vertex -17.8 12.7876 2
      vertex -17.7375 12.8259 2
    endloop
  endfacet
  facet normal -0.522498 0.85264 0
    outer loop
      vertex -17.8 12.7876 2
      vertex -17.7375 12.8259 0
      vertex -17.8 12.7876 0
    endloop
  endfacet
  facet normal -0.43078 0.902457 0
    outer loop
      vertex -17.8644 12.7526 0
      vertex -17.9306 12.721 2
      vertex -17.8644 12.7526 2
    endloop
  endfacet
  facet normal -0.43078 0.902457 0
    outer loop
      vertex -17.9306 12.721 2
      vertex -17.8644 12.7526 0
      vertex -17.9306 12.721 0
    endloop
  endfacet
  facet normal -0.902457 0.43078 0
    outer loop
      vertex -17.2526 13.3644 0
      vertex -17.221 13.4306 2
      vertex -17.221 13.4306 0
    endloop
  endfacet
  facet normal -0.902457 0.43078 0
    outer loop
      vertex -17.221 13.4306 2
      vertex -17.2526 13.3644 0
      vertex -17.2526 13.3644 2
    endloop
  endfacet
  facet normal -0.824201 0.566297 0
    outer loop
      vertex -17.3674 13.1771 0
      vertex -17.3259 13.2375 2
      vertex -17.3259 13.2375 0
    endloop
  endfacet
  facet normal -0.824201 0.566297 0
    outer loop
      vertex -17.3259 13.2375 2
      vertex -17.3674 13.1771 0
      vertex -17.3674 13.1771 2
    endloop
  endfacet
  facet normal 0.334175 0.942511 -0
    outer loop
      vertex -18.9326 12.6685 0
      vertex -19.0017 12.693 2
      vertex -18.9326 12.6685 2
    endloop
  endfacet
  facet normal 0.334175 0.942511 0
    outer loop
      vertex -19.0017 12.693 2
      vertex -18.9326 12.6685 0
      vertex -19.0017 12.693 0
    endloop
  endfacet
  facet normal 0.233528 0.97235 -0
    outer loop
      vertex -18.7911 12.6306 0
      vertex -18.8623 12.6477 2
      vertex -18.7911 12.6306 2
    endloop
  endfacet
  facet normal 0.233528 0.97235 0
    outer loop
      vertex -18.8623 12.6477 2
      vertex -18.7911 12.6306 0
      vertex -18.8623 12.6477 0
    endloop
  endfacet
  facet normal 0.522498 0.85264 -0
    outer loop
      vertex -19.2 12.7876 0
      vertex -19.2625 12.8259 2
      vertex -19.2 12.7876 2
    endloop
  endfacet
  facet normal 0.522498 0.85264 0
    outer loop
      vertex -19.2625 12.8259 2
      vertex -19.2 12.7876 0
      vertex -19.2625 12.8259 0
    endloop
  endfacet
  facet normal 0.43078 0.902457 -0
    outer loop
      vertex -19.0694 12.721 0
      vertex -19.1356 12.7526 2
      vertex -19.0694 12.721 2
    endloop
  endfacet
  facet normal 0.43078 0.902457 0
    outer loop
      vertex -19.1356 12.7526 2
      vertex -19.0694 12.721 0
      vertex -19.1356 12.7526 0
    endloop
  endfacet
  facet normal 0.608919 0.793233 -0
    outer loop
      vertex -19.3229 12.8674 0
      vertex -19.381 12.912 2
      vertex -19.3229 12.8674 2
    endloop
  endfacet
  facet normal 0.608919 0.793233 0
    outer loop
      vertex -19.381 12.912 2
      vertex -19.3229 12.8674 0
      vertex -19.381 12.912 0
    endloop
  endfacet
  facet normal 0.983164 0.182724 0
    outer loop
      vertex -19.8694 13.7089 2
      vertex -19.8828 13.781 0
      vertex -19.8828 13.781 2
    endloop
  endfacet
  facet normal 0.983164 0.182724 0
    outer loop
      vertex -19.8828 13.781 0
      vertex -19.8694 13.7089 2
      vertex -19.8694 13.7089 0
    endloop
  endfacet
  facet normal 0.99157 0.129572 0
    outer loop
      vertex -19.8828 13.781 2
      vertex -19.8923 13.8537 0
      vertex -19.8923 13.8537 2
    endloop
  endfacet
  facet normal 0.99157 0.129572 0
    outer loop
      vertex -19.8923 13.8537 0
      vertex -19.8828 13.781 2
      vertex -19.8828 13.781 0
    endloop
  endfacet
  facet normal 0.999664 0.0259122 0
    outer loop
      vertex -19.8981 13.9267 2
      vertex -19.9 14 0
      vertex -19.9 14 2
    endloop
  endfacet
  facet normal 0.999664 0.0259122 0
    outer loop
      vertex -19.9 14 0
      vertex -19.8981 13.9267 2
      vertex -19.8981 13.9267 0
    endloop
  endfacet
  facet normal 0.878625 0.477513 0
    outer loop
      vertex -19.7124 13.3 2
      vertex -19.7474 13.3644 0
      vertex -19.7474 13.3644 2
    endloop
  endfacet
  facet normal 0.878625 0.477513 0
    outer loop
      vertex -19.7474 13.3644 0
      vertex -19.7124 13.3 2
      vertex -19.7124 13.3 0
    endloop
  endfacet
  facet normal 0.924083 0.382191 0
    outer loop
      vertex -19.779 13.4306 2
      vertex -19.807 13.4983 0
      vertex -19.807 13.4983 2
    endloop
  endfacet
  facet normal 0.924083 0.382191 0
    outer loop
      vertex -19.807 13.4983 0
      vertex -19.779 13.4306 2
      vertex -19.779 13.4306 0
    endloop
  endfacet
  facet normal 0.760794 0.648993 0
    outer loop
      vertex -19.5404 13.0632 2
      vertex -19.588 13.119 0
      vertex -19.588 13.119 2
    endloop
  endfacet
  facet normal 0.760794 0.648993 0
    outer loop
      vertex -19.588 13.119 0
      vertex -19.5404 13.0632 2
      vertex -19.5404 13.0632 0
    endloop
  endfacet
  facet normal -0.996859 -0.0792025 0
    outer loop
      vertex -17.1019 14.0733 0
      vertex -17.1077 14.1463 2
      vertex -17.1077 14.1463 0
    endloop
  endfacet
  facet normal -0.996859 -0.0792025 0
    outer loop
      vertex -17.1077 14.1463 2
      vertex -17.1019 14.0733 0
      vertex -17.1019 14.0733 2
    endloop
  endfacet
  facet normal -0.85264 -0.522498 0
    outer loop
      vertex -17.2876 14.7 0
      vertex -17.3259 14.7625 2
      vertex -17.3259 14.7625 0
    endloop
  endfacet
  facet normal -0.85264 -0.522498 0
    outer loop
      vertex -17.3259 14.7625 2
      vertex -17.2876 14.7 0
      vertex -17.2876 14.7 2
    endloop
  endfacet
  facet normal -0.0792025 -0.996859 0
    outer loop
      vertex -18.4267 15.3981 0
      vertex -18.3537 15.3923 2
      vertex -18.4267 15.3981 2
    endloop
  endfacet
  facet normal -0.0792025 -0.996859 -0
    outer loop
      vertex -18.3537 15.3923 2
      vertex -18.4267 15.3981 0
      vertex -18.3537 15.3923 0
    endloop
  endfacet
  facet normal 0.996859 -0.0792025 0
    outer loop
      vertex -19.8981 14.0733 2
      vertex -19.8923 14.1463 0
      vertex -19.8923 14.1463 2
    endloop
  endfacet
  facet normal 0.996859 -0.0792025 0
    outer loop
      vertex -19.8923 14.1463 0
      vertex -19.8981 14.0733 2
      vertex -19.8981 14.0733 0
    endloop
  endfacet
  facet normal 0.85264 -0.522498 0
    outer loop
      vertex -19.7124 14.7 2
      vertex -19.6741 14.7625 0
      vertex -19.6741 14.7625 2
    endloop
  endfacet
  facet normal 0.85264 -0.522498 0
    outer loop
      vertex -19.6741 14.7625 0
      vertex -19.7124 14.7 2
      vertex -19.7124 14.7 0
    endloop
  endfacet
  facet normal 0.793233 -0.608919 0
    outer loop
      vertex -19.6326 14.8229 2
      vertex -19.588 14.881 0
      vertex -19.588 14.881 2
    endloop
  endfacet
  facet normal 0.793233 -0.608919 0
    outer loop
      vertex -19.588 14.881 0
      vertex -19.6326 14.8229 2
      vertex -19.6326 14.8229 0
    endloop
  endfacet
  facet normal 0.182724 -0.983164 0
    outer loop
      vertex -18.7911 15.3694 0
      vertex -18.719 15.3828 2
      vertex -18.7911 15.3694 2
    endloop
  endfacet
  facet normal 0.182724 -0.983164 0
    outer loop
      vertex -18.719 15.3828 2
      vertex -18.7911 15.3694 0
      vertex -18.719 15.3828 0
    endloop
  endfacet
  facet normal 0.477513 -0.878625 0
    outer loop
      vertex -19.2 15.2124 0
      vertex -19.1356 15.2474 2
      vertex -19.2 15.2124 2
    endloop
  endfacet
  facet normal 0.477513 -0.878625 0
    outer loop
      vertex -19.1356 15.2474 2
      vertex -19.2 15.2124 0
      vertex -19.1356 15.2474 0
    endloop
  endfacet
  facet normal -0.958908 0.283717 0
    outer loop
      vertex -17.1685 13.5674 0
      vertex -17.1477 13.6377 2
      vertex -17.1477 13.6377 0
    endloop
  endfacet
  facet normal -0.958908 0.283717 0
    outer loop
      vertex -17.1477 13.6377 2
      vertex -17.1685 13.5674 0
      vertex -17.1685 13.5674 2
    endloop
  endfacet
  facet normal -0.983164 0.182724 0
    outer loop
      vertex -17.1306 13.7089 0
      vertex -17.1172 13.781 2
      vertex -17.1172 13.781 0
    endloop
  endfacet
  facet normal -0.983164 0.182724 0
    outer loop
      vertex -17.1172 13.781 2
      vertex -17.1306 13.7089 0
      vertex -17.1306 13.7089 2
    endloop
  endfacet
  facet normal -0.182724 0.983164 0
    outer loop
      vertex -18.2089 12.6306 0
      vertex -18.281 12.6172 2
      vertex -18.2089 12.6306 2
    endloop
  endfacet
  facet normal -0.182724 0.983164 0
    outer loop
      vertex -18.281 12.6172 2
      vertex -18.2089 12.6306 0
      vertex -18.281 12.6172 0
    endloop
  endfacet
  facet normal -0.382191 0.924083 0
    outer loop
      vertex -17.9306 12.721 0
      vertex -17.9983 12.693 2
      vertex -17.9306 12.721 2
    endloop
  endfacet
  facet normal -0.382191 0.924083 0
    outer loop
      vertex -17.9983 12.693 2
      vertex -17.9306 12.721 0
      vertex -17.9983 12.693 0
    endloop
  endfacet
  facet normal -0.283717 0.958908 0
    outer loop
      vertex -18.0674 12.6685 0
      vertex -18.1377 12.6477 2
      vertex -18.0674 12.6685 2
    endloop
  endfacet
  facet normal -0.283717 0.958908 0
    outer loop
      vertex -18.1377 12.6477 2
      vertex -18.0674 12.6685 0
      vertex -18.1377 12.6477 0
    endloop
  endfacet
  facet normal -0.648993 0.760794 0
    outer loop
      vertex -17.5632 12.9596 0
      vertex -17.619 12.912 2
      vertex -17.5632 12.9596 2
    endloop
  endfacet
  facet normal -0.648993 0.760794 0
    outer loop
      vertex -17.619 12.912 2
      vertex -17.5632 12.9596 0
      vertex -17.619 12.912 0
    endloop
  endfacet
  facet normal -0.724625 0.689144 0
    outer loop
      vertex -17.5101 13.0101 0
      vertex -17.4596 13.0632 2
      vertex -17.4596 13.0632 0
    endloop
  endfacet
  facet normal -0.724625 0.689144 0
    outer loop
      vertex -17.4596 13.0632 2
      vertex -17.5101 13.0101 0
      vertex -17.5101 13.0101 2
    endloop
  endfacet
  facet normal -0.566297 0.824201 0
    outer loop
      vertex -17.6771 12.8674 0
      vertex -17.7375 12.8259 2
      vertex -17.6771 12.8674 2
    endloop
  endfacet
  facet normal -0.566297 0.824201 0
    outer loop
      vertex -17.7375 12.8259 2
      vertex -17.6771 12.8674 0
      vertex -17.7375 12.8259 0
    endloop
  endfacet
  facet normal -0.477513 0.878625 0
    outer loop
      vertex -17.8 12.7876 0
      vertex -17.8644 12.7526 2
      vertex -17.8 12.7876 2
    endloop
  endfacet
  facet normal -0.477513 0.878625 0
    outer loop
      vertex -17.8644 12.7526 2
      vertex -17.8 12.7876 0
      vertex -17.8644 12.7526 0
    endloop
  endfacet
  facet normal -0.924083 0.382191 0
    outer loop
      vertex -17.221 13.4306 0
      vertex -17.193 13.4983 2
      vertex -17.193 13.4983 0
    endloop
  endfacet
  facet normal -0.924083 0.382191 0
    outer loop
      vertex -17.193 13.4983 2
      vertex -17.221 13.4306 0
      vertex -17.221 13.4306 2
    endloop
  endfacet
  facet normal -0.793233 0.608919 0
    outer loop
      vertex -17.412 13.119 0
      vertex -17.3674 13.1771 2
      vertex -17.3674 13.1771 0
    endloop
  endfacet
  facet normal -0.793233 0.608919 0
    outer loop
      vertex -17.3674 13.1771 2
      vertex -17.412 13.119 0
      vertex -17.412 13.119 2
    endloop
  endfacet
  facet normal -0.85264 0.522498 0
    outer loop
      vertex -17.3259 13.2375 0
      vertex -17.2876 13.3 2
      vertex -17.2876 13.3 0
    endloop
  endfacet
  facet normal -0.85264 0.522498 0
    outer loop
      vertex -17.2876 13.3 2
      vertex -17.3259 13.2375 0
      vertex -17.3259 13.2375 2
    endloop
  endfacet
  facet normal 0.0259122 0.999664 -0
    outer loop
      vertex -18.5 12.6 0
      vertex -18.5733 12.6019 2
      vertex -18.5 12.6 2
    endloop
  endfacet
  facet normal 0.0259122 0.999664 0
    outer loop
      vertex -18.5733 12.6019 2
      vertex -18.5 12.6 0
      vertex -18.5733 12.6019 0
    endloop
  endfacet
  facet normal 0.283717 0.958908 -0
    outer loop
      vertex -18.8623 12.6477 0
      vertex -18.9326 12.6685 2
      vertex -18.8623 12.6477 2
    endloop
  endfacet
  facet normal 0.283717 0.958908 0
    outer loop
      vertex -18.9326 12.6685 2
      vertex -18.8623 12.6477 0
      vertex -18.9326 12.6685 0
    endloop
  endfacet
  facet normal 0.182724 0.983164 -0
    outer loop
      vertex -18.719 12.6172 0
      vertex -18.7911 12.6306 2
      vertex -18.719 12.6172 2
    endloop
  endfacet
  facet normal 0.182724 0.983164 0
    outer loop
      vertex -18.7911 12.6306 2
      vertex -18.719 12.6172 0
      vertex -18.7911 12.6306 0
    endloop
  endfacet
  facet normal 0.477513 0.878625 -0
    outer loop
      vertex -19.1356 12.7526 0
      vertex -19.2 12.7876 2
      vertex -19.1356 12.7526 2
    endloop
  endfacet
  facet normal 0.477513 0.878625 0
    outer loop
      vertex -19.2 12.7876 2
      vertex -19.1356 12.7526 0
      vertex -19.2 12.7876 0
    endloop
  endfacet
  facet normal 0.382191 0.924083 -0
    outer loop
      vertex -19.0017 12.693 0
      vertex -19.0694 12.721 2
      vertex -19.0017 12.693 2
    endloop
  endfacet
  facet normal 0.382191 0.924083 0
    outer loop
      vertex -19.0694 12.721 2
      vertex -19.0017 12.693 0
      vertex -19.0694 12.721 0
    endloop
  endfacet
  facet normal 0.648993 0.760794 -0
    outer loop
      vertex -19.381 12.912 0
      vertex -19.4368 12.9596 2
      vertex -19.381 12.912 2
    endloop
  endfacet
  facet normal 0.648993 0.760794 0
    outer loop
      vertex -19.4368 12.9596 2
      vertex -19.381 12.912 0
      vertex -19.4368 12.9596 0
    endloop
  endfacet
  facet normal 0.566297 0.824201 -0
    outer loop
      vertex -19.2625 12.8259 0
      vertex -19.3229 12.8674 2
      vertex -19.2625 12.8259 2
    endloop
  endfacet
  facet normal 0.566297 0.824201 0
    outer loop
      vertex -19.3229 12.8674 2
      vertex -19.2625 12.8259 0
      vertex -19.3229 12.8674 0
    endloop
  endfacet
  facet normal 0.942511 0.334175 0
    outer loop
      vertex -19.807 13.4983 2
      vertex -19.8315 13.5674 0
      vertex -19.8315 13.5674 2
    endloop
  endfacet
  facet normal 0.942511 0.334175 0
    outer loop
      vertex -19.8315 13.5674 0
      vertex -19.807 13.4983 2
      vertex -19.807 13.4983 0
    endloop
  endfacet
  facet normal 0.97235 0.233528 0
    outer loop
      vertex -19.8523 13.6377 2
      vertex -19.8694 13.7089 0
      vertex -19.8694 13.7089 2
    endloop
  endfacet
  facet normal 0.97235 0.233528 0
    outer loop
      vertex -19.8694 13.7089 0
      vertex -19.8523 13.6377 2
      vertex -19.8523 13.6377 0
    endloop
  endfacet
  facet normal 0.996859 0.0792025 0
    outer loop
      vertex -19.8923 13.8537 2
      vertex -19.8981 13.9267 0
      vertex -19.8981 13.9267 2
    endloop
  endfacet
  facet normal 0.996859 0.0792025 0
    outer loop
      vertex -19.8981 13.9267 0
      vertex -19.8923 13.8537 2
      vertex -19.8923 13.8537 0
    endloop
  endfacet
  facet normal 0.85264 0.522498 0
    outer loop
      vertex -19.6741 13.2375 2
      vertex -19.7124 13.3 0
      vertex -19.7124 13.3 2
    endloop
  endfacet
  facet normal 0.85264 0.522498 0
    outer loop
      vertex -19.7124 13.3 0
      vertex -19.6741 13.2375 2
      vertex -19.6741 13.2375 0
    endloop
  endfacet
  facet normal 0.902457 0.43078 0
    outer loop
      vertex -19.7474 13.3644 2
      vertex -19.779 13.4306 0
      vertex -19.779 13.4306 2
    endloop
  endfacet
  facet normal 0.902457 0.43078 0
    outer loop
      vertex -19.779 13.4306 0
      vertex -19.7474 13.3644 2
      vertex -19.7474 13.3644 0
    endloop
  endfacet
  facet normal 0.793233 0.608919 0
    outer loop
      vertex -19.588 13.119 2
      vertex -19.6326 13.1771 0
      vertex -19.6326 13.1771 2
    endloop
  endfacet
  facet normal 0.793233 0.608919 0
    outer loop
      vertex -19.6326 13.1771 0
      vertex -19.588 13.119 2
      vertex -19.588 13.119 0
    endloop
  endfacet
  facet normal 0.724625 0.689144 0
    outer loop
      vertex -19.4899 13.0101 2
      vertex -19.5404 13.0632 0
      vertex -19.5404 13.0632 2
    endloop
  endfacet
  facet normal 0.724625 0.689144 0
    outer loop
      vertex -19.5404 13.0632 0
      vertex -19.4899 13.0101 2
      vertex -19.4899 13.0101 0
    endloop
  endfacet
  facet normal -0.68847 -0.725264 0
    outer loop
      vertex -16.6933 16.0065 2
      vertex -16.5908 15.9092 4
      vertex -16.6933 16.0065 4
    endloop
  endfacet
  facet normal -0.68847 -0.725264 -0
    outer loop
      vertex -16.5908 15.9092 4
      vertex -16.6933 16.0065 2
      vertex -16.5908 15.9092 2
    endloop
  endfacet
  facet normal 0.333782 -0.94265 0
    outer loop
      vertex -19.4676 16.5207 2
      vertex -19.3343 16.5679 4
      vertex -19.4676 16.5207 4
    endloop
  endfacet
  facet normal 0.333782 -0.94265 0
    outer loop
      vertex -19.3343 16.5679 4
      vertex -19.4676 16.5207 2
      vertex -19.3343 16.5679 2
    endloop
  endfacet
  facet normal 0.92387 -0.382706 0
    outer loop
      vertex -21.0207 14.9676 4
      vertex -20.9666 15.0982 2
      vertex -20.9666 15.0982 4
    endloop
  endfacet
  facet normal 0.92387 -0.382706 0
    outer loop
      vertex -20.9666 15.0982 2
      vertex -21.0207 14.9676 4
      vertex -21.0207 14.9676 2
    endloop
  endfacet
  facet normal -0.958891 -0.283775 0
    outer loop
      vertex -15.892 14.6988 2
      vertex -15.9321 14.8343 4
      vertex -15.9321 14.8343 2
    endloop
  endfacet
  facet normal -0.958891 -0.283775 0
    outer loop
      vertex -15.9321 14.8343 4
      vertex -15.892 14.6988 2
      vertex -15.892 14.6988 4
    endloop
  endfacet
  facet normal -0.902481 -0.43073 0
    outer loop
      vertex -16.0334 15.0982 2
      vertex -16.0943 15.2258 4
      vertex -16.0943 15.2258 2
    endloop
  endfacet
  facet normal -0.902481 -0.43073 0
    outer loop
      vertex -16.0943 15.2258 4
      vertex -16.0334 15.0982 2
      vertex -16.0334 15.0982 4
    endloop
  endfacet
  facet normal -0.382706 -0.92387 0
    outer loop
      vertex -17.5324 16.5207 2
      vertex -17.4018 16.4666 4
      vertex -17.5324 16.5207 4
    endloop
  endfacet
  facet normal -0.382706 -0.92387 -0
    outer loop
      vertex -17.4018 16.4666 4
      vertex -17.5324 16.5207 2
      vertex -17.4018 16.4666 2
    endloop
  endfacet
  facet normal 0.725264 -0.68847 0
    outer loop
      vertex -20.5065 15.8067 4
      vertex -20.4092 15.9092 2
      vertex -20.4092 15.9092 4
    endloop
  endfacet
  facet normal 0.725264 -0.68847 0
    outer loop
      vertex -20.4092 15.9092 2
      vertex -20.5065 15.8067 4
      vertex -20.5065 15.8067 2
    endloop
  endfacet
  facet normal 0.182495 -0.983207 0
    outer loop
      vertex -19.0614 16.641 2
      vertex -18.9224 16.6668 4
      vertex -19.0614 16.641 4
    endloop
  endfacet
  facet normal 0.182495 -0.983207 0
    outer loop
      vertex -18.9224 16.6668 4
      vertex -19.0614 16.641 2
      vertex -18.9224 16.6668 2
    endloop
  endfacet
  facet normal -0.725264 0.68847 0
    outer loop
      vertex -16.5908 12.0908 2
      vertex -16.4935 12.1933 4
      vertex -16.4935 12.1933 2
    endloop
  endfacet
  facet normal -0.725264 0.68847 0
    outer loop
      vertex -16.4935 12.1933 4
      vertex -16.5908 12.0908 2
      vertex -16.5908 12.0908 4
    endloop
  endfacet
  facet normal 0.68847 0.725264 -0
    outer loop
      vertex -20.3067 11.9935 2
      vertex -20.4092 12.0908 4
      vertex -20.3067 11.9935 4
    endloop
  endfacet
  facet normal 0.68847 0.725264 0
    outer loop
      vertex -20.4092 12.0908 4
      vertex -20.3067 11.9935 2
      vertex -20.4092 12.0908 2
    endloop
  endfacet
  facet normal 0.94265 0.333782 0
    outer loop
      vertex -21.0207 13.0324 4
      vertex -21.0679 13.1657 2
      vertex -21.0679 13.1657 4
    endloop
  endfacet
  facet normal 0.94265 0.333782 0
    outer loop
      vertex -21.0679 13.1657 2
      vertex -21.0207 13.0324 4
      vertex -21.0207 13.0324 2
    endloop
  endfacet
  facet normal -0.991498 -0.130125 0
    outer loop
      vertex -15.8148 14.2822 2
      vertex -15.8332 14.4224 4
      vertex -15.8332 14.4224 2
    endloop
  endfacet
  facet normal -0.991498 -0.130125 0
    outer loop
      vertex -15.8332 14.4224 4
      vertex -15.8148 14.2822 2
      vertex -15.8148 14.2822 4
    endloop
  endfacet
  facet normal -0.983207 -0.182495 0
    outer loop
      vertex -15.8332 14.4224 2
      vertex -15.859 14.5614 4
      vertex -15.859 14.5614 2
    endloop
  endfacet
  facet normal -0.983207 -0.182495 0
    outer loop
      vertex -15.859 14.5614 4
      vertex -15.8332 14.4224 2
      vertex -15.8332 14.4224 4
    endloop
  endfacet
  facet normal -0.852459 -0.522794 0
    outer loop
      vertex -16.1617 15.35 2
      vertex -16.2356 15.4705 4
      vertex -16.2356 15.4705 2
    endloop
  endfacet
  facet normal -0.852459 -0.522794 0
    outer loop
      vertex -16.2356 15.4705 4
      vertex -16.1617 15.35 2
      vertex -16.1617 15.35 4
    endloop
  endfacet
  facet normal -0.566559 -0.824021 0
    outer loop
      vertex -17.0295 16.2644 2
      vertex -16.913 16.1843 4
      vertex -17.0295 16.2644 4
    endloop
  endfacet
  facet normal -0.566559 -0.824021 -0
    outer loop
      vertex -16.913 16.1843 4
      vertex -17.0295 16.2644 2
      vertex -16.913 16.1843 2
    endloop
  endfacet
  facet normal -0.0261764 -0.999657 0
    outer loop
      vertex -18.5 16.7 2
      vertex -18.3587 16.6963 4
      vertex -18.5 16.7 4
    endloop
  endfacet
  facet normal -0.0261764 -0.999657 -0
    outer loop
      vertex -18.3587 16.6963 4
      vertex -18.5 16.7 2
      vertex -18.3587 16.6963 2
    endloop
  endfacet
  facet normal -0.333782 -0.94265 0
    outer loop
      vertex -17.6657 16.5679 2
      vertex -17.5324 16.5207 4
      vertex -17.6657 16.5679 4
    endloop
  endfacet
  facet normal -0.333782 -0.94265 -0
    outer loop
      vertex -17.5324 16.5207 4
      vertex -17.6657 16.5679 2
      vertex -17.5324 16.5207 2
    endloop
  endfacet
  facet normal -0.233534 -0.972349 0
    outer loop
      vertex -17.9386 16.641 2
      vertex -17.8012 16.608 4
      vertex -17.9386 16.641 4
    endloop
  endfacet
  facet normal -0.233534 -0.972349 -0
    outer loop
      vertex -17.8012 16.608 4
      vertex -17.9386 16.641 2
      vertex -17.8012 16.608 2
    endloop
  endfacet
  facet normal 0.999657 -0.0261764 0
    outer loop
      vertex -21.2 14 4
      vertex -21.1963 14.1413 2
      vertex -21.1963 14.1413 4
    endloop
  endfacet
  facet normal 0.999657 -0.0261764 0
    outer loop
      vertex -21.1963 14.1413 2
      vertex -21.2 14 4
      vertex -21.2 14 2
    endloop
  endfacet
  facet normal 0.94265 -0.333782 0
    outer loop
      vertex -21.0679 14.8343 4
      vertex -21.0207 14.9676 2
      vertex -21.0207 14.9676 4
    endloop
  endfacet
  facet normal 0.94265 -0.333782 0
    outer loop
      vertex -21.0207 14.9676 2
      vertex -21.0679 14.8343 4
      vertex -21.0679 14.8343 2
    endloop
  endfacet
  facet normal 0.972349 -0.233534 0
    outer loop
      vertex -21.141 14.5614 4
      vertex -21.108 14.6988 2
      vertex -21.108 14.6988 4
    endloop
  endfacet
  facet normal 0.972349 -0.233534 0
    outer loop
      vertex -21.108 14.6988 2
      vertex -21.141 14.5614 4
      vertex -21.141 14.5614 2
    endloop
  endfacet
  facet normal 0.824021 -0.566559 0
    outer loop
      vertex -20.7644 15.4705 4
      vertex -20.6843 15.587 2
      vertex -20.6843 15.587 4
    endloop
  endfacet
  facet normal 0.824021 -0.566559 0
    outer loop
      vertex -20.6843 15.587 2
      vertex -20.7644 15.4705 4
      vertex -20.7644 15.4705 2
    endloop
  endfacet
  facet normal 0.522794 -0.852459 0
    outer loop
      vertex -19.9705 16.2644 2
      vertex -19.85 16.3383 4
      vertex -19.9705 16.2644 4
    endloop
  endfacet
  facet normal 0.522794 -0.852459 0
    outer loop
      vertex -19.85 16.3383 4
      vertex -19.9705 16.2644 2
      vertex -19.85 16.3383 2
    endloop
  endfacet
  facet normal 0.43073 -0.902481 0
    outer loop
      vertex -19.7258 16.4057 2
      vertex -19.5982 16.4666 4
      vertex -19.7258 16.4057 4
    endloop
  endfacet
  facet normal 0.43073 -0.902481 0
    outer loop
      vertex -19.5982 16.4666 4
      vertex -19.7258 16.4057 2
      vertex -19.5982 16.4666 2
    endloop
  endfacet
  facet normal -0.999657 -0.0261764 0
    outer loop
      vertex -15.8 14 2
      vertex -15.8037 14.1413 4
      vertex -15.8037 14.1413 2
    endloop
  endfacet
  facet normal -0.999657 -0.0261764 0
    outer loop
      vertex -15.8037 14.1413 4
      vertex -15.8 14 2
      vertex -15.8 14 4
    endloop
  endfacet
  facet normal 0.333782 0.94265 -0
    outer loop
      vertex -19.3343 11.4321 2
      vertex -19.4676 11.4793 4
      vertex -19.3343 11.4321 4
    endloop
  endfacet
  facet normal 0.333782 0.94265 0
    outer loop
      vertex -19.4676 11.4793 4
      vertex -19.3343 11.4321 2
      vertex -19.4676 11.4793 2
    endloop
  endfacet
  facet normal 0.824021 0.566559 0
    outer loop
      vertex -20.6843 12.413 4
      vertex -20.7644 12.5295 2
      vertex -20.7644 12.5295 4
    endloop
  endfacet
  facet normal 0.824021 0.566559 0
    outer loop
      vertex -20.7644 12.5295 2
      vertex -20.6843 12.413 4
      vertex -20.6843 12.413 2
    endloop
  endfacet
  facet normal -0.996911 -0.0785359 0
    outer loop
      vertex -15.8037 14.1413 2
      vertex -15.8148 14.2822 4
      vertex -15.8148 14.2822 2
    endloop
  endfacet
  facet normal -0.996911 -0.0785359 0
    outer loop
      vertex -15.8148 14.2822 4
      vertex -15.8037 14.1413 2
      vertex -15.8037 14.1413 4
    endloop
  endfacet
  facet normal -0.92387 -0.382706 0
    outer loop
      vertex -15.9793 14.9676 2
      vertex -16.0334 15.0982 4
      vertex -16.0334 15.0982 2
    endloop
  endfacet
  facet normal -0.92387 -0.382706 0
    outer loop
      vertex -16.0334 15.0982 4
      vertex -15.9793 14.9676 2
      vertex -15.9793 14.9676 4
    endloop
  endfacet
  facet normal -0.94265 -0.333782 0
    outer loop
      vertex -15.9321 14.8343 2
      vertex -15.9793 14.9676 4
      vertex -15.9793 14.9676 2
    endloop
  endfacet
  facet normal -0.94265 -0.333782 0
    outer loop
      vertex -15.9793 14.9676 4
      vertex -15.9321 14.8343 2
      vertex -15.9321 14.8343 4
    endloop
  endfacet
  facet normal -0.972349 -0.233534 0
    outer loop
      vertex -15.859 14.5614 2
      vertex -15.892 14.6988 4
      vertex -15.892 14.6988 2
    endloop
  endfacet
  facet normal -0.972349 -0.233534 0
    outer loop
      vertex -15.892 14.6988 4
      vertex -15.859 14.5614 2
      vertex -15.859 14.5614 4
    endloop
  endfacet
  facet normal -0.878921 -0.476967 0
    outer loop
      vertex -16.0943 15.2258 2
      vertex -16.1617 15.35 4
      vertex -16.1617 15.35 2
    endloop
  endfacet
  facet normal -0.878921 -0.476967 0
    outer loop
      vertex -16.1617 15.35 4
      vertex -16.0943 15.2258 2
      vertex -16.0943 15.2258 4
    endloop
  endfacet
  facet normal -0.793675 -0.608342 0
    outer loop
      vertex -16.3157 15.587 2
      vertex -16.4017 15.6992 4
      vertex -16.4017 15.6992 2
    endloop
  endfacet
  facet normal -0.793675 -0.608342 0
    outer loop
      vertex -16.4017 15.6992 4
      vertex -16.3157 15.587 2
      vertex -16.3157 15.587 4
    endloop
  endfacet
  facet normal -0.760454 -0.649392 0
    outer loop
      vertex -16.4017 15.6992 2
      vertex -16.4935 15.8067 4
      vertex -16.4935 15.8067 2
    endloop
  endfacet
  facet normal -0.760454 -0.649392 0
    outer loop
      vertex -16.4935 15.8067 4
      vertex -16.4017 15.6992 2
      vertex -16.4017 15.6992 4
    endloop
  endfacet
  facet normal -0.824021 -0.566559 0
    outer loop
      vertex -16.2356 15.4705 2
      vertex -16.3157 15.587 4
      vertex -16.3157 15.587 2
    endloop
  endfacet
  facet normal -0.824021 -0.566559 0
    outer loop
      vertex -16.3157 15.587 4
      vertex -16.2356 15.4705 2
      vertex -16.2356 15.4705 4
    endloop
  endfacet
  facet normal -0.725264 -0.68847 0
    outer loop
      vertex -16.4935 15.8067 2
      vertex -16.5908 15.9092 4
      vertex -16.5908 15.9092 2
    endloop
  endfacet
  facet normal -0.725264 -0.68847 0
    outer loop
      vertex -16.5908 15.9092 4
      vertex -16.4935 15.8067 2
      vertex -16.4935 15.8067 4
    endloop
  endfacet
  facet normal -0.649392 -0.760454 0
    outer loop
      vertex -16.8008 16.0983 2
      vertex -16.6933 16.0065 4
      vertex -16.8008 16.0983 4
    endloop
  endfacet
  facet normal -0.649392 -0.760454 -0
    outer loop
      vertex -16.6933 16.0065 4
      vertex -16.8008 16.0983 2
      vertex -16.6933 16.0065 2
    endloop
  endfacet
  facet normal -0.608342 -0.793675 0
    outer loop
      vertex -16.913 16.1843 2
      vertex -16.8008 16.0983 4
      vertex -16.913 16.1843 4
    endloop
  endfacet
  facet normal -0.608342 -0.793675 -0
    outer loop
      vertex -16.8008 16.0983 4
      vertex -16.913 16.1843 2
      vertex -16.8008 16.0983 2
    endloop
  endfacet
  facet normal -0.476967 -0.878921 0
    outer loop
      vertex -17.2742 16.4057 2
      vertex -17.15 16.3383 4
      vertex -17.2742 16.4057 4
    endloop
  endfacet
  facet normal -0.476967 -0.878921 -0
    outer loop
      vertex -17.15 16.3383 4
      vertex -17.2742 16.4057 2
      vertex -17.15 16.3383 2
    endloop
  endfacet
  facet normal -0.43073 -0.902481 0
    outer loop
      vertex -17.4018 16.4666 2
      vertex -17.2742 16.4057 4
      vertex -17.4018 16.4666 4
    endloop
  endfacet
  facet normal -0.43073 -0.902481 -0
    outer loop
      vertex -17.2742 16.4057 4
      vertex -17.4018 16.4666 2
      vertex -17.2742 16.4057 2
    endloop
  endfacet
  facet normal -0.522794 -0.852459 0
    outer loop
      vertex -17.15 16.3383 2
      vertex -17.0295 16.2644 4
      vertex -17.15 16.3383 4
    endloop
  endfacet
  facet normal -0.522794 -0.852459 -0
    outer loop
      vertex -17.0295 16.2644 4
      vertex -17.15 16.3383 2
      vertex -17.0295 16.2644 2
    endloop
  endfacet
  facet normal -0.182495 -0.983207 0
    outer loop
      vertex -18.0776 16.6668 2
      vertex -17.9386 16.641 4
      vertex -18.0776 16.6668 4
    endloop
  endfacet
  facet normal -0.182495 -0.983207 -0
    outer loop
      vertex -17.9386 16.641 4
      vertex -18.0776 16.6668 2
      vertex -17.9386 16.641 2
    endloop
  endfacet
  facet normal -0.130125 -0.991498 0
    outer loop
      vertex -18.2178 16.6852 2
      vertex -18.0776 16.6668 4
      vertex -18.2178 16.6852 4
    endloop
  endfacet
  facet normal -0.130125 -0.991498 -0
    outer loop
      vertex -18.0776 16.6668 4
      vertex -18.2178 16.6852 2
      vertex -18.0776 16.6668 2
    endloop
  endfacet
  facet normal -0.0785359 -0.996911 0
    outer loop
      vertex -18.3587 16.6963 2
      vertex -18.2178 16.6852 4
      vertex -18.3587 16.6963 4
    endloop
  endfacet
  facet normal -0.0785359 -0.996911 -0
    outer loop
      vertex -18.2178 16.6852 4
      vertex -18.3587 16.6963 2
      vertex -18.2178 16.6852 2
    endloop
  endfacet
  facet normal -0.283775 -0.958891 0
    outer loop
      vertex -17.8012 16.608 2
      vertex -17.6657 16.5679 4
      vertex -17.8012 16.608 4
    endloop
  endfacet
  facet normal -0.283775 -0.958891 -0
    outer loop
      vertex -17.6657 16.5679 4
      vertex -17.8012 16.608 2
      vertex -17.6657 16.5679 2
    endloop
  endfacet
  facet normal 0.983207 -0.182495 0
    outer loop
      vertex -21.1668 14.4224 4
      vertex -21.141 14.5614 2
      vertex -21.141 14.5614 4
    endloop
  endfacet
  facet normal 0.983207 -0.182495 0
    outer loop
      vertex -21.141 14.5614 2
      vertex -21.1668 14.4224 4
      vertex -21.1668 14.4224 2
    endloop
  endfacet
  facet normal 0.991498 -0.130125 0
    outer loop
      vertex -21.1852 14.2822 4
      vertex -21.1668 14.4224 2
      vertex -21.1668 14.4224 4
    endloop
  endfacet
  facet normal 0.991498 -0.130125 0
    outer loop
      vertex -21.1668 14.4224 2
      vertex -21.1852 14.2822 4
      vertex -21.1852 14.2822 2
    endloop
  endfacet
  facet normal 0.996911 -0.0785359 0
    outer loop
      vertex -21.1963 14.1413 4
      vertex -21.1852 14.2822 2
      vertex -21.1852 14.2822 4
    endloop
  endfacet
  facet normal 0.996911 -0.0785359 0
    outer loop
      vertex -21.1852 14.2822 2
      vertex -21.1963 14.1413 4
      vertex -21.1963 14.1413 2
    endloop
  endfacet
  facet normal 0.958891 -0.283775 0
    outer loop
      vertex -21.108 14.6988 4
      vertex -21.0679 14.8343 2
      vertex -21.0679 14.8343 4
    endloop
  endfacet
  facet normal 0.958891 -0.283775 0
    outer loop
      vertex -21.0679 14.8343 2
      vertex -21.108 14.6988 4
      vertex -21.108 14.6988 2
    endloop
  endfacet
  facet normal 0.878921 -0.476967 0
    outer loop
      vertex -20.9057 15.2258 4
      vertex -20.8383 15.35 2
      vertex -20.8383 15.35 4
    endloop
  endfacet
  facet normal 0.878921 -0.476967 0
    outer loop
      vertex -20.8383 15.35 2
      vertex -20.9057 15.2258 4
      vertex -20.9057 15.2258 2
    endloop
  endfacet
  facet normal 0.852459 -0.522794 0
    outer loop
      vertex -20.8383 15.35 4
      vertex -20.7644 15.4705 2
      vertex -20.7644 15.4705 4
    endloop
  endfacet
  facet normal 0.852459 -0.522794 0
    outer loop
      vertex -20.7644 15.4705 2
      vertex -20.8383 15.35 4
      vertex -20.8383 15.35 2
    endloop
  endfacet
  facet normal 0.902481 -0.43073 0
    outer loop
      vertex -20.9666 15.0982 4
      vertex -20.9057 15.2258 2
      vertex -20.9057 15.2258 4
    endloop
  endfacet
  facet normal 0.902481 -0.43073 0
    outer loop
      vertex -20.9057 15.2258 2
      vertex -20.9666 15.0982 4
      vertex -20.9666 15.0982 2
    endloop
  endfacet
  facet normal 0.760454 -0.649392 0
    outer loop
      vertex -20.5983 15.6992 4
      vertex -20.5065 15.8067 2
      vertex -20.5065 15.8067 4
    endloop
  endfacet
  facet normal 0.760454 -0.649392 0
    outer loop
      vertex -20.5065 15.8067 2
      vertex -20.5983 15.6992 4
      vertex -20.5983 15.6992 2
    endloop
  endfacet
  facet normal 0.793675 -0.608342 0
    outer loop
      vertex -20.6843 15.587 4
      vertex -20.5983 15.6992 2
      vertex -20.5983 15.6992 4
    endloop
  endfacet
  facet normal 0.793675 -0.608342 0
    outer loop
      vertex -20.5983 15.6992 2
      vertex -20.6843 15.587 4
      vertex -20.6843 15.587 2
    endloop
  endfacet
  facet normal 0.233534 -0.972349 0
    outer loop
      vertex -19.1988 16.608 2
      vertex -19.0614 16.641 4
      vertex -19.1988 16.608 4
    endloop
  endfacet
  facet normal 0.233534 -0.972349 0
    outer loop
      vertex -19.0614 16.641 4
      vertex -19.1988 16.608 2
      vertex -19.0614 16.641 2
    endloop
  endfacet
  facet normal 0.283775 -0.958891 0
    outer loop
      vertex -19.3343 16.5679 2
      vertex -19.1988 16.608 4
      vertex -19.3343 16.5679 4
    endloop
  endfacet
  facet normal 0.283775 -0.958891 0
    outer loop
      vertex -19.1988 16.608 4
      vertex -19.3343 16.5679 2
      vertex -19.1988 16.608 2
    endloop
  endfacet
  facet normal 0.0261764 -0.999657 0
    outer loop
      vertex -18.6413 16.6963 2
      vertex -18.5 16.7 4
      vertex -18.6413 16.6963 4
    endloop
  endfacet
  facet normal 0.0261764 -0.999657 0
    outer loop
      vertex -18.5 16.7 4
      vertex -18.6413 16.6963 2
      vertex -18.5 16.7 2
    endloop
  endfacet
  facet normal 0.0785359 -0.996911 0
    outer loop
      vertex -18.7822 16.6852 2
      vertex -18.6413 16.6963 4
      vertex -18.7822 16.6852 4
    endloop
  endfacet
  facet normal 0.0785359 -0.996911 0
    outer loop
      vertex -18.6413 16.6963 4
      vertex -18.7822 16.6852 2
      vertex -18.6413 16.6963 2
    endloop
  endfacet
  facet normal 0.476967 -0.878921 0
    outer loop
      vertex -19.85 16.3383 2
      vertex -19.7258 16.4057 4
      vertex -19.85 16.3383 4
    endloop
  endfacet
  facet normal 0.476967 -0.878921 0
    outer loop
      vertex -19.7258 16.4057 4
      vertex -19.85 16.3383 2
      vertex -19.7258 16.4057 2
    endloop
  endfacet
  facet normal 0.382706 -0.92387 0
    outer loop
      vertex -19.5982 16.4666 2
      vertex -19.4676 16.5207 4
      vertex -19.5982 16.4666 4
    endloop
  endfacet
  facet normal 0.382706 -0.92387 0
    outer loop
      vertex -19.4676 16.5207 4
      vertex -19.5982 16.4666 2
      vertex -19.4676 16.5207 2
    endloop
  endfacet
  facet normal 0.608342 -0.793675 0
    outer loop
      vertex -20.1992 16.0983 2
      vertex -20.087 16.1843 4
      vertex -20.1992 16.0983 4
    endloop
  endfacet
  facet normal 0.608342 -0.793675 0
    outer loop
      vertex -20.087 16.1843 4
      vertex -20.1992 16.0983 2
      vertex -20.087 16.1843 2
    endloop
  endfacet
  facet normal 0.649392 -0.760454 0
    outer loop
      vertex -20.3067 16.0065 2
      vertex -20.1992 16.0983 4
      vertex -20.3067 16.0065 4
    endloop
  endfacet
  facet normal 0.649392 -0.760454 0
    outer loop
      vertex -20.1992 16.0983 4
      vertex -20.3067 16.0065 2
      vertex -20.1992 16.0983 2
    endloop
  endfacet
  facet normal 0.566559 -0.824021 0
    outer loop
      vertex -20.087 16.1843 2
      vertex -19.9705 16.2644 4
      vertex -20.087 16.1843 4
    endloop
  endfacet
  facet normal 0.566559 -0.824021 0
    outer loop
      vertex -19.9705 16.2644 4
      vertex -20.087 16.1843 2
      vertex -19.9705 16.2644 2
    endloop
  endfacet
  facet normal 0.68847 -0.725264 0
    outer loop
      vertex -20.4092 15.9092 2
      vertex -20.3067 16.0065 4
      vertex -20.4092 15.9092 4
    endloop
  endfacet
  facet normal 0.68847 -0.725264 0
    outer loop
      vertex -20.3067 16.0065 4
      vertex -20.4092 15.9092 2
      vertex -20.3067 16.0065 2
    endloop
  endfacet
  facet normal -0.0261764 0.999657 0
    outer loop
      vertex -18.3587 11.3037 2
      vertex -18.5 11.3 4
      vertex -18.3587 11.3037 4
    endloop
  endfacet
  facet normal -0.0261764 0.999657 0
    outer loop
      vertex -18.5 11.3 4
      vertex -18.3587 11.3037 2
      vertex -18.5 11.3 2
    endloop
  endfacet
  facet normal -0.94265 0.333782 0
    outer loop
      vertex -15.9793 13.0324 2
      vertex -15.9321 13.1657 4
      vertex -15.9321 13.1657 2
    endloop
  endfacet
  facet normal -0.94265 0.333782 0
    outer loop
      vertex -15.9321 13.1657 4
      vertex -15.9793 13.0324 2
      vertex -15.9793 13.0324 4
    endloop
  endfacet
  facet normal -0.972349 0.233534 0
    outer loop
      vertex -15.892 13.3012 2
      vertex -15.859 13.4386 4
      vertex -15.859 13.4386 2
    endloop
  endfacet
  facet normal -0.972349 0.233534 0
    outer loop
      vertex -15.859 13.4386 4
      vertex -15.892 13.3012 2
      vertex -15.892 13.3012 4
    endloop
  endfacet
  facet normal -0.0785359 0.996911 0
    outer loop
      vertex -18.2178 11.3148 2
      vertex -18.3587 11.3037 4
      vertex -18.2178 11.3148 4
    endloop
  endfacet
  facet normal -0.0785359 0.996911 0
    outer loop
      vertex -18.3587 11.3037 4
      vertex -18.2178 11.3148 2
      vertex -18.3587 11.3037 2
    endloop
  endfacet
  facet normal -0.130125 0.991498 0
    outer loop
      vertex -18.0776 11.3332 2
      vertex -18.2178 11.3148 4
      vertex -18.0776 11.3332 4
    endloop
  endfacet
  facet normal -0.130125 0.991498 0
    outer loop
      vertex -18.2178 11.3148 4
      vertex -18.0776 11.3332 2
      vertex -18.2178 11.3148 2
    endloop
  endfacet
  facet normal -0.283775 0.958891 0
    outer loop
      vertex -17.6657 11.4321 2
      vertex -17.8012 11.392 4
      vertex -17.6657 11.4321 4
    endloop
  endfacet
  facet normal -0.283775 0.958891 0
    outer loop
      vertex -17.8012 11.392 4
      vertex -17.6657 11.4321 2
      vertex -17.8012 11.392 2
    endloop
  endfacet
  facet normal -0.333782 0.94265 0
    outer loop
      vertex -17.5324 11.4793 2
      vertex -17.6657 11.4321 4
      vertex -17.5324 11.4793 4
    endloop
  endfacet
  facet normal -0.333782 0.94265 0
    outer loop
      vertex -17.6657 11.4321 4
      vertex -17.5324 11.4793 2
      vertex -17.6657 11.4321 2
    endloop
  endfacet
  facet normal -0.233534 0.972349 0
    outer loop
      vertex -17.8012 11.392 2
      vertex -17.9386 11.359 4
      vertex -17.8012 11.392 4
    endloop
  endfacet
  facet normal -0.233534 0.972349 0
    outer loop
      vertex -17.9386 11.359 4
      vertex -17.8012 11.392 2
      vertex -17.9386 11.359 2
    endloop
  endfacet
  facet normal -0.608342 0.793675 0
    outer loop
      vertex -16.8008 11.9017 2
      vertex -16.913 11.8157 4
      vertex -16.8008 11.9017 4
    endloop
  endfacet
  facet normal -0.608342 0.793675 0
    outer loop
      vertex -16.913 11.8157 4
      vertex -16.8008 11.9017 2
      vertex -16.913 11.8157 2
    endloop
  endfacet
  facet normal -0.566559 0.824021 0
    outer loop
      vertex -16.913 11.8157 2
      vertex -17.0295 11.7356 4
      vertex -16.913 11.8157 4
    endloop
  endfacet
  facet normal -0.566559 0.824021 0
    outer loop
      vertex -17.0295 11.7356 4
      vertex -16.913 11.8157 2
      vertex -17.0295 11.7356 2
    endloop
  endfacet
  facet normal -0.649392 0.760454 0
    outer loop
      vertex -16.6933 11.9935 2
      vertex -16.8008 11.9017 4
      vertex -16.6933 11.9935 4
    endloop
  endfacet
  facet normal -0.649392 0.760454 0
    outer loop
      vertex -16.8008 11.9017 4
      vertex -16.6933 11.9935 2
      vertex -16.8008 11.9017 2
    endloop
  endfacet
  facet normal -0.476967 0.878921 0
    outer loop
      vertex -17.15 11.6617 2
      vertex -17.2742 11.5943 4
      vertex -17.15 11.6617 4
    endloop
  endfacet
  facet normal -0.476967 0.878921 0
    outer loop
      vertex -17.2742 11.5943 4
      vertex -17.15 11.6617 2
      vertex -17.2742 11.5943 2
    endloop
  endfacet
  facet normal -0.382706 0.92387 0
    outer loop
      vertex -17.4018 11.5334 2
      vertex -17.5324 11.4793 4
      vertex -17.4018 11.5334 4
    endloop
  endfacet
  facet normal -0.382706 0.92387 0
    outer loop
      vertex -17.5324 11.4793 4
      vertex -17.4018 11.5334 2
      vertex -17.5324 11.4793 2
    endloop
  endfacet
  facet normal -0.852459 0.522794 0
    outer loop
      vertex -16.2356 12.5295 2
      vertex -16.1617 12.65 4
      vertex -16.1617 12.65 2
    endloop
  endfacet
  facet normal -0.852459 0.522794 0
    outer loop
      vertex -16.1617 12.65 4
      vertex -16.2356 12.5295 2
      vertex -16.2356 12.5295 4
    endloop
  endfacet
  facet normal -0.902481 0.43073 0
    outer loop
      vertex -16.0943 12.7742 2
      vertex -16.0334 12.9018 4
      vertex -16.0334 12.9018 2
    endloop
  endfacet
  facet normal -0.902481 0.43073 0
    outer loop
      vertex -16.0334 12.9018 4
      vertex -16.0943 12.7742 2
      vertex -16.0943 12.7742 4
    endloop
  endfacet
  facet normal -0.793675 0.608342 0
    outer loop
      vertex -16.4017 12.3008 2
      vertex -16.3157 12.413 4
      vertex -16.3157 12.413 2
    endloop
  endfacet
  facet normal -0.793675 0.608342 0
    outer loop
      vertex -16.3157 12.413 4
      vertex -16.4017 12.3008 2
      vertex -16.4017 12.3008 4
    endloop
  endfacet
  facet normal 0.182495 0.983207 -0
    outer loop
      vertex -18.9224 11.3332 2
      vertex -19.0614 11.359 4
      vertex -18.9224 11.3332 4
    endloop
  endfacet
  facet normal 0.182495 0.983207 0
    outer loop
      vertex -19.0614 11.359 4
      vertex -18.9224 11.3332 2
      vertex -19.0614 11.359 2
    endloop
  endfacet
  facet normal 0.0785359 0.996911 -0
    outer loop
      vertex -18.6413 11.3037 2
      vertex -18.7822 11.3148 4
      vertex -18.6413 11.3037 4
    endloop
  endfacet
  facet normal 0.0785359 0.996911 0
    outer loop
      vertex -18.7822 11.3148 4
      vertex -18.6413 11.3037 2
      vertex -18.7822 11.3148 2
    endloop
  endfacet
  facet normal 0.283775 0.958891 -0
    outer loop
      vertex -19.1988 11.392 2
      vertex -19.3343 11.4321 4
      vertex -19.1988 11.392 4
    endloop
  endfacet
  facet normal 0.283775 0.958891 0
    outer loop
      vertex -19.3343 11.4321 4
      vertex -19.1988 11.392 2
      vertex -19.3343 11.4321 2
    endloop
  endfacet
  facet normal 0.522794 0.852459 -0
    outer loop
      vertex -19.85 11.6617 2
      vertex -19.9705 11.7356 4
      vertex -19.85 11.6617 4
    endloop
  endfacet
  facet normal 0.522794 0.852459 0
    outer loop
      vertex -19.9705 11.7356 4
      vertex -19.85 11.6617 2
      vertex -19.9705 11.7356 2
    endloop
  endfacet
  facet normal 0.43073 0.902481 -0
    outer loop
      vertex -19.5982 11.5334 2
      vertex -19.7258 11.5943 4
      vertex -19.5982 11.5334 4
    endloop
  endfacet
  facet normal 0.43073 0.902481 0
    outer loop
      vertex -19.7258 11.5943 4
      vertex -19.5982 11.5334 2
      vertex -19.7258 11.5943 2
    endloop
  endfacet
  facet normal 0.566559 0.824021 -0
    outer loop
      vertex -19.9705 11.7356 2
      vertex -20.087 11.8157 4
      vertex -19.9705 11.7356 4
    endloop
  endfacet
  facet normal 0.566559 0.824021 0
    outer loop
      vertex -20.087 11.8157 4
      vertex -19.9705 11.7356 2
      vertex -20.087 11.8157 2
    endloop
  endfacet
  facet normal 0.608342 0.793675 -0
    outer loop
      vertex -20.087 11.8157 2
      vertex -20.1992 11.9017 4
      vertex -20.087 11.8157 4
    endloop
  endfacet
  facet normal 0.608342 0.793675 0
    outer loop
      vertex -20.1992 11.9017 4
      vertex -20.087 11.8157 2
      vertex -20.1992 11.9017 2
    endloop
  endfacet
  facet normal 0.972349 0.233534 0
    outer loop
      vertex -21.108 13.3012 4
      vertex -21.141 13.4386 2
      vertex -21.141 13.4386 4
    endloop
  endfacet
  facet normal 0.972349 0.233534 0
    outer loop
      vertex -21.141 13.4386 2
      vertex -21.108 13.3012 4
      vertex -21.108 13.3012 2
    endloop
  endfacet
  facet normal 0.991498 0.130125 0
    outer loop
      vertex -21.1668 13.5776 4
      vertex -21.1852 13.7178 2
      vertex -21.1852 13.7178 4
    endloop
  endfacet
  facet normal 0.991498 0.130125 0
    outer loop
      vertex -21.1852 13.7178 2
      vertex -21.1668 13.5776 4
      vertex -21.1668 13.5776 2
    endloop
  endfacet
  facet normal 0.999657 0.0261764 0
    outer loop
      vertex -21.1963 13.8587 4
      vertex -21.2 14 2
      vertex -21.2 14 4
    endloop
  endfacet
  facet normal 0.999657 0.0261764 0
    outer loop
      vertex -21.2 14 2
      vertex -21.1963 13.8587 4
      vertex -21.1963 13.8587 2
    endloop
  endfacet
  facet normal 0 0 1
    outer loop
      vertex -17.1 14 2
      vertex -15.8 14 2
      vertex -15.8037 14.1413 2
    endloop
  endfacet
  facet normal 0 0 1
    outer loop
      vertex -17.1019 14.0733 2
      vertex -15.8037 14.1413 2
      vertex -15.8148 14.2822 2
    endloop
  endfacet
  facet normal 0 0 1
    outer loop
      vertex -15.8 14 2
      vertex -17.1 14 2
      vertex -15.8037 13.8587 2
    endloop
  endfacet
  facet normal 0 0 1
    outer loop
      vertex -17.1077 14.1463 2
      vertex -15.8148 14.2822 2
      vertex -15.8332 14.4224 2
    endloop
  endfacet
  facet normal -0 0 1
    outer loop
      vertex -17.1019 13.9267 2
      vertex -15.8037 13.8587 2
      vertex -17.1 14 2
    endloop
  endfacet
  facet normal 0 0 1
    outer loop
      vertex -17.1172 14.219 2
      vertex -15.8332 14.4224 2
      vertex -15.859 14.5614 2
    endloop
  endfacet
  facet normal 0 0 1
    outer loop
      vertex -15.8037 13.8587 2
      vertex -17.1019 13.9267 2
      vertex -15.8148 13.7178 2
    endloop
  endfacet
  facet normal 0 0 1
    outer loop
      vertex -17.1306 14.2911 2
      vertex -15.859 14.5614 2
      vertex -15.892 14.6988 2
    endloop
  endfacet
  facet normal -0 0 1
    outer loop
      vertex -17.1077 13.8537 2
      vertex -15.8148 13.7178 2
      vertex -17.1019 13.9267 2
    endloop
  endfacet
  facet normal 0 0 1
    outer loop
      vertex -17.1477 14.3623 2
      vertex -15.892 14.6988 2
      vertex -15.9321 14.8343 2
    endloop
  endfacet
  facet normal 0 0 1
    outer loop
      vertex -15.8148 13.7178 2
      vertex -17.1077 13.8537 2
      vertex -15.8332 13.5776 2
    endloop
  endfacet
  facet normal 0 0 1
    outer loop
      vertex -17.1685 14.4326 2
      vertex -15.9321 14.8343 2
      vertex -15.9793 14.9676 2
    endloop
  endfacet
  facet normal -0 0 1
    outer loop
      vertex -17.1172 13.781 2
      vertex -15.8332 13.5776 2
      vertex -17.1077 13.8537 2
    endloop
  endfacet
  facet normal 0 0 1
    outer loop
      vertex -17.193 14.5017 2
      vertex -15.9793 14.9676 2
      vertex -16.0334 15.0982 2
    endloop
  endfacet
  facet normal 0 0 1
    outer loop
      vertex -15.8332 13.5776 2
      vertex -17.1172 13.781 2
      vertex -15.859 13.4386 2
    endloop
  endfacet
  facet normal 0 0 1
    outer loop
      vertex -17.221 14.5694 2
      vertex -16.0334 15.0982 2
      vertex -16.0943 15.2258 2
    endloop
  endfacet
  facet normal -0 0 1
    outer loop
      vertex -17.1306 13.7089 2
      vertex -15.859 13.4386 2
      vertex -17.1172 13.781 2
    endloop
  endfacet
  facet normal 0 0 1
    outer loop
      vertex -17.2526 14.6356 2
      vertex -16.0943 15.2258 2
      vertex -16.1617 15.35 2
    endloop
  endfacet
  facet normal 0 0 1
    outer loop
      vertex -15.859 13.4386 2
      vertex -17.1306 13.7089 2
      vertex -15.892 13.3012 2
    endloop
  endfacet
  facet normal 0 0 1
    outer loop
      vertex -17.2876 14.7 2
      vertex -16.1617 15.35 2
      vertex -16.2356 15.4705 2
    endloop
  endfacet
  facet normal -0 0 1
    outer loop
      vertex -17.1477 13.6377 2
      vertex -15.892 13.3012 2
      vertex -17.1306 13.7089 2
    endloop
  endfacet
  facet normal 0 0 1
    outer loop
      vertex -17.3259 14.7625 2
      vertex -16.2356 15.4705 2
      vertex -16.3157 15.587 2
    endloop
  endfacet
  facet normal 0 0 1
    outer loop
      vertex -15.892 13.3012 2
      vertex -17.1477 13.6377 2
      vertex -15.9321 13.1657 2
    endloop
  endfacet
  facet normal 0 0 1
    outer loop
      vertex -17.3674 14.8229 2
      vertex -16.3157 15.587 2
      vertex -16.4017 15.6992 2
    endloop
  endfacet
  facet normal -0 0 1
    outer loop
      vertex -17.1685 13.5674 2
      vertex -15.9321 13.1657 2
      vertex -17.1477 13.6377 2
    endloop
  endfacet
  facet normal 0 0 1
    outer loop
      vertex -17.412 14.881 2
      vertex -16.4017 15.6992 2
      vertex -16.4935 15.8067 2
    endloop
  endfacet
  facet normal 0 0 1
    outer loop
      vertex -15.9321 13.1657 2
      vertex -17.1685 13.5674 2
      vertex -15.9793 13.0324 2
    endloop
  endfacet
  facet normal 0 0 1
    outer loop
      vertex -17.4596 14.9368 2
      vertex -16.4935 15.8067 2
      vertex -16.5908 15.9092 2
    endloop
  endfacet
  facet normal -0 0 1
    outer loop
      vertex -17.193 13.4983 2
      vertex -15.9793 13.0324 2
      vertex -17.1685 13.5674 2
    endloop
  endfacet
  facet normal 0 0 1
    outer loop
      vertex -17.5101 14.9899 2
      vertex -16.5908 15.9092 2
      vertex -16.6933 16.0065 2
    endloop
  endfacet
  facet normal 0 0 1
    outer loop
      vertex -15.9793 13.0324 2
      vertex -17.193 13.4983 2
      vertex -16.0334 12.9018 2
    endloop
  endfacet
  facet normal 0 0 1
    outer loop
      vertex -17.5632 15.0404 2
      vertex -16.6933 16.0065 2
      vertex -16.8008 16.0983 2
    endloop
  endfacet
  facet normal -0 0 1
    outer loop
      vertex -17.221 13.4306 2
      vertex -16.0334 12.9018 2
      vertex -17.193 13.4983 2
    endloop
  endfacet
  facet normal 0 0 1
    outer loop
      vertex -17.619 15.088 2
      vertex -16.8008 16.0983 2
      vertex -16.913 16.1843 2
    endloop
  endfacet
  facet normal 0 0 1
    outer loop
      vertex -16.0334 12.9018 2
      vertex -17.221 13.4306 2
      vertex -16.0943 12.7742 2
    endloop
  endfacet
  facet normal 0 0 1
    outer loop
      vertex -17.6771 15.1326 2
      vertex -16.913 16.1843 2
      vertex -17.0295 16.2644 2
    endloop
  endfacet
  facet normal -0 0 1
    outer loop
      vertex -17.2526 13.3644 2
      vertex -16.0943 12.7742 2
      vertex -17.221 13.4306 2
    endloop
  endfacet
  facet normal 0 0 1
    outer loop
      vertex -16.0943 12.7742 2
      vertex -17.2526 13.3644 2
      vertex -16.1617 12.65 2
    endloop
  endfacet
  facet normal 0 0 1
    outer loop
      vertex -15.8037 14.1413 2
      vertex -17.1019 14.0733 2
      vertex -17.1 14 2
    endloop
  endfacet
  facet normal 0 0 1
    outer loop
      vertex -15.8148 14.2822 2
      vertex -17.1077 14.1463 2
      vertex -17.1019 14.0733 2
    endloop
  endfacet
  facet normal 0 0 1
    outer loop
      vertex -15.8332 14.4224 2
      vertex -17.1172 14.219 2
      vertex -17.1077 14.1463 2
    endloop
  endfacet
  facet normal 0 0 1
    outer loop
      vertex -15.859 14.5614 2
      vertex -17.1306 14.2911 2
      vertex -17.1172 14.219 2
    endloop
  endfacet
  facet normal 0 0 1
    outer loop
      vertex -15.892 14.6988 2
      vertex -17.1477 14.3623 2
      vertex -17.1306 14.2911 2
    endloop
  endfacet
  facet normal 0 0 1
    outer loop
      vertex -17.7375 15.1741 2
      vertex -17.0295 16.2644 2
      vertex -17.15 16.3383 2
    endloop
  endfacet
  facet normal 0 0 1
    outer loop
      vertex -15.9321 14.8343 2
      vertex -17.1685 14.4326 2
      vertex -17.1477 14.3623 2
    endloop
  endfacet
  facet normal 0 0 1
    outer loop
      vertex -15.9793 14.9676 2
      vertex -17.193 14.5017 2
      vertex -17.1685 14.4326 2
    endloop
  endfacet
  facet normal 0 0 1
    outer loop
      vertex -16.0334 15.0982 2
      vertex -17.221 14.5694 2
      vertex -17.193 14.5017 2
    endloop
  endfacet
  facet normal 0 0 1
    outer loop
      vertex -16.0943 15.2258 2
      vertex -17.2526 14.6356 2
      vertex -17.221 14.5694 2
    endloop
  endfacet
  facet normal 0 0 1
    outer loop
      vertex -17.8 15.2124 2
      vertex -17.15 16.3383 2
      vertex -17.2742 16.4057 2
    endloop
  endfacet
  facet normal 0 0 1
    outer loop
      vertex -16.1617 15.35 2
      vertex -17.2876 14.7 2
      vertex -17.2526 14.6356 2
    endloop
  endfacet
  facet normal 0 0 1
    outer loop
      vertex -16.2356 15.4705 2
      vertex -17.3259 14.7625 2
      vertex -17.2876 14.7 2
    endloop
  endfacet
  facet normal 0 0 1
    outer loop
      vertex -16.3157 15.587 2
      vertex -17.3674 14.8229 2
      vertex -17.3259 14.7625 2
    endloop
  endfacet
  facet normal 0 0 1
    outer loop
      vertex -17.8644 15.2474 2
      vertex -17.2742 16.4057 2
      vertex -17.4018 16.4666 2
    endloop
  endfacet
  facet normal 0 0 1
    outer loop
      vertex -16.4017 15.6992 2
      vertex -17.412 14.881 2
      vertex -17.3674 14.8229 2
    endloop
  endfacet
  facet normal 0 0 1
    outer loop
      vertex -16.4935 15.8067 2
      vertex -17.4596 14.9368 2
      vertex -17.412 14.881 2
    endloop
  endfacet
  facet normal 0 0 1
    outer loop
      vertex -16.5908 15.9092 2
      vertex -17.5101 14.9899 2
      vertex -17.4596 14.9368 2
    endloop
  endfacet
  facet normal 0 0 1
    outer loop
      vertex -17.9306 15.279 2
      vertex -17.4018 16.4666 2
      vertex -17.5324 16.5207 2
    endloop
  endfacet
  facet normal 0 0 1
    outer loop
      vertex -16.6933 16.0065 2
      vertex -17.5632 15.0404 2
      vertex -17.5101 14.9899 2
    endloop
  endfacet
  facet normal 0 0 1
    outer loop
      vertex -16.8008 16.0983 2
      vertex -17.619 15.088 2
      vertex -17.5632 15.0404 2
    endloop
  endfacet
  facet normal 0 0 1
    outer loop
      vertex -17.9983 15.307 2
      vertex -17.5324 16.5207 2
      vertex -17.6657 16.5679 2
    endloop
  endfacet
  facet normal 0 0 1
    outer loop
      vertex -16.913 16.1843 2
      vertex -17.6771 15.1326 2
      vertex -17.619 15.088 2
    endloop
  endfacet
  facet normal 0 0 1
    outer loop
      vertex -17.0295 16.2644 2
      vertex -17.7375 15.1741 2
      vertex -17.6771 15.1326 2
    endloop
  endfacet
  facet normal 0 0 1
    outer loop
      vertex -17.15 16.3383 2
      vertex -17.8 15.2124 2
      vertex -17.7375 15.1741 2
    endloop
  endfacet
  facet normal 0 0 1
    outer loop
      vertex -18.0674 15.3315 2
      vertex -17.6657 16.5679 2
      vertex -17.8012 16.608 2
    endloop
  endfacet
  facet normal 0 0 1
    outer loop
      vertex -17.2742 16.4057 2
      vertex -17.8644 15.2474 2
      vertex -17.8 15.2124 2
    endloop
  endfacet
  facet normal 0 0 1
    outer loop
      vertex -17.4018 16.4666 2
      vertex -17.9306 15.279 2
      vertex -17.8644 15.2474 2
    endloop
  endfacet
  facet normal 0 0 1
    outer loop
      vertex -18.1377 15.3523 2
      vertex -17.8012 16.608 2
      vertex -17.9386 16.641 2
    endloop
  endfacet
  facet normal 0 0 1
    outer loop
      vertex -17.5324 16.5207 2
      vertex -17.9983 15.307 2
      vertex -17.9306 15.279 2
    endloop
  endfacet
  facet normal 0 0 1
    outer loop
      vertex -17.6657 16.5679 2
      vertex -18.0674 15.3315 2
      vertex -17.9983 15.307 2
    endloop
  endfacet
  facet normal 0 0 1
    outer loop
      vertex -18.2089 15.3694 2
      vertex -17.9386 16.641 2
      vertex -18.0776 16.6668 2
    endloop
  endfacet
  facet normal 0 0 1
    outer loop
      vertex -17.8012 16.608 2
      vertex -18.1377 15.3523 2
      vertex -18.0674 15.3315 2
    endloop
  endfacet
  facet normal 0 0 1
    outer loop
      vertex -17.9386 16.641 2
      vertex -18.2089 15.3694 2
      vertex -18.1377 15.3523 2
    endloop
  endfacet
  facet normal 0 0 1
    outer loop
      vertex -18.281 15.3828 2
      vertex -18.0776 16.6668 2
      vertex -18.2178 16.6852 2
    endloop
  endfacet
  facet normal 0 0 1
    outer loop
      vertex -18.0776 16.6668 2
      vertex -18.281 15.3828 2
      vertex -18.2089 15.3694 2
    endloop
  endfacet
  facet normal 0 0 1
    outer loop
      vertex -18.2178 16.6852 2
      vertex -18.3537 15.3923 2
      vertex -18.281 15.3828 2
    endloop
  endfacet
  facet normal 0 0 1
    outer loop
      vertex -18.3587 16.6963 2
      vertex -18.3537 15.3923 2
      vertex -18.2178 16.6852 2
    endloop
  endfacet
  facet normal 0 0 1
    outer loop
      vertex -18.3587 16.6963 2
      vertex -18.4267 15.3981 2
      vertex -18.3537 15.3923 2
    endloop
  endfacet
  facet normal 0 0 1
    outer loop
      vertex -18.5 16.7 2
      vertex -18.4267 15.3981 2
      vertex -18.3587 16.6963 2
    endloop
  endfacet
  facet normal 0 0 1
    outer loop
      vertex -18.5 16.7 2
      vertex -18.5 15.4 2
      vertex -18.4267 15.3981 2
    endloop
  endfacet
  facet normal 0 0 1
    outer loop
      vertex -18.5 16.7 2
      vertex -18.5733 15.3981 2
      vertex -18.5 15.4 2
    endloop
  endfacet
  facet normal -0 0 1
    outer loop
      vertex -18.6413 16.6963 2
      vertex -18.5733 15.3981 2
      vertex -18.5 16.7 2
    endloop
  endfacet
  facet normal 0 0 1
    outer loop
      vertex -18.6413 16.6963 2
      vertex -18.6463 15.3923 2
      vertex -18.5733 15.3981 2
    endloop
  endfacet
  facet normal -0 0 1
    outer loop
      vertex -18.7822 16.6852 2
      vertex -18.6463 15.3923 2
      vertex -18.6413 16.6963 2
    endloop
  endfacet
  facet normal 0 0 1
    outer loop
      vertex -18.6463 15.3923 2
      vertex -18.7822 16.6852 2
      vertex -18.719 15.3828 2
    endloop
  endfacet
  facet normal -0 0 1
    outer loop
      vertex -18.9224 16.6668 2
      vertex -18.719 15.3828 2
      vertex -18.7822 16.6852 2
    endloop
  endfacet
  facet normal 0 0 1
    outer loop
      vertex -18.719 15.3828 2
      vertex -18.9224 16.6668 2
      vertex -18.7911 15.3694 2
    endloop
  endfacet
  facet normal -0 0 1
    outer loop
      vertex -19.0614 16.641 2
      vertex -18.7911 15.3694 2
      vertex -18.9224 16.6668 2
    endloop
  endfacet
  facet normal 0 0 1
    outer loop
      vertex -18.7911 15.3694 2
      vertex -19.0614 16.641 2
      vertex -18.8623 15.3523 2
    endloop
  endfacet
  facet normal -0 0 1
    outer loop
      vertex -19.1988 16.608 2
      vertex -18.8623 15.3523 2
      vertex -19.0614 16.641 2
    endloop
  endfacet
  facet normal 0 0 1
    outer loop
      vertex -18.8623 15.3523 2
      vertex -19.1988 16.608 2
      vertex -18.9326 15.3315 2
    endloop
  endfacet
  facet normal -0 0 1
    outer loop
      vertex -19.3343 16.5679 2
      vertex -18.9326 15.3315 2
      vertex -19.1988 16.608 2
    endloop
  endfacet
  facet normal 0 0 1
    outer loop
      vertex -18.9326 15.3315 2
      vertex -19.3343 16.5679 2
      vertex -19.0017 15.307 2
    endloop
  endfacet
  facet normal -0 0 1
    outer loop
      vertex -19.4676 16.5207 2
      vertex -19.0017 15.307 2
      vertex -19.3343 16.5679 2
    endloop
  endfacet
  facet normal 0 0 1
    outer loop
      vertex -19.0017 15.307 2
      vertex -19.4676 16.5207 2
      vertex -19.0694 15.279 2
    endloop
  endfacet
  facet normal -0 0 1
    outer loop
      vertex -19.5982 16.4666 2
      vertex -19.0694 15.279 2
      vertex -19.4676 16.5207 2
    endloop
  endfacet
  facet normal 0 0 1
    outer loop
      vertex -19.0694 15.279 2
      vertex -19.5982 16.4666 2
      vertex -19.1356 15.2474 2
    endloop
  endfacet
  facet normal -0 0 1
    outer loop
      vertex -19.7258 16.4057 2
      vertex -19.1356 15.2474 2
      vertex -19.5982 16.4666 2
    endloop
  endfacet
  facet normal 0 0 1
    outer loop
      vertex -19.1356 15.2474 2
      vertex -19.7258 16.4057 2
      vertex -19.2 15.2124 2
    endloop
  endfacet
  facet normal -0 0 1
    outer loop
      vertex -19.85 16.3383 2
      vertex -19.2 15.2124 2
      vertex -19.7258 16.4057 2
    endloop
  endfacet
  facet normal 0 0 1
    outer loop
      vertex -19.2 15.2124 2
      vertex -19.85 16.3383 2
      vertex -19.2625 15.1741 2
    endloop
  endfacet
  facet normal -0 0 1
    outer loop
      vertex -19.9705 16.2644 2
      vertex -19.2625 15.1741 2
      vertex -19.85 16.3383 2
    endloop
  endfacet
  facet normal 0 0 1
    outer loop
      vertex -19.2625 15.1741 2
      vertex -19.9705 16.2644 2
      vertex -19.3229 15.1326 2
    endloop
  endfacet
  facet normal -0 0 1
    outer loop
      vertex -20.087 16.1843 2
      vertex -19.3229 15.1326 2
      vertex -19.9705 16.2644 2
    endloop
  endfacet
  facet normal 0 0 1
    outer loop
      vertex -19.3229 15.1326 2
      vertex -20.087 16.1843 2
      vertex -19.381 15.088 2
    endloop
  endfacet
  facet normal -0 0 1
    outer loop
      vertex -20.1992 16.0983 2
      vertex -19.381 15.088 2
      vertex -20.087 16.1843 2
    endloop
  endfacet
  facet normal 0 0 1
    outer loop
      vertex -19.381 15.088 2
      vertex -20.1992 16.0983 2
      vertex -19.4368 15.0404 2
    endloop
  endfacet
  facet normal -0 0 1
    outer loop
      vertex -20.3067 16.0065 2
      vertex -19.4368 15.0404 2
      vertex -20.1992 16.0983 2
    endloop
  endfacet
  facet normal 0 0 1
    outer loop
      vertex -19.4368 15.0404 2
      vertex -20.3067 16.0065 2
      vertex -19.4899 14.9899 2
    endloop
  endfacet
  facet normal -0 0 1
    outer loop
      vertex -20.4092 15.9092 2
      vertex -19.4899 14.9899 2
      vertex -20.3067 16.0065 2
    endloop
  endfacet
  facet normal 0 0 1
    outer loop
      vertex -19.4899 14.9899 2
      vertex -20.4092 15.9092 2
      vertex -19.5404 14.9368 2
    endloop
  endfacet
  facet normal -0 0 1
    outer loop
      vertex -20.5065 15.8067 2
      vertex -19.5404 14.9368 2
      vertex -20.4092 15.9092 2
    endloop
  endfacet
  facet normal 0 0 1
    outer loop
      vertex -19.5404 14.9368 2
      vertex -20.5065 15.8067 2
      vertex -19.588 14.881 2
    endloop
  endfacet
  facet normal -0 0 1
    outer loop
      vertex -20.5983 15.6992 2
      vertex -19.588 14.881 2
      vertex -20.5065 15.8067 2
    endloop
  endfacet
  facet normal 0 0 1
    outer loop
      vertex -19.588 14.881 2
      vertex -20.5983 15.6992 2
      vertex -19.6326 14.8229 2
    endloop
  endfacet
  facet normal -0 0 1
    outer loop
      vertex -20.6843 15.587 2
      vertex -19.6326 14.8229 2
      vertex -20.5983 15.6992 2
    endloop
  endfacet
  facet normal 0 0 1
    outer loop
      vertex -19.6326 14.8229 2
      vertex -20.6843 15.587 2
      vertex -19.6741 14.7625 2
    endloop
  endfacet
  facet normal -0 0 1
    outer loop
      vertex -20.7644 15.4705 2
      vertex -19.6741 14.7625 2
      vertex -20.6843 15.587 2
    endloop
  endfacet
  facet normal 0 0 1
    outer loop
      vertex -19.6741 14.7625 2
      vertex -20.7644 15.4705 2
      vertex -19.7124 14.7 2
    endloop
  endfacet
  facet normal -0 0 1
    outer loop
      vertex -20.8383 15.35 2
      vertex -19.7124 14.7 2
      vertex -20.7644 15.4705 2
    endloop
  endfacet
  facet normal 0 0 1
    outer loop
      vertex -19.7124 14.7 2
      vertex -20.8383 15.35 2
      vertex -19.7474 14.6356 2
    endloop
  endfacet
  facet normal -0 0 1
    outer loop
      vertex -17.2876 13.3 2
      vertex -16.1617 12.65 2
      vertex -17.2526 13.3644 2
    endloop
  endfacet
  facet normal 0 0 1
    outer loop
      vertex -16.1617 12.65 2
      vertex -17.2876 13.3 2
      vertex -16.2356 12.5295 2
    endloop
  endfacet
  facet normal -0 0 1
    outer loop
      vertex -17.3259 13.2375 2
      vertex -16.2356 12.5295 2
      vertex -17.2876 13.3 2
    endloop
  endfacet
  facet normal 0 0 1
    outer loop
      vertex -16.2356 12.5295 2
      vertex -17.3259 13.2375 2
      vertex -16.3157 12.413 2
    endloop
  endfacet
  facet normal -0 0 1
    outer loop
      vertex -17.3674 13.1771 2
      vertex -16.3157 12.413 2
      vertex -17.3259 13.2375 2
    endloop
  endfacet
  facet normal 0 0 1
    outer loop
      vertex -16.3157 12.413 2
      vertex -17.3674 13.1771 2
      vertex -16.4017 12.3008 2
    endloop
  endfacet
  facet normal -0 0 1
    outer loop
      vertex -17.412 13.119 2
      vertex -16.4017 12.3008 2
      vertex -17.3674 13.1771 2
    endloop
  endfacet
  facet normal 0 0 1
    outer loop
      vertex -16.4017 12.3008 2
      vertex -17.412 13.119 2
      vertex -16.4935 12.1933 2
    endloop
  endfacet
  facet normal -0 0 1
    outer loop
      vertex -17.4596 13.0632 2
      vertex -16.4935 12.1933 2
      vertex -17.412 13.119 2
    endloop
  endfacet
  facet normal 0 0 1
    outer loop
      vertex -16.4935 12.1933 2
      vertex -17.4596 13.0632 2
      vertex -16.5908 12.0908 2
    endloop
  endfacet
  facet normal -0 0 1
    outer loop
      vertex -17.5101 13.0101 2
      vertex -16.5908 12.0908 2
      vertex -17.4596 13.0632 2
    endloop
  endfacet
  facet normal 0 0 1
    outer loop
      vertex -16.5908 12.0908 2
      vertex -17.5101 13.0101 2
      vertex -16.6933 11.9935 2
    endloop
  endfacet
  facet normal -0 0 1
    outer loop
      vertex -17.5632 12.9596 2
      vertex -16.6933 11.9935 2
      vertex -17.5101 13.0101 2
    endloop
  endfacet
  facet normal 0 0 1
    outer loop
      vertex -16.6933 11.9935 2
      vertex -17.5632 12.9596 2
      vertex -16.8008 11.9017 2
    endloop
  endfacet
  facet normal -0 0 1
    outer loop
      vertex -17.619 12.912 2
      vertex -16.8008 11.9017 2
      vertex -17.5632 12.9596 2
    endloop
  endfacet
  facet normal 0 0 1
    outer loop
      vertex -16.8008 11.9017 2
      vertex -17.619 12.912 2
      vertex -16.913 11.8157 2
    endloop
  endfacet
  facet normal -0 0 1
    outer loop
      vertex -17.6771 12.8674 2
      vertex -16.913 11.8157 2
      vertex -17.619 12.912 2
    endloop
  endfacet
  facet normal 0 0 1
    outer loop
      vertex -16.913 11.8157 2
      vertex -17.6771 12.8674 2
      vertex -17.0295 11.7356 2
    endloop
  endfacet
  facet normal -0 0 1
    outer loop
      vertex -17.7375 12.8259 2
      vertex -17.0295 11.7356 2
      vertex -17.6771 12.8674 2
    endloop
  endfacet
  facet normal 0 0 1
    outer loop
      vertex -17.0295 11.7356 2
      vertex -17.7375 12.8259 2
      vertex -17.15 11.6617 2
    endloop
  endfacet
  facet normal -0 0 1
    outer loop
      vertex -17.8 12.7876 2
      vertex -17.15 11.6617 2
      vertex -17.7375 12.8259 2
    endloop
  endfacet
  facet normal 0 0 1
    outer loop
      vertex -17.15 11.6617 2
      vertex -17.8 12.7876 2
      vertex -17.2742 11.5943 2
    endloop
  endfacet
  facet normal -0 0 1
    outer loop
      vertex -17.8644 12.7526 2
      vertex -17.2742 11.5943 2
      vertex -17.8 12.7876 2
    endloop
  endfacet
  facet normal 0 0 1
    outer loop
      vertex -17.2742 11.5943 2
      vertex -17.8644 12.7526 2
      vertex -17.4018 11.5334 2
    endloop
  endfacet
  facet normal -0 0 1
    outer loop
      vertex -17.9306 12.721 2
      vertex -17.4018 11.5334 2
      vertex -17.8644 12.7526 2
    endloop
  endfacet
  facet normal 0 0 1
    outer loop
      vertex -17.4018 11.5334 2
      vertex -17.9306 12.721 2
      vertex -17.5324 11.4793 2
    endloop
  endfacet
  facet normal -0 0 1
    outer loop
      vertex -17.9983 12.693 2
      vertex -17.5324 11.4793 2
      vertex -17.9306 12.721 2
    endloop
  endfacet
  facet normal 0 0 1
    outer loop
      vertex -17.5324 11.4793 2
      vertex -17.9983 12.693 2
      vertex -17.6657 11.4321 2
    endloop
  endfacet
  facet normal -0 0 1
    outer loop
      vertex -18.0674 12.6685 2
      vertex -17.6657 11.4321 2
      vertex -17.9983 12.693 2
    endloop
  endfacet
  facet normal 0 0 1
    outer loop
      vertex -17.6657 11.4321 2
      vertex -18.0674 12.6685 2
      vertex -17.8012 11.392 2
    endloop
  endfacet
  facet normal -0 0 1
    outer loop
      vertex -18.1377 12.6477 2
      vertex -17.8012 11.392 2
      vertex -18.0674 12.6685 2
    endloop
  endfacet
  facet normal 0 0 1
    outer loop
      vertex -17.8012 11.392 2
      vertex -18.1377 12.6477 2
      vertex -17.9386 11.359 2
    endloop
  endfacet
  facet normal -0 0 1
    outer loop
      vertex -18.2089 12.6306 2
      vertex -17.9386 11.359 2
      vertex -18.1377 12.6477 2
    endloop
  endfacet
  facet normal 0 0 1
    outer loop
      vertex -17.9386 11.359 2
      vertex -18.2089 12.6306 2
      vertex -18.0776 11.3332 2
    endloop
  endfacet
  facet normal -0 0 1
    outer loop
      vertex -18.281 12.6172 2
      vertex -18.0776 11.3332 2
      vertex -18.2089 12.6306 2
    endloop
  endfacet
  facet normal 0 0 1
    outer loop
      vertex -18.0776 11.3332 2
      vertex -18.281 12.6172 2
      vertex -18.2178 11.3148 2
    endloop
  endfacet
  facet normal -0 0 1
    outer loop
      vertex -18.3537 12.6077 2
      vertex -18.2178 11.3148 2
      vertex -18.281 12.6172 2
    endloop
  endfacet
  facet normal 0 0 1
    outer loop
      vertex -18.3537 12.6077 2
      vertex -18.3587 11.3037 2
      vertex -18.2178 11.3148 2
    endloop
  endfacet
  facet normal -0 0 1
    outer loop
      vertex -18.4267 12.6019 2
      vertex -18.3587 11.3037 2
      vertex -18.3537 12.6077 2
    endloop
  endfacet
  facet normal -0 0 1
    outer loop
      vertex -18.5 12.6 2
      vertex -18.3587 11.3037 2
      vertex -18.4267 12.6019 2
    endloop
  endfacet
  facet normal 0 0 1
    outer loop
      vertex -18.5 12.6 2
      vertex -18.5 11.3 2
      vertex -18.3587 11.3037 2
    endloop
  endfacet
  facet normal 0 0 1
    outer loop
      vertex -18.5733 12.6019 2
      vertex -18.5 11.3 2
      vertex -18.5 12.6 2
    endloop
  endfacet
  facet normal 0 0 1
    outer loop
      vertex -18.5733 12.6019 2
      vertex -18.6413 11.3037 2
      vertex -18.5 11.3 2
    endloop
  endfacet
  facet normal 0 0 1
    outer loop
      vertex -18.6463 12.6077 2
      vertex -18.6413 11.3037 2
      vertex -18.5733 12.6019 2
    endloop
  endfacet
  facet normal 0 0 1
    outer loop
      vertex -18.7822 11.3148 2
      vertex -18.6463 12.6077 2
      vertex -18.719 12.6172 2
    endloop
  endfacet
  facet normal 0 0 1
    outer loop
      vertex -18.6463 12.6077 2
      vertex -18.7822 11.3148 2
      vertex -18.6413 11.3037 2
    endloop
  endfacet
  facet normal 0 0 1
    outer loop
      vertex -18.9224 11.3332 2
      vertex -18.719 12.6172 2
      vertex -18.7911 12.6306 2
    endloop
  endfacet
  facet normal 0 0 1
    outer loop
      vertex -19.0614 11.359 2
      vertex -18.7911 12.6306 2
      vertex -18.8623 12.6477 2
    endloop
  endfacet
  facet normal 0 0 1
    outer loop
      vertex -18.719 12.6172 2
      vertex -18.9224 11.3332 2
      vertex -18.7822 11.3148 2
    endloop
  endfacet
  facet normal 0 0 1
    outer loop
      vertex -19.1988 11.392 2
      vertex -18.8623 12.6477 2
      vertex -18.9326 12.6685 2
    endloop
  endfacet
  facet normal 0 0 1
    outer loop
      vertex -19.3343 11.4321 2
      vertex -18.9326 12.6685 2
      vertex -19.0017 12.693 2
    endloop
  endfacet
  facet normal 0 0 1
    outer loop
      vertex -18.7911 12.6306 2
      vertex -19.0614 11.359 2
      vertex -18.9224 11.3332 2
    endloop
  endfacet
  facet normal 0 0 1
    outer loop
      vertex -19.4676 11.4793 2
      vertex -19.0017 12.693 2
      vertex -19.0694 12.721 2
    endloop
  endfacet
  facet normal 0 0 1
    outer loop
      vertex -19.5982 11.5334 2
      vertex -19.0694 12.721 2
      vertex -19.1356 12.7526 2
    endloop
  endfacet
  facet normal 0 0 1
    outer loop
      vertex -18.8623 12.6477 2
      vertex -19.1988 11.392 2
      vertex -19.0614 11.359 2
    endloop
  endfacet
  facet normal 0 0 1
    outer loop
      vertex -19.7258 11.5943 2
      vertex -19.1356 12.7526 2
      vertex -19.2 12.7876 2
    endloop
  endfacet
  facet normal 0 0 1
    outer loop
      vertex -19.85 11.6617 2
      vertex -19.2 12.7876 2
      vertex -19.2625 12.8259 2
    endloop
  endfacet
  facet normal 0 0 1
    outer loop
      vertex -19.9705 11.7356 2
      vertex -19.2625 12.8259 2
      vertex -19.3229 12.8674 2
    endloop
  endfacet
  facet normal 0 0 1
    outer loop
      vertex -18.9326 12.6685 2
      vertex -19.3343 11.4321 2
      vertex -19.1988 11.392 2
    endloop
  endfacet
  facet normal 0 0 1
    outer loop
      vertex -20.087 11.8157 2
      vertex -19.3229 12.8674 2
      vertex -19.381 12.912 2
    endloop
  endfacet
  facet normal 0 0 1
    outer loop
      vertex -20.1992 11.9017 2
      vertex -19.381 12.912 2
      vertex -19.4368 12.9596 2
    endloop
  endfacet
  facet normal 0 0 1
    outer loop
      vertex -19.0017 12.693 2
      vertex -19.4676 11.4793 2
      vertex -19.3343 11.4321 2
    endloop
  endfacet
  facet normal 0 0 1
    outer loop
      vertex -20.3067 11.9935 2
      vertex -19.4368 12.9596 2
      vertex -19.4899 13.0101 2
    endloop
  endfacet
  facet normal 0 0 1
    outer loop
      vertex -20.4092 12.0908 2
      vertex -19.4899 13.0101 2
      vertex -19.5404 13.0632 2
    endloop
  endfacet
  facet normal 0 0 1
    outer loop
      vertex -20.5065 12.1933 2
      vertex -19.5404 13.0632 2
      vertex -19.588 13.119 2
    endloop
  endfacet
  facet normal 0 0 1
    outer loop
      vertex -19.0694 12.721 2
      vertex -19.5982 11.5334 2
      vertex -19.4676 11.4793 2
    endloop
  endfacet
  facet normal 0 0 1
    outer loop
      vertex -20.5983 12.3008 2
      vertex -19.588 13.119 2
      vertex -19.6326 13.1771 2
    endloop
  endfacet
  facet normal 0 0 1
    outer loop
      vertex -20.6843 12.413 2
      vertex -19.6326 13.1771 2
      vertex -19.6741 13.2375 2
    endloop
  endfacet
  facet normal 0 0 1
    outer loop
      vertex -20.7644 12.5295 2
      vertex -19.6741 13.2375 2
      vertex -19.7124 13.3 2
    endloop
  endfacet
  facet normal 0 0 1
    outer loop
      vertex -19.1356 12.7526 2
      vertex -19.7258 11.5943 2
      vertex -19.5982 11.5334 2
    endloop
  endfacet
  facet normal 0 0 1
    outer loop
      vertex -20.8383 12.65 2
      vertex -19.7124 13.3 2
      vertex -19.7474 13.3644 2
    endloop
  endfacet
  facet normal 0 0 1
    outer loop
      vertex -20.9057 12.7742 2
      vertex -19.7474 13.3644 2
      vertex -19.779 13.4306 2
    endloop
  endfacet
  facet normal 0 0 1
    outer loop
      vertex -20.9666 12.9018 2
      vertex -19.779 13.4306 2
      vertex -19.807 13.4983 2
    endloop
  endfacet
  facet normal 0 0 1
    outer loop
      vertex -21.0207 13.0324 2
      vertex -19.807 13.4983 2
      vertex -19.8315 13.5674 2
    endloop
  endfacet
  facet normal 0 0 1
    outer loop
      vertex -19.2 12.7876 2
      vertex -19.85 11.6617 2
      vertex -19.7258 11.5943 2
    endloop
  endfacet
  facet normal 0 0 1
    outer loop
      vertex -21.0679 13.1657 2
      vertex -19.8315 13.5674 2
      vertex -19.8523 13.6377 2
    endloop
  endfacet
  facet normal 0 0 1
    outer loop
      vertex -21.108 13.3012 2
      vertex -19.8523 13.6377 2
      vertex -19.8694 13.7089 2
    endloop
  endfacet
  facet normal 0 0 1
    outer loop
      vertex -21.141 13.4386 2
      vertex -19.8694 13.7089 2
      vertex -19.8828 13.781 2
    endloop
  endfacet
  facet normal 0 0 1
    outer loop
      vertex -21.1668 13.5776 2
      vertex -19.8828 13.781 2
      vertex -19.8923 13.8537 2
    endloop
  endfacet
  facet normal 0 0 1
    outer loop
      vertex -21.1852 13.7178 2
      vertex -19.8923 13.8537 2
      vertex -19.8981 13.9267 2
    endloop
  endfacet
  facet normal 0 0 1
    outer loop
      vertex -21.1963 13.8587 2
      vertex -19.8981 13.9267 2
      vertex -19.9 14 2
    endloop
  endfacet
  facet normal -0 0 1
    outer loop
      vertex -20.9057 15.2258 2
      vertex -19.7474 14.6356 2
      vertex -20.8383 15.35 2
    endloop
  endfacet
  facet normal 0 0 1
    outer loop
      vertex -19.2625 12.8259 2
      vertex -19.9705 11.7356 2
      vertex -19.85 11.6617 2
    endloop
  endfacet
  facet normal 0 0 1
    outer loop
      vertex -19.7474 14.6356 2
      vertex -20.9057 15.2258 2
      vertex -19.779 14.5694 2
    endloop
  endfacet
  facet normal 0 0 1
    outer loop
      vertex -19.3229 12.8674 2
      vertex -20.087 11.8157 2
      vertex -19.9705 11.7356 2
    endloop
  endfacet
  facet normal -0 0 1
    outer loop
      vertex -20.9666 15.0982 2
      vertex -19.779 14.5694 2
      vertex -20.9057 15.2258 2
    endloop
  endfacet
  facet normal 0 0 1
    outer loop
      vertex -19.381 12.912 2
      vertex -20.1992 11.9017 2
      vertex -20.087 11.8157 2
    endloop
  endfacet
  facet normal 0 0 1
    outer loop
      vertex -19.779 14.5694 2
      vertex -20.9666 15.0982 2
      vertex -19.807 14.5017 2
    endloop
  endfacet
  facet normal 0 0 1
    outer loop
      vertex -19.4368 12.9596 2
      vertex -20.3067 11.9935 2
      vertex -20.1992 11.9017 2
    endloop
  endfacet
  facet normal -0 0 1
    outer loop
      vertex -21.0207 14.9676 2
      vertex -19.807 14.5017 2
      vertex -20.9666 15.0982 2
    endloop
  endfacet
  facet normal 0 0 1
    outer loop
      vertex -19.4899 13.0101 2
      vertex -20.4092 12.0908 2
      vertex -20.3067 11.9935 2
    endloop
  endfacet
  facet normal 0 0 1
    outer loop
      vertex -19.807 14.5017 2
      vertex -21.0207 14.9676 2
      vertex -19.8315 14.4326 2
    endloop
  endfacet
  facet normal 0 0 1
    outer loop
      vertex -19.5404 13.0632 2
      vertex -20.5065 12.1933 2
      vertex -20.4092 12.0908 2
    endloop
  endfacet
  facet normal -0 0 1
    outer loop
      vertex -21.0679 14.8343 2
      vertex -19.8315 14.4326 2
      vertex -21.0207 14.9676 2
    endloop
  endfacet
  facet normal 0 0 1
    outer loop
      vertex -19.588 13.119 2
      vertex -20.5983 12.3008 2
      vertex -20.5065 12.1933 2
    endloop
  endfacet
  facet normal 0 0 1
    outer loop
      vertex -19.8315 14.4326 2
      vertex -21.0679 14.8343 2
      vertex -19.8523 14.3623 2
    endloop
  endfacet
  facet normal 0 0 1
    outer loop
      vertex -19.6326 13.1771 2
      vertex -20.6843 12.413 2
      vertex -20.5983 12.3008 2
    endloop
  endfacet
  facet normal -0 0 1
    outer loop
      vertex -21.108 14.6988 2
      vertex -19.8523 14.3623 2
      vertex -21.0679 14.8343 2
    endloop
  endfacet
  facet normal 0 0 1
    outer loop
      vertex -19.6741 13.2375 2
      vertex -20.7644 12.5295 2
      vertex -20.6843 12.413 2
    endloop
  endfacet
  facet normal 0 0 1
    outer loop
      vertex -19.8523 14.3623 2
      vertex -21.108 14.6988 2
      vertex -19.8694 14.2911 2
    endloop
  endfacet
  facet normal 0 0 1
    outer loop
      vertex -19.7124 13.3 2
      vertex -20.8383 12.65 2
      vertex -20.7644 12.5295 2
    endloop
  endfacet
  facet normal -0 0 1
    outer loop
      vertex -21.141 14.5614 2
      vertex -19.8694 14.2911 2
      vertex -21.108 14.6988 2
    endloop
  endfacet
  facet normal 0 0 1
    outer loop
      vertex -19.7474 13.3644 2
      vertex -20.9057 12.7742 2
      vertex -20.8383 12.65 2
    endloop
  endfacet
  facet normal 0 0 1
    outer loop
      vertex -19.8694 14.2911 2
      vertex -21.141 14.5614 2
      vertex -19.8828 14.219 2
    endloop
  endfacet
  facet normal 0 0 1
    outer loop
      vertex -19.779 13.4306 2
      vertex -20.9666 12.9018 2
      vertex -20.9057 12.7742 2
    endloop
  endfacet
  facet normal -0 0 1
    outer loop
      vertex -21.1668 14.4224 2
      vertex -19.8828 14.219 2
      vertex -21.141 14.5614 2
    endloop
  endfacet
  facet normal 0 0 1
    outer loop
      vertex -19.807 13.4983 2
      vertex -21.0207 13.0324 2
      vertex -20.9666 12.9018 2
    endloop
  endfacet
  facet normal 0 0 1
    outer loop
      vertex -19.8828 14.219 2
      vertex -21.1668 14.4224 2
      vertex -19.8923 14.1463 2
    endloop
  endfacet
  facet normal 0 0 1
    outer loop
      vertex -19.8315 13.5674 2
      vertex -21.0679 13.1657 2
      vertex -21.0207 13.0324 2
    endloop
  endfacet
  facet normal -0 0 1
    outer loop
      vertex -21.1852 14.2822 2
      vertex -19.8923 14.1463 2
      vertex -21.1668 14.4224 2
    endloop
  endfacet
  facet normal 0 0 1
    outer loop
      vertex -19.8523 13.6377 2
      vertex -21.108 13.3012 2
      vertex -21.0679 13.1657 2
    endloop
  endfacet
  facet normal 0 0 1
    outer loop
      vertex -19.8923 14.1463 2
      vertex -21.1852 14.2822 2
      vertex -19.8981 14.0733 2
    endloop
  endfacet
  facet normal 0 0 1
    outer loop
      vertex -19.8694 13.7089 2
      vertex -21.141 13.4386 2
      vertex -21.108 13.3012 2
    endloop
  endfacet
  facet normal -0 0 1
    outer loop
      vertex -21.1963 14.1413 2
      vertex -19.8981 14.0733 2
      vertex -21.1852 14.2822 2
    endloop
  endfacet
  facet normal 0 0 1
    outer loop
      vertex -19.8828 13.781 2
      vertex -21.1668 13.5776 2
      vertex -21.141 13.4386 2
    endloop
  endfacet
  facet normal 0 0 1
    outer loop
      vertex -19.8981 14.0733 2
      vertex -21.1963 14.1413 2
      vertex -19.9 14 2
    endloop
  endfacet
  facet normal 0 0 1
    outer loop
      vertex -19.8923 13.8537 2
      vertex -21.1852 13.7178 2
      vertex -21.1668 13.5776 2
    endloop
  endfacet
  facet normal 0 0 1
    outer loop
      vertex -21.2 14 2
      vertex -19.9 14 2
      vertex -21.1963 14.1413 2
    endloop
  endfacet
  facet normal 0 0 1
    outer loop
      vertex -19.8981 13.9267 2
      vertex -21.1963 13.8587 2
      vertex -21.1852 13.7178 2
    endloop
  endfacet
  facet normal 0 0 1
    outer loop
      vertex -19.9 14 2
      vertex -21.2 14 2
      vertex -21.1963 13.8587 2
    endloop
  endfacet
  facet normal 0.878921 0.476967 0
    outer loop
      vertex -20.8383 12.65 4
      vertex -20.9057 12.7742 2
      vertex -20.9057 12.7742 4
    endloop
  endfacet
  facet normal 0.878921 0.476967 0
    outer loop
      vertex -20.9057 12.7742 2
      vertex -20.8383 12.65 4
      vertex -20.8383 12.65 2
    endloop
  endfacet
  facet normal 0.92387 0.382706 0
    outer loop
      vertex -20.9666 12.9018 4
      vertex -21.0207 13.0324 2
      vertex -21.0207 13.0324 4
    endloop
  endfacet
  facet normal 0.92387 0.382706 0
    outer loop
      vertex -21.0207 13.0324 2
      vertex -20.9666 12.9018 4
      vertex -20.9666 12.9018 2
    endloop
  endfacet
  facet normal 0.760454 0.649392 0
    outer loop
      vertex -20.5065 12.1933 4
      vertex -20.5983 12.3008 2
      vertex -20.5983 12.3008 4
    endloop
  endfacet
  facet normal 0.760454 0.649392 0
    outer loop
      vertex -20.5983 12.3008 2
      vertex -20.5065 12.1933 4
      vertex -20.5065 12.1933 2
    endloop
  endfacet
  facet normal 0.130125 -0.991498 0
    outer loop
      vertex -18.9224 16.6668 2
      vertex -18.7822 16.6852 4
      vertex -18.9224 16.6668 4
    endloop
  endfacet
  facet normal 0.130125 -0.991498 0
    outer loop
      vertex -18.7822 16.6852 4
      vertex -18.9224 16.6668 2
      vertex -18.7822 16.6852 2
    endloop
  endfacet
  facet normal -0.996911 0.0785359 0
    outer loop
      vertex -15.8148 13.7178 2
      vertex -15.8037 13.8587 4
      vertex -15.8037 13.8587 2
    endloop
  endfacet
  facet normal -0.996911 0.0785359 0
    outer loop
      vertex -15.8037 13.8587 4
      vertex -15.8148 13.7178 2
      vertex -15.8148 13.7178 4
    endloop
  endfacet
  facet normal -0.991498 0.130125 0
    outer loop
      vertex -15.8332 13.5776 2
      vertex -15.8148 13.7178 4
      vertex -15.8148 13.7178 2
    endloop
  endfacet
  facet normal -0.991498 0.130125 0
    outer loop
      vertex -15.8148 13.7178 4
      vertex -15.8332 13.5776 2
      vertex -15.8332 13.5776 4
    endloop
  endfacet
  facet normal -0.999657 0.0261764 0
    outer loop
      vertex -15.8037 13.8587 2
      vertex -15.8 14 4
      vertex -15.8 14 2
    endloop
  endfacet
  facet normal -0.999657 0.0261764 0
    outer loop
      vertex -15.8 14 4
      vertex -15.8037 13.8587 2
      vertex -15.8037 13.8587 4
    endloop
  endfacet
  facet normal -0.958891 0.283775 0
    outer loop
      vertex -15.9321 13.1657 2
      vertex -15.892 13.3012 4
      vertex -15.892 13.3012 2
    endloop
  endfacet
  facet normal -0.958891 0.283775 0
    outer loop
      vertex -15.892 13.3012 4
      vertex -15.9321 13.1657 2
      vertex -15.9321 13.1657 4
    endloop
  endfacet
  facet normal -0.983207 0.182495 0
    outer loop
      vertex -15.859 13.4386 2
      vertex -15.8332 13.5776 4
      vertex -15.8332 13.5776 2
    endloop
  endfacet
  facet normal -0.983207 0.182495 0
    outer loop
      vertex -15.8332 13.5776 4
      vertex -15.859 13.4386 2
      vertex -15.859 13.4386 4
    endloop
  endfacet
  facet normal -0.182495 0.983207 0
    outer loop
      vertex -17.9386 11.359 2
      vertex -18.0776 11.3332 4
      vertex -17.9386 11.359 4
    endloop
  endfacet
  facet normal -0.182495 0.983207 0
    outer loop
      vertex -18.0776 11.3332 4
      vertex -17.9386 11.359 2
      vertex -18.0776 11.3332 2
    endloop
  endfacet
  facet normal -0.68847 0.725264 0
    outer loop
      vertex -16.5908 12.0908 2
      vertex -16.6933 11.9935 4
      vertex -16.5908 12.0908 4
    endloop
  endfacet
  facet normal -0.68847 0.725264 0
    outer loop
      vertex -16.6933 11.9935 4
      vertex -16.5908 12.0908 2
      vertex -16.6933 11.9935 2
    endloop
  endfacet
  facet normal -0.522794 0.852459 0
    outer loop
      vertex -17.0295 11.7356 2
      vertex -17.15 11.6617 4
      vertex -17.0295 11.7356 4
    endloop
  endfacet
  facet normal -0.522794 0.852459 0
    outer loop
      vertex -17.15 11.6617 4
      vertex -17.0295 11.7356 2
      vertex -17.15 11.6617 2
    endloop
  endfacet
  facet normal -0.43073 0.902481 0
    outer loop
      vertex -17.2742 11.5943 2
      vertex -17.4018 11.5334 4
      vertex -17.2742 11.5943 4
    endloop
  endfacet
  facet normal -0.43073 0.902481 0
    outer loop
      vertex -17.4018 11.5334 4
      vertex -17.2742 11.5943 2
      vertex -17.4018 11.5334 2
    endloop
  endfacet
  facet normal -0.878921 0.476967 0
    outer loop
      vertex -16.1617 12.65 2
      vertex -16.0943 12.7742 4
      vertex -16.0943 12.7742 2
    endloop
  endfacet
  facet normal -0.878921 0.476967 0
    outer loop
      vertex -16.0943 12.7742 4
      vertex -16.1617 12.65 2
      vertex -16.1617 12.65 4
    endloop
  endfacet
  facet normal -0.92387 0.382706 0
    outer loop
      vertex -16.0334 12.9018 2
      vertex -15.9793 13.0324 4
      vertex -15.9793 13.0324 2
    endloop
  endfacet
  facet normal -0.92387 0.382706 0
    outer loop
      vertex -15.9793 13.0324 4
      vertex -16.0334 12.9018 2
      vertex -16.0334 12.9018 4
    endloop
  endfacet
  facet normal -0.760454 0.649392 0
    outer loop
      vertex -16.4935 12.1933 2
      vertex -16.4017 12.3008 4
      vertex -16.4017 12.3008 2
    endloop
  endfacet
  facet normal -0.760454 0.649392 0
    outer loop
      vertex -16.4017 12.3008 4
      vertex -16.4935 12.1933 2
      vertex -16.4935 12.1933 4
    endloop
  endfacet
  facet normal -0.824021 0.566559 0
    outer loop
      vertex -16.3157 12.413 2
      vertex -16.2356 12.5295 4
      vertex -16.2356 12.5295 2
    endloop
  endfacet
  facet normal -0.824021 0.566559 0
    outer loop
      vertex -16.2356 12.5295 4
      vertex -16.3157 12.413 2
      vertex -16.3157 12.413 4
    endloop
  endfacet
  facet normal 0.130125 0.991498 -0
    outer loop
      vertex -18.7822 11.3148 2
      vertex -18.9224 11.3332 4
      vertex -18.7822 11.3148 4
    endloop
  endfacet
  facet normal 0.130125 0.991498 0
    outer loop
      vertex -18.9224 11.3332 4
      vertex -18.7822 11.3148 2
      vertex -18.9224 11.3332 2
    endloop
  endfacet
  facet normal 0.0261764 0.999657 -0
    outer loop
      vertex -18.5 11.3 2
      vertex -18.6413 11.3037 4
      vertex -18.5 11.3 4
    endloop
  endfacet
  facet normal 0.0261764 0.999657 0
    outer loop
      vertex -18.6413 11.3037 4
      vertex -18.5 11.3 2
      vertex -18.6413 11.3037 2
    endloop
  endfacet
  facet normal 0.233534 0.972349 -0
    outer loop
      vertex -19.0614 11.359 2
      vertex -19.1988 11.392 4
      vertex -19.0614 11.359 4
    endloop
  endfacet
  facet normal 0.233534 0.972349 0
    outer loop
      vertex -19.1988 11.392 4
      vertex -19.0614 11.359 2
      vertex -19.1988 11.392 2
    endloop
  endfacet
  facet normal 0.476967 0.878921 -0
    outer loop
      vertex -19.7258 11.5943 2
      vertex -19.85 11.6617 4
      vertex -19.7258 11.5943 4
    endloop
  endfacet
  facet normal 0.476967 0.878921 0
    outer loop
      vertex -19.85 11.6617 4
      vertex -19.7258 11.5943 2
      vertex -19.85 11.6617 2
    endloop
  endfacet
  facet normal 0.382706 0.92387 -0
    outer loop
      vertex -19.4676 11.4793 2
      vertex -19.5982 11.5334 4
      vertex -19.4676 11.4793 4
    endloop
  endfacet
  facet normal 0.382706 0.92387 0
    outer loop
      vertex -19.5982 11.5334 4
      vertex -19.4676 11.4793 2
      vertex -19.5982 11.5334 2
    endloop
  endfacet
  facet normal 0.649392 0.760454 -0
    outer loop
      vertex -20.1992 11.9017 2
      vertex -20.3067 11.9935 4
      vertex -20.1992 11.9017 4
    endloop
  endfacet
  facet normal 0.649392 0.760454 0
    outer loop
      vertex -20.3067 11.9935 4
      vertex -20.1992 11.9017 2
      vertex -20.3067 11.9935 2
    endloop
  endfacet
  facet normal 0.958891 0.283775 0
    outer loop
      vertex -21.0679 13.1657 4
      vertex -21.108 13.3012 2
      vertex -21.108 13.3012 4
    endloop
  endfacet
  facet normal 0.958891 0.283775 0
    outer loop
      vertex -21.108 13.3012 2
      vertex -21.0679 13.1657 4
      vertex -21.0679 13.1657 2
    endloop
  endfacet
  facet normal 0.996911 0.0785359 0
    outer loop
      vertex -21.1852 13.7178 4
      vertex -21.1963 13.8587 2
      vertex -21.1963 13.8587 4
    endloop
  endfacet
  facet normal 0.996911 0.0785359 0
    outer loop
      vertex -21.1963 13.8587 2
      vertex -21.1852 13.7178 4
      vertex -21.1852 13.7178 2
    endloop
  endfacet
  facet normal 0.983207 0.182495 0
    outer loop
      vertex -21.141 13.4386 4
      vertex -21.1668 13.5776 2
      vertex -21.1668 13.5776 4
    endloop
  endfacet
  facet normal 0.983207 0.182495 0
    outer loop
      vertex -21.1668 13.5776 2
      vertex -21.141 13.4386 4
      vertex -21.141 13.4386 2
    endloop
  endfacet
  facet normal 0.852459 0.522794 0
    outer loop
      vertex -20.7644 12.5295 4
      vertex -20.8383 12.65 2
      vertex -20.8383 12.65 4
    endloop
  endfacet
  facet normal 0.852459 0.522794 0
    outer loop
      vertex -20.8383 12.65 2
      vertex -20.7644 12.5295 4
      vertex -20.7644 12.5295 2
    endloop
  endfacet
  facet normal 0.902481 0.43073 0
    outer loop
      vertex -20.9057 12.7742 4
      vertex -20.9666 12.9018 2
      vertex -20.9666 12.9018 4
    endloop
  endfacet
  facet normal 0.902481 0.43073 0
    outer loop
      vertex -20.9666 12.9018 2
      vertex -20.9057 12.7742 4
      vertex -20.9057 12.7742 2
    endloop
  endfacet
  facet normal 0.793675 0.608342 0
    outer loop
      vertex -20.5983 12.3008 4
      vertex -20.6843 12.413 2
      vertex -20.6843 12.413 4
    endloop
  endfacet
  facet normal 0.793675 0.608342 0
    outer loop
      vertex -20.6843 12.413 2
      vertex -20.5983 12.3008 4
      vertex -20.5983 12.3008 2
    endloop
  endfacet
  facet normal 0.725264 0.68847 0
    outer loop
      vertex -20.4092 12.0908 4
      vertex -20.5065 12.1933 2
      vertex -20.5065 12.1933 4
    endloop
  endfacet
  facet normal 0.725264 0.68847 0
    outer loop
      vertex -20.5065 12.1933 2
      vertex -20.4092 12.0908 4
      vertex -20.4092 12.0908 2
    endloop
  endfacet
  facet normal -0.648993 -0.760794 0
    outer loop
      vertex 19.381 15.088 0
      vertex 19.4368 15.0404 2
      vertex 19.381 15.088 2
    endloop
  endfacet
  facet normal -0.648993 -0.760794 -0
    outer loop
      vertex 19.4368 15.0404 2
      vertex 19.381 15.088 0
      vertex 19.4368 15.0404 0
    endloop
  endfacet
  facet normal 0.334175 -0.942511 0
    outer loop
      vertex 17.9983 15.307 0
      vertex 18.0674 15.3315 2
      vertex 17.9983 15.307 2
    endloop
  endfacet
  facet normal 0.334175 -0.942511 0
    outer loop
      vertex 18.0674 15.3315 2
      vertex 17.9983 15.307 0
      vertex 18.0674 15.3315 0
    endloop
  endfacet
  facet normal 0.924083 -0.382191 0
    outer loop
      vertex 17.193 14.5017 2
      vertex 17.221 14.5694 0
      vertex 17.221 14.5694 2
    endloop
  endfacet
  facet normal 0.924083 -0.382191 0
    outer loop
      vertex 17.221 14.5694 0
      vertex 17.193 14.5017 2
      vertex 17.193 14.5017 0
    endloop
  endfacet
  facet normal -0.942511 -0.334175 0
    outer loop
      vertex 19.8315 14.4326 0
      vertex 19.807 14.5017 2
      vertex 19.807 14.5017 0
    endloop
  endfacet
  facet normal -0.942511 -0.334175 0
    outer loop
      vertex 19.807 14.5017 2
      vertex 19.8315 14.4326 0
      vertex 19.8315 14.4326 2
    endloop
  endfacet
  facet normal -0.878625 -0.477513 0
    outer loop
      vertex 19.7474 14.6356 0
      vertex 19.7124 14.7 2
      vertex 19.7124 14.7 0
    endloop
  endfacet
  facet normal -0.878625 -0.477513 0
    outer loop
      vertex 19.7124 14.7 2
      vertex 19.7474 14.6356 0
      vertex 19.7474 14.6356 2
    endloop
  endfacet
  facet normal -0.382191 -0.924083 0
    outer loop
      vertex 19.0017 15.307 0
      vertex 19.0694 15.279 2
      vertex 19.0017 15.307 2
    endloop
  endfacet
  facet normal -0.382191 -0.924083 -0
    outer loop
      vertex 19.0694 15.279 2
      vertex 19.0017 15.307 0
      vertex 19.0694 15.279 0
    endloop
  endfacet
  facet normal -0.129572 -0.99157 0
    outer loop
      vertex 18.6463 15.3923 0
      vertex 18.719 15.3828 2
      vertex 18.6463 15.3923 2
    endloop
  endfacet
  facet normal -0.129572 -0.99157 -0
    outer loop
      vertex 18.719 15.3828 2
      vertex 18.6463 15.3923 0
      vertex 18.719 15.3828 0
    endloop
  endfacet
  facet normal 0.99157 -0.129572 0
    outer loop
      vertex 17.1077 14.1463 2
      vertex 17.1172 14.219 0
      vertex 17.1172 14.219 2
    endloop
  endfacet
  facet normal 0.99157 -0.129572 0
    outer loop
      vertex 17.1172 14.219 0
      vertex 17.1077 14.1463 2
      vertex 17.1077 14.1463 0
    endloop
  endfacet
  facet normal 0.724625 -0.689144 0
    outer loop
      vertex 17.4596 14.9368 2
      vertex 17.5101 14.9899 0
      vertex 17.5101 14.9899 2
    endloop
  endfacet
  facet normal 0.724625 -0.689144 0
    outer loop
      vertex 17.5101 14.9899 0
      vertex 17.4596 14.9368 2
      vertex 17.4596 14.9368 0
    endloop
  endfacet
  facet normal 0.129572 -0.99157 0
    outer loop
      vertex 18.281 15.3828 0
      vertex 18.3537 15.3923 2
      vertex 18.281 15.3828 2
    endloop
  endfacet
  facet normal 0.129572 -0.99157 0
    outer loop
      vertex 18.3537 15.3923 2
      vertex 18.281 15.3828 0
      vertex 18.3537 15.3923 0
    endloop
  endfacet
  facet normal -0.760794 0.648993 0
    outer loop
      vertex 19.5404 13.0632 0
      vertex 19.588 13.119 2
      vertex 19.588 13.119 0
    endloop
  endfacet
  facet normal -0.760794 0.648993 0
    outer loop
      vertex 19.588 13.119 2
      vertex 19.5404 13.0632 0
      vertex 19.5404 13.0632 2
    endloop
  endfacet
  facet normal 0.129572 0.99157 -0
    outer loop
      vertex 18.3537 12.6077 0
      vertex 18.281 12.6172 2
      vertex 18.3537 12.6077 2
    endloop
  endfacet
  facet normal 0.129572 0.99157 0
    outer loop
      vertex 18.281 12.6172 2
      vertex 18.3537 12.6077 0
      vertex 18.281 12.6172 0
    endloop
  endfacet
  facet normal 0.689144 0.724625 -0
    outer loop
      vertex 17.5632 12.9596 0
      vertex 17.5101 13.0101 2
      vertex 17.5632 12.9596 2
    endloop
  endfacet
  facet normal 0.689144 0.724625 0
    outer loop
      vertex 17.5101 13.0101 2
      vertex 17.5632 12.9596 0
      vertex 17.5101 13.0101 0
    endloop
  endfacet
  facet normal 0.958908 0.283717 0
    outer loop
      vertex 17.1685 13.5674 2
      vertex 17.1477 13.6377 0
      vertex 17.1477 13.6377 2
    endloop
  endfacet
  facet normal 0.958908 0.283717 0
    outer loop
      vertex 17.1477 13.6377 0
      vertex 17.1685 13.5674 2
      vertex 17.1685 13.5674 0
    endloop
  endfacet
  facet normal -0.99157 -0.129572 0
    outer loop
      vertex 19.8923 14.1463 0
      vertex 19.8828 14.219 2
      vertex 19.8828 14.219 0
    endloop
  endfacet
  facet normal -0.99157 -0.129572 0
    outer loop
      vertex 19.8828 14.219 2
      vertex 19.8923 14.1463 0
      vertex 19.8923 14.1463 2
    endloop
  endfacet
  facet normal -0.97235 -0.233528 0
    outer loop
      vertex 19.8694 14.2911 0
      vertex 19.8523 14.3623 2
      vertex 19.8523 14.3623 0
    endloop
  endfacet
  facet normal -0.97235 -0.233528 0
    outer loop
      vertex 19.8523 14.3623 2
      vertex 19.8694 14.2911 0
      vertex 19.8694 14.2911 2
    endloop
  endfacet
  facet normal -0.824201 -0.566297 0
    outer loop
      vertex 19.6741 14.7625 0
      vertex 19.6326 14.8229 2
      vertex 19.6326 14.8229 0
    endloop
  endfacet
  facet normal -0.824201 -0.566297 0
    outer loop
      vertex 19.6326 14.8229 2
      vertex 19.6741 14.7625 0
      vertex 19.6741 14.7625 2
    endloop
  endfacet
  facet normal -0.522498 -0.85264 0
    outer loop
      vertex 19.2 15.2124 0
      vertex 19.2625 15.1741 2
      vertex 19.2 15.2124 2
    endloop
  endfacet
  facet normal -0.522498 -0.85264 -0
    outer loop
      vertex 19.2625 15.1741 2
      vertex 19.2 15.2124 0
      vertex 19.2625 15.1741 0
    endloop
  endfacet
  facet normal -0.477513 -0.878625 0
    outer loop
      vertex 19.1356 15.2474 0
      vertex 19.2 15.2124 2
      vertex 19.1356 15.2474 2
    endloop
  endfacet
  facet normal -0.477513 -0.878625 -0
    outer loop
      vertex 19.2 15.2124 2
      vertex 19.1356 15.2474 0
      vertex 19.2 15.2124 0
    endloop
  endfacet
  facet normal -0.182724 -0.983164 0
    outer loop
      vertex 18.719 15.3828 0
      vertex 18.7911 15.3694 2
      vertex 18.719 15.3828 2
    endloop
  endfacet
  facet normal -0.182724 -0.983164 -0
    outer loop
      vertex 18.7911 15.3694 2
      vertex 18.719 15.3828 0
      vertex 18.7911 15.3694 0
    endloop
  endfacet
  facet normal 0.983164 -0.182724 0
    outer loop
      vertex 17.1172 14.219 2
      vertex 17.1306 14.2911 0
      vertex 17.1306 14.2911 2
    endloop
  endfacet
  facet normal 0.983164 -0.182724 0
    outer loop
      vertex 17.1306 14.2911 0
      vertex 17.1172 14.219 2
      vertex 17.1172 14.219 0
    endloop
  endfacet
  facet normal 0.824201 -0.566297 0
    outer loop
      vertex 17.3259 14.7625 2
      vertex 17.3674 14.8229 0
      vertex 17.3674 14.8229 2
    endloop
  endfacet
  facet normal 0.824201 -0.566297 0
    outer loop
      vertex 17.3674 14.8229 0
      vertex 17.3259 14.7625 2
      vertex 17.3259 14.7625 0
    endloop
  endfacet
  facet normal 0.522498 -0.85264 0
    outer loop
      vertex 17.7375 15.1741 0
      vertex 17.8 15.2124 2
      vertex 17.7375 15.1741 2
    endloop
  endfacet
  facet normal 0.522498 -0.85264 0
    outer loop
      vertex 17.8 15.2124 2
      vertex 17.7375 15.1741 0
      vertex 17.8 15.2124 0
    endloop
  endfacet
  facet normal 0.43078 -0.902457 0
    outer loop
      vertex 17.8644 15.2474 0
      vertex 17.9306 15.279 2
      vertex 17.8644 15.2474 2
    endloop
  endfacet
  facet normal 0.43078 -0.902457 0
    outer loop
      vertex 17.9306 15.279 2
      vertex 17.8644 15.2474 0
      vertex 17.9306 15.279 0
    endloop
  endfacet
  facet normal -0.996859 0.0792025 0
    outer loop
      vertex 19.8923 13.8537 0
      vertex 19.8981 13.9267 2
      vertex 19.8981 13.9267 0
    endloop
  endfacet
  facet normal -0.996859 0.0792025 0
    outer loop
      vertex 19.8981 13.9267 2
      vertex 19.8923 13.8537 0
      vertex 19.8923 13.8537 2
    endloop
  endfacet
  facet normal -0.878625 0.477513 0
    outer loop
      vertex 19.7124 13.3 0
      vertex 19.7474 13.3644 2
      vertex 19.7474 13.3644 0
    endloop
  endfacet
  facet normal -0.878625 0.477513 0
    outer loop
      vertex 19.7474 13.3644 2
      vertex 19.7124 13.3 0
      vertex 19.7124 13.3 2
    endloop
  endfacet
  facet normal 0.0792025 0.996859 -0
    outer loop
      vertex 18.4267 12.6019 0
      vertex 18.3537 12.6077 2
      vertex 18.4267 12.6019 2
    endloop
  endfacet
  facet normal 0.0792025 0.996859 0
    outer loop
      vertex 18.3537 12.6077 2
      vertex 18.4267 12.6019 0
      vertex 18.3537 12.6077 0
    endloop
  endfacet
  facet normal 0.824201 0.566297 0
    outer loop
      vertex 17.3674 13.1771 2
      vertex 17.3259 13.2375 0
      vertex 17.3259 13.2375 2
    endloop
  endfacet
  facet normal 0.824201 0.566297 0
    outer loop
      vertex 17.3259 13.2375 0
      vertex 17.3674 13.1771 2
      vertex 17.3674 13.1771 0
    endloop
  endfacet
  facet normal -0.983164 -0.182724 0
    outer loop
      vertex 19.8828 14.219 0
      vertex 19.8694 14.2911 2
      vertex 19.8694 14.2911 0
    endloop
  endfacet
  facet normal -0.983164 -0.182724 0
    outer loop
      vertex 19.8694 14.2911 2
      vertex 19.8828 14.219 0
      vertex 19.8828 14.219 2
    endloop
  endfacet
  facet normal -0.902457 -0.43078 0
    outer loop
      vertex 19.779 14.5694 0
      vertex 19.7474 14.6356 2
      vertex 19.7474 14.6356 0
    endloop
  endfacet
  facet normal -0.902457 -0.43078 0
    outer loop
      vertex 19.7474 14.6356 2
      vertex 19.779 14.5694 0
      vertex 19.779 14.5694 2
    endloop
  endfacet
  facet normal -0.924083 -0.382191 0
    outer loop
      vertex 19.807 14.5017 0
      vertex 19.779 14.5694 2
      vertex 19.779 14.5694 0
    endloop
  endfacet
  facet normal -0.924083 -0.382191 0
    outer loop
      vertex 19.779 14.5694 2
      vertex 19.807 14.5017 0
      vertex 19.807 14.5017 2
    endloop
  endfacet
  facet normal -0.958908 -0.283717 0
    outer loop
      vertex 19.8523 14.3623 0
      vertex 19.8315 14.4326 2
      vertex 19.8315 14.4326 0
    endloop
  endfacet
  facet normal -0.958908 -0.283717 0
    outer loop
      vertex 19.8315 14.4326 2
      vertex 19.8523 14.3623 0
      vertex 19.8523 14.3623 2
    endloop
  endfacet
  facet normal -0.760794 -0.648993 0
    outer loop
      vertex 19.588 14.881 0
      vertex 19.5404 14.9368 2
      vertex 19.5404 14.9368 0
    endloop
  endfacet
  facet normal -0.760794 -0.648993 0
    outer loop
      vertex 19.5404 14.9368 2
      vertex 19.588 14.881 0
      vertex 19.588 14.881 2
    endloop
  endfacet
  facet normal -0.724625 -0.689144 0
    outer loop
      vertex 19.5404 14.9368 0
      vertex 19.4899 14.9899 2
      vertex 19.4899 14.9899 0
    endloop
  endfacet
  facet normal -0.724625 -0.689144 0
    outer loop
      vertex 19.4899 14.9899 2
      vertex 19.5404 14.9368 0
      vertex 19.5404 14.9368 2
    endloop
  endfacet
  facet normal -0.793233 -0.608919 0
    outer loop
      vertex 19.6326 14.8229 0
      vertex 19.588 14.881 2
      vertex 19.588 14.881 0
    endloop
  endfacet
  facet normal -0.793233 -0.608919 0
    outer loop
      vertex 19.588 14.881 2
      vertex 19.6326 14.8229 0
      vertex 19.6326 14.8229 2
    endloop
  endfacet
  facet normal -0.689144 -0.724625 0
    outer loop
      vertex 19.4368 15.0404 0
      vertex 19.4899 14.9899 2
      vertex 19.4368 15.0404 2
    endloop
  endfacet
  facet normal -0.689144 -0.724625 -0
    outer loop
      vertex 19.4899 14.9899 2
      vertex 19.4368 15.0404 0
      vertex 19.4899 14.9899 0
    endloop
  endfacet
  facet normal -0.608919 -0.793233 0
    outer loop
      vertex 19.3229 15.1326 0
      vertex 19.381 15.088 2
      vertex 19.3229 15.1326 2
    endloop
  endfacet
  facet normal -0.608919 -0.793233 -0
    outer loop
      vertex 19.381 15.088 2
      vertex 19.3229 15.1326 0
      vertex 19.381 15.088 0
    endloop
  endfacet
  facet normal -0.0259122 -0.999664 0
    outer loop
      vertex 18.5 15.4 0
      vertex 18.5733 15.3981 2
      vertex 18.5 15.4 2
    endloop
  endfacet
  facet normal -0.0259122 -0.999664 -0
    outer loop
      vertex 18.5733 15.3981 2
      vertex 18.5 15.4 0
      vertex 18.5733 15.3981 0
    endloop
  endfacet
  facet normal -0.566297 -0.824201 0
    outer loop
      vertex 19.2625 15.1741 0
      vertex 19.3229 15.1326 2
      vertex 19.2625 15.1741 2
    endloop
  endfacet
  facet normal -0.566297 -0.824201 -0
    outer loop
      vertex 19.3229 15.1326 2
      vertex 19.2625 15.1741 0
      vertex 19.3229 15.1326 0
    endloop
  endfacet
  facet normal -0.43078 -0.902457 0
    outer loop
      vertex 19.0694 15.279 0
      vertex 19.1356 15.2474 2
      vertex 19.0694 15.279 2
    endloop
  endfacet
  facet normal -0.43078 -0.902457 -0
    outer loop
      vertex 19.1356 15.2474 2
      vertex 19.0694 15.279 0
      vertex 19.1356 15.2474 0
    endloop
  endfacet
  facet normal -0.283717 -0.958908 0
    outer loop
      vertex 18.8623 15.3523 0
      vertex 18.9326 15.3315 2
      vertex 18.8623 15.3523 2
    endloop
  endfacet
  facet normal -0.283717 -0.958908 -0
    outer loop
      vertex 18.9326 15.3315 2
      vertex 18.8623 15.3523 0
      vertex 18.9326 15.3315 0
    endloop
  endfacet
  facet normal -0.334175 -0.942511 0
    outer loop
      vertex 18.9326 15.3315 0
      vertex 19.0017 15.307 2
      vertex 18.9326 15.3315 2
    endloop
  endfacet
  facet normal -0.334175 -0.942511 -0
    outer loop
      vertex 19.0017 15.307 2
      vertex 18.9326 15.3315 0
      vertex 19.0017 15.307 0
    endloop
  endfacet
  facet normal -0.233528 -0.97235 0
    outer loop
      vertex 18.7911 15.3694 0
      vertex 18.8623 15.3523 2
      vertex 18.7911 15.3694 2
    endloop
  endfacet
  facet normal -0.233528 -0.97235 -0
    outer loop
      vertex 18.8623 15.3523 2
      vertex 18.7911 15.3694 0
      vertex 18.8623 15.3523 0
    endloop
  endfacet
  facet normal 0.999664 -0.0259122 0
    outer loop
      vertex 17.1 14 2
      vertex 17.1019 14.0733 0
      vertex 17.1019 14.0733 2
    endloop
  endfacet
  facet normal 0.999664 -0.0259122 0
    outer loop
      vertex 17.1019 14.0733 0
      vertex 17.1 14 2
      vertex 17.1 14 0
    endloop
  endfacet
  facet normal 0.958908 -0.283717 0
    outer loop
      vertex 17.1477 14.3623 2
      vertex 17.1685 14.4326 0
      vertex 17.1685 14.4326 2
    endloop
  endfacet
  facet normal 0.958908 -0.283717 0
    outer loop
      vertex 17.1685 14.4326 0
      vertex 17.1477 14.3623 2
      vertex 17.1477 14.3623 0
    endloop
  endfacet
  facet normal 0.942511 -0.334175 0
    outer loop
      vertex 17.1685 14.4326 2
      vertex 17.193 14.5017 0
      vertex 17.193 14.5017 2
    endloop
  endfacet
  facet normal 0.942511 -0.334175 0
    outer loop
      vertex 17.193 14.5017 0
      vertex 17.1685 14.4326 2
      vertex 17.1685 14.4326 0
    endloop
  endfacet
  facet normal 0.97235 -0.233528 0
    outer loop
      vertex 17.1306 14.2911 2
      vertex 17.1477 14.3623 0
      vertex 17.1477 14.3623 2
    endloop
  endfacet
  facet normal 0.97235 -0.233528 0
    outer loop
      vertex 17.1477 14.3623 0
      vertex 17.1306 14.2911 2
      vertex 17.1306 14.2911 0
    endloop
  endfacet
  facet normal 0.878625 -0.477513 0
    outer loop
      vertex 17.2526 14.6356 2
      vertex 17.2876 14.7 0
      vertex 17.2876 14.7 2
    endloop
  endfacet
  facet normal 0.878625 -0.477513 0
    outer loop
      vertex 17.2876 14.7 0
      vertex 17.2526 14.6356 2
      vertex 17.2526 14.6356 0
    endloop
  endfacet
  facet normal 0.902457 -0.43078 0
    outer loop
      vertex 17.221 14.5694 2
      vertex 17.2526 14.6356 0
      vertex 17.2526 14.6356 2
    endloop
  endfacet
  facet normal 0.902457 -0.43078 0
    outer loop
      vertex 17.2526 14.6356 0
      vertex 17.221 14.5694 2
      vertex 17.221 14.5694 0
    endloop
  endfacet
  facet normal 0.760794 -0.648993 0
    outer loop
      vertex 17.412 14.881 2
      vertex 17.4596 14.9368 0
      vertex 17.4596 14.9368 2
    endloop
  endfacet
  facet normal 0.760794 -0.648993 0
    outer loop
      vertex 17.4596 14.9368 0
      vertex 17.412 14.881 2
      vertex 17.412 14.881 0
    endloop
  endfacet
  facet normal 0.233528 -0.97235 0
    outer loop
      vertex 18.1377 15.3523 0
      vertex 18.2089 15.3694 2
      vertex 18.1377 15.3523 2
    endloop
  endfacet
  facet normal 0.233528 -0.97235 0
    outer loop
      vertex 18.2089 15.3694 2
      vertex 18.1377 15.3523 0
      vertex 18.2089 15.3694 0
    endloop
  endfacet
  facet normal 0.283717 -0.958908 0
    outer loop
      vertex 18.0674 15.3315 0
      vertex 18.1377 15.3523 2
      vertex 18.0674 15.3315 2
    endloop
  endfacet
  facet normal 0.283717 -0.958908 0
    outer loop
      vertex 18.1377 15.3523 2
      vertex 18.0674 15.3315 0
      vertex 18.1377 15.3523 0
    endloop
  endfacet
  facet normal 0.0259122 -0.999664 0
    outer loop
      vertex 18.4267 15.3981 0
      vertex 18.5 15.4 2
      vertex 18.4267 15.3981 2
    endloop
  endfacet
  facet normal 0.0259122 -0.999664 0
    outer loop
      vertex 18.5 15.4 2
      vertex 18.4267 15.3981 0
      vertex 18.5 15.4 0
    endloop
  endfacet
  facet normal 0.0792025 -0.996859 0
    outer loop
      vertex 18.3537 15.3923 0
      vertex 18.4267 15.3981 2
      vertex 18.3537 15.3923 2
    endloop
  endfacet
  facet normal 0.0792025 -0.996859 0
    outer loop
      vertex 18.4267 15.3981 2
      vertex 18.3537 15.3923 0
      vertex 18.4267 15.3981 0
    endloop
  endfacet
  facet normal 0.382191 -0.924083 0
    outer loop
      vertex 17.9306 15.279 0
      vertex 17.9983 15.307 2
      vertex 17.9306 15.279 2
    endloop
  endfacet
  facet normal 0.382191 -0.924083 0
    outer loop
      vertex 17.9983 15.307 2
      vertex 17.9306 15.279 0
      vertex 17.9983 15.307 0
    endloop
  endfacet
  facet normal 0.608919 -0.793233 0
    outer loop
      vertex 17.619 15.088 0
      vertex 17.6771 15.1326 2
      vertex 17.619 15.088 2
    endloop
  endfacet
  facet normal 0.608919 -0.793233 0
    outer loop
      vertex 17.6771 15.1326 2
      vertex 17.619 15.088 0
      vertex 17.6771 15.1326 0
    endloop
  endfacet
  facet normal 0.648993 -0.760794 0
    outer loop
      vertex 17.5632 15.0404 0
      vertex 17.619 15.088 2
      vertex 17.5632 15.0404 2
    endloop
  endfacet
  facet normal 0.648993 -0.760794 0
    outer loop
      vertex 17.619 15.088 2
      vertex 17.5632 15.0404 0
      vertex 17.619 15.088 0
    endloop
  endfacet
  facet normal 0.566297 -0.824201 0
    outer loop
      vertex 17.6771 15.1326 0
      vertex 17.7375 15.1741 2
      vertex 17.6771 15.1326 2
    endloop
  endfacet
  facet normal 0.566297 -0.824201 0
    outer loop
      vertex 17.7375 15.1741 2
      vertex 17.6771 15.1326 0
      vertex 17.7375 15.1741 0
    endloop
  endfacet
  facet normal 0.689144 -0.724625 0
    outer loop
      vertex 17.5101 14.9899 0
      vertex 17.5632 15.0404 2
      vertex 17.5101 14.9899 2
    endloop
  endfacet
  facet normal 0.689144 -0.724625 0
    outer loop
      vertex 17.5632 15.0404 2
      vertex 17.5101 14.9899 0
      vertex 17.5632 15.0404 0
    endloop
  endfacet
  facet normal -0.999664 -0.0259122 0
    outer loop
      vertex 19.9 14 0
      vertex 19.8981 14.0733 2
      vertex 19.8981 14.0733 0
    endloop
  endfacet
  facet normal -0.999664 -0.0259122 0
    outer loop
      vertex 19.8981 14.0733 2
      vertex 19.9 14 0
      vertex 19.9 14 2
    endloop
  endfacet
  facet normal -0.0259122 0.999664 0
    outer loop
      vertex 18.5733 12.6019 0
      vertex 18.5 12.6 2
      vertex 18.5733 12.6019 2
    endloop
  endfacet
  facet normal -0.0259122 0.999664 0
    outer loop
      vertex 18.5 12.6 2
      vertex 18.5733 12.6019 0
      vertex 18.5 12.6 0
    endloop
  endfacet
  facet normal -0.942511 0.334175 0
    outer loop
      vertex 19.807 13.4983 0
      vertex 19.8315 13.5674 2
      vertex 19.8315 13.5674 0
    endloop
  endfacet
  facet normal -0.942511 0.334175 0
    outer loop
      vertex 19.8315 13.5674 2
      vertex 19.807 13.4983 0
      vertex 19.807 13.4983 2
    endloop
  endfacet
  facet normal -0.999664 0.0259122 0
    outer loop
      vertex 19.8981 13.9267 0
      vertex 19.9 14 2
      vertex 19.9 14 0
    endloop
  endfacet
  facet normal -0.999664 0.0259122 0
    outer loop
      vertex 19.9 14 2
      vertex 19.8981 13.9267 0
      vertex 19.8981 13.9267 2
    endloop
  endfacet
  facet normal -0.99157 0.129572 0
    outer loop
      vertex 19.8828 13.781 0
      vertex 19.8923 13.8537 2
      vertex 19.8923 13.8537 0
    endloop
  endfacet
  facet normal -0.99157 0.129572 0
    outer loop
      vertex 19.8923 13.8537 2
      vertex 19.8828 13.781 0
      vertex 19.8828 13.781 2
    endloop
  endfacet
  facet normal -0.97235 0.233528 0
    outer loop
      vertex 19.8523 13.6377 0
      vertex 19.8694 13.7089 2
      vertex 19.8694 13.7089 0
    endloop
  endfacet
  facet normal -0.97235 0.233528 0
    outer loop
      vertex 19.8694 13.7089 2
      vertex 19.8523 13.6377 0
      vertex 19.8523 13.6377 2
    endloop
  endfacet
  facet normal -0.0792025 0.996859 0
    outer loop
      vertex 18.6463 12.6077 0
      vertex 18.5733 12.6019 2
      vertex 18.6463 12.6077 2
    endloop
  endfacet
  facet normal -0.0792025 0.996859 0
    outer loop
      vertex 18.5733 12.6019 2
      vertex 18.6463 12.6077 0
      vertex 18.5733 12.6019 0
    endloop
  endfacet
  facet normal -0.129572 0.99157 0
    outer loop
      vertex 18.719 12.6172 0
      vertex 18.6463 12.6077 2
      vertex 18.719 12.6172 2
    endloop
  endfacet
  facet normal -0.129572 0.99157 0
    outer loop
      vertex 18.6463 12.6077 2
      vertex 18.719 12.6172 0
      vertex 18.6463 12.6077 0
    endloop
  endfacet
  facet normal -0.334175 0.942511 0
    outer loop
      vertex 19.0017 12.693 0
      vertex 18.9326 12.6685 2
      vertex 19.0017 12.693 2
    endloop
  endfacet
  facet normal -0.334175 0.942511 0
    outer loop
      vertex 18.9326 12.6685 2
      vertex 19.0017 12.693 0
      vertex 18.9326 12.6685 0
    endloop
  endfacet
  facet normal -0.233528 0.97235 0
    outer loop
      vertex 18.8623 12.6477 0
      vertex 18.7911 12.6306 2
      vertex 18.8623 12.6477 2
    endloop
  endfacet
  facet normal -0.233528 0.97235 0
    outer loop
      vertex 18.7911 12.6306 2
      vertex 18.8623 12.6477 0
      vertex 18.7911 12.6306 0
    endloop
  endfacet
  facet normal -0.608919 0.793233 0
    outer loop
      vertex 19.381 12.912 0
      vertex 19.3229 12.8674 2
      vertex 19.381 12.912 2
    endloop
  endfacet
  facet normal -0.608919 0.793233 0
    outer loop
      vertex 19.3229 12.8674 2
      vertex 19.381 12.912 0
      vertex 19.3229 12.8674 0
    endloop
  endfacet
  facet normal -0.689144 0.724625 0
    outer loop
      vertex 19.4899 13.0101 0
      vertex 19.4368 12.9596 2
      vertex 19.4899 13.0101 2
    endloop
  endfacet
  facet normal -0.689144 0.724625 0
    outer loop
      vertex 19.4368 12.9596 2
      vertex 19.4899 13.0101 0
      vertex 19.4368 12.9596 0
    endloop
  endfacet
  facet normal -0.522498 0.85264 0
    outer loop
      vertex 19.2625 12.8259 0
      vertex 19.2 12.7876 2
      vertex 19.2625 12.8259 2
    endloop
  endfacet
  facet normal -0.522498 0.85264 0
    outer loop
      vertex 19.2 12.7876 2
      vertex 19.2625 12.8259 0
      vertex 19.2 12.7876 0
    endloop
  endfacet
  facet normal -0.43078 0.902457 0
    outer loop
      vertex 19.1356 12.7526 0
      vertex 19.0694 12.721 2
      vertex 19.1356 12.7526 2
    endloop
  endfacet
  facet normal -0.43078 0.902457 0
    outer loop
      vertex 19.0694 12.721 2
      vertex 19.1356 12.7526 0
      vertex 19.0694 12.721 0
    endloop
  endfacet
  facet normal -0.902457 0.43078 0
    outer loop
      vertex 19.7474 13.3644 0
      vertex 19.779 13.4306 2
      vertex 19.779 13.4306 0
    endloop
  endfacet
  facet normal -0.902457 0.43078 0
    outer loop
      vertex 19.779 13.4306 2
      vertex 19.7474 13.3644 0
      vertex 19.7474 13.3644 2
    endloop
  endfacet
  facet normal -0.824201 0.566297 0
    outer loop
      vertex 19.6326 13.1771 0
      vertex 19.6741 13.2375 2
      vertex 19.6741 13.2375 0
    endloop
  endfacet
  facet normal -0.824201 0.566297 0
    outer loop
      vertex 19.6741 13.2375 2
      vertex 19.6326 13.1771 0
      vertex 19.6326 13.1771 2
    endloop
  endfacet
  facet normal 0.334175 0.942511 -0
    outer loop
      vertex 18.0674 12.6685 0
      vertex 17.9983 12.693 2
      vertex 18.0674 12.6685 2
    endloop
  endfacet
  facet normal 0.334175 0.942511 0
    outer loop
      vertex 17.9983 12.693 2
      vertex 18.0674 12.6685 0
      vertex 17.9983 12.693 0
    endloop
  endfacet
  facet normal 0.233528 0.97235 -0
    outer loop
      vertex 18.2089 12.6306 0
      vertex 18.1377 12.6477 2
      vertex 18.2089 12.6306 2
    endloop
  endfacet
  facet normal 0.233528 0.97235 0
    outer loop
      vertex 18.1377 12.6477 2
      vertex 18.2089 12.6306 0
      vertex 18.1377 12.6477 0
    endloop
  endfacet
  facet normal 0.522498 0.85264 -0
    outer loop
      vertex 17.8 12.7876 0
      vertex 17.7375 12.8259 2
      vertex 17.8 12.7876 2
    endloop
  endfacet
  facet normal 0.522498 0.85264 0
    outer loop
      vertex 17.7375 12.8259 2
      vertex 17.8 12.7876 0
      vertex 17.7375 12.8259 0
    endloop
  endfacet
  facet normal 0.43078 0.902457 -0
    outer loop
      vertex 17.9306 12.721 0
      vertex 17.8644 12.7526 2
      vertex 17.9306 12.721 2
    endloop
  endfacet
  facet normal 0.43078 0.902457 0
    outer loop
      vertex 17.8644 12.7526 2
      vertex 17.9306 12.721 0
      vertex 17.8644 12.7526 0
    endloop
  endfacet
  facet normal 0.608919 0.793233 -0
    outer loop
      vertex 17.6771 12.8674 0
      vertex 17.619 12.912 2
      vertex 17.6771 12.8674 2
    endloop
  endfacet
  facet normal 0.608919 0.793233 0
    outer loop
      vertex 17.619 12.912 2
      vertex 17.6771 12.8674 0
      vertex 17.619 12.912 0
    endloop
  endfacet
  facet normal 0.983164 0.182724 0
    outer loop
      vertex 17.1306 13.7089 2
      vertex 17.1172 13.781 0
      vertex 17.1172 13.781 2
    endloop
  endfacet
  facet normal 0.983164 0.182724 0
    outer loop
      vertex 17.1172 13.781 0
      vertex 17.1306 13.7089 2
      vertex 17.1306 13.7089 0
    endloop
  endfacet
  facet normal 0.99157 0.129572 0
    outer loop
      vertex 17.1172 13.781 2
      vertex 17.1077 13.8537 0
      vertex 17.1077 13.8537 2
    endloop
  endfacet
  facet normal 0.99157 0.129572 0
    outer loop
      vertex 17.1077 13.8537 0
      vertex 17.1172 13.781 2
      vertex 17.1172 13.781 0
    endloop
  endfacet
  facet normal 0.999664 0.0259122 0
    outer loop
      vertex 17.1019 13.9267 2
      vertex 17.1 14 0
      vertex 17.1 14 2
    endloop
  endfacet
  facet normal 0.999664 0.0259122 0
    outer loop
      vertex 17.1 14 0
      vertex 17.1019 13.9267 2
      vertex 17.1019 13.9267 0
    endloop
  endfacet
  facet normal 0.878625 0.477513 0
    outer loop
      vertex 17.2876 13.3 2
      vertex 17.2526 13.3644 0
      vertex 17.2526 13.3644 2
    endloop
  endfacet
  facet normal 0.878625 0.477513 0
    outer loop
      vertex 17.2526 13.3644 0
      vertex 17.2876 13.3 2
      vertex 17.2876 13.3 0
    endloop
  endfacet
  facet normal 0.924083 0.382191 0
    outer loop
      vertex 17.221 13.4306 2
      vertex 17.193 13.4983 0
      vertex 17.193 13.4983 2
    endloop
  endfacet
  facet normal 0.924083 0.382191 0
    outer loop
      vertex 17.193 13.4983 0
      vertex 17.221 13.4306 2
      vertex 17.221 13.4306 0
    endloop
  endfacet
  facet normal 0.760794 0.648993 0
    outer loop
      vertex 17.4596 13.0632 2
      vertex 17.412 13.119 0
      vertex 17.412 13.119 2
    endloop
  endfacet
  facet normal 0.760794 0.648993 0
    outer loop
      vertex 17.412 13.119 0
      vertex 17.4596 13.0632 2
      vertex 17.4596 13.0632 0
    endloop
  endfacet
  facet normal -0.996859 -0.0792025 0
    outer loop
      vertex 19.8981 14.0733 0
      vertex 19.8923 14.1463 2
      vertex 19.8923 14.1463 0
    endloop
  endfacet
  facet normal -0.996859 -0.0792025 0
    outer loop
      vertex 19.8923 14.1463 2
      vertex 19.8981 14.0733 0
      vertex 19.8981 14.0733 2
    endloop
  endfacet
  facet normal -0.85264 -0.522498 0
    outer loop
      vertex 19.7124 14.7 0
      vertex 19.6741 14.7625 2
      vertex 19.6741 14.7625 0
    endloop
  endfacet
  facet normal -0.85264 -0.522498 0
    outer loop
      vertex 19.6741 14.7625 2
      vertex 19.7124 14.7 0
      vertex 19.7124 14.7 2
    endloop
  endfacet
  facet normal -0.0792025 -0.996859 0
    outer loop
      vertex 18.5733 15.3981 0
      vertex 18.6463 15.3923 2
      vertex 18.5733 15.3981 2
    endloop
  endfacet
  facet normal -0.0792025 -0.996859 -0
    outer loop
      vertex 18.6463 15.3923 2
      vertex 18.5733 15.3981 0
      vertex 18.6463 15.3923 0
    endloop
  endfacet
  facet normal 0.996859 -0.0792025 0
    outer loop
      vertex 17.1019 14.0733 2
      vertex 17.1077 14.1463 0
      vertex 17.1077 14.1463 2
    endloop
  endfacet
  facet normal 0.996859 -0.0792025 0
    outer loop
      vertex 17.1077 14.1463 0
      vertex 17.1019 14.0733 2
      vertex 17.1019 14.0733 0
    endloop
  endfacet
  facet normal 0.85264 -0.522498 0
    outer loop
      vertex 17.2876 14.7 2
      vertex 17.3259 14.7625 0
      vertex 17.3259 14.7625 2
    endloop
  endfacet
  facet normal 0.85264 -0.522498 0
    outer loop
      vertex 17.3259 14.7625 0
      vertex 17.2876 14.7 2
      vertex 17.2876 14.7 0
    endloop
  endfacet
  facet normal 0.793233 -0.608919 0
    outer loop
      vertex 17.3674 14.8229 2
      vertex 17.412 14.881 0
      vertex 17.412 14.881 2
    endloop
  endfacet
  facet normal 0.793233 -0.608919 0
    outer loop
      vertex 17.412 14.881 0
      vertex 17.3674 14.8229 2
      vertex 17.3674 14.8229 0
    endloop
  endfacet
  facet normal 0.182724 -0.983164 0
    outer loop
      vertex 18.2089 15.3694 0
      vertex 18.281 15.3828 2
      vertex 18.2089 15.3694 2
    endloop
  endfacet
  facet normal 0.182724 -0.983164 0
    outer loop
      vertex 18.281 15.3828 2
      vertex 18.2089 15.3694 0
      vertex 18.281 15.3828 0
    endloop
  endfacet
  facet normal 0.477513 -0.878625 0
    outer loop
      vertex 17.8 15.2124 0
      vertex 17.8644 15.2474 2
      vertex 17.8 15.2124 2
    endloop
  endfacet
  facet normal 0.477513 -0.878625 0
    outer loop
      vertex 17.8644 15.2474 2
      vertex 17.8 15.2124 0
      vertex 17.8644 15.2474 0
    endloop
  endfacet
  facet normal -0.958908 0.283717 0
    outer loop
      vertex 19.8315 13.5674 0
      vertex 19.8523 13.6377 2
      vertex 19.8523 13.6377 0
    endloop
  endfacet
  facet normal -0.958908 0.283717 0
    outer loop
      vertex 19.8523 13.6377 2
      vertex 19.8315 13.5674 0
      vertex 19.8315 13.5674 2
    endloop
  endfacet
  facet normal -0.983164 0.182724 0
    outer loop
      vertex 19.8694 13.7089 0
      vertex 19.8828 13.781 2
      vertex 19.8828 13.781 0
    endloop
  endfacet
  facet normal -0.983164 0.182724 0
    outer loop
      vertex 19.8828 13.781 2
      vertex 19.8694 13.7089 0
      vertex 19.8694 13.7089 2
    endloop
  endfacet
  facet normal -0.182724 0.983164 0
    outer loop
      vertex 18.7911 12.6306 0
      vertex 18.719 12.6172 2
      vertex 18.7911 12.6306 2
    endloop
  endfacet
  facet normal -0.182724 0.983164 0
    outer loop
      vertex 18.719 12.6172 2
      vertex 18.7911 12.6306 0
      vertex 18.719 12.6172 0
    endloop
  endfacet
  facet normal -0.382191 0.924083 0
    outer loop
      vertex 19.0694 12.721 0
      vertex 19.0017 12.693 2
      vertex 19.0694 12.721 2
    endloop
  endfacet
  facet normal -0.382191 0.924083 0
    outer loop
      vertex 19.0017 12.693 2
      vertex 19.0694 12.721 0
      vertex 19.0017 12.693 0
    endloop
  endfacet
  facet normal -0.283717 0.958908 0
    outer loop
      vertex 18.9326 12.6685 0
      vertex 18.8623 12.6477 2
      vertex 18.9326 12.6685 2
    endloop
  endfacet
  facet normal -0.283717 0.958908 0
    outer loop
      vertex 18.8623 12.6477 2
      vertex 18.9326 12.6685 0
      vertex 18.8623 12.6477 0
    endloop
  endfacet
  facet normal -0.648993 0.760794 0
    outer loop
      vertex 19.4368 12.9596 0
      vertex 19.381 12.912 2
      vertex 19.4368 12.9596 2
    endloop
  endfacet
  facet normal -0.648993 0.760794 0
    outer loop
      vertex 19.381 12.912 2
      vertex 19.4368 12.9596 0
      vertex 19.381 12.912 0
    endloop
  endfacet
  facet normal -0.724625 0.689144 0
    outer loop
      vertex 19.4899 13.0101 0
      vertex 19.5404 13.0632 2
      vertex 19.5404 13.0632 0
    endloop
  endfacet
  facet normal -0.724625 0.689144 0
    outer loop
      vertex 19.5404 13.0632 2
      vertex 19.4899 13.0101 0
      vertex 19.4899 13.0101 2
    endloop
  endfacet
  facet normal -0.566297 0.824201 0
    outer loop
      vertex 19.3229 12.8674 0
      vertex 19.2625 12.8259 2
      vertex 19.3229 12.8674 2
    endloop
  endfacet
  facet normal -0.566297 0.824201 0
    outer loop
      vertex 19.2625 12.8259 2
      vertex 19.3229 12.8674 0
      vertex 19.2625 12.8259 0
    endloop
  endfacet
  facet normal -0.477513 0.878625 0
    outer loop
      vertex 19.2 12.7876 0
      vertex 19.1356 12.7526 2
      vertex 19.2 12.7876 2
    endloop
  endfacet
  facet normal -0.477513 0.878625 0
    outer loop
      vertex 19.1356 12.7526 2
      vertex 19.2 12.7876 0
      vertex 19.1356 12.7526 0
    endloop
  endfacet
  facet normal -0.924083 0.382191 0
    outer loop
      vertex 19.779 13.4306 0
      vertex 19.807 13.4983 2
      vertex 19.807 13.4983 0
    endloop
  endfacet
  facet normal -0.924083 0.382191 0
    outer loop
      vertex 19.807 13.4983 2
      vertex 19.779 13.4306 0
      vertex 19.779 13.4306 2
    endloop
  endfacet
  facet normal -0.793233 0.608919 0
    outer loop
      vertex 19.588 13.119 0
      vertex 19.6326 13.1771 2
      vertex 19.6326 13.1771 0
    endloop
  endfacet
  facet normal -0.793233 0.608919 0
    outer loop
      vertex 19.6326 13.1771 2
      vertex 19.588 13.119 0
      vertex 19.588 13.119 2
    endloop
  endfacet
  facet normal -0.85264 0.522498 0
    outer loop
      vertex 19.6741 13.2375 0
      vertex 19.7124 13.3 2
      vertex 19.7124 13.3 0
    endloop
  endfacet
  facet normal -0.85264 0.522498 0
    outer loop
      vertex 19.7124 13.3 2
      vertex 19.6741 13.2375 0
      vertex 19.6741 13.2375 2
    endloop
  endfacet
  facet normal 0.0259122 0.999664 -0
    outer loop
      vertex 18.5 12.6 0
      vertex 18.4267 12.6019 2
      vertex 18.5 12.6 2
    endloop
  endfacet
  facet normal 0.0259122 0.999664 0
    outer loop
      vertex 18.4267 12.6019 2
      vertex 18.5 12.6 0
      vertex 18.4267 12.6019 0
    endloop
  endfacet
  facet normal 0.283717 0.958908 -0
    outer loop
      vertex 18.1377 12.6477 0
      vertex 18.0674 12.6685 2
      vertex 18.1377 12.6477 2
    endloop
  endfacet
  facet normal 0.283717 0.958908 0
    outer loop
      vertex 18.0674 12.6685 2
      vertex 18.1377 12.6477 0
      vertex 18.0674 12.6685 0
    endloop
  endfacet
  facet normal 0.182724 0.983164 -0
    outer loop
      vertex 18.281 12.6172 0
      vertex 18.2089 12.6306 2
      vertex 18.281 12.6172 2
    endloop
  endfacet
  facet normal 0.182724 0.983164 0
    outer loop
      vertex 18.2089 12.6306 2
      vertex 18.281 12.6172 0
      vertex 18.2089 12.6306 0
    endloop
  endfacet
  facet normal 0.477513 0.878625 -0
    outer loop
      vertex 17.8644 12.7526 0
      vertex 17.8 12.7876 2
      vertex 17.8644 12.7526 2
    endloop
  endfacet
  facet normal 0.477513 0.878625 0
    outer loop
      vertex 17.8 12.7876 2
      vertex 17.8644 12.7526 0
      vertex 17.8 12.7876 0
    endloop
  endfacet
  facet normal 0.382191 0.924083 -0
    outer loop
      vertex 17.9983 12.693 0
      vertex 17.9306 12.721 2
      vertex 17.9983 12.693 2
    endloop
  endfacet
  facet normal 0.382191 0.924083 0
    outer loop
      vertex 17.9306 12.721 2
      vertex 17.9983 12.693 0
      vertex 17.9306 12.721 0
    endloop
  endfacet
  facet normal 0.648993 0.760794 -0
    outer loop
      vertex 17.619 12.912 0
      vertex 17.5632 12.9596 2
      vertex 17.619 12.912 2
    endloop
  endfacet
  facet normal 0.648993 0.760794 0
    outer loop
      vertex 17.5632 12.9596 2
      vertex 17.619 12.912 0
      vertex 17.5632 12.9596 0
    endloop
  endfacet
  facet normal 0.566297 0.824201 -0
    outer loop
      vertex 17.7375 12.8259 0
      vertex 17.6771 12.8674 2
      vertex 17.7375 12.8259 2
    endloop
  endfacet
  facet normal 0.566297 0.824201 0
    outer loop
      vertex 17.6771 12.8674 2
      vertex 17.7375 12.8259 0
      vertex 17.6771 12.8674 0
    endloop
  endfacet
  facet normal 0.942511 0.334175 0
    outer loop
      vertex 17.193 13.4983 2
      vertex 17.1685 13.5674 0
      vertex 17.1685 13.5674 2
    endloop
  endfacet
  facet normal 0.942511 0.334175 0
    outer loop
      vertex 17.1685 13.5674 0
      vertex 17.193 13.4983 2
      vertex 17.193 13.4983 0
    endloop
  endfacet
  facet normal 0.97235 0.233528 0
    outer loop
      vertex 17.1477 13.6377 2
      vertex 17.1306 13.7089 0
      vertex 17.1306 13.7089 2
    endloop
  endfacet
  facet normal 0.97235 0.233528 0
    outer loop
      vertex 17.1306 13.7089 0
      vertex 17.1477 13.6377 2
      vertex 17.1477 13.6377 0
    endloop
  endfacet
  facet normal 0.996859 0.0792025 0
    outer loop
      vertex 17.1077 13.8537 2
      vertex 17.1019 13.9267 0
      vertex 17.1019 13.9267 2
    endloop
  endfacet
  facet normal 0.996859 0.0792025 0
    outer loop
      vertex 17.1019 13.9267 0
      vertex 17.1077 13.8537 2
      vertex 17.1077 13.8537 0
    endloop
  endfacet
  facet normal 0.85264 0.522498 0
    outer loop
      vertex 17.3259 13.2375 2
      vertex 17.2876 13.3 0
      vertex 17.2876 13.3 2
    endloop
  endfacet
  facet normal 0.85264 0.522498 0
    outer loop
      vertex 17.2876 13.3 0
      vertex 17.3259 13.2375 2
      vertex 17.3259 13.2375 0
    endloop
  endfacet
  facet normal 0.902457 0.43078 0
    outer loop
      vertex 17.2526 13.3644 2
      vertex 17.221 13.4306 0
      vertex 17.221 13.4306 2
    endloop
  endfacet
  facet normal 0.902457 0.43078 0
    outer loop
      vertex 17.221 13.4306 0
      vertex 17.2526 13.3644 2
      vertex 17.2526 13.3644 0
    endloop
  endfacet
  facet normal 0.793233 0.608919 0
    outer loop
      vertex 17.412 13.119 2
      vertex 17.3674 13.1771 0
      vertex 17.3674 13.1771 2
    endloop
  endfacet
  facet normal 0.793233 0.608919 0
    outer loop
      vertex 17.3674 13.1771 0
      vertex 17.412 13.119 2
      vertex 17.412 13.119 0
    endloop
  endfacet
  facet normal 0.724625 0.689144 0
    outer loop
      vertex 17.5101 13.0101 2
      vertex 17.4596 13.0632 0
      vertex 17.4596 13.0632 2
    endloop
  endfacet
  facet normal 0.724625 0.689144 0
    outer loop
      vertex 17.4596 13.0632 0
      vertex 17.5101 13.0101 2
      vertex 17.5101 13.0101 0
    endloop
  endfacet
  facet normal -0.68847 -0.725264 0
    outer loop
      vertex 20.3067 16.0065 2
      vertex 20.4092 15.9092 4
      vertex 20.3067 16.0065 4
    endloop
  endfacet
  facet normal -0.68847 -0.725264 -0
    outer loop
      vertex 20.4092 15.9092 4
      vertex 20.3067 16.0065 2
      vertex 20.4092 15.9092 2
    endloop
  endfacet
  facet normal 0.333782 -0.94265 0
    outer loop
      vertex 17.5324 16.5207 2
      vertex 17.6657 16.5679 4
      vertex 17.5324 16.5207 4
    endloop
  endfacet
  facet normal 0.333782 -0.94265 0
    outer loop
      vertex 17.6657 16.5679 4
      vertex 17.5324 16.5207 2
      vertex 17.6657 16.5679 2
    endloop
  endfacet
  facet normal 0.92387 -0.382706 0
    outer loop
      vertex 15.9793 14.9676 4
      vertex 16.0334 15.0982 2
      vertex 16.0334 15.0982 4
    endloop
  endfacet
  facet normal 0.92387 -0.382706 0
    outer loop
      vertex 16.0334 15.0982 2
      vertex 15.9793 14.9676 4
      vertex 15.9793 14.9676 2
    endloop
  endfacet
  facet normal -0.958891 -0.283775 0
    outer loop
      vertex 21.108 14.6988 2
      vertex 21.0679 14.8343 4
      vertex 21.0679 14.8343 2
    endloop
  endfacet
  facet normal -0.958891 -0.283775 0
    outer loop
      vertex 21.0679 14.8343 4
      vertex 21.108 14.6988 2
      vertex 21.108 14.6988 4
    endloop
  endfacet
  facet normal -0.902481 -0.43073 0
    outer loop
      vertex 20.9666 15.0982 2
      vertex 20.9057 15.2258 4
      vertex 20.9057 15.2258 2
    endloop
  endfacet
  facet normal -0.902481 -0.43073 0
    outer loop
      vertex 20.9057 15.2258 4
      vertex 20.9666 15.0982 2
      vertex 20.9666 15.0982 4
    endloop
  endfacet
  facet normal -0.382706 -0.92387 0
    outer loop
      vertex 19.4676 16.5207 2
      vertex 19.5982 16.4666 4
      vertex 19.4676 16.5207 4
    endloop
  endfacet
  facet normal -0.382706 -0.92387 -0
    outer loop
      vertex 19.5982 16.4666 4
      vertex 19.4676 16.5207 2
      vertex 19.5982 16.4666 2
    endloop
  endfacet
  facet normal 0.725264 -0.68847 0
    outer loop
      vertex 16.4935 15.8067 4
      vertex 16.5908 15.9092 2
      vertex 16.5908 15.9092 4
    endloop
  endfacet
  facet normal 0.725264 -0.68847 0
    outer loop
      vertex 16.5908 15.9092 2
      vertex 16.4935 15.8067 4
      vertex 16.4935 15.8067 2
    endloop
  endfacet
  facet normal 0.182495 -0.983207 0
    outer loop
      vertex 17.9386 16.641 2
      vertex 18.0776 16.6668 4
      vertex 17.9386 16.641 4
    endloop
  endfacet
  facet normal 0.182495 -0.983207 0
    outer loop
      vertex 18.0776 16.6668 4
      vertex 17.9386 16.641 2
      vertex 18.0776 16.6668 2
    endloop
  endfacet
  facet normal -0.725264 0.68847 0
    outer loop
      vertex 20.4092 12.0908 2
      vertex 20.5065 12.1933 4
      vertex 20.5065 12.1933 2
    endloop
  endfacet
  facet normal -0.725264 0.68847 0
    outer loop
      vertex 20.5065 12.1933 4
      vertex 20.4092 12.0908 2
      vertex 20.4092 12.0908 4
    endloop
  endfacet
  facet normal 0.68847 0.725264 -0
    outer loop
      vertex 16.6933 11.9935 2
      vertex 16.5908 12.0908 4
      vertex 16.6933 11.9935 4
    endloop
  endfacet
  facet normal 0.68847 0.725264 0
    outer loop
      vertex 16.5908 12.0908 4
      vertex 16.6933 11.9935 2
      vertex 16.5908 12.0908 2
    endloop
  endfacet
  facet normal 0.94265 0.333782 0
    outer loop
      vertex 15.9793 13.0324 4
      vertex 15.9321 13.1657 2
      vertex 15.9321 13.1657 4
    endloop
  endfacet
  facet normal 0.94265 0.333782 0
    outer loop
      vertex 15.9321 13.1657 2
      vertex 15.9793 13.0324 4
      vertex 15.9793 13.0324 2
    endloop
  endfacet
  facet normal -0.991498 -0.130125 0
    outer loop
      vertex 21.1852 14.2822 2
      vertex 21.1668 14.4224 4
      vertex 21.1668 14.4224 2
    endloop
  endfacet
  facet normal -0.991498 -0.130125 0
    outer loop
      vertex 21.1668 14.4224 4
      vertex 21.1852 14.2822 2
      vertex 21.1852 14.2822 4
    endloop
  endfacet
  facet normal -0.983207 -0.182495 0
    outer loop
      vertex 21.1668 14.4224 2
      vertex 21.141 14.5614 4
      vertex 21.141 14.5614 2
    endloop
  endfacet
  facet normal -0.983207 -0.182495 0
    outer loop
      vertex 21.141 14.5614 4
      vertex 21.1668 14.4224 2
      vertex 21.1668 14.4224 4
    endloop
  endfacet
  facet normal -0.852459 -0.522794 0
    outer loop
      vertex 20.8383 15.35 2
      vertex 20.7644 15.4705 4
      vertex 20.7644 15.4705 2
    endloop
  endfacet
  facet normal -0.852459 -0.522794 0
    outer loop
      vertex 20.7644 15.4705 4
      vertex 20.8383 15.35 2
      vertex 20.8383 15.35 4
    endloop
  endfacet
  facet normal -0.566559 -0.824021 0
    outer loop
      vertex 19.9705 16.2644 2
      vertex 20.087 16.1843 4
      vertex 19.9705 16.2644 4
    endloop
  endfacet
  facet normal -0.566559 -0.824021 -0
    outer loop
      vertex 20.087 16.1843 4
      vertex 19.9705 16.2644 2
      vertex 20.087 16.1843 2
    endloop
  endfacet
  facet normal -0.0261764 -0.999657 0
    outer loop
      vertex 18.5 16.7 2
      vertex 18.6413 16.6963 4
      vertex 18.5 16.7 4
    endloop
  endfacet
  facet normal -0.0261764 -0.999657 -0
    outer loop
      vertex 18.6413 16.6963 4
      vertex 18.5 16.7 2
      vertex 18.6413 16.6963 2
    endloop
  endfacet
  facet normal -0.333782 -0.94265 0
    outer loop
      vertex 19.3343 16.5679 2
      vertex 19.4676 16.5207 4
      vertex 19.3343 16.5679 4
    endloop
  endfacet
  facet normal -0.333782 -0.94265 -0
    outer loop
      vertex 19.4676 16.5207 4
      vertex 19.3343 16.5679 2
      vertex 19.4676 16.5207 2
    endloop
  endfacet
  facet normal -0.233534 -0.972349 0
    outer loop
      vertex 19.0614 16.641 2
      vertex 19.1988 16.608 4
      vertex 19.0614 16.641 4
    endloop
  endfacet
  facet normal -0.233534 -0.972349 -0
    outer loop
      vertex 19.1988 16.608 4
      vertex 19.0614 16.641 2
      vertex 19.1988 16.608 2
    endloop
  endfacet
  facet normal 0.999657 -0.0261764 0
    outer loop
      vertex 15.8 14 4
      vertex 15.8037 14.1413 2
      vertex 15.8037 14.1413 4
    endloop
  endfacet
  facet normal 0.999657 -0.0261764 0
    outer loop
      vertex 15.8037 14.1413 2
      vertex 15.8 14 4
      vertex 15.8 14 2
    endloop
  endfacet
  facet normal 0.94265 -0.333782 0
    outer loop
      vertex 15.9321 14.8343 4
      vertex 15.9793 14.9676 2
      vertex 15.9793 14.9676 4
    endloop
  endfacet
  facet normal 0.94265 -0.333782 0
    outer loop
      vertex 15.9793 14.9676 2
      vertex 15.9321 14.8343 4
      vertex 15.9321 14.8343 2
    endloop
  endfacet
  facet normal 0.972349 -0.233534 0
    outer loop
      vertex 15.859 14.5614 4
      vertex 15.892 14.6988 2
      vertex 15.892 14.6988 4
    endloop
  endfacet
  facet normal 0.972349 -0.233534 0
    outer loop
      vertex 15.892 14.6988 2
      vertex 15.859 14.5614 4
      vertex 15.859 14.5614 2
    endloop
  endfacet
  facet normal 0.824021 -0.566559 0
    outer loop
      vertex 16.2356 15.4705 4
      vertex 16.3157 15.587 2
      vertex 16.3157 15.587 4
    endloop
  endfacet
  facet normal 0.824021 -0.566559 0
    outer loop
      vertex 16.3157 15.587 2
      vertex 16.2356 15.4705 4
      vertex 16.2356 15.4705 2
    endloop
  endfacet
  facet normal 0.522794 -0.852459 0
    outer loop
      vertex 17.0295 16.2644 2
      vertex 17.15 16.3383 4
      vertex 17.0295 16.2644 4
    endloop
  endfacet
  facet normal 0.522794 -0.852459 0
    outer loop
      vertex 17.15 16.3383 4
      vertex 17.0295 16.2644 2
      vertex 17.15 16.3383 2
    endloop
  endfacet
  facet normal 0.43073 -0.902481 0
    outer loop
      vertex 17.2742 16.4057 2
      vertex 17.4018 16.4666 4
      vertex 17.2742 16.4057 4
    endloop
  endfacet
  facet normal 0.43073 -0.902481 0
    outer loop
      vertex 17.4018 16.4666 4
      vertex 17.2742 16.4057 2
      vertex 17.4018 16.4666 2
    endloop
  endfacet
  facet normal -0.999657 -0.0261764 0
    outer loop
      vertex 21.2 14 2
      vertex 21.1963 14.1413 4
      vertex 21.1963 14.1413 2
    endloop
  endfacet
  facet normal -0.999657 -0.0261764 0
    outer loop
      vertex 21.1963 14.1413 4
      vertex 21.2 14 2
      vertex 21.2 14 4
    endloop
  endfacet
  facet normal 0.333782 0.94265 -0
    outer loop
      vertex 17.6657 11.4321 2
      vertex 17.5324 11.4793 4
      vertex 17.6657 11.4321 4
    endloop
  endfacet
  facet normal 0.333782 0.94265 0
    outer loop
      vertex 17.5324 11.4793 4
      vertex 17.6657 11.4321 2
      vertex 17.5324 11.4793 2
    endloop
  endfacet
  facet normal 0.824021 0.566559 0
    outer loop
      vertex 16.3157 12.413 4
      vertex 16.2356 12.5295 2
      vertex 16.2356 12.5295 4
    endloop
  endfacet
  facet normal 0.824021 0.566559 0
    outer loop
      vertex 16.2356 12.5295 2
      vertex 16.3157 12.413 4
      vertex 16.3157 12.413 2
    endloop
  endfacet
  facet normal -0.996911 -0.0785359 0
    outer loop
      vertex 21.1963 14.1413 2
      vertex 21.1852 14.2822 4
      vertex 21.1852 14.2822 2
    endloop
  endfacet
  facet normal -0.996911 -0.0785359 0
    outer loop
      vertex 21.1852 14.2822 4
      vertex 21.1963 14.1413 2
      vertex 21.1963 14.1413 4
    endloop
  endfacet
  facet normal -0.92387 -0.382706 0
    outer loop
      vertex 21.0207 14.9676 2
      vertex 20.9666 15.0982 4
      vertex 20.9666 15.0982 2
    endloop
  endfacet
  facet normal -0.92387 -0.382706 0
    outer loop
      vertex 20.9666 15.0982 4
      vertex 21.0207 14.9676 2
      vertex 21.0207 14.9676 4
    endloop
  endfacet
  facet normal -0.94265 -0.333782 0
    outer loop
      vertex 21.0679 14.8343 2
      vertex 21.0207 14.9676 4
      vertex 21.0207 14.9676 2
    endloop
  endfacet
  facet normal -0.94265 -0.333782 0
    outer loop
      vertex 21.0207 14.9676 4
      vertex 21.0679 14.8343 2
      vertex 21.0679 14.8343 4
    endloop
  endfacet
  facet normal -0.972349 -0.233534 0
    outer loop
      vertex 21.141 14.5614 2
      vertex 21.108 14.6988 4
      vertex 21.108 14.6988 2
    endloop
  endfacet
  facet normal -0.972349 -0.233534 0
    outer loop
      vertex 21.108 14.6988 4
      vertex 21.141 14.5614 2
      vertex 21.141 14.5614 4
    endloop
  endfacet
  facet normal -0.878921 -0.476967 0
    outer loop
      vertex 20.9057 15.2258 2
      vertex 20.8383 15.35 4
      vertex 20.8383 15.35 2
    endloop
  endfacet
  facet normal -0.878921 -0.476967 0
    outer loop
      vertex 20.8383 15.35 4
      vertex 20.9057 15.2258 2
      vertex 20.9057 15.2258 4
    endloop
  endfacet
  facet normal -0.793675 -0.608342 0
    outer loop
      vertex 20.6843 15.587 2
      vertex 20.5983 15.6992 4
      vertex 20.5983 15.6992 2
    endloop
  endfacet
  facet normal -0.793675 -0.608342 0
    outer loop
      vertex 20.5983 15.6992 4
      vertex 20.6843 15.587 2
      vertex 20.6843 15.587 4
    endloop
  endfacet
  facet normal -0.760454 -0.649392 0
    outer loop
      vertex 20.5983 15.6992 2
      vertex 20.5065 15.8067 4
      vertex 20.5065 15.8067 2
    endloop
  endfacet
  facet normal -0.760454 -0.649392 0
    outer loop
      vertex 20.5065 15.8067 4
      vertex 20.5983 15.6992 2
      vertex 20.5983 15.6992 4
    endloop
  endfacet
  facet normal -0.824021 -0.566559 0
    outer loop
      vertex 20.7644 15.4705 2
      vertex 20.6843 15.587 4
      vertex 20.6843 15.587 2
    endloop
  endfacet
  facet normal -0.824021 -0.566559 0
    outer loop
      vertex 20.6843 15.587 4
      vertex 20.7644 15.4705 2
      vertex 20.7644 15.4705 4
    endloop
  endfacet
  facet normal -0.725264 -0.68847 0
    outer loop
      vertex 20.5065 15.8067 2
      vertex 20.4092 15.9092 4
      vertex 20.4092 15.9092 2
    endloop
  endfacet
  facet normal -0.725264 -0.68847 0
    outer loop
      vertex 20.4092 15.9092 4
      vertex 20.5065 15.8067 2
      vertex 20.5065 15.8067 4
    endloop
  endfacet
  facet normal -0.649392 -0.760454 0
    outer loop
      vertex 20.1992 16.0983 2
      vertex 20.3067 16.0065 4
      vertex 20.1992 16.0983 4
    endloop
  endfacet
  facet normal -0.649392 -0.760454 -0
    outer loop
      vertex 20.3067 16.0065 4
      vertex 20.1992 16.0983 2
      vertex 20.3067 16.0065 2
    endloop
  endfacet
  facet normal -0.608342 -0.793675 0
    outer loop
      vertex 20.087 16.1843 2
      vertex 20.1992 16.0983 4
      vertex 20.087 16.1843 4
    endloop
  endfacet
  facet normal -0.608342 -0.793675 -0
    outer loop
      vertex 20.1992 16.0983 4
      vertex 20.087 16.1843 2
      vertex 20.1992 16.0983 2
    endloop
  endfacet
  facet normal -0.476967 -0.878921 0
    outer loop
      vertex 19.7258 16.4057 2
      vertex 19.85 16.3383 4
      vertex 19.7258 16.4057 4
    endloop
  endfacet
  facet normal -0.476967 -0.878921 -0
    outer loop
      vertex 19.85 16.3383 4
      vertex 19.7258 16.4057 2
      vertex 19.85 16.3383 2
    endloop
  endfacet
  facet normal -0.43073 -0.902481 0
    outer loop
      vertex 19.5982 16.4666 2
      vertex 19.7258 16.4057 4
      vertex 19.5982 16.4666 4
    endloop
  endfacet
  facet normal -0.43073 -0.902481 -0
    outer loop
      vertex 19.7258 16.4057 4
      vertex 19.5982 16.4666 2
      vertex 19.7258 16.4057 2
    endloop
  endfacet
  facet normal -0.522794 -0.852459 0
    outer loop
      vertex 19.85 16.3383 2
      vertex 19.9705 16.2644 4
      vertex 19.85 16.3383 4
    endloop
  endfacet
  facet normal -0.522794 -0.852459 -0
    outer loop
      vertex 19.9705 16.2644 4
      vertex 19.85 16.3383 2
      vertex 19.9705 16.2644 2
    endloop
  endfacet
  facet normal -0.182495 -0.983207 0
    outer loop
      vertex 18.9224 16.6668 2
      vertex 19.0614 16.641 4
      vertex 18.9224 16.6668 4
    endloop
  endfacet
  facet normal -0.182495 -0.983207 -0
    outer loop
      vertex 19.0614 16.641 4
      vertex 18.9224 16.6668 2
      vertex 19.0614 16.641 2
    endloop
  endfacet
  facet normal -0.130125 -0.991498 0
    outer loop
      vertex 18.7822 16.6852 2
      vertex 18.9224 16.6668 4
      vertex 18.7822 16.6852 4
    endloop
  endfacet
  facet normal -0.130125 -0.991498 -0
    outer loop
      vertex 18.9224 16.6668 4
      vertex 18.7822 16.6852 2
      vertex 18.9224 16.6668 2
    endloop
  endfacet
  facet normal -0.0785359 -0.996911 0
    outer loop
      vertex 18.6413 16.6963 2
      vertex 18.7822 16.6852 4
      vertex 18.6413 16.6963 4
    endloop
  endfacet
  facet normal -0.0785359 -0.996911 -0
    outer loop
      vertex 18.7822 16.6852 4
      vertex 18.6413 16.6963 2
      vertex 18.7822 16.6852 2
    endloop
  endfacet
  facet normal -0.283775 -0.958891 0
    outer loop
      vertex 19.1988 16.608 2
      vertex 19.3343 16.5679 4
      vertex 19.1988 16.608 4
    endloop
  endfacet
  facet normal -0.283775 -0.958891 -0
    outer loop
      vertex 19.3343 16.5679 4
      vertex 19.1988 16.608 2
      vertex 19.3343 16.5679 2
    endloop
  endfacet
  facet normal 0.983207 -0.182495 0
    outer loop
      vertex 15.8332 14.4224 4
      vertex 15.859 14.5614 2
      vertex 15.859 14.5614 4
    endloop
  endfacet
  facet normal 0.983207 -0.182495 0
    outer loop
      vertex 15.859 14.5614 2
      vertex 15.8332 14.4224 4
      vertex 15.8332 14.4224 2
    endloop
  endfacet
  facet normal 0.991498 -0.130125 0
    outer loop
      vertex 15.8148 14.2822 4
      vertex 15.8332 14.4224 2
      vertex 15.8332 14.4224 4
    endloop
  endfacet
  facet normal 0.991498 -0.130125 0
    outer loop
      vertex 15.8332 14.4224 2
      vertex 15.8148 14.2822 4
      vertex 15.8148 14.2822 2
    endloop
  endfacet
  facet normal 0.996911 -0.0785359 0
    outer loop
      vertex 15.8037 14.1413 4
      vertex 15.8148 14.2822 2
      vertex 15.8148 14.2822 4
    endloop
  endfacet
  facet normal 0.996911 -0.0785359 0
    outer loop
      vertex 15.8148 14.2822 2
      vertex 15.8037 14.1413 4
      vertex 15.8037 14.1413 2
    endloop
  endfacet
  facet normal 0.958891 -0.283775 0
    outer loop
      vertex 15.892 14.6988 4
      vertex 15.9321 14.8343 2
      vertex 15.9321 14.8343 4
    endloop
  endfacet
  facet normal 0.958891 -0.283775 0
    outer loop
      vertex 15.9321 14.8343 2
      vertex 15.892 14.6988 4
      vertex 15.892 14.6988 2
    endloop
  endfacet
  facet normal 0.878921 -0.476967 0
    outer loop
      vertex 16.0943 15.2258 4
      vertex 16.1617 15.35 2
      vertex 16.1617 15.35 4
    endloop
  endfacet
  facet normal 0.878921 -0.476967 0
    outer loop
      vertex 16.1617 15.35 2
      vertex 16.0943 15.2258 4
      vertex 16.0943 15.2258 2
    endloop
  endfacet
  facet normal 0.852459 -0.522794 0
    outer loop
      vertex 16.1617 15.35 4
      vertex 16.2356 15.4705 2
      vertex 16.2356 15.4705 4
    endloop
  endfacet
  facet normal 0.852459 -0.522794 0
    outer loop
      vertex 16.2356 15.4705 2
      vertex 16.1617 15.35 4
      vertex 16.1617 15.35 2
    endloop
  endfacet
  facet normal 0.902481 -0.43073 0
    outer loop
      vertex 16.0334 15.0982 4
      vertex 16.0943 15.2258 2
      vertex 16.0943 15.2258 4
    endloop
  endfacet
  facet normal 0.902481 -0.43073 0
    outer loop
      vertex 16.0943 15.2258 2
      vertex 16.0334 15.0982 4
      vertex 16.0334 15.0982 2
    endloop
  endfacet
  facet normal 0.760454 -0.649392 0
    outer loop
      vertex 16.4017 15.6992 4
      vertex 16.4935 15.8067 2
      vertex 16.4935 15.8067 4
    endloop
  endfacet
  facet normal 0.760454 -0.649392 0
    outer loop
      vertex 16.4935 15.8067 2
      vertex 16.4017 15.6992 4
      vertex 16.4017 15.6992 2
    endloop
  endfacet
  facet normal 0.793675 -0.608342 0
    outer loop
      vertex 16.3157 15.587 4
      vertex 16.4017 15.6992 2
      vertex 16.4017 15.6992 4
    endloop
  endfacet
  facet normal 0.793675 -0.608342 0
    outer loop
      vertex 16.4017 15.6992 2
      vertex 16.3157 15.587 4
      vertex 16.3157 15.587 2
    endloop
  endfacet
  facet normal 0.233534 -0.972349 0
    outer loop
      vertex 17.8012 16.608 2
      vertex 17.9386 16.641 4
      vertex 17.8012 16.608 4
    endloop
  endfacet
  facet normal 0.233534 -0.972349 0
    outer loop
      vertex 17.9386 16.641 4
      vertex 17.8012 16.608 2
      vertex 17.9386 16.641 2
    endloop
  endfacet
  facet normal 0.283775 -0.958891 0
    outer loop
      vertex 17.6657 16.5679 2
      vertex 17.8012 16.608 4
      vertex 17.6657 16.5679 4
    endloop
  endfacet
  facet normal 0.283775 -0.958891 0
    outer loop
      vertex 17.8012 16.608 4
      vertex 17.6657 16.5679 2
      vertex 17.8012 16.608 2
    endloop
  endfacet
  facet normal 0.0261764 -0.999657 0
    outer loop
      vertex 18.3587 16.6963 2
      vertex 18.5 16.7 4
      vertex 18.3587 16.6963 4
    endloop
  endfacet
  facet normal 0.0261764 -0.999657 0
    outer loop
      vertex 18.5 16.7 4
      vertex 18.3587 16.6963 2
      vertex 18.5 16.7 2
    endloop
  endfacet
  facet normal 0.0785359 -0.996911 0
    outer loop
      vertex 18.2178 16.6852 2
      vertex 18.3587 16.6963 4
      vertex 18.2178 16.6852 4
    endloop
  endfacet
  facet normal 0.0785359 -0.996911 0
    outer loop
      vertex 18.3587 16.6963 4
      vertex 18.2178 16.6852 2
      vertex 18.3587 16.6963 2
    endloop
  endfacet
  facet normal 0.476967 -0.878921 0
    outer loop
      vertex 17.15 16.3383 2
      vertex 17.2742 16.4057 4
      vertex 17.15 16.3383 4
    endloop
  endfacet
  facet normal 0.476967 -0.878921 0
    outer loop
      vertex 17.2742 16.4057 4
      vertex 17.15 16.3383 2
      vertex 17.2742 16.4057 2
    endloop
  endfacet
  facet normal 0.382706 -0.92387 0
    outer loop
      vertex 17.4018 16.4666 2
      vertex 17.5324 16.5207 4
      vertex 17.4018 16.4666 4
    endloop
  endfacet
  facet normal 0.382706 -0.92387 0
    outer loop
      vertex 17.5324 16.5207 4
      vertex 17.4018 16.4666 2
      vertex 17.5324 16.5207 2
    endloop
  endfacet
  facet normal 0.608342 -0.793675 0
    outer loop
      vertex 16.8008 16.0983 2
      vertex 16.913 16.1843 4
      vertex 16.8008 16.0983 4
    endloop
  endfacet
  facet normal 0.608342 -0.793675 0
    outer loop
      vertex 16.913 16.1843 4
      vertex 16.8008 16.0983 2
      vertex 16.913 16.1843 2
    endloop
  endfacet
  facet normal 0.649392 -0.760454 0
    outer loop
      vertex 16.6933 16.0065 2
      vertex 16.8008 16.0983 4
      vertex 16.6933 16.0065 4
    endloop
  endfacet
  facet normal 0.649392 -0.760454 0
    outer loop
      vertex 16.8008 16.0983 4
      vertex 16.6933 16.0065 2
      vertex 16.8008 16.0983 2
    endloop
  endfacet
  facet normal 0.566559 -0.824021 0
    outer loop
      vertex 16.913 16.1843 2
      vertex 17.0295 16.2644 4
      vertex 16.913 16.1843 4
    endloop
  endfacet
  facet normal 0.566559 -0.824021 0
    outer loop
      vertex 17.0295 16.2644 4
      vertex 16.913 16.1843 2
      vertex 17.0295 16.2644 2
    endloop
  endfacet
  facet normal 0.68847 -0.725264 0
    outer loop
      vertex 16.5908 15.9092 2
      vertex 16.6933 16.0065 4
      vertex 16.5908 15.9092 4
    endloop
  endfacet
  facet normal 0.68847 -0.725264 0
    outer loop
      vertex 16.6933 16.0065 4
      vertex 16.5908 15.9092 2
      vertex 16.6933 16.0065 2
    endloop
  endfacet
  facet normal -0.0261764 0.999657 0
    outer loop
      vertex 18.6413 11.3037 2
      vertex 18.5 11.3 4
      vertex 18.6413 11.3037 4
    endloop
  endfacet
  facet normal -0.0261764 0.999657 0
    outer loop
      vertex 18.5 11.3 4
      vertex 18.6413 11.3037 2
      vertex 18.5 11.3 2
    endloop
  endfacet
  facet normal -0.94265 0.333782 0
    outer loop
      vertex 21.0207 13.0324 2
      vertex 21.0679 13.1657 4
      vertex 21.0679 13.1657 2
    endloop
  endfacet
  facet normal -0.94265 0.333782 0
    outer loop
      vertex 21.0679 13.1657 4
      vertex 21.0207 13.0324 2
      vertex 21.0207 13.0324 4
    endloop
  endfacet
  facet normal -0.972349 0.233534 0
    outer loop
      vertex 21.108 13.3012 2
      vertex 21.141 13.4386 4
      vertex 21.141 13.4386 2
    endloop
  endfacet
  facet normal -0.972349 0.233534 0
    outer loop
      vertex 21.141 13.4386 4
      vertex 21.108 13.3012 2
      vertex 21.108 13.3012 4
    endloop
  endfacet
  facet normal -0.0785359 0.996911 0
    outer loop
      vertex 18.7822 11.3148 2
      vertex 18.6413 11.3037 4
      vertex 18.7822 11.3148 4
    endloop
  endfacet
  facet normal -0.0785359 0.996911 0
    outer loop
      vertex 18.6413 11.3037 4
      vertex 18.7822 11.3148 2
      vertex 18.6413 11.3037 2
    endloop
  endfacet
  facet normal -0.130125 0.991498 0
    outer loop
      vertex 18.9224 11.3332 2
      vertex 18.7822 11.3148 4
      vertex 18.9224 11.3332 4
    endloop
  endfacet
  facet normal -0.130125 0.991498 0
    outer loop
      vertex 18.7822 11.3148 4
      vertex 18.9224 11.3332 2
      vertex 18.7822 11.3148 2
    endloop
  endfacet
  facet normal -0.283775 0.958891 0
    outer loop
      vertex 19.3343 11.4321 2
      vertex 19.1988 11.392 4
      vertex 19.3343 11.4321 4
    endloop
  endfacet
  facet normal -0.283775 0.958891 0
    outer loop
      vertex 19.1988 11.392 4
      vertex 19.3343 11.4321 2
      vertex 19.1988 11.392 2
    endloop
  endfacet
  facet normal -0.333782 0.94265 0
    outer loop
      vertex 19.4676 11.4793 2
      vertex 19.3343 11.4321 4
      vertex 19.4676 11.4793 4
    endloop
  endfacet
  facet normal -0.333782 0.94265 0
    outer loop
      vertex 19.3343 11.4321 4
      vertex 19.4676 11.4793 2
      vertex 19.3343 11.4321 2
    endloop
  endfacet
  facet normal -0.233534 0.972349 0
    outer loop
      vertex 19.1988 11.392 2
      vertex 19.0614 11.359 4
      vertex 19.1988 11.392 4
    endloop
  endfacet
  facet normal -0.233534 0.972349 0
    outer loop
      vertex 19.0614 11.359 4
      vertex 19.1988 11.392 2
      vertex 19.0614 11.359 2
    endloop
  endfacet
  facet normal -0.608342 0.793675 0
    outer loop
      vertex 20.1992 11.9017 2
      vertex 20.087 11.8157 4
      vertex 20.1992 11.9017 4
    endloop
  endfacet
  facet normal -0.608342 0.793675 0
    outer loop
      vertex 20.087 11.8157 4
      vertex 20.1992 11.9017 2
      vertex 20.087 11.8157 2
    endloop
  endfacet
  facet normal -0.566559 0.824021 0
    outer loop
      vertex 20.087 11.8157 2
      vertex 19.9705 11.7356 4
      vertex 20.087 11.8157 4
    endloop
  endfacet
  facet normal -0.566559 0.824021 0
    outer loop
      vertex 19.9705 11.7356 4
      vertex 20.087 11.8157 2
      vertex 19.9705 11.7356 2
    endloop
  endfacet
  facet normal -0.649392 0.760454 0
    outer loop
      vertex 20.3067 11.9935 2
      vertex 20.1992 11.9017 4
      vertex 20.3067 11.9935 4
    endloop
  endfacet
  facet normal -0.649392 0.760454 0
    outer loop
      vertex 20.1992 11.9017 4
      vertex 20.3067 11.9935 2
      vertex 20.1992 11.9017 2
    endloop
  endfacet
  facet normal -0.476967 0.878921 0
    outer loop
      vertex 19.85 11.6617 2
      vertex 19.7258 11.5943 4
      vertex 19.85 11.6617 4
    endloop
  endfacet
  facet normal -0.476967 0.878921 0
    outer loop
      vertex 19.7258 11.5943 4
      vertex 19.85 11.6617 2
      vertex 19.7258 11.5943 2
    endloop
  endfacet
  facet normal -0.382706 0.92387 0
    outer loop
      vertex 19.5982 11.5334 2
      vertex 19.4676 11.4793 4
      vertex 19.5982 11.5334 4
    endloop
  endfacet
  facet normal -0.382706 0.92387 0
    outer loop
      vertex 19.4676 11.4793 4
      vertex 19.5982 11.5334 2
      vertex 19.4676 11.4793 2
    endloop
  endfacet
  facet normal -0.852459 0.522794 0
    outer loop
      vertex 20.7644 12.5295 2
      vertex 20.8383 12.65 4
      vertex 20.8383 12.65 2
    endloop
  endfacet
  facet normal -0.852459 0.522794 0
    outer loop
      vertex 20.8383 12.65 4
      vertex 20.7644 12.5295 2
      vertex 20.7644 12.5295 4
    endloop
  endfacet
  facet normal -0.902481 0.43073 0
    outer loop
      vertex 20.9057 12.7742 2
      vertex 20.9666 12.9018 4
      vertex 20.9666 12.9018 2
    endloop
  endfacet
  facet normal -0.902481 0.43073 0
    outer loop
      vertex 20.9666 12.9018 4
      vertex 20.9057 12.7742 2
      vertex 20.9057 12.7742 4
    endloop
  endfacet
  facet normal -0.793675 0.608342 0
    outer loop
      vertex 20.5983 12.3008 2
      vertex 20.6843 12.413 4
      vertex 20.6843 12.413 2
    endloop
  endfacet
  facet normal -0.793675 0.608342 0
    outer loop
      vertex 20.6843 12.413 4
      vertex 20.5983 12.3008 2
      vertex 20.5983 12.3008 4
    endloop
  endfacet
  facet normal 0.182495 0.983207 -0
    outer loop
      vertex 18.0776 11.3332 2
      vertex 17.9386 11.359 4
      vertex 18.0776 11.3332 4
    endloop
  endfacet
  facet normal 0.182495 0.983207 0
    outer loop
      vertex 17.9386 11.359 4
      vertex 18.0776 11.3332 2
      vertex 17.9386 11.359 2
    endloop
  endfacet
  facet normal 0.0785359 0.996911 -0
    outer loop
      vertex 18.3587 11.3037 2
      vertex 18.2178 11.3148 4
      vertex 18.3587 11.3037 4
    endloop
  endfacet
  facet normal 0.0785359 0.996911 0
    outer loop
      vertex 18.2178 11.3148 4
      vertex 18.3587 11.3037 2
      vertex 18.2178 11.3148 2
    endloop
  endfacet
  facet normal 0.283775 0.958891 -0
    outer loop
      vertex 17.8012 11.392 2
      vertex 17.6657 11.4321 4
      vertex 17.8012 11.392 4
    endloop
  endfacet
  facet normal 0.283775 0.958891 0
    outer loop
      vertex 17.6657 11.4321 4
      vertex 17.8012 11.392 2
      vertex 17.6657 11.4321 2
    endloop
  endfacet
  facet normal 0.522794 0.852459 -0
    outer loop
      vertex 17.15 11.6617 2
      vertex 17.0295 11.7356 4
      vertex 17.15 11.6617 4
    endloop
  endfacet
  facet normal 0.522794 0.852459 0
    outer loop
      vertex 17.0295 11.7356 4
      vertex 17.15 11.6617 2
      vertex 17.0295 11.7356 2
    endloop
  endfacet
  facet normal 0.43073 0.902481 -0
    outer loop
      vertex 17.4018 11.5334 2
      vertex 17.2742 11.5943 4
      vertex 17.4018 11.5334 4
    endloop
  endfacet
  facet normal 0.43073 0.902481 0
    outer loop
      vertex 17.2742 11.5943 4
      vertex 17.4018 11.5334 2
      vertex 17.2742 11.5943 2
    endloop
  endfacet
  facet normal 0.566559 0.824021 -0
    outer loop
      vertex 17.0295 11.7356 2
      vertex 16.913 11.8157 4
      vertex 17.0295 11.7356 4
    endloop
  endfacet
  facet normal 0.566559 0.824021 0
    outer loop
      vertex 16.913 11.8157 4
      vertex 17.0295 11.7356 2
      vertex 16.913 11.8157 2
    endloop
  endfacet
  facet normal 0.608342 0.793675 -0
    outer loop
      vertex 16.913 11.8157 2
      vertex 16.8008 11.9017 4
      vertex 16.913 11.8157 4
    endloop
  endfacet
  facet normal 0.608342 0.793675 0
    outer loop
      vertex 16.8008 11.9017 4
      vertex 16.913 11.8157 2
      vertex 16.8008 11.9017 2
    endloop
  endfacet
  facet normal 0.972349 0.233534 0
    outer loop
      vertex 15.892 13.3012 4
      vertex 15.859 13.4386 2
      vertex 15.859 13.4386 4
    endloop
  endfacet
  facet normal 0.972349 0.233534 0
    outer loop
      vertex 15.859 13.4386 2
      vertex 15.892 13.3012 4
      vertex 15.892 13.3012 2
    endloop
  endfacet
  facet normal 0.991498 0.130125 0
    outer loop
      vertex 15.8332 13.5776 4
      vertex 15.8148 13.7178 2
      vertex 15.8148 13.7178 4
    endloop
  endfacet
  facet normal 0.991498 0.130125 0
    outer loop
      vertex 15.8148 13.7178 2
      vertex 15.8332 13.5776 4
      vertex 15.8332 13.5776 2
    endloop
  endfacet
  facet normal 0.999657 0.0261764 0
    outer loop
      vertex 15.8037 13.8587 4
      vertex 15.8 14 2
      vertex 15.8 14 4
    endloop
  endfacet
  facet normal 0.999657 0.0261764 0
    outer loop
      vertex 15.8 14 2
      vertex 15.8037 13.8587 4
      vertex 15.8037 13.8587 2
    endloop
  endfacet
  facet normal 0 0 1
    outer loop
      vertex 19.9 14 2
      vertex 21.2 14 2
      vertex 21.1963 14.1413 2
    endloop
  endfacet
  facet normal 0 0 1
    outer loop
      vertex 19.8981 14.0733 2
      vertex 21.1963 14.1413 2
      vertex 21.1852 14.2822 2
    endloop
  endfacet
  facet normal 0 0 1
    outer loop
      vertex 21.2 14 2
      vertex 19.9 14 2
      vertex 21.1963 13.8587 2
    endloop
  endfacet
  facet normal 0 0 1
    outer loop
      vertex 19.8923 14.1463 2
      vertex 21.1852 14.2822 2
      vertex 21.1668 14.4224 2
    endloop
  endfacet
  facet normal -0 0 1
    outer loop
      vertex 19.8981 13.9267 2
      vertex 21.1963 13.8587 2
      vertex 19.9 14 2
    endloop
  endfacet
  facet normal 0 0 1
    outer loop
      vertex 19.8828 14.219 2
      vertex 21.1668 14.4224 2
      vertex 21.141 14.5614 2
    endloop
  endfacet
  facet normal 0 0 1
    outer loop
      vertex 21.1963 13.8587 2
      vertex 19.8981 13.9267 2
      vertex 21.1852 13.7178 2
    endloop
  endfacet
  facet normal 0 0 1
    outer loop
      vertex 19.8694 14.2911 2
      vertex 21.141 14.5614 2
      vertex 21.108 14.6988 2
    endloop
  endfacet
  facet normal -0 0 1
    outer loop
      vertex 19.8923 13.8537 2
      vertex 21.1852 13.7178 2
      vertex 19.8981 13.9267 2
    endloop
  endfacet
  facet normal 0 0 1
    outer loop
      vertex 19.8523 14.3623 2
      vertex 21.108 14.6988 2
      vertex 21.0679 14.8343 2
    endloop
  endfacet
  facet normal 0 0 1
    outer loop
      vertex 21.1852 13.7178 2
      vertex 19.8923 13.8537 2
      vertex 21.1668 13.5776 2
    endloop
  endfacet
  facet normal 0 0 1
    outer loop
      vertex 19.8315 14.4326 2
      vertex 21.0679 14.8343 2
      vertex 21.0207 14.9676 2
    endloop
  endfacet
  facet normal -0 0 1
    outer loop
      vertex 19.8828 13.781 2
      vertex 21.1668 13.5776 2
      vertex 19.8923 13.8537 2
    endloop
  endfacet
  facet normal 0 0 1
    outer loop
      vertex 19.807 14.5017 2
      vertex 21.0207 14.9676 2
      vertex 20.9666 15.0982 2
    endloop
  endfacet
  facet normal 0 0 1
    outer loop
      vertex 21.1668 13.5776 2
      vertex 19.8828 13.781 2
      vertex 21.141 13.4386 2
    endloop
  endfacet
  facet normal 0 0 1
    outer loop
      vertex 19.779 14.5694 2
      vertex 20.9666 15.0982 2
      vertex 20.9057 15.2258 2
    endloop
  endfacet
  facet normal -0 0 1
    outer loop
      vertex 19.8694 13.7089 2
      vertex 21.141 13.4386 2
      vertex 19.8828 13.781 2
    endloop
  endfacet
  facet normal 0 0 1
    outer loop
      vertex 19.7474 14.6356 2
      vertex 20.9057 15.2258 2
      vertex 20.8383 15.35 2
    endloop
  endfacet
  facet normal 0 0 1
    outer loop
      vertex 21.141 13.4386 2
      vertex 19.8694 13.7089 2
      vertex 21.108 13.3012 2
    endloop
  endfacet
  facet normal 0 0 1
    outer loop
      vertex 19.7124 14.7 2
      vertex 20.8383 15.35 2
      vertex 20.7644 15.4705 2
    endloop
  endfacet
  facet normal -0 0 1
    outer loop
      vertex 19.8523 13.6377 2
      vertex 21.108 13.3012 2
      vertex 19.8694 13.7089 2
    endloop
  endfacet
  facet normal 0 0 1
    outer loop
      vertex 19.6741 14.7625 2
      vertex 20.7644 15.4705 2
      vertex 20.6843 15.587 2
    endloop
  endfacet
  facet normal 0 0 1
    outer loop
      vertex 21.108 13.3012 2
      vertex 19.8523 13.6377 2
      vertex 21.0679 13.1657 2
    endloop
  endfacet
  facet normal 0 0 1
    outer loop
      vertex 19.6326 14.8229 2
      vertex 20.6843 15.587 2
      vertex 20.5983 15.6992 2
    endloop
  endfacet
  facet normal -0 0 1
    outer loop
      vertex 19.8315 13.5674 2
      vertex 21.0679 13.1657 2
      vertex 19.8523 13.6377 2
    endloop
  endfacet
  facet normal 0 0 1
    outer loop
      vertex 19.588 14.881 2
      vertex 20.5983 15.6992 2
      vertex 20.5065 15.8067 2
    endloop
  endfacet
  facet normal 0 0 1
    outer loop
      vertex 21.0679 13.1657 2
      vertex 19.8315 13.5674 2
      vertex 21.0207 13.0324 2
    endloop
  endfacet
  facet normal 0 0 1
    outer loop
      vertex 19.5404 14.9368 2
      vertex 20.5065 15.8067 2
      vertex 20.4092 15.9092 2
    endloop
  endfacet
  facet normal -0 0 1
    outer loop
      vertex 19.807 13.4983 2
      vertex 21.0207 13.0324 2
      vertex 19.8315 13.5674 2
    endloop
  endfacet
  facet normal 0 0 1
    outer loop
      vertex 19.4899 14.9899 2
      vertex 20.4092 15.9092 2
      vertex 20.3067 16.0065 2
    endloop
  endfacet
  facet normal 0 0 1
    outer loop
      vertex 21.0207 13.0324 2
      vertex 19.807 13.4983 2
      vertex 20.9666 12.9018 2
    endloop
  endfacet
  facet normal 0 0 1
    outer loop
      vertex 19.4368 15.0404 2
      vertex 20.3067 16.0065 2
      vertex 20.1992 16.0983 2
    endloop
  endfacet
  facet normal -0 0 1
    outer loop
      vertex 19.779 13.4306 2
      vertex 20.9666 12.9018 2
      vertex 19.807 13.4983 2
    endloop
  endfacet
  facet normal 0 0 1
    outer loop
      vertex 19.381 15.088 2
      vertex 20.1992 16.0983 2
      vertex 20.087 16.1843 2
    endloop
  endfacet
  facet normal 0 0 1
    outer loop
      vertex 20.9666 12.9018 2
      vertex 19.779 13.4306 2
      vertex 20.9057 12.7742 2
    endloop
  endfacet
  facet normal 0 0 1
    outer loop
      vertex 19.3229 15.1326 2
      vertex 20.087 16.1843 2
      vertex 19.9705 16.2644 2
    endloop
  endfacet
  facet normal -0 0 1
    outer loop
      vertex 19.7474 13.3644 2
      vertex 20.9057 12.7742 2
      vertex 19.779 13.4306 2
    endloop
  endfacet
  facet normal 0 0 1
    outer loop
      vertex 20.9057 12.7742 2
      vertex 19.7474 13.3644 2
      vertex 20.8383 12.65 2
    endloop
  endfacet
  facet normal 0 0 1
    outer loop
      vertex 21.1963 14.1413 2
      vertex 19.8981 14.0733 2
      vertex 19.9 14 2
    endloop
  endfacet
  facet normal 0 0 1
    outer loop
      vertex 21.1852 14.2822 2
      vertex 19.8923 14.1463 2
      vertex 19.8981 14.0733 2
    endloop
  endfacet
  facet normal 0 0 1
    outer loop
      vertex 21.1668 14.4224 2
      vertex 19.8828 14.219 2
      vertex 19.8923 14.1463 2
    endloop
  endfacet
  facet normal 0 0 1
    outer loop
      vertex 21.141 14.5614 2
      vertex 19.8694 14.2911 2
      vertex 19.8828 14.219 2
    endloop
  endfacet
  facet normal 0 0 1
    outer loop
      vertex 21.108 14.6988 2
      vertex 19.8523 14.3623 2
      vertex 19.8694 14.2911 2
    endloop
  endfacet
  facet normal 0 0 1
    outer loop
      vertex 19.2625 15.1741 2
      vertex 19.9705 16.2644 2
      vertex 19.85 16.3383 2
    endloop
  endfacet
  facet normal 0 0 1
    outer loop
      vertex 21.0679 14.8343 2
      vertex 19.8315 14.4326 2
      vertex 19.8523 14.3623 2
    endloop
  endfacet
  facet normal 0 0 1
    outer loop
      vertex 21.0207 14.9676 2
      vertex 19.807 14.5017 2
      vertex 19.8315 14.4326 2
    endloop
  endfacet
  facet normal 0 0 1
    outer loop
      vertex 20.9666 15.0982 2
      vertex 19.779 14.5694 2
      vertex 19.807 14.5017 2
    endloop
  endfacet
  facet normal 0 0 1
    outer loop
      vertex 20.9057 15.2258 2
      vertex 19.7474 14.6356 2
      vertex 19.779 14.5694 2
    endloop
  endfacet
  facet normal 0 0 1
    outer loop
      vertex 19.2 15.2124 2
      vertex 19.85 16.3383 2
      vertex 19.7258 16.4057 2
    endloop
  endfacet
  facet normal 0 0 1
    outer loop
      vertex 20.8383 15.35 2
      vertex 19.7124 14.7 2
      vertex 19.7474 14.6356 2
    endloop
  endfacet
  facet normal 0 0 1
    outer loop
      vertex 20.7644 15.4705 2
      vertex 19.6741 14.7625 2
      vertex 19.7124 14.7 2
    endloop
  endfacet
  facet normal 0 0 1
    outer loop
      vertex 20.6843 15.587 2
      vertex 19.6326 14.8229 2
      vertex 19.6741 14.7625 2
    endloop
  endfacet
  facet normal 0 0 1
    outer loop
      vertex 19.1356 15.2474 2
      vertex 19.7258 16.4057 2
      vertex 19.5982 16.4666 2
    endloop
  endfacet
  facet normal 0 0 1
    outer loop
      vertex 20.5983 15.6992 2
      vertex 19.588 14.881 2
      vertex 19.6326 14.8229 2
    endloop
  endfacet
  facet normal 0 0 1
    outer loop
      vertex 20.5065 15.8067 2
      vertex 19.5404 14.9368 2
      vertex 19.588 14.881 2
    endloop
  endfacet
  facet normal 0 0 1
    outer loop
      vertex 20.4092 15.9092 2
      vertex 19.4899 14.9899 2
      vertex 19.5404 14.9368 2
    endloop
  endfacet
  facet normal 0 0 1
    outer loop
      vertex 19.0694 15.279 2
      vertex 19.5982 16.4666 2
      vertex 19.4676 16.5207 2
    endloop
  endfacet
  facet normal 0 0 1
    outer loop
      vertex 20.3067 16.0065 2
      vertex 19.4368 15.0404 2
      vertex 19.4899 14.9899 2
    endloop
  endfacet
  facet normal 0 0 1
    outer loop
      vertex 20.1992 16.0983 2
      vertex 19.381 15.088 2
      vertex 19.4368 15.0404 2
    endloop
  endfacet
  facet normal 0 0 1
    outer loop
      vertex 19.0017 15.307 2
      vertex 19.4676 16.5207 2
      vertex 19.3343 16.5679 2
    endloop
  endfacet
  facet normal 0 0 1
    outer loop
      vertex 20.087 16.1843 2
      vertex 19.3229 15.1326 2
      vertex 19.381 15.088 2
    endloop
  endfacet
  facet normal 0 0 1
    outer loop
      vertex 19.9705 16.2644 2
      vertex 19.2625 15.1741 2
      vertex 19.3229 15.1326 2
    endloop
  endfacet
  facet normal 0 0 1
    outer loop
      vertex 19.85 16.3383 2
      vertex 19.2 15.2124 2
      vertex 19.2625 15.1741 2
    endloop
  endfacet
  facet normal 0 0 1
    outer loop
      vertex 18.9326 15.3315 2
      vertex 19.3343 16.5679 2
      vertex 19.1988 16.608 2
    endloop
  endfacet
  facet normal 0 0 1
    outer loop
      vertex 19.7258 16.4057 2
      vertex 19.1356 15.2474 2
      vertex 19.2 15.2124 2
    endloop
  endfacet
  facet normal 0 0 1
    outer loop
      vertex 19.5982 16.4666 2
      vertex 19.0694 15.279 2
      vertex 19.1356 15.2474 2
    endloop
  endfacet
  facet normal 0 0 1
    outer loop
      vertex 18.8623 15.3523 2
      vertex 19.1988 16.608 2
      vertex 19.0614 16.641 2
    endloop
  endfacet
  facet normal 0 0 1
    outer loop
      vertex 19.4676 16.5207 2
      vertex 19.0017 15.307 2
      vertex 19.0694 15.279 2
    endloop
  endfacet
  facet normal 0 0 1
    outer loop
      vertex 19.3343 16.5679 2
      vertex 18.9326 15.3315 2
      vertex 19.0017 15.307 2
    endloop
  endfacet
  facet normal 0 0 1
    outer loop
      vertex 18.7911 15.3694 2
      vertex 19.0614 16.641 2
      vertex 18.9224 16.6668 2
    endloop
  endfacet
  facet normal 0 0 1
    outer loop
      vertex 19.1988 16.608 2
      vertex 18.8623 15.3523 2
      vertex 18.9326 15.3315 2
    endloop
  endfacet
  facet normal 0 0 1
    outer loop
      vertex 19.0614 16.641 2
      vertex 18.7911 15.3694 2
      vertex 18.8623 15.3523 2
    endloop
  endfacet
  facet normal 0 0 1
    outer loop
      vertex 18.719 15.3828 2
      vertex 18.9224 16.6668 2
      vertex 18.7822 16.6852 2
    endloop
  endfacet
  facet normal 0 0 1
    outer loop
      vertex 18.9224 16.6668 2
      vertex 18.719 15.3828 2
      vertex 18.7911 15.3694 2
    endloop
  endfacet
  facet normal 0 0 1
    outer loop
      vertex 18.7822 16.6852 2
      vertex 18.6463 15.3923 2
      vertex 18.719 15.3828 2
    endloop
  endfacet
  facet normal 0 0 1
    outer loop
      vertex 18.6413 16.6963 2
      vertex 18.6463 15.3923 2
      vertex 18.7822 16.6852 2
    endloop
  endfacet
  facet normal 0 0 1
    outer loop
      vertex 18.6413 16.6963 2
      vertex 18.5733 15.3981 2
      vertex 18.6463 15.3923 2
    endloop
  endfacet
  facet normal 0 0 1
    outer loop
      vertex 18.5 16.7 2
      vertex 18.5733 15.3981 2
      vertex 18.6413 16.6963 2
    endloop
  endfacet
  facet normal 0 0 1
    outer loop
      vertex 18.5 16.7 2
      vertex 18.5 15.4 2
      vertex 18.5733 15.3981 2
    endloop
  endfacet
  facet normal 0 0 1
    outer loop
      vertex 18.5 16.7 2
      vertex 18.4267 15.3981 2
      vertex 18.5 15.4 2
    endloop
  endfacet
  facet normal -0 0 1
    outer loop
      vertex 18.3587 16.6963 2
      vertex 18.4267 15.3981 2
      vertex 18.5 16.7 2
    endloop
  endfacet
  facet normal 0 0 1
    outer loop
      vertex 18.3587 16.6963 2
      vertex 18.3537 15.3923 2
      vertex 18.4267 15.3981 2
    endloop
  endfacet
  facet normal -0 0 1
    outer loop
      vertex 18.2178 16.6852 2
      vertex 18.3537 15.3923 2
      vertex 18.3587 16.6963 2
    endloop
  endfacet
  facet normal 0 0 1
    outer loop
      vertex 18.3537 15.3923 2
      vertex 18.2178 16.6852 2
      vertex 18.281 15.3828 2
    endloop
  endfacet
  facet normal -0 0 1
    outer loop
      vertex 18.0776 16.6668 2
      vertex 18.281 15.3828 2
      vertex 18.2178 16.6852 2
    endloop
  endfacet
  facet normal 0 0 1
    outer loop
      vertex 18.281 15.3828 2
      vertex 18.0776 16.6668 2
      vertex 18.2089 15.3694 2
    endloop
  endfacet
  facet normal -0 0 1
    outer loop
      vertex 17.9386 16.641 2
      vertex 18.2089 15.3694 2
      vertex 18.0776 16.6668 2
    endloop
  endfacet
  facet normal 0 0 1
    outer loop
      vertex 18.2089 15.3694 2
      vertex 17.9386 16.641 2
      vertex 18.1377 15.3523 2
    endloop
  endfacet
  facet normal -0 0 1
    outer loop
      vertex 17.8012 16.608 2
      vertex 18.1377 15.3523 2
      vertex 17.9386 16.641 2
    endloop
  endfacet
  facet normal 0 0 1
    outer loop
      vertex 18.1377 15.3523 2
      vertex 17.8012 16.608 2
      vertex 18.0674 15.3315 2
    endloop
  endfacet
  facet normal -0 0 1
    outer loop
      vertex 17.6657 16.5679 2
      vertex 18.0674 15.3315 2
      vertex 17.8012 16.608 2
    endloop
  endfacet
  facet normal 0 0 1
    outer loop
      vertex 18.0674 15.3315 2
      vertex 17.6657 16.5679 2
      vertex 17.9983 15.307 2
    endloop
  endfacet
  facet normal -0 0 1
    outer loop
      vertex 17.5324 16.5207 2
      vertex 17.9983 15.307 2
      vertex 17.6657 16.5679 2
    endloop
  endfacet
  facet normal 0 0 1
    outer loop
      vertex 17.9983 15.307 2
      vertex 17.5324 16.5207 2
      vertex 17.9306 15.279 2
    endloop
  endfacet
  facet normal -0 0 1
    outer loop
      vertex 17.4018 16.4666 2
      vertex 17.9306 15.279 2
      vertex 17.5324 16.5207 2
    endloop
  endfacet
  facet normal 0 0 1
    outer loop
      vertex 17.9306 15.279 2
      vertex 17.4018 16.4666 2
      vertex 17.8644 15.2474 2
    endloop
  endfacet
  facet normal -0 0 1
    outer loop
      vertex 17.2742 16.4057 2
      vertex 17.8644 15.2474 2
      vertex 17.4018 16.4666 2
    endloop
  endfacet
  facet normal 0 0 1
    outer loop
      vertex 17.8644 15.2474 2
      vertex 17.2742 16.4057 2
      vertex 17.8 15.2124 2
    endloop
  endfacet
  facet normal -0 0 1
    outer loop
      vertex 17.15 16.3383 2
      vertex 17.8 15.2124 2
      vertex 17.2742 16.4057 2
    endloop
  endfacet
  facet normal 0 0 1
    outer loop
      vertex 17.8 15.2124 2
      vertex 17.15 16.3383 2
      vertex 17.7375 15.1741 2
    endloop
  endfacet
  facet normal -0 0 1
    outer loop
      vertex 17.0295 16.2644 2
      vertex 17.7375 15.1741 2
      vertex 17.15 16.3383 2
    endloop
  endfacet
  facet normal 0 0 1
    outer loop
      vertex 17.7375 15.1741 2
      vertex 17.0295 16.2644 2
      vertex 17.6771 15.1326 2
    endloop
  endfacet
  facet normal -0 0 1
    outer loop
      vertex 16.913 16.1843 2
      vertex 17.6771 15.1326 2
      vertex 17.0295 16.2644 2
    endloop
  endfacet
  facet normal 0 0 1
    outer loop
      vertex 17.6771 15.1326 2
      vertex 16.913 16.1843 2
      vertex 17.619 15.088 2
    endloop
  endfacet
  facet normal -0 0 1
    outer loop
      vertex 16.8008 16.0983 2
      vertex 17.619 15.088 2
      vertex 16.913 16.1843 2
    endloop
  endfacet
  facet normal 0 0 1
    outer loop
      vertex 17.619 15.088 2
      vertex 16.8008 16.0983 2
      vertex 17.5632 15.0404 2
    endloop
  endfacet
  facet normal -0 0 1
    outer loop
      vertex 16.6933 16.0065 2
      vertex 17.5632 15.0404 2
      vertex 16.8008 16.0983 2
    endloop
  endfacet
  facet normal 0 0 1
    outer loop
      vertex 17.5632 15.0404 2
      vertex 16.6933 16.0065 2
      vertex 17.5101 14.9899 2
    endloop
  endfacet
  facet normal -0 0 1
    outer loop
      vertex 16.5908 15.9092 2
      vertex 17.5101 14.9899 2
      vertex 16.6933 16.0065 2
    endloop
  endfacet
  facet normal 0 0 1
    outer loop
      vertex 17.5101 14.9899 2
      vertex 16.5908 15.9092 2
      vertex 17.4596 14.9368 2
    endloop
  endfacet
  facet normal -0 0 1
    outer loop
      vertex 16.4935 15.8067 2
      vertex 17.4596 14.9368 2
      vertex 16.5908 15.9092 2
    endloop
  endfacet
  facet normal 0 0 1
    outer loop
      vertex 17.4596 14.9368 2
      vertex 16.4935 15.8067 2
      vertex 17.412 14.881 2
    endloop
  endfacet
  facet normal -0 0 1
    outer loop
      vertex 16.4017 15.6992 2
      vertex 17.412 14.881 2
      vertex 16.4935 15.8067 2
    endloop
  endfacet
  facet normal 0 0 1
    outer loop
      vertex 17.412 14.881 2
      vertex 16.4017 15.6992 2
      vertex 17.3674 14.8229 2
    endloop
  endfacet
  facet normal -0 0 1
    outer loop
      vertex 16.3157 15.587 2
      vertex 17.3674 14.8229 2
      vertex 16.4017 15.6992 2
    endloop
  endfacet
  facet normal 0 0 1
    outer loop
      vertex 17.3674 14.8229 2
      vertex 16.3157 15.587 2
      vertex 17.3259 14.7625 2
    endloop
  endfacet
  facet normal -0 0 1
    outer loop
      vertex 16.2356 15.4705 2
      vertex 17.3259 14.7625 2
      vertex 16.3157 15.587 2
    endloop
  endfacet
  facet normal 0 0 1
    outer loop
      vertex 17.3259 14.7625 2
      vertex 16.2356 15.4705 2
      vertex 17.2876 14.7 2
    endloop
  endfacet
  facet normal -0 0 1
    outer loop
      vertex 16.1617 15.35 2
      vertex 17.2876 14.7 2
      vertex 16.2356 15.4705 2
    endloop
  endfacet
  facet normal 0 0 1
    outer loop
      vertex 17.2876 14.7 2
      vertex 16.1617 15.35 2
      vertex 17.2526 14.6356 2
    endloop
  endfacet
  facet normal -0 0 1
    outer loop
      vertex 19.7124 13.3 2
      vertex 20.8383 12.65 2
      vertex 19.7474 13.3644 2
    endloop
  endfacet
  facet normal 0 0 1
    outer loop
      vertex 20.8383 12.65 2
      vertex 19.7124 13.3 2
      vertex 20.7644 12.5295 2
    endloop
  endfacet
  facet normal -0 0 1
    outer loop
      vertex 19.6741 13.2375 2
      vertex 20.7644 12.5295 2
      vertex 19.7124 13.3 2
    endloop
  endfacet
  facet normal 0 0 1
    outer loop
      vertex 20.7644 12.5295 2
      vertex 19.6741 13.2375 2
      vertex 20.6843 12.413 2
    endloop
  endfacet
  facet normal -0 0 1
    outer loop
      vertex 19.6326 13.1771 2
      vertex 20.6843 12.413 2
      vertex 19.6741 13.2375 2
    endloop
  endfacet
  facet normal 0 0 1
    outer loop
      vertex 20.6843 12.413 2
      vertex 19.6326 13.1771 2
      vertex 20.5983 12.3008 2
    endloop
  endfacet
  facet normal -0 0 1
    outer loop
      vertex 19.588 13.119 2
      vertex 20.5983 12.3008 2
      vertex 19.6326 13.1771 2
    endloop
  endfacet
  facet normal 0 0 1
    outer loop
      vertex 20.5983 12.3008 2
      vertex 19.588 13.119 2
      vertex 20.5065 12.1933 2
    endloop
  endfacet
  facet normal -0 0 1
    outer loop
      vertex 19.5404 13.0632 2
      vertex 20.5065 12.1933 2
      vertex 19.588 13.119 2
    endloop
  endfacet
  facet normal 0 0 1
    outer loop
      vertex 20.5065 12.1933 2
      vertex 19.5404 13.0632 2
      vertex 20.4092 12.0908 2
    endloop
  endfacet
  facet normal -0 0 1
    outer loop
      vertex 19.4899 13.0101 2
      vertex 20.4092 12.0908 2
      vertex 19.5404 13.0632 2
    endloop
  endfacet
  facet normal 0 0 1
    outer loop
      vertex 20.4092 12.0908 2
      vertex 19.4899 13.0101 2
      vertex 20.3067 11.9935 2
    endloop
  endfacet
  facet normal -0 0 1
    outer loop
      vertex 19.4368 12.9596 2
      vertex 20.3067 11.9935 2
      vertex 19.4899 13.0101 2
    endloop
  endfacet
  facet normal 0 0 1
    outer loop
      vertex 20.3067 11.9935 2
      vertex 19.4368 12.9596 2
      vertex 20.1992 11.9017 2
    endloop
  endfacet
  facet normal -0 0 1
    outer loop
      vertex 19.381 12.912 2
      vertex 20.1992 11.9017 2
      vertex 19.4368 12.9596 2
    endloop
  endfacet
  facet normal 0 0 1
    outer loop
      vertex 20.1992 11.9017 2
      vertex 19.381 12.912 2
      vertex 20.087 11.8157 2
    endloop
  endfacet
  facet normal -0 0 1
    outer loop
      vertex 19.3229 12.8674 2
      vertex 20.087 11.8157 2
      vertex 19.381 12.912 2
    endloop
  endfacet
  facet normal 0 0 1
    outer loop
      vertex 20.087 11.8157 2
      vertex 19.3229 12.8674 2
      vertex 19.9705 11.7356 2
    endloop
  endfacet
  facet normal -0 0 1
    outer loop
      vertex 19.2625 12.8259 2
      vertex 19.9705 11.7356 2
      vertex 19.3229 12.8674 2
    endloop
  endfacet
  facet normal 0 0 1
    outer loop
      vertex 19.9705 11.7356 2
      vertex 19.2625 12.8259 2
      vertex 19.85 11.6617 2
    endloop
  endfacet
  facet normal -0 0 1
    outer loop
      vertex 19.2 12.7876 2
      vertex 19.85 11.6617 2
      vertex 19.2625 12.8259 2
    endloop
  endfacet
  facet normal 0 0 1
    outer loop
      vertex 19.85 11.6617 2
      vertex 19.2 12.7876 2
      vertex 19.7258 11.5943 2
    endloop
  endfacet
  facet normal -0 0 1
    outer loop
      vertex 19.1356 12.7526 2
      vertex 19.7258 11.5943 2
      vertex 19.2 12.7876 2
    endloop
  endfacet
  facet normal 0 0 1
    outer loop
      vertex 19.7258 11.5943 2
      vertex 19.1356 12.7526 2
      vertex 19.5982 11.5334 2
    endloop
  endfacet
  facet normal -0 0 1
    outer loop
      vertex 19.0694 12.721 2
      vertex 19.5982 11.5334 2
      vertex 19.1356 12.7526 2
    endloop
  endfacet
  facet normal 0 0 1
    outer loop
      vertex 19.5982 11.5334 2
      vertex 19.0694 12.721 2
      vertex 19.4676 11.4793 2
    endloop
  endfacet
  facet normal -0 0 1
    outer loop
      vertex 19.0017 12.693 2
      vertex 19.4676 11.4793 2
      vertex 19.0694 12.721 2
    endloop
  endfacet
  facet normal 0 0 1
    outer loop
      vertex 19.4676 11.4793 2
      vertex 19.0017 12.693 2
      vertex 19.3343 11.4321 2
    endloop
  endfacet
  facet normal -0 0 1
    outer loop
      vertex 18.9326 12.6685 2
      vertex 19.3343 11.4321 2
      vertex 19.0017 12.693 2
    endloop
  endfacet
  facet normal 0 0 1
    outer loop
      vertex 19.3343 11.4321 2
      vertex 18.9326 12.6685 2
      vertex 19.1988 11.392 2
    endloop
  endfacet
  facet normal -0 0 1
    outer loop
      vertex 18.8623 12.6477 2
      vertex 19.1988 11.392 2
      vertex 18.9326 12.6685 2
    endloop
  endfacet
  facet normal 0 0 1
    outer loop
      vertex 19.1988 11.392 2
      vertex 18.8623 12.6477 2
      vertex 19.0614 11.359 2
    endloop
  endfacet
  facet normal -0 0 1
    outer loop
      vertex 18.7911 12.6306 2
      vertex 19.0614 11.359 2
      vertex 18.8623 12.6477 2
    endloop
  endfacet
  facet normal 0 0 1
    outer loop
      vertex 19.0614 11.359 2
      vertex 18.7911 12.6306 2
      vertex 18.9224 11.3332 2
    endloop
  endfacet
  facet normal -0 0 1
    outer loop
      vertex 18.719 12.6172 2
      vertex 18.9224 11.3332 2
      vertex 18.7911 12.6306 2
    endloop
  endfacet
  facet normal 0 0 1
    outer loop
      vertex 18.9224 11.3332 2
      vertex 18.719 12.6172 2
      vertex 18.7822 11.3148 2
    endloop
  endfacet
  facet normal -0 0 1
    outer loop
      vertex 18.6463 12.6077 2
      vertex 18.7822 11.3148 2
      vertex 18.719 12.6172 2
    endloop
  endfacet
  facet normal 0 0 1
    outer loop
      vertex 18.6463 12.6077 2
      vertex 18.6413 11.3037 2
      vertex 18.7822 11.3148 2
    endloop
  endfacet
  facet normal -0 0 1
    outer loop
      vertex 18.5733 12.6019 2
      vertex 18.6413 11.3037 2
      vertex 18.6463 12.6077 2
    endloop
  endfacet
  facet normal -0 0 1
    outer loop
      vertex 18.5 12.6 2
      vertex 18.6413 11.3037 2
      vertex 18.5733 12.6019 2
    endloop
  endfacet
  facet normal 0 0 1
    outer loop
      vertex 18.5 12.6 2
      vertex 18.5 11.3 2
      vertex 18.6413 11.3037 2
    endloop
  endfacet
  facet normal 0 0 1
    outer loop
      vertex 18.4267 12.6019 2
      vertex 18.5 11.3 2
      vertex 18.5 12.6 2
    endloop
  endfacet
  facet normal 0 0 1
    outer loop
      vertex 18.4267 12.6019 2
      vertex 18.3587 11.3037 2
      vertex 18.5 11.3 2
    endloop
  endfacet
  facet normal 0 0 1
    outer loop
      vertex 18.3537 12.6077 2
      vertex 18.3587 11.3037 2
      vertex 18.4267 12.6019 2
    endloop
  endfacet
  facet normal 0 0 1
    outer loop
      vertex 18.2178 11.3148 2
      vertex 18.3537 12.6077 2
      vertex 18.281 12.6172 2
    endloop
  endfacet
  facet normal 0 0 1
    outer loop
      vertex 18.3537 12.6077 2
      vertex 18.2178 11.3148 2
      vertex 18.3587 11.3037 2
    endloop
  endfacet
  facet normal 0 0 1
    outer loop
      vertex 18.0776 11.3332 2
      vertex 18.281 12.6172 2
      vertex 18.2089 12.6306 2
    endloop
  endfacet
  facet normal 0 0 1
    outer loop
      vertex 17.9386 11.359 2
      vertex 18.2089 12.6306 2
      vertex 18.1377 12.6477 2
    endloop
  endfacet
  facet normal 0 0 1
    outer loop
      vertex 18.281 12.6172 2
      vertex 18.0776 11.3332 2
      vertex 18.2178 11.3148 2
    endloop
  endfacet
  facet normal 0 0 1
    outer loop
      vertex 17.8012 11.392 2
      vertex 18.1377 12.6477 2
      vertex 18.0674 12.6685 2
    endloop
  endfacet
  facet normal 0 0 1
    outer loop
      vertex 17.6657 11.4321 2
      vertex 18.0674 12.6685 2
      vertex 17.9983 12.693 2
    endloop
  endfacet
  facet normal 0 0 1
    outer loop
      vertex 18.2089 12.6306 2
      vertex 17.9386 11.359 2
      vertex 18.0776 11.3332 2
    endloop
  endfacet
  facet normal 0 0 1
    outer loop
      vertex 17.5324 11.4793 2
      vertex 17.9983 12.693 2
      vertex 17.9306 12.721 2
    endloop
  endfacet
  facet normal 0 0 1
    outer loop
      vertex 17.4018 11.5334 2
      vertex 17.9306 12.721 2
      vertex 17.8644 12.7526 2
    endloop
  endfacet
  facet normal 0 0 1
    outer loop
      vertex 18.1377 12.6477 2
      vertex 17.8012 11.392 2
      vertex 17.9386 11.359 2
    endloop
  endfacet
  facet normal 0 0 1
    outer loop
      vertex 17.2742 11.5943 2
      vertex 17.8644 12.7526 2
      vertex 17.8 12.7876 2
    endloop
  endfacet
  facet normal 0 0 1
    outer loop
      vertex 17.15 11.6617 2
      vertex 17.8 12.7876 2
      vertex 17.7375 12.8259 2
    endloop
  endfacet
  facet normal 0 0 1
    outer loop
      vertex 17.0295 11.7356 2
      vertex 17.7375 12.8259 2
      vertex 17.6771 12.8674 2
    endloop
  endfacet
  facet normal 0 0 1
    outer loop
      vertex 18.0674 12.6685 2
      vertex 17.6657 11.4321 2
      vertex 17.8012 11.392 2
    endloop
  endfacet
  facet normal 0 0 1
    outer loop
      vertex 16.913 11.8157 2
      vertex 17.6771 12.8674 2
      vertex 17.619 12.912 2
    endloop
  endfacet
  facet normal 0 0 1
    outer loop
      vertex 16.8008 11.9017 2
      vertex 17.619 12.912 2
      vertex 17.5632 12.9596 2
    endloop
  endfacet
  facet normal 0 0 1
    outer loop
      vertex 17.9983 12.693 2
      vertex 17.5324 11.4793 2
      vertex 17.6657 11.4321 2
    endloop
  endfacet
  facet normal 0 0 1
    outer loop
      vertex 16.6933 11.9935 2
      vertex 17.5632 12.9596 2
      vertex 17.5101 13.0101 2
    endloop
  endfacet
  facet normal 0 0 1
    outer loop
      vertex 16.5908 12.0908 2
      vertex 17.5101 13.0101 2
      vertex 17.4596 13.0632 2
    endloop
  endfacet
  facet normal 0 0 1
    outer loop
      vertex 16.4935 12.1933 2
      vertex 17.4596 13.0632 2
      vertex 17.412 13.119 2
    endloop
  endfacet
  facet normal 0 0 1
    outer loop
      vertex 17.9306 12.721 2
      vertex 17.4018 11.5334 2
      vertex 17.5324 11.4793 2
    endloop
  endfacet
  facet normal 0 0 1
    outer loop
      vertex 16.4017 12.3008 2
      vertex 17.412 13.119 2
      vertex 17.3674 13.1771 2
    endloop
  endfacet
  facet normal 0 0 1
    outer loop
      vertex 16.3157 12.413 2
      vertex 17.3674 13.1771 2
      vertex 17.3259 13.2375 2
    endloop
  endfacet
  facet normal 0 0 1
    outer loop
      vertex 16.2356 12.5295 2
      vertex 17.3259 13.2375 2
      vertex 17.2876 13.3 2
    endloop
  endfacet
  facet normal 0 0 1
    outer loop
      vertex 17.8644 12.7526 2
      vertex 17.2742 11.5943 2
      vertex 17.4018 11.5334 2
    endloop
  endfacet
  facet normal 0 0 1
    outer loop
      vertex 16.1617 12.65 2
      vertex 17.2876 13.3 2
      vertex 17.2526 13.3644 2
    endloop
  endfacet
  facet normal 0 0 1
    outer loop
      vertex 16.0943 12.7742 2
      vertex 17.2526 13.3644 2
      vertex 17.221 13.4306 2
    endloop
  endfacet
  facet normal 0 0 1
    outer loop
      vertex 16.0334 12.9018 2
      vertex 17.221 13.4306 2
      vertex 17.193 13.4983 2
    endloop
  endfacet
  facet normal 0 0 1
    outer loop
      vertex 15.9793 13.0324 2
      vertex 17.193 13.4983 2
      vertex 17.1685 13.5674 2
    endloop
  endfacet
  facet normal 0 0 1
    outer loop
      vertex 17.8 12.7876 2
      vertex 17.15 11.6617 2
      vertex 17.2742 11.5943 2
    endloop
  endfacet
  facet normal 0 0 1
    outer loop
      vertex 15.9321 13.1657 2
      vertex 17.1685 13.5674 2
      vertex 17.1477 13.6377 2
    endloop
  endfacet
  facet normal 0 0 1
    outer loop
      vertex 15.892 13.3012 2
      vertex 17.1477 13.6377 2
      vertex 17.1306 13.7089 2
    endloop
  endfacet
  facet normal 0 0 1
    outer loop
      vertex 15.859 13.4386 2
      vertex 17.1306 13.7089 2
      vertex 17.1172 13.781 2
    endloop
  endfacet
  facet normal 0 0 1
    outer loop
      vertex 15.8332 13.5776 2
      vertex 17.1172 13.781 2
      vertex 17.1077 13.8537 2
    endloop
  endfacet
  facet normal 0 0 1
    outer loop
      vertex 15.8148 13.7178 2
      vertex 17.1077 13.8537 2
      vertex 17.1019 13.9267 2
    endloop
  endfacet
  facet normal 0 0 1
    outer loop
      vertex 15.8037 13.8587 2
      vertex 17.1019 13.9267 2
      vertex 17.1 14 2
    endloop
  endfacet
  facet normal -0 0 1
    outer loop
      vertex 16.0943 15.2258 2
      vertex 17.2526 14.6356 2
      vertex 16.1617 15.35 2
    endloop
  endfacet
  facet normal 0 0 1
    outer loop
      vertex 17.7375 12.8259 2
      vertex 17.0295 11.7356 2
      vertex 17.15 11.6617 2
    endloop
  endfacet
  facet normal 0 0 1
    outer loop
      vertex 17.2526 14.6356 2
      vertex 16.0943 15.2258 2
      vertex 17.221 14.5694 2
    endloop
  endfacet
  facet normal 0 0 1
    outer loop
      vertex 17.6771 12.8674 2
      vertex 16.913 11.8157 2
      vertex 17.0295 11.7356 2
    endloop
  endfacet
  facet normal -0 0 1
    outer loop
      vertex 16.0334 15.0982 2
      vertex 17.221 14.5694 2
      vertex 16.0943 15.2258 2
    endloop
  endfacet
  facet normal 0 0 1
    outer loop
      vertex 17.619 12.912 2
      vertex 16.8008 11.9017 2
      vertex 16.913 11.8157 2
    endloop
  endfacet
  facet normal 0 0 1
    outer loop
      vertex 17.221 14.5694 2
      vertex 16.0334 15.0982 2
      vertex 17.193 14.5017 2
    endloop
  endfacet
  facet normal 0 0 1
    outer loop
      vertex 17.5632 12.9596 2
      vertex 16.6933 11.9935 2
      vertex 16.8008 11.9017 2
    endloop
  endfacet
  facet normal -0 0 1
    outer loop
      vertex 15.9793 14.9676 2
      vertex 17.193 14.5017 2
      vertex 16.0334 15.0982 2
    endloop
  endfacet
  facet normal 0 0 1
    outer loop
      vertex 17.5101 13.0101 2
      vertex 16.5908 12.0908 2
      vertex 16.6933 11.9935 2
    endloop
  endfacet
  facet normal 0 0 1
    outer loop
      vertex 17.193 14.5017 2
      vertex 15.9793 14.9676 2
      vertex 17.1685 14.4326 2
    endloop
  endfacet
  facet normal 0 0 1
    outer loop
      vertex 17.4596 13.0632 2
      vertex 16.4935 12.1933 2
      vertex 16.5908 12.0908 2
    endloop
  endfacet
  facet normal -0 0 1
    outer loop
      vertex 15.9321 14.8343 2
      vertex 17.1685 14.4326 2
      vertex 15.9793 14.9676 2
    endloop
  endfacet
  facet normal 0 0 1
    outer loop
      vertex 17.412 13.119 2
      vertex 16.4017 12.3008 2
      vertex 16.4935 12.1933 2
    endloop
  endfacet
  facet normal 0 0 1
    outer loop
      vertex 17.1685 14.4326 2
      vertex 15.9321 14.8343 2
      vertex 17.1477 14.3623 2
    endloop
  endfacet
  facet normal 0 0 1
    outer loop
      vertex 17.3674 13.1771 2
      vertex 16.3157 12.413 2
      vertex 16.4017 12.3008 2
    endloop
  endfacet
  facet normal -0 0 1
    outer loop
      vertex 15.892 14.6988 2
      vertex 17.1477 14.3623 2
      vertex 15.9321 14.8343 2
    endloop
  endfacet
  facet normal 0 0 1
    outer loop
      vertex 17.3259 13.2375 2
      vertex 16.2356 12.5295 2
      vertex 16.3157 12.413 2
    endloop
  endfacet
  facet normal 0 0 1
    outer loop
      vertex 17.1477 14.3623 2
      vertex 15.892 14.6988 2
      vertex 17.1306 14.2911 2
    endloop
  endfacet
  facet normal 0 0 1
    outer loop
      vertex 17.2876 13.3 2
      vertex 16.1617 12.65 2
      vertex 16.2356 12.5295 2
    endloop
  endfacet
  facet normal -0 0 1
    outer loop
      vertex 15.859 14.5614 2
      vertex 17.1306 14.2911 2
      vertex 15.892 14.6988 2
    endloop
  endfacet
  facet normal 0 0 1
    outer loop
      vertex 17.2526 13.3644 2
      vertex 16.0943 12.7742 2
      vertex 16.1617 12.65 2
    endloop
  endfacet
  facet normal 0 0 1
    outer loop
      vertex 17.1306 14.2911 2
      vertex 15.859 14.5614 2
      vertex 17.1172 14.219 2
    endloop
  endfacet
  facet normal 0 0 1
    outer loop
      vertex 17.221 13.4306 2
      vertex 16.0334 12.9018 2
      vertex 16.0943 12.7742 2
    endloop
  endfacet
  facet normal -0 0 1
    outer loop
      vertex 15.8332 14.4224 2
      vertex 17.1172 14.219 2
      vertex 15.859 14.5614 2
    endloop
  endfacet
  facet normal 0 0 1
    outer loop
      vertex 17.193 13.4983 2
      vertex 15.9793 13.0324 2
      vertex 16.0334 12.9018 2
    endloop
  endfacet
  facet normal 0 0 1
    outer loop
      vertex 17.1172 14.219 2
      vertex 15.8332 14.4224 2
      vertex 17.1077 14.1463 2
    endloop
  endfacet
  facet normal 0 0 1
    outer loop
      vertex 17.1685 13.5674 2
      vertex 15.9321 13.1657 2
      vertex 15.9793 13.0324 2
    endloop
  endfacet
  facet normal -0 0 1
    outer loop
      vertex 15.8148 14.2822 2
      vertex 17.1077 14.1463 2
      vertex 15.8332 14.4224 2
    endloop
  endfacet
  facet normal 0 0 1
    outer loop
      vertex 17.1477 13.6377 2
      vertex 15.892 13.3012 2
      vertex 15.9321 13.1657 2
    endloop
  endfacet
  facet normal 0 0 1
    outer loop
      vertex 17.1077 14.1463 2
      vertex 15.8148 14.2822 2
      vertex 17.1019 14.0733 2
    endloop
  endfacet
  facet normal 0 0 1
    outer loop
      vertex 17.1306 13.7089 2
      vertex 15.859 13.4386 2
      vertex 15.892 13.3012 2
    endloop
  endfacet
  facet normal -0 0 1
    outer loop
      vertex 15.8037 14.1413 2
      vertex 17.1019 14.0733 2
      vertex 15.8148 14.2822 2
    endloop
  endfacet
  facet normal 0 0 1
    outer loop
      vertex 17.1172 13.781 2
      vertex 15.8332 13.5776 2
      vertex 15.859 13.4386 2
    endloop
  endfacet
  facet normal 0 0 1
    outer loop
      vertex 17.1019 14.0733 2
      vertex 15.8037 14.1413 2
      vertex 17.1 14 2
    endloop
  endfacet
  facet normal 0 0 1
    outer loop
      vertex 17.1077 13.8537 2
      vertex 15.8148 13.7178 2
      vertex 15.8332 13.5776 2
    endloop
  endfacet
  facet normal 0 0 1
    outer loop
      vertex 15.8 14 2
      vertex 17.1 14 2
      vertex 15.8037 14.1413 2
    endloop
  endfacet
  facet normal 0 0 1
    outer loop
      vertex 17.1019 13.9267 2
      vertex 15.8037 13.8587 2
      vertex 15.8148 13.7178 2
    endloop
  endfacet
  facet normal 0 0 1
    outer loop
      vertex 17.1 14 2
      vertex 15.8 14 2
      vertex 15.8037 13.8587 2
    endloop
  endfacet
  facet normal 0.878921 0.476967 0
    outer loop
      vertex 16.1617 12.65 4
      vertex 16.0943 12.7742 2
      vertex 16.0943 12.7742 4
    endloop
  endfacet
  facet normal 0.878921 0.476967 0
    outer loop
      vertex 16.0943 12.7742 2
      vertex 16.1617 12.65 4
      vertex 16.1617 12.65 2
    endloop
  endfacet
  facet normal 0.92387 0.382706 0
    outer loop
      vertex 16.0334 12.9018 4
      vertex 15.9793 13.0324 2
      vertex 15.9793 13.0324 4
    endloop
  endfacet
  facet normal 0.92387 0.382706 0
    outer loop
      vertex 15.9793 13.0324 2
      vertex 16.0334 12.9018 4
      vertex 16.0334 12.9018 2
    endloop
  endfacet
  facet normal 0.760454 0.649392 0
    outer loop
      vertex 16.4935 12.1933 4
      vertex 16.4017 12.3008 2
      vertex 16.4017 12.3008 4
    endloop
  endfacet
  facet normal 0.760454 0.649392 0
    outer loop
      vertex 16.4017 12.3008 2
      vertex 16.4935 12.1933 4
      vertex 16.4935 12.1933 2
    endloop
  endfacet
  facet normal 0.130125 -0.991498 0
    outer loop
      vertex 18.0776 16.6668 2
      vertex 18.2178 16.6852 4
      vertex 18.0776 16.6668 4
    endloop
  endfacet
  facet normal 0.130125 -0.991498 0
    outer loop
      vertex 18.2178 16.6852 4
      vertex 18.0776 16.6668 2
      vertex 18.2178 16.6852 2
    endloop
  endfacet
  facet normal -0.996911 0.0785359 0
    outer loop
      vertex 21.1852 13.7178 2
      vertex 21.1963 13.8587 4
      vertex 21.1963 13.8587 2
    endloop
  endfacet
  facet normal -0.996911 0.0785359 0
    outer loop
      vertex 21.1963 13.8587 4
      vertex 21.1852 13.7178 2
      vertex 21.1852 13.7178 4
    endloop
  endfacet
  facet normal -0.991498 0.130125 0
    outer loop
      vertex 21.1668 13.5776 2
      vertex 21.1852 13.7178 4
      vertex 21.1852 13.7178 2
    endloop
  endfacet
  facet normal -0.991498 0.130125 0
    outer loop
      vertex 21.1852 13.7178 4
      vertex 21.1668 13.5776 2
      vertex 21.1668 13.5776 4
    endloop
  endfacet
  facet normal -0.999657 0.0261764 0
    outer loop
      vertex 21.1963 13.8587 2
      vertex 21.2 14 4
      vertex 21.2 14 2
    endloop
  endfacet
  facet normal -0.999657 0.0261764 0
    outer loop
      vertex 21.2 14 4
      vertex 21.1963 13.8587 2
      vertex 21.1963 13.8587 4
    endloop
  endfacet
  facet normal -0.958891 0.283775 0
    outer loop
      vertex 21.0679 13.1657 2
      vertex 21.108 13.3012 4
      vertex 21.108 13.3012 2
    endloop
  endfacet
  facet normal -0.958891 0.283775 0
    outer loop
      vertex 21.108 13.3012 4
      vertex 21.0679 13.1657 2
      vertex 21.0679 13.1657 4
    endloop
  endfacet
  facet normal -0.983207 0.182495 0
    outer loop
      vertex 21.141 13.4386 2
      vertex 21.1668 13.5776 4
      vertex 21.1668 13.5776 2
    endloop
  endfacet
  facet normal -0.983207 0.182495 0
    outer loop
      vertex 21.1668 13.5776 4
      vertex 21.141 13.4386 2
      vertex 21.141 13.4386 4
    endloop
  endfacet
  facet normal -0.182495 0.983207 0
    outer loop
      vertex 19.0614 11.359 2
      vertex 18.9224 11.3332 4
      vertex 19.0614 11.359 4
    endloop
  endfacet
  facet normal -0.182495 0.983207 0
    outer loop
      vertex 18.9224 11.3332 4
      vertex 19.0614 11.359 2
      vertex 18.9224 11.3332 2
    endloop
  endfacet
  facet normal -0.68847 0.725264 0
    outer loop
      vertex 20.4092 12.0908 2
      vertex 20.3067 11.9935 4
      vertex 20.4092 12.0908 4
    endloop
  endfacet
  facet normal -0.68847 0.725264 0
    outer loop
      vertex 20.3067 11.9935 4
      vertex 20.4092 12.0908 2
      vertex 20.3067 11.9935 2
    endloop
  endfacet
  facet normal -0.522794 0.852459 0
    outer loop
      vertex 19.9705 11.7356 2
      vertex 19.85 11.6617 4
      vertex 19.9705 11.7356 4
    endloop
  endfacet
  facet normal -0.522794 0.852459 0
    outer loop
      vertex 19.85 11.6617 4
      vertex 19.9705 11.7356 2
      vertex 19.85 11.6617 2
    endloop
  endfacet
  facet normal -0.43073 0.902481 0
    outer loop
      vertex 19.7258 11.5943 2
      vertex 19.5982 11.5334 4
      vertex 19.7258 11.5943 4
    endloop
  endfacet
  facet normal -0.43073 0.902481 0
    outer loop
      vertex 19.5982 11.5334 4
      vertex 19.7258 11.5943 2
      vertex 19.5982 11.5334 2
    endloop
  endfacet
  facet normal -0.878921 0.476967 0
    outer loop
      vertex 20.8383 12.65 2
      vertex 20.9057 12.7742 4
      vertex 20.9057 12.7742 2
    endloop
  endfacet
  facet normal -0.878921 0.476967 0
    outer loop
      vertex 20.9057 12.7742 4
      vertex 20.8383 12.65 2
      vertex 20.8383 12.65 4
    endloop
  endfacet
  facet normal -0.92387 0.382706 0
    outer loop
      vertex 20.9666 12.9018 2
      vertex 21.0207 13.0324 4
      vertex 21.0207 13.0324 2
    endloop
  endfacet
  facet normal -0.92387 0.382706 0
    outer loop
      vertex 21.0207 13.0324 4
      vertex 20.9666 12.9018 2
      vertex 20.9666 12.9018 4
    endloop
  endfacet
  facet normal -0.760454 0.649392 0
    outer loop
      vertex 20.5065 12.1933 2
      vertex 20.5983 12.3008 4
      vertex 20.5983 12.3008 2
    endloop
  endfacet
  facet normal -0.760454 0.649392 0
    outer loop
      vertex 20.5983 12.3008 4
      vertex 20.5065 12.1933 2
      vertex 20.5065 12.1933 4
    endloop
  endfacet
  facet normal -0.824021 0.566559 0
    outer loop
      vertex 20.6843 12.413 2
      vertex 20.7644 12.5295 4
      vertex 20.7644 12.5295 2
    endloop
  endfacet
  facet normal -0.824021 0.566559 0
    outer loop
      vertex 20.7644 12.5295 4
      vertex 20.6843 12.413 2
      vertex 20.6843 12.413 4
    endloop
  endfacet
  facet normal 0.130125 0.991498 -0
    outer loop
      vertex 18.2178 11.3148 2
      vertex 18.0776 11.3332 4
      vertex 18.2178 11.3148 4
    endloop
  endfacet
  facet normal 0.130125 0.991498 0
    outer loop
      vertex 18.0776 11.3332 4
      vertex 18.2178 11.3148 2
      vertex 18.0776 11.3332 2
    endloop
  endfacet
  facet normal 0.0261764 0.999657 -0
    outer loop
      vertex 18.5 11.3 2
      vertex 18.3587 11.3037 4
      vertex 18.5 11.3 4
    endloop
  endfacet
  facet normal 0.0261764 0.999657 0
    outer loop
      vertex 18.3587 11.3037 4
      vertex 18.5 11.3 2
      vertex 18.3587 11.3037 2
    endloop
  endfacet
  facet normal 0.233534 0.972349 -0
    outer loop
      vertex 17.9386 11.359 2
      vertex 17.8012 11.392 4
      vertex 17.9386 11.359 4
    endloop
  endfacet
  facet normal 0.233534 0.972349 0
    outer loop
      vertex 17.8012 11.392 4
      vertex 17.9386 11.359 2
      vertex 17.8012 11.392 2
    endloop
  endfacet
  facet normal 0.476967 0.878921 -0
    outer loop
      vertex 17.2742 11.5943 2
      vertex 17.15 11.6617 4
      vertex 17.2742 11.5943 4
    endloop
  endfacet
  facet normal 0.476967 0.878921 0
    outer loop
      vertex 17.15 11.6617 4
      vertex 17.2742 11.5943 2
      vertex 17.15 11.6617 2
    endloop
  endfacet
  facet normal 0.382706 0.92387 -0
    outer loop
      vertex 17.5324 11.4793 2
      vertex 17.4018 11.5334 4
      vertex 17.5324 11.4793 4
    endloop
  endfacet
  facet normal 0.382706 0.92387 0
    outer loop
      vertex 17.4018 11.5334 4
      vertex 17.5324 11.4793 2
      vertex 17.4018 11.5334 2
    endloop
  endfacet
  facet normal 0.649392 0.760454 -0
    outer loop
      vertex 16.8008 11.9017 2
      vertex 16.6933 11.9935 4
      vertex 16.8008 11.9017 4
    endloop
  endfacet
  facet normal 0.649392 0.760454 0
    outer loop
      vertex 16.6933 11.9935 4
      vertex 16.8008 11.9017 2
      vertex 16.6933 11.9935 2
    endloop
  endfacet
  facet normal 0.958891 0.283775 0
    outer loop
      vertex 15.9321 13.1657 4
      vertex 15.892 13.3012 2
      vertex 15.892 13.3012 4
    endloop
  endfacet
  facet normal 0.958891 0.283775 0
    outer loop
      vertex 15.892 13.3012 2
      vertex 15.9321 13.1657 4
      vertex 15.9321 13.1657 2
    endloop
  endfacet
  facet normal 0.996911 0.0785359 0
    outer loop
      vertex 15.8148 13.7178 4
      vertex 15.8037 13.8587 2
      vertex 15.8037 13.8587 4
    endloop
  endfacet
  facet normal 0.996911 0.0785359 0
    outer loop
      vertex 15.8037 13.8587 2
      vertex 15.8148 13.7178 4
      vertex 15.8148 13.7178 2
    endloop
  endfacet
  facet normal 0.983207 0.182495 0
    outer loop
      vertex 15.859 13.4386 4
      vertex 15.8332 13.5776 2
      vertex 15.8332 13.5776 4
    endloop
  endfacet
  facet normal 0.983207 0.182495 0
    outer loop
      vertex 15.8332 13.5776 2
      vertex 15.859 13.4386 4
      vertex 15.859 13.4386 2
    endloop
  endfacet
  facet normal 0.852459 0.522794 0
    outer loop
      vertex 16.2356 12.5295 4
      vertex 16.1617 12.65 2
      vertex 16.1617 12.65 4
    endloop
  endfacet
  facet normal 0.852459 0.522794 0
    outer loop
      vertex 16.1617 12.65 2
      vertex 16.2356 12.5295 4
      vertex 16.2356 12.5295 2
    endloop
  endfacet
  facet normal 0.902481 0.43073 0
    outer loop
      vertex 16.0943 12.7742 4
      vertex 16.0334 12.9018 2
      vertex 16.0334 12.9018 4
    endloop
  endfacet
  facet normal 0.902481 0.43073 0
    outer loop
      vertex 16.0334 12.9018 2
      vertex 16.0943 12.7742 4
      vertex 16.0943 12.7742 2
    endloop
  endfacet
  facet normal 0.793675 0.608342 0
    outer loop
      vertex 16.4017 12.3008 4
      vertex 16.3157 12.413 2
      vertex 16.3157 12.413 4
    endloop
  endfacet
  facet normal 0.793675 0.608342 0
    outer loop
      vertex 16.3157 12.413 2
      vertex 16.4017 12.3008 4
      vertex 16.4017 12.3008 2
    endloop
  endfacet
  facet normal 0.725264 0.68847 0
    outer loop
      vertex 16.5908 12.0908 4
      vertex 16.4935 12.1933 2
      vertex 16.4935 12.1933 4
    endloop
  endfacet
  facet normal 0.725264 0.68847 0
    outer loop
      vertex 16.4935 12.1933 2
      vertex 16.5908 12.0908 4
      vertex 16.5908 12.0908 2
    endloop
  endfacet
endsolid OpenSCAD_Model
