solid OpenSCAD_Model
  facet normal 0 0 -1
    outer loop
      vertex 35.1132 364.856 14.54
      vertex 37.0365 369.063 14.54
      vertex 38.3055 366.345 14.54
    endloop
  endfacet
  facet normal 0 0 -1
    outer loop
      vertex 35.1132 364.856 14.54
      vertex 33.8461 367.576 14.54
      vertex 37.0365 369.063 14.54
    endloop
  endfacet
  facet normal 0 0 -1
    outer loop
      vertex 31.3356 363.095 14.54
      vertex 33.8461 367.576 14.54
      vertex 35.1132 364.856 14.54
    endloop
  endfacet
  facet normal 0 0 -1
    outer loop
      vertex 31.3356 363.095 14.54
      vertex 30.0671 365.813 14.54
      vertex 33.8461 367.576 14.54
    endloop
  endfacet
  facet normal 0 0 -1
    outer loop
      vertex 20.6328 358.103 14.54
      vertex 30.0671 365.813 14.54
      vertex 31.3356 363.095 14.54
    endloop
  endfacet
  facet normal 0 0 -1
    outer loop
      vertex 30.0671 365.813 14.54
      vertex 20.6328 358.103 14.54
      vertex 19.3634 360.822 14.54
    endloop
  endfacet
  facet normal -0.906089 -0.423086 -0.000577569
    outer loop
      vertex 37.0361 369.064 -9.87661
      vertex 38.3057 366.345 -9.87845
      vertex 38.3056 366.345 -9.72157
    endloop
  endfacet
  facet normal -0.906102 -0.423059 -0
    outer loop
      vertex 38.3058 366.344 -13.3153
      vertex 37.0363 369.063 -13.3154
      vertex 38.3058 366.344 -13.4996
    endloop
  endfacet
  facet normal -0.906119 -0.423022 -0.00065499
    outer loop
      vertex 37.0369 369.062 -13.4996
      vertex 38.3058 366.344 -13.4996
      vertex 37.0363 369.063 -13.3154
    endloop
  endfacet
  facet normal -0.906123 -0.423013 0.000487294
    outer loop
      vertex 38.3054 366.345 -14.0882
      vertex 37.037 369.062 -14.0881
      vertex 37.0368 369.062 -14.46
    endloop
  endfacet
  facet normal -0.906123 -0.423013 -0.000913431
    outer loop
      vertex 37.037 369.062 -14.0881
      vertex 38.3054 366.345 -14.0882
      vertex 38.3053 366.345 -13.989
    endloop
  endfacet
  facet normal -0.906085 -0.423095 -0.000243702
    outer loop
      vertex 38.3054 366.345 -14.0882
      vertex 37.0368 369.062 -14.46
      vertex 38.3055 366.345 -14.46
    endloop
  endfacet
  facet normal -0.906102 -0.423059 0.00110952
    outer loop
      vertex 38.3055 366.345 -13.8527
      vertex 37.036 369.064 -13.8526
      vertex 37.0363 369.063 -13.9889
    endloop
  endfacet
  facet normal -0.906102 -0.423059 -0.00089484
    outer loop
      vertex 37.036 369.064 -13.8526
      vertex 38.3055 366.345 -13.8527
      vertex 37.0363 369.063 -13.6836
    endloop
  endfacet
  facet normal -0.906104 -0.423049 -0.00212928
    outer loop
      vertex 38.3053 366.345 -13.989
      vertex 37.0363 369.063 -13.9889
      vertex 37.037 369.062 -14.0881
    endloop
  endfacet
  facet normal -0.906088 -0.423086 0.00156155
    outer loop
      vertex 38.3057 366.345 -9.87845
      vertex 37.0361 369.064 -9.87661
      vertex 37.0363 369.063 -10.0315
    endloop
  endfacet
  facet normal -0.906055 -0.423159 0
    outer loop
      vertex 38.3057 366.345 -9.87845
      vertex 37.0363 369.063 -10.0315
      vertex 37.0363 369.063 -13.3154
    endloop
  endfacet
  facet normal -0.906067 -0.423131 -0.00154669
    outer loop
      vertex 37.0361 369.064 -9.87661
      vertex 38.3056 366.345 -9.72157
      vertex 37.0363 369.063 -9.7202
    endloop
  endfacet
  facet normal -0.906102 -0.423059 0.000655448
    outer loop
      vertex 37.0363 369.063 -13.6836
      vertex 38.3058 366.344 -13.6837
      vertex 37.0369 369.062 -13.4996
    endloop
  endfacet
  facet normal -0.906102 -0.423059 -0.00089484
    outer loop
      vertex 38.3058 366.344 -13.6837
      vertex 37.0363 369.063 -13.6836
      vertex 38.3055 366.345 -13.8527
    endloop
  endfacet
  facet normal -0.906106 -0.423049 0.00132958
    outer loop
      vertex 37.0363 369.063 -13.9889
      vertex 38.3053 366.345 -13.989
      vertex 38.3055 366.345 -13.8527
    endloop
  endfacet
  facet normal -0.906119 -0.423022 -0
    outer loop
      vertex 38.3058 366.344 -13.4996
      vertex 37.0369 369.062 -13.4996
      vertex 38.3058 366.344 -13.6837
    endloop
  endfacet
  facet normal -0.906068 -0.423132 0
    outer loop
      vertex 37.0363 369.063 -9.7202
      vertex 38.3056 366.345 -9.72157
      vertex 37.0363 369.063 -9.71
    endloop
  endfacet
  facet normal -0.906068 -0.423132 0
    outer loop
      vertex 37.0363 369.063 -9.71
      vertex 38.3056 366.345 -9.72157
      vertex 38.3056 366.345 -9.71
    endloop
  endfacet
  facet normal -0.906102 -0.423059 2.76099e-05
    outer loop
      vertex 38.3059 366.344 -10.0335
      vertex 37.0363 369.063 -13.3154
      vertex 38.3058 366.344 -13.3153
    endloop
  endfacet
  facet normal -0.906804 -0.42155 0.00154911
    outer loop
      vertex 37.0363 369.063 -13.3154
      vertex 38.3059 366.344 -10.0335
      vertex 38.3057 366.345 -9.87845
    endloop
  endfacet
  facet normal -0.906102 -0.423059 -0.000537109
    outer loop
      vertex 38.3056 366.345 13.8419
      vertex 37.0361 369.064 13.8418
      vertex 37.0362 369.064 13.6731
    endloop
  endfacet
  facet normal -0.906115 -0.423031 -0.000163097
    outer loop
      vertex 38.3056 366.345 13.6731
      vertex 37.0362 369.064 13.6731
      vertex 37.0367 369.063 13.489
    endloop
  endfacet
  facet normal -0.906149 -0.422957 0.00123388
    outer loop
      vertex 38.3058 366.344 9.91434
      vertex 37.0362 369.064 9.91247
      vertex 37.0365 369.063 9.79
    endloop
  endfacet
  facet normal -0.906149 -0.422958 0
    outer loop
      vertex 37.0362 369.064 9.91247
      vertex 38.3058 366.344 9.91434
      vertex 37.0362 369.064 10.0683
    endloop
  endfacet
  facet normal -0.906149 -0.422958 0
    outer loop
      vertex 37.0362 369.064 10.0683
      vertex 38.3058 366.344 10.0703
      vertex 37.0362 369.064 13.3019
    endloop
  endfacet
  facet normal -0.906115 -0.423031 7.48285e-05
    outer loop
      vertex 38.3056 366.345 13.3018
      vertex 37.0362 369.064 13.3019
      vertex 38.3058 366.344 10.0703
    endloop
  endfacet
  facet normal -0.906115 -0.423031 0
    outer loop
      vertex 37.0361 369.064 13.8418
      vertex 38.3055 366.345 14.0784
      vertex 38.3055 366.345 14.54
    endloop
  endfacet
  facet normal -0.906119 -0.423022 0
    outer loop
      vertex 37.0367 369.063 13.489
      vertex 38.3056 366.345 13.3018
      vertex 38.3056 366.345 13.4891
    endloop
  endfacet
  facet normal -0.906149 -0.422958 0
    outer loop
      vertex 37.0362 369.064 10.0683
      vertex 38.3058 366.344 9.91434
      vertex 38.3058 366.344 10.0703
    endloop
  endfacet
  facet normal -0.906128 -0.423004 -0
    outer loop
      vertex 38.3058 366.344 9.91434
      vertex 37.0365 369.063 9.79
      vertex 38.3058 366.344 9.79
    endloop
  endfacet
  facet normal -0.906059 -0.423151 -0.000923607
    outer loop
      vertex 38.3055 366.345 14.54
      vertex 37.0366 369.063 14.0782
      vertex 37.0367 369.063 13.9801
    endloop
  endfacet
  facet normal -0.906106 -0.42305 -0.000196212
    outer loop
      vertex 37.0366 369.063 14.0782
      vertex 38.3055 366.345 14.54
      vertex 37.0365 369.063 14.54
    endloop
  endfacet
  facet normal -0.906201 -0.422847 0.000873994
    outer loop
      vertex 37.0361 369.064 13.8418
      vertex 38.3055 366.345 14.54
      vertex 37.0367 369.063 13.9801
    endloop
  endfacet
  facet normal -0.906119 -0.423022 0
    outer loop
      vertex 37.0367 369.063 13.489
      vertex 38.3056 366.345 13.4891
      vertex 38.3056 366.345 13.6731
    endloop
  endfacet
  facet normal -0.906115 -0.423031 0
    outer loop
      vertex 37.0362 369.064 13.6731
      vertex 38.3056 366.345 13.6731
      vertex 38.3056 366.345 13.8419
    endloop
  endfacet
  facet normal -0.906102 -0.423059 0
    outer loop
      vertex 37.0361 369.064 13.8418
      vertex 38.3056 366.345 13.8419
      vertex 38.3056 366.345 13.9802
    endloop
  endfacet
  facet normal -0.906084 -0.423097 -0.000922692
    outer loop
      vertex 37.0361 369.064 13.8418
      vertex 38.3056 366.345 13.9802
      vertex 38.3055 366.345 14.0784
    endloop
  endfacet
  facet normal -0.906115 -0.423031 0.000160482
    outer loop
      vertex 37.0362 369.064 13.3019
      vertex 38.3056 366.345 13.3018
      vertex 37.0367 369.063 13.489
    endloop
  endfacet
  facet normal 0 0 1
    outer loop
      vertex 37.0368 369.062 -14.46
      vertex 34.8102 364.715 -14.46
      vertex 38.3055 366.345 -14.46
    endloop
  endfacet
  facet normal -0 0 1
    outer loop
      vertex 33.5432 367.434 -14.46
      vertex 34.8102 364.715 -14.46
      vertex 37.0368 369.062 -14.46
    endloop
  endfacet
  facet normal 0 0 1
    outer loop
      vertex 33.5432 367.434 -14.46
      vertex 30.8965 362.89 -14.46
      vertex 34.8102 364.715 -14.46
    endloop
  endfacet
  facet normal -0 0 1
    outer loop
      vertex 29.628 365.608 -14.46
      vertex 30.8965 362.89 -14.46
      vertex 33.5432 367.434 -14.46
    endloop
  endfacet
  facet normal 0 0 1
    outer loop
      vertex 29.628 365.608 -14.46
      vertex 20.6325 358.104 -14.46
      vertex 30.8965 362.89 -14.46
    endloop
  endfacet
  facet normal 0 -0 1
    outer loop
      vertex 20.6325 358.104 -14.46
      vertex 29.628 365.608 -14.46
      vertex 19.363 360.823 -14.46
    endloop
  endfacet
  facet normal 0.906102 0.423059 -0.000584544
    outer loop
      vertex 20.6328 358.103 -9.93699
      vertex 19.3633 360.822 -9.93737
      vertex 19.3634 360.822 -9.78236
    endloop
  endfacet
  facet normal 0.906123 0.423013 -0.00125224
    outer loop
      vertex 20.6332 358.102 -9.78162
      vertex 19.3634 360.822 -9.78236
      vertex 19.3635 360.822 -9.71
    endloop
  endfacet
  facet normal 0.906102 0.423059 0.00060435
    outer loop
      vertex 19.3633 360.822 -9.93737
      vertex 20.6328 358.103 -9.93699
      vertex 19.3634 360.822 -10.0873
    endloop
  endfacet
  facet normal 0.906115 0.423031 5.66517e-05
    outer loop
      vertex 19.3634 360.822 -10.0873
      vertex 20.6328 358.103 -10.0869
      vertex 19.3636 360.822 -13.2862
    endloop
  endfacet
  facet normal 0.906132 0.422995 1.89236e-05
    outer loop
      vertex 20.6324 358.104 -13.2862
      vertex 19.3636 360.822 -13.2862
      vertex 20.6328 358.103 -10.0869
    endloop
  endfacet
  facet normal 0.906132 0.422995 -0
    outer loop
      vertex 20.6324 358.104 -13.4624
      vertex 19.3636 360.822 -13.4624
      vertex 20.6324 358.104 -13.2862
    endloop
  endfacet
  facet normal 0.906132 0.422995 -0
    outer loop
      vertex 20.6324 358.104 -13.6387
      vertex 19.3636 360.822 -13.4624
      vertex 20.6324 358.104 -13.4624
    endloop
  endfacet
  facet normal 0.906051 0.423157 -0.0032094
    outer loop
      vertex 20.6323 358.104 -14.0248
      vertex 19.3637 360.821 -13.9309
      vertex 20.6331 358.103 -13.9308
    endloop
  endfacet
  facet normal 0.906108 0.423045 -0.000565964
    outer loop
      vertex 20.6323 358.104 -13.7988
      vertex 19.3637 360.821 -13.9309
      vertex 20.6324 358.104 -13.6387
    endloop
  endfacet
  facet normal 0.906114 0.423033 -0.000709544
    outer loop
      vertex 19.3636 360.822 -13.4624
      vertex 20.6324 358.104 -13.6387
      vertex 19.3637 360.821 -13.9309
    endloop
  endfacet
  facet normal 0.906115 0.423031 0
    outer loop
      vertex 19.3634 360.822 -10.0873
      vertex 20.6328 358.103 -9.93699
      vertex 20.6328 358.103 -10.0869
    endloop
  endfacet
  facet normal 0.906097 0.423056 -0.00337667
    outer loop
      vertex 20.6332 358.102 -9.78162
      vertex 19.3635 360.822 -9.71
      vertex 20.633 358.103 -9.71
    endloop
  endfacet
  facet normal 0.906123 0.423013 0.000389804
    outer loop
      vertex 19.3634 360.822 -9.78236
      vertex 20.6332 358.102 -9.78162
      vertex 20.6328 358.103 -9.93699
    endloop
  endfacet
  facet normal 0.962363 0.271768 -0.000600726
    outer loop
      vertex 19.3636 360.822 -13.6387
      vertex 19.3637 360.821 -13.9309
      vertex 19.3635 360.822 -13.7989
    endloop
  endfacet
  facet normal 0.995037 0.0995037 0
    outer loop
      vertex 19.3637 360.821 -13.9309
      vertex 19.3636 360.822 -13.6387
      vertex 19.3636 360.822 -13.4624
    endloop
  endfacet
  facet normal 0.906053 0.423125 -0.00578004
    outer loop
      vertex 20.6325 358.104 -14.0769
      vertex 19.3632 360.822 -14.077
      vertex 19.364 360.821 -14.0248
    endloop
  endfacet
  facet normal 0.906131 0.422983 0.00347843
    outer loop
      vertex 20.6325 358.104 -14.0769
      vertex 19.364 360.821 -14.0248
      vertex 20.6323 358.104 -14.0248
    endloop
  endfacet
  facet normal 0.906068 0.423132 0.00063164
    outer loop
      vertex 19.3632 360.822 -14.077
      vertex 20.6325 358.104 -14.0769
      vertex 19.363 360.823 -14.46
    endloop
  endfacet
  facet normal 0.906102 0.423059 0
    outer loop
      vertex 19.363 360.823 -14.46
      vertex 20.6325 358.104 -14.0769
      vertex 20.6325 358.104 -14.46
    endloop
  endfacet
  facet normal 0.906132 0.422984 0.00289499
    outer loop
      vertex 19.3637 360.821 -13.9309
      vertex 20.6323 358.104 -14.0248
      vertex 19.364 360.821 -14.0248
    endloop
  endfacet
  facet normal 0.906053 0.423158 0.00228549
    outer loop
      vertex 20.6331 358.103 -13.9308
      vertex 19.3637 360.821 -13.9309
      vertex 20.6323 358.104 -13.7988
    endloop
  endfacet
  facet normal 0.906132 0.422995 0
    outer loop
      vertex 19.3636 360.822 -13.2862
      vertex 20.6324 358.104 -13.2862
      vertex 19.3636 360.822 -13.4624
    endloop
  endfacet
  facet normal 0.906089 0.423086 -0.000559902
    outer loop
      vertex 19.3633 360.822 10.117
      vertex 20.6329 358.103 10.1151
      vertex 20.6328 358.103 9.95327
    endloop
  endfacet
  facet normal 0.906128 0.423004 0.000233538
    outer loop
      vertex 20.6328 358.103 14.1519
      vertex 19.3635 360.822 14.152
      vertex 19.3634 360.822 14.54
    endloop
  endfacet
  facet normal 0.906127 0.423004 -0.00118267
    outer loop
      vertex 19.3635 360.822 14.152
      vertex 20.6328 358.103 14.1519
      vertex 19.3639 360.821 14.1008
    endloop
  endfacet
  facet normal 0.906176 0.422899 0.00158054
    outer loop
      vertex 19.3639 360.821 14.1008
      vertex 20.6323 358.104 13.8619
      vertex 20.6326 358.104 13.6899
    endloop
  endfacet
  facet normal 0.906132 0.422995 0.000913439
    outer loop
      vertex 19.3639 360.821 14.1008
      vertex 20.6327 358.103 14.1008
      vertex 20.6328 358.103 14.0016
    endloop
  endfacet
  facet normal 0.906115 0.423031 -0
    outer loop
      vertex 20.6328 358.103 14.1519
      vertex 19.3634 360.822 14.54
      vertex 20.6328 358.103 14.54
    endloop
  endfacet
  facet normal 0.906131 0.422994 -0.00177325
    outer loop
      vertex 19.3639 360.821 14.1008
      vertex 20.6328 358.103 14.1519
      vertex 20.6327 358.103 14.1008
    endloop
  endfacet
  facet normal 0.906132 0.422995 0
    outer loop
      vertex 20.6323 358.104 13.5008
      vertex 19.3635 360.822 13.862
      vertex 19.3635 360.822 14.0018
    endloop
  endfacet
  facet normal 0.906175 0.422903 0.000610429
    outer loop
      vertex 20.6323 358.104 13.5008
      vertex 19.3635 360.822 14.0018
      vertex 19.3639 360.821 14.1008
    endloop
  endfacet
  facet normal 0.925252 0.379353 -0.000537937
    outer loop
      vertex 19.3634 360.822 13.69
      vertex 19.3635 360.822 13.862
      vertex 19.3637 360.821 13.5008
    endloop
  endfacet
  facet normal 0.906081 0.423104 -2.8354e-05
    outer loop
      vertex 20.6326 358.104 13.3127
      vertex 19.3633 360.822 10.117
      vertex 19.3634 360.822 13.3126
    endloop
  endfacet
  facet normal 0.906081 0.423104 0.000803827
    outer loop
      vertex 20.6326 358.104 13.3127
      vertex 19.3634 360.822 13.3126
      vertex 19.3637 360.821 13.5008
    endloop
  endfacet
  facet normal 0.906089 0.423086 -4.7304e-05
    outer loop
      vertex 20.6329 358.103 10.1151
      vertex 19.3633 360.822 10.117
      vertex 20.6326 358.104 13.3127
    endloop
  endfacet
  facet normal 0.906098 0.423068 -0.000669569
    outer loop
      vertex 19.3635 360.822 13.862
      vertex 20.6323 358.104 13.5008
      vertex 19.3637 360.821 13.5008
    endloop
  endfacet
  facet normal 0.906097 0.423068 0.00144513
    outer loop
      vertex 19.3637 360.821 13.5008
      vertex 20.6323 358.104 13.5008
      vertex 20.6326 358.104 13.3127
    endloop
  endfacet
  facet normal 0.906102 0.423059 0
    outer loop
      vertex 19.3633 360.822 10.117
      vertex 20.6328 358.103 9.95327
      vertex 19.3633 360.822 9.95367
    endloop
  endfacet
  facet normal 0.906102 0.423059 0
    outer loop
      vertex 19.3633 360.822 9.95367
      vertex 20.6328 358.103 9.95327
      vertex 19.3633 360.822 9.79
    endloop
  endfacet
  facet normal 0.906063 0.42314 0.00166484
    outer loop
      vertex 19.3633 360.822 9.79
      vertex 20.6328 358.103 9.95327
      vertex 20.6331 358.103 9.79
    endloop
  endfacet
  facet normal 0.906001 0.423273 -0.00143734
    outer loop
      vertex 19.3639 360.821 14.1008
      vertex 20.6326 358.104 13.6899
      vertex 20.6323 358.104 13.5008
    endloop
  endfacet
  facet normal 0.906116 0.423029 -0.000214956
    outer loop
      vertex 19.3639 360.821 14.1008
      vertex 20.6328 358.103 14.0016
      vertex 20.6323 358.104 13.8619
    endloop
  endfacet
  facet normal 0 0 -1
    outer loop
      vertex 19.3608 360.821 9.79
      vertex 20.63 358.101 9.79
      vertex 20.4811 358.032 9.79
    endloop
  endfacet
  facet normal 0 0 -1
    outer loop
      vertex 19.0677 360.684 9.79
      vertex 20.3368 357.964 9.79
      vertex 20.2102 357.905 9.79
    endloop
  endfacet
  facet normal 0 0 -1
    outer loop
      vertex 18.942 360.625 9.79
      vertex 20.2102 357.905 9.79
      vertex 20.1197 357.864 9.79
    endloop
  endfacet
  facet normal 0 0 -1
    outer loop
      vertex 20.63 358.101 9.79
      vertex 19.3608 360.821 9.79
      vertex 20.6331 358.103 9.79
    endloop
  endfacet
  facet normal 0 0 -1
    outer loop
      vertex 20.3368 357.964 9.79
      vertex 19.0677 360.684 9.79
      vertex 20.4811 358.032 9.79
    endloop
  endfacet
  facet normal 0 0 -1
    outer loop
      vertex 18.8013 360.559 9.79
      vertex 20.1197 357.864 9.79
      vertex 20.0704 357.84 9.79
    endloop
  endfacet
  facet normal 0 0 -1
    outer loop
      vertex 20.6331 358.103 9.79
      vertex 19.3608 360.821 9.79
      vertex 19.3633 360.822 9.79
    endloop
  endfacet
  facet normal 0 0 -1
    outer loop
      vertex 20.4811 358.032 9.79
      vertex 19.212 360.751 9.79
      vertex 19.3608 360.821 9.79
    endloop
  endfacet
  facet normal 0 0 -1
    outer loop
      vertex 20.4811 358.032 9.79
      vertex 19.0677 360.684 9.79
      vertex 19.212 360.751 9.79
    endloop
  endfacet
  facet normal 0 0 -1
    outer loop
      vertex 20.2102 357.905 9.79
      vertex 18.942 360.625 9.79
      vertex 19.0677 360.684 9.79
    endloop
  endfacet
  facet normal 0 0 -1
    outer loop
      vertex 20.1197 357.864 9.79
      vertex 18.8506 360.584 9.79
      vertex 18.942 360.625 9.79
    endloop
  endfacet
  facet normal 0 0 -1
    outer loop
      vertex 20.1197 357.864 9.79
      vertex 18.8013 360.559 9.79
      vertex 18.8506 360.584 9.79
    endloop
  endfacet
  facet normal 0 0 -1
    outer loop
      vertex 17.6602 356.717 9.79
      vertex 18.8013 360.559 9.79
      vertex 20.0704 357.84 9.79
    endloop
  endfacet
  facet normal 0 0 -1
    outer loop
      vertex 16.3919 359.435 9.79
      vertex 17.6602 356.717 9.79
      vertex 16.843 356.336 9.79
    endloop
  endfacet
  facet normal 0 0 -1
    outer loop
      vertex 15.5753 359.055 9.79
      vertex 16.843 356.336 9.79
      vertex 16.823 356.327 9.79
    endloop
  endfacet
  facet normal 0 0 -1
    outer loop
      vertex 15.555 359.045 9.79
      vertex 16.823 356.327 9.79
      vertex 16.7808 356.307 9.79
    endloop
  endfacet
  facet normal 0 0 -1
    outer loop
      vertex 17.6602 356.717 9.79
      vertex 16.3919 359.435 9.79
      vertex 18.8013 360.559 9.79
    endloop
  endfacet
  facet normal 0 0 -1
    outer loop
      vertex 16.843 356.336 9.79
      vertex 15.5753 359.055 9.79
      vertex 16.3919 359.435 9.79
    endloop
  endfacet
  facet normal 0 0 -1
    outer loop
      vertex 16.823 356.327 9.79
      vertex 15.555 359.045 9.79
      vertex 15.5753 359.055 9.79
    endloop
  endfacet
  facet normal 0 -0 -1
    outer loop
      vertex 15.555 359.045 9.79
      vertex 16.7808 356.307 9.79
      vertex 15.5119 359.025 9.79
    endloop
  endfacet
  facet normal 0 0 -1
    outer loop
      vertex 38.8954 366.619 9.79
      vertex 40.8885 370.859 9.79
      vertex 42.1578 368.14 9.79
    endloop
  endfacet
  facet normal 0 0 -1
    outer loop
      vertex 37.6265 369.338 9.79
      vertex 38.8954 366.619 9.79
      vertex 38.8466 366.597 9.79
    endloop
  endfacet
  facet normal 0 0 -1
    outer loop
      vertex 37.4881 369.274 9.79
      vertex 38.8466 366.597 9.79
      vertex 38.757 366.555 9.79
    endloop
  endfacet
  facet normal 0 0 -1
    outer loop
      vertex 37.4881 369.274 9.79
      vertex 38.757 366.555 9.79
      vertex 38.6328 366.497 9.79
    endloop
  endfacet
  facet normal 0 0 -1
    outer loop
      vertex 37.3648 369.217 9.79
      vertex 38.6328 366.497 9.79
      vertex 38.4885 366.43 9.79
    endloop
  endfacet
  facet normal 0 0 -1
    outer loop
      vertex 37.2205 369.149 9.79
      vertex 38.4885 366.43 9.79
      vertex 38.3399 366.36 9.79
    endloop
  endfacet
  facet normal 0 0 -1
    outer loop
      vertex 37.0719 369.079 9.79
      vertex 38.3399 366.36 9.79
      vertex 38.3058 366.344 9.79
    endloop
  endfacet
  facet normal 0 0 -1
    outer loop
      vertex 38.8954 366.619 9.79
      vertex 37.6265 369.338 9.79
      vertex 40.8885 370.859 9.79
    endloop
  endfacet
  facet normal 0 0 -1
    outer loop
      vertex 38.8466 366.597 9.79
      vertex 37.5786 369.317 9.79
      vertex 37.6265 369.338 9.79
    endloop
  endfacet
  facet normal 0 0 -1
    outer loop
      vertex 38.8466 366.597 9.79
      vertex 37.4881 369.274 9.79
      vertex 37.5786 369.317 9.79
    endloop
  endfacet
  facet normal 0 0 -1
    outer loop
      vertex 38.6328 366.497 9.79
      vertex 37.3648 369.217 9.79
      vertex 37.4881 369.274 9.79
    endloop
  endfacet
  facet normal 0 0 -1
    outer loop
      vertex 38.4885 366.43 9.79
      vertex 37.2205 369.149 9.79
      vertex 37.3648 369.217 9.79
    endloop
  endfacet
  facet normal 0 0 -1
    outer loop
      vertex 38.3399 366.36 9.79
      vertex 37.0719 369.079 9.79
      vertex 37.2205 369.149 9.79
    endloop
  endfacet
  facet normal 0 -0 -1
    outer loop
      vertex 37.0719 369.079 9.79
      vertex 38.3058 366.344 9.79
      vertex 37.0365 369.063 9.79
    endloop
  endfacet
  facet normal -0.906111 -0.42304 1.08327e-05
    outer loop
      vertex 42.1577 368.14 -9.71
      vertex 40.8885 370.859 9.79
      vertex 40.8878 370.86 -9.71
    endloop
  endfacet
  facet normal -0.906128 -0.423004 4.64681e-06
    outer loop
      vertex 40.8885 370.859 9.79
      vertex 42.1577 368.14 -9.71
      vertex 42.1578 368.14 9.79
    endloop
  endfacet
  facet normal 0 0 1
    outer loop
      vertex 19.1624 360.729 -9.71
      vertex 20.4316 358.009 -9.71
      vertex 20.5629 358.071 -9.71
    endloop
  endfacet
  facet normal 0 0 1
    outer loop
      vertex 20.4316 358.009 -9.71
      vertex 19.1624 360.729 -9.71
      vertex 20.3202 357.957 -9.71
    endloop
  endfacet
  facet normal 0 0 1
    outer loop
      vertex 19.3635 360.822 -9.71
      vertex 20.5629 358.071 -9.71
      vertex 20.633 358.103 -9.71
    endloop
  endfacet
  facet normal -0 0 1
    outer loop
      vertex 19.2938 360.789 -9.71
      vertex 20.5629 358.071 -9.71
      vertex 19.3635 360.822 -9.71
    endloop
  endfacet
  facet normal -0 0 1
    outer loop
      vertex 19.1624 360.729 -9.71
      vertex 20.5629 358.071 -9.71
      vertex 19.2938 360.789 -9.71
    endloop
  endfacet
  facet normal -0 0 1
    outer loop
      vertex 19.0511 360.677 -9.71
      vertex 20.3202 357.957 -9.71
      vertex 19.1624 360.729 -9.71
    endloop
  endfacet
  facet normal 0 0 1
    outer loop
      vertex 20.3202 357.957 -9.71
      vertex 19.0511 360.677 -9.71
      vertex 20.2368 357.919 -9.71
    endloop
  endfacet
  facet normal -0 0 1
    outer loop
      vertex 18.9677 360.637 -9.71
      vertex 20.2368 357.919 -9.71
      vertex 19.0511 360.677 -9.71
    endloop
  endfacet
  facet normal 0 0 1
    outer loop
      vertex 20.2368 357.919 -9.71
      vertex 18.9677 360.637 -9.71
      vertex 20.1928 357.898 -9.71
    endloop
  endfacet
  facet normal -0 0 1
    outer loop
      vertex 18.9245 360.618 -9.71
      vertex 20.1928 357.898 -9.71
      vertex 18.9677 360.637 -9.71
    endloop
  endfacet
  facet normal 0 0 1
    outer loop
      vertex 18.9245 360.618 -9.71
      vertex 16.9047 356.366 -9.71
      vertex 20.1928 357.898 -9.71
    endloop
  endfacet
  facet normal -0 0 1
    outer loop
      vertex 15.6385 359.085 -9.71
      vertex 16.9047 356.366 -9.71
      vertex 18.9245 360.618 -9.71
    endloop
  endfacet
  facet normal 0 0 1
    outer loop
      vertex 16.9047 356.366 -9.71
      vertex 15.6385 359.085 -9.71
      vertex 16.7804 356.308 -9.71
    endloop
  endfacet
  facet normal 0 0 1
    outer loop
      vertex 16.7804 356.308 -9.71
      vertex 15.6385 359.085 -9.71
      vertex 15.5115 359.026 -9.71
    endloop
  endfacet
  facet normal 0 0 1
    outer loop
      vertex 40.8878 370.86 -9.71
      vertex 41.3663 367.771 -9.71
      vertex 42.1577 368.14 -9.71
    endloop
  endfacet
  facet normal -0 0 1
    outer loop
      vertex 40.0966 370.491 -9.71
      vertex 41.3663 367.771 -9.71
      vertex 40.8878 370.86 -9.71
    endloop
  endfacet
  facet normal 0 0 1
    outer loop
      vertex 40.0966 370.491 -9.71
      vertex 38.8323 366.59 -9.71
      vertex 41.3663 367.771 -9.71
    endloop
  endfacet
  facet normal -0 0 1
    outer loop
      vertex 37.5634 369.31 -9.71
      vertex 38.8323 366.59 -9.71
      vertex 40.0966 370.491 -9.71
    endloop
  endfacet
  facet normal -0 0 1
    outer loop
      vertex 37.5189 369.288 -9.71
      vertex 38.8323 366.59 -9.71
      vertex 37.5634 369.31 -9.71
    endloop
  endfacet
  facet normal 0 0 1
    outer loop
      vertex 38.8323 366.59 -9.71
      vertex 37.5189 369.288 -9.71
      vertex 38.7869 366.568 -9.71
    endloop
  endfacet
  facet normal 0 0 1
    outer loop
      vertex 38.7869 366.568 -9.71
      vertex 37.5189 369.288 -9.71
      vertex 38.7006 366.529 -9.71
    endloop
  endfacet
  facet normal -0 0 1
    outer loop
      vertex 37.4318 369.249 -9.71
      vertex 38.7006 366.529 -9.71
      vertex 37.5189 369.288 -9.71
    endloop
  endfacet
  facet normal -0 0 1
    outer loop
      vertex 37.3126 369.192 -9.71
      vertex 38.7006 366.529 -9.71
      vertex 37.4318 369.249 -9.71
    endloop
  endfacet
  facet normal 0 0 1
    outer loop
      vertex 38.7006 366.529 -9.71
      vertex 37.3126 369.192 -9.71
      vertex 38.5806 366.472 -9.71
    endloop
  endfacet
  facet normal 0 0 1
    outer loop
      vertex 38.5806 366.472 -9.71
      vertex 37.3126 369.192 -9.71
      vertex 38.4399 366.407 -9.71
    endloop
  endfacet
  facet normal -0 0 1
    outer loop
      vertex 37.1719 369.126 -9.71
      vertex 38.4399 366.407 -9.71
      vertex 37.3126 369.192 -9.71
    endloop
  endfacet
  facet normal 0 0 1
    outer loop
      vertex 38.4399 366.407 -9.71
      vertex 37.1719 369.126 -9.71
      vertex 38.3056 366.345 -9.71
    endloop
  endfacet
  facet normal 0 0 1
    outer loop
      vertex 38.3056 366.345 -9.71
      vertex 37.1719 369.126 -9.71
      vertex 37.0363 369.063 -9.71
    endloop
  endfacet
  facet normal 0.906119 0.423022 -2.19288e-05
    outer loop
      vertex 15.5117 359.026 -1.44581
      vertex 16.7804 356.308 -9.71
      vertex 15.5115 359.026 -9.71
    endloop
  endfacet
  facet normal 0.906131 0.422996 2.15178e-05
    outer loop
      vertex 16.7805 356.308 -1.23351
      vertex 15.5117 359.026 -1.44581
      vertex 15.5119 359.025 9.79
    endloop
  endfacet
  facet normal 0.906132 0.422994 -1.06899e-05
    outer loop
      vertex 15.5117 359.026 -1.44581
      vertex 16.7805 356.308 -1.23351
      vertex 16.7804 356.308 -9.71
    endloop
  endfacet
  facet normal 0.906119 0.423022 1.37149e-05
    outer loop
      vertex 16.7805 356.308 -1.23351
      vertex 15.5119 359.025 9.79
      vertex 16.7808 356.307 9.79
    endloop
  endfacet
  facet normal 0.898447 0.418835 -0.131793
    outer loop
      vertex 44.058 372.338 -15.5005
      vertex 45.326 369.618 -15.5005
      vertex 43.996 372.308 -16.0185
    endloop
  endfacet
  facet normal 0.89852 0.419177 -0.130203
    outer loop
      vertex 45.326 369.618 -15.5005
      vertex 45.264 369.59 -16.0185
      vertex 43.996 372.308 -16.0185
    endloop
  endfacet
  facet normal 0.838376 0.391119 -0.379673
    outer loop
      vertex 43.996 372.308 -16.0185
      vertex 45.264 369.59 -16.0185
      vertex 43.816 372.224 -16.5025
    endloop
  endfacet
  facet normal 0.837971 0.390643 -0.381054
    outer loop
      vertex 45.264 369.59 -16.0185
      vertex 45.084 369.504 -16.5025
      vertex 43.816 372.224 -16.5025
    endloop
  endfacet
  facet normal 0.717585 0.335049 -0.610585
    outer loop
      vertex 45.084 369.504 -16.5025
      vertex 44.796 369.37 -16.9145
      vertex 43.526 372.09 -16.9145
    endloop
  endfacet
  facet normal 0.71626 0.333904 -0.612764
    outer loop
      vertex 43.816 372.224 -16.5025
      vertex 45.084 369.504 -16.5025
      vertex 43.526 372.09 -16.9145
    endloop
  endfacet
  facet normal 0.552508 0.257972 -0.792582
    outer loop
      vertex 43.526 372.09 -16.9145
      vertex 44.796 369.37 -16.9145
      vertex 43.152 371.914 -17.2325
    endloop
  endfacet
  facet normal 0.55178 0.257416 -0.793269
    outer loop
      vertex 44.796 369.37 -16.9145
      vertex 44.42 369.196 -17.2325
      vertex 43.152 371.914 -17.2325
    endloop
  endfacet
  facet normal 0.346596 0.161694 -0.923973
    outer loop
      vertex 43.152 371.914 -17.2325
      vertex 44.42 369.196 -17.2325
      vertex 42.714 371.71 -17.4325
    endloop
  endfacet
  facet normal 0.346596 0.161694 -0.923973
    outer loop
      vertex 44.42 369.196 -17.2325
      vertex 43.982 368.992 -17.4325
      vertex 42.714 371.71 -17.4325
    endloop
  endfacet
  facet normal 0.118305 0.0552789 -0.991437
    outer loop
      vertex 43.982 368.992 -17.4325
      vertex 43.514 368.774 -17.5005
      vertex 42.244 371.492 -17.5005
    endloop
  endfacet
  facet normal 0.117932 0.0550175 -0.991496
    outer loop
      vertex 42.714 371.71 -17.4325
      vertex 43.982 368.992 -17.4325
      vertex 42.244 371.492 -17.5005
    endloop
  endfacet
  facet normal 0.906353 0.422521 0
    outer loop
      vertex 45.326 369.618 15.4995
      vertex 44.058 372.338 -15.5005
      vertex 44.058 372.338 15.4995
    endloop
  endfacet
  facet normal 0.906353 0.422521 0
    outer loop
      vertex 44.058 372.338 -15.5005
      vertex 45.326 369.618 15.4995
      vertex 45.326 369.618 -15.5005
    endloop
  endfacet
  facet normal -0.422987 0.906134 -0.001851
    outer loop
      vertex 44.058 372.338 -15.5005
      vertex 43.996 372.308 -16.0185
      vertex 40.964 370.896 -14.3785
    endloop
  endfacet
  facet normal -0.421789 0.906691 0.00216771
    outer loop
      vertex 41.154 370.984 -14.2165
      vertex 44.058 372.338 -15.5005
      vertex 40.964 370.896 -14.3785
    endloop
  endfacet
  facet normal -0.421181 0.906968 0.00383578
    outer loop
      vertex 41.298 371.05 -14.0105
      vertex 44.058 372.338 -15.5005
      vertex 41.154 370.984 -14.2165
    endloop
  endfacet
  facet normal -0.422286 0.906463 -0.000271524
    outer loop
      vertex 43.996 372.308 -16.0185
      vertex 43.816 372.224 -16.5025
      vertex 40.964 370.896 -14.3785
    endloop
  endfacet
  facet normal -0.421204 0.906965 0.00149491
    outer loop
      vertex 43.816 372.224 -16.5025
      vertex 43.526 372.09 -16.9145
      vertex 40.964 370.896 -14.3785
    endloop
  endfacet
  facet normal -0.424238 0.905548 -0.00223719
    outer loop
      vertex 43.526 372.09 -16.9145
      vertex 43.152 371.914 -17.2325
      vertex 40.964 370.896 -14.3785
    endloop
  endfacet
  facet normal -0.422111 0.906544 -0.000251392
    outer loop
      vertex 43.152 371.914 -17.2325
      vertex 42.714 371.71 -17.4325
      vertex 40.964 370.896 -14.3785
    endloop
  endfacet
  facet normal -0.420846 0.907132 0.000630285
    outer loop
      vertex 42.714 371.71 -17.4325
      vertex 42.244 371.492 -17.5005
      vertex 40.964 370.896 -14.3785
    endloop
  endfacet
  facet normal -0.426568 0.904453 -0.00222695
    outer loop
      vertex 40.964 370.896 -14.3785
      vertex 42.244 371.492 -17.5005
      vertex 40.744 370.792 -14.4765
    endloop
  endfacet
  facet normal -0.416599 0.909083 0.0037895
    outer loop
      vertex 40.744 370.792 -14.4765
      vertex 42.244 371.492 -17.5005
      vertex 40.508 370.684 -14.5125
    endloop
  endfacet
  facet normal -0.432666 0.901523 -0.00758943
    outer loop
      vertex 40.508 370.684 -14.5125
      vertex 42.244 371.492 -17.5005
      vertex 40.274 370.572 -14.4765
    endloop
  endfacet
  facet normal -0.429101 0.903244 -0.00474365
    outer loop
      vertex 40.274 370.572 -14.4765
      vertex 42.244 371.492 -17.5005
      vertex 40.054 370.468 -14.3785
    endloop
  endfacet
  facet normal -0.42239 0.906414 0.000227153
    outer loop
      vertex 40.054 370.468 -14.3785
      vertex 37.0368 369.062 -14.46
      vertex 37.037 369.062 -14.0881
    endloop
  endfacet
  facet normal -0.422385 0.906416 0.00103476
    outer loop
      vertex 37.0368 369.062 -14.46
      vertex 42.244 371.492 -17.5005
      vertex 33.5432 367.434 -14.46
    endloop
  endfacet
  facet normal -0.422407 0.906406 0.000989
    outer loop
      vertex 42.244 371.492 -17.5005
      vertex 37.0368 369.062 -14.46
      vertex 40.054 370.468 -14.3785
    endloop
  endfacet
  facet normal -0.423499 0.905815 -0.0121196
    outer loop
      vertex 39.864 370.382 -14.2165
      vertex 37.037 369.062 -14.0881
      vertex 37.0363 369.063 -13.9889
    endloop
  endfacet
  facet normal -0.423622 0.905697 -0.0160385
    outer loop
      vertex 37.037 369.062 -14.0881
      vertex 39.864 370.382 -14.2165
      vertex 40.054 370.468 -14.3785
    endloop
  endfacet
  facet normal -0.423092 0.906055 -0.00757874
    outer loop
      vertex 39.72 370.316 -14.0105
      vertex 37.0363 369.063 -13.9889
      vertex 37.036 369.064 -13.8526
    endloop
  endfacet
  facet normal -0.423083 0.906074 -0.00545195
    outer loop
      vertex 37.0363 369.063 -13.9889
      vertex 39.72 370.316 -14.0105
      vertex 39.864 370.382 -14.2165
    endloop
  endfacet
  facet normal -0.422585 0.906303 0.00611289
    outer loop
      vertex 39.628 370.272 -13.7665
      vertex 37.036 369.064 -13.8526
      vertex 37.0363 369.063 -13.6836
    endloop
  endfacet
  facet normal -0.422535 0.906337 0.00412146
    outer loop
      vertex 37.036 369.064 -13.8526
      vertex 39.628 370.272 -13.7665
      vertex 39.72 370.316 -14.0105
    endloop
  endfacet
  facet normal -0.42252 0.906332 0.0063035
    outer loop
      vertex 39.598 370.256 -13.5065
      vertex 37.0363 369.063 -13.6836
      vertex 37.0369 369.062 -13.4996
    endloop
  endfacet
  facet normal -0.422559 0.906308 0.00701606
    outer loop
      vertex 37.0363 369.063 -13.6836
      vertex 39.598 370.256 -13.5065
      vertex 39.628 370.272 -13.7665
    endloop
  endfacet
  facet normal -0.42259 0.906294 -0.00701156
    outer loop
      vertex 39.598 370.256 -13.5065
      vertex 37.0363 369.063 -13.3154
      vertex 39.628 370.272 -13.2465
    endloop
  endfacet
  facet normal -0.422548 0.906319 -0.00629667
    outer loop
      vertex 37.0363 369.063 -13.3154
      vertex 39.598 370.256 -13.5065
      vertex 37.0369 369.062 -13.4996
    endloop
  endfacet
  facet normal -0.422753 0.906245 0
    outer loop
      vertex 39.628 370.272 -13.2465
      vertex 37.0363 369.063 -13.3154
      vertex 37.0363 369.063 -10.0315
    endloop
  endfacet
  facet normal -0.428841 0.903358 -0.00638599
    outer loop
      vertex 39.72 370.316 -13.0025
      vertex 37.0363 369.063 -10.0315
      vertex 37.0361 369.064 -9.87661
    endloop
  endfacet
  facet normal -0.425538 0.904937 -0.00273659
    outer loop
      vertex 37.0363 369.063 -10.0315
      vertex 39.72 370.316 -13.0025
      vertex 39.628 370.272 -13.2465
    endloop
  endfacet
  facet normal -0.417044 0.908864 0.00634405
    outer loop
      vertex 39.864 370.382 -12.7965
      vertex 37.0361 369.064 -9.87661
      vertex 37.0363 369.063 -9.7202
    endloop
  endfacet
  facet normal -0.42002 0.90751 0.00285062
    outer loop
      vertex 37.0361 369.064 -9.87661
      vertex 39.864 370.382 -12.7965
      vertex 39.72 370.316 -13.0025
    endloop
  endfacet
  facet normal -0.421347 0.906899 0
    outer loop
      vertex 37.1719 369.126 -9.71
      vertex 37.0363 369.063 -9.7202
      vertex 37.0363 369.063 -9.71
    endloop
  endfacet
  facet normal -0.416791 0.90898 0.00636215
    outer loop
      vertex 39.864 370.382 -12.7965
      vertex 37.1719 369.126 -9.71
      vertex 40.054 370.468 -12.6365
    endloop
  endfacet
  facet normal -0.421436 0.906857 0.00144633
    outer loop
      vertex 37.1719 369.126 -9.71
      vertex 39.864 370.382 -12.7965
      vertex 37.0363 369.063 -9.7202
    endloop
  endfacet
  facet normal -0.425747 0.904832 -0.00429717
    outer loop
      vertex 40.054 370.468 -12.6365
      vertex 37.3126 369.192 -9.71
      vertex 40.274 370.572 -12.5345
    endloop
  endfacet
  facet normal -0.424679 0.905339 -0.00307644
    outer loop
      vertex 37.3126 369.192 -9.71
      vertex 40.054 370.468 -12.6365
      vertex 37.1719 369.126 -9.71
    endloop
  endfacet
  facet normal -0.430473 0.902543 -0.0104178
    outer loop
      vertex 40.274 370.572 -12.5345
      vertex 37.4318 369.249 -9.71
      vertex 40.508 370.684 -12.5005
    endloop
  endfacet
  facet normal -0.431373 0.9021 -0.0115316
    outer loop
      vertex 37.4318 369.249 -9.71
      vertex 40.274 370.572 -12.5345
      vertex 37.3126 369.192 -9.71
    endloop
  endfacet
  facet normal -0.408592 0.912523 0.0188348
    outer loop
      vertex 37.5189 369.288 -9.71
      vertex 40.508 370.684 -12.5005
      vertex 37.4318 369.249 -9.71
    endloop
  endfacet
  facet normal -0.414808 0.909844 0.0108365
    outer loop
      vertex 40.508 370.684 -12.5005
      vertex 37.5189 369.288 -9.71
      vertex 40.744 370.792 -12.5345
    endloop
  endfacet
  facet normal -0.442998 0.896064 -0.0286891
    outer loop
      vertex 37.5634 369.31 -9.71
      vertex 40.744 370.792 -12.5345
      vertex 37.5189 369.288 -9.71
    endloop
  endfacet
  facet normal -0.432782 0.901383 -0.0143945
    outer loop
      vertex 40.744 370.792 -12.5345
      vertex 37.5634 369.31 -9.71
      vertex 40.964 370.896 -12.6365
    endloop
  endfacet
  facet normal -0.422545 0.906342 0.000189083
    outer loop
      vertex 40.0966 370.491 -9.71
      vertex 40.964 370.896 -12.6365
      vertex 37.5634 369.31 -9.71
    endloop
  endfacet
  facet normal -0.399167 0.916878 0.000168879
    outer loop
      vertex 40.964 370.896 -12.6365
      vertex 40.8885 370.859 9.79
      vertex 40.892 370.86 12.6335
    endloop
  endfacet
  facet normal -0.422672 0.906283 0.00014302
    outer loop
      vertex 40.8878 370.86 -9.71
      vertex 40.964 370.896 -12.6365
      vertex 40.0966 370.491 -9.71
    endloop
  endfacet
  facet normal -0.42523 0.905085 6.16793e-05
    outer loop
      vertex 40.8885 370.859 9.79
      vertex 40.964 370.896 -12.6365
      vertex 40.8878 370.86 -9.71
    endloop
  endfacet
  facet normal -0.422596 0.906318 0.000201431
    outer loop
      vertex 40.892 370.86 12.6335
      vertex 40.8885 370.859 9.79
      vertex 37.6265 369.338 9.79
    endloop
  endfacet
  facet normal -0.404098 0.914365 -0.0253497
    outer loop
      vertex 37.6265 369.338 9.79
      vertex 40.672 370.76 12.5335
      vertex 40.892 370.86 12.6335
    endloop
  endfacet
  facet normal -0.401352 0.915466 -0.0289679
    outer loop
      vertex 40.672 370.76 12.5335
      vertex 37.6265 369.338 9.79
      vertex 37.5786 369.317 9.79
    endloop
  endfacet
  facet normal -0.429881 0.902832 0.00984392
    outer loop
      vertex 37.5786 369.317 9.79
      vertex 40.436 370.648 12.4995
      vertex 40.672 370.76 12.5335
    endloop
  endfacet
  facet normal -0.429142 0.903193 0.00888682
    outer loop
      vertex 40.436 370.648 12.4995
      vertex 37.5786 369.317 9.79
      vertex 37.4881 369.274 9.79
    endloop
  endfacet
  facet normal -0.41952 0.907738 -0.00388537
    outer loop
      vertex 37.4881 369.274 9.79
      vertex 40.202 370.54 12.5335
      vertex 40.436 370.648 12.4995
    endloop
  endfacet
  facet normal -0.419615 0.907694 -0.0037714
    outer loop
      vertex 40.202 370.54 12.5335
      vertex 37.4881 369.274 9.79
      vertex 37.3648 369.217 9.79
    endloop
  endfacet
  facet normal -0.425857 0.904781 0.00408783
    outer loop
      vertex 37.3648 369.217 9.79
      vertex 39.982 370.436 12.6335
      vertex 40.202 370.54 12.5335
    endloop
  endfacet
  facet normal -0.426276 0.904582 0.00455888
    outer loop
      vertex 39.982 370.436 12.6335
      vertex 37.3648 369.217 9.79
      vertex 37.2205 369.149 9.79
    endloop
  endfacet
  facet normal -0.423256 0.90601 0.000979853
    outer loop
      vertex 37.2205 369.149 9.79
      vertex 39.794 370.348 12.7935
      vertex 39.982 370.436 12.6335
    endloop
  endfacet
  facet normal -0.426145 0.904646 0.00400029
    outer loop
      vertex 39.794 370.348 12.7935
      vertex 37.2205 369.149 9.79
      vertex 37.0719 369.079 9.79
    endloop
  endfacet
  facet normal -0.417798 0.908526 -0.00497936
    outer loop
      vertex 39.794 370.348 12.7935
      vertex 37.0362 369.064 9.91247
      vertex 39.648 370.282 13.0015
    endloop
  endfacet
  facet normal -0.414117 0.910177 -0.00923768
    outer loop
      vertex 37.0719 369.079 9.79
      vertex 37.0362 369.064 9.91247
      vertex 39.794 370.348 12.7935
    endloop
  endfacet
  facet normal -0.411848 0.911213 -0.00844915
    outer loop
      vertex 37.0362 369.064 9.91247
      vertex 37.0719 369.079 9.79
      vertex 37.0365 369.063 9.79
    endloop
  endfacet
  facet normal -0.422717 0.906262 7.64621e-05
    outer loop
      vertex 39.648 370.282 13.0015
      vertex 37.0362 369.064 10.0683
      vertex 39.558 370.24 13.2435
    endloop
  endfacet
  facet normal -0.422646 0.906295 0
    outer loop
      vertex 37.0362 369.064 10.0683
      vertex 39.648 370.282 13.0015
      vertex 37.0362 369.064 9.91247
    endloop
  endfacet
  facet normal -0.422638 0.906299 0
    outer loop
      vertex 39.558 370.24 13.2435
      vertex 37.0362 369.064 10.0683
      vertex 37.0362 369.064 13.3019
    endloop
  endfacet
  facet normal -0.42243 0.906376 0.00597323
    outer loop
      vertex 39.528 370.224 13.5055
      vertex 37.0362 369.064 13.3019
      vertex 37.0367 369.063 13.489
    endloop
  endfacet
  facet normal -0.422495 0.906339 0.00697167
    outer loop
      vertex 37.0362 369.064 13.3019
      vertex 39.528 370.224 13.5055
      vertex 39.558 370.24 13.2435
    endloop
  endfacet
  facet normal -0.422418 0.906373 -0.00709081
    outer loop
      vertex 39.528 370.224 13.5055
      vertex 37.0362 369.064 13.6731
      vertex 39.558 370.24 13.7635
    endloop
  endfacet
  facet normal -0.422365 0.906406 -0.00607055
    outer loop
      vertex 37.0362 369.064 13.6731
      vertex 39.528 370.224 13.5055
      vertex 37.0367 369.063 13.489
    endloop
  endfacet
  facet normal -0.422627 0.906304 -0.000117151
    outer loop
      vertex 39.558 370.24 13.7635
      vertex 37.0361 369.064 13.8418
      vertex 39.648 370.282 14.0055
    endloop
  endfacet
  facet normal -0.42263 0.906302 -0.000250522
    outer loop
      vertex 37.0361 369.064 13.8418
      vertex 39.558 370.24 13.7635
      vertex 37.0362 369.064 13.6731
    endloop
  endfacet
  facet normal -0.423054 0.906055 0.00945321
    outer loop
      vertex 39.648 370.282 14.0055
      vertex 37.0367 369.063 13.9801
      vertex 39.794 370.348 14.2135
    endloop
  endfacet
  facet normal -0.42305 0.906068 0.00838682
    outer loop
      vertex 37.0367 369.063 13.9801
      vertex 39.648 370.282 14.0055
      vertex 37.0361 369.064 13.8418
    endloop
  endfacet
  facet normal -0.422308 0.906449 -0.00233552
    outer loop
      vertex 39.794 370.348 14.2135
      vertex 37.0366 369.063 14.0782
      vertex 39.982 370.436 14.3735
    endloop
  endfacet
  facet normal -0.422386 0.906416 -0.000430566
    outer loop
      vertex 37.0366 369.063 14.0782
      vertex 39.794 370.348 14.2135
      vertex 37.0367 369.063 13.9801
    endloop
  endfacet
  facet normal -0.42251 0.906358 -0.000446547
    outer loop
      vertex 39.982 370.436 14.3735
      vertex 37.0365 369.063 14.54
      vertex 42.244 371.492 17.4995
    endloop
  endfacet
  facet normal -0.422494 0.906366 -9.14885e-05
    outer loop
      vertex 37.0365 369.063 14.54
      vertex 39.982 370.436 14.3735
      vertex 37.0366 369.063 14.0782
    endloop
  endfacet
  facet normal -0.422453 0.906385 -0.000569165
    outer loop
      vertex 42.244 371.492 17.4995
      vertex 37.0365 369.063 14.54
      vertex 33.8461 367.576 14.54
    endloop
  endfacet
  facet normal -0.429564 0.903018 0.00578569
    outer loop
      vertex 42.244 371.492 17.4995
      vertex 40.202 370.54 14.4755
      vertex 39.982 370.436 14.3735
    endloop
  endfacet
  facet normal -0.4187 0.908119 -0.00315586
    outer loop
      vertex 42.244 371.492 17.4995
      vertex 40.436 370.648 14.5075
      vertex 40.202 370.54 14.4755
    endloop
  endfacet
  facet normal -0.428308 0.903625 0.00391745
    outer loop
      vertex 42.244 371.492 17.4995
      vertex 40.672 370.76 14.4755
      vertex 40.436 370.648 14.5075
    endloop
  endfacet
  facet normal -0.415424 0.909618 -0.00423066
    outer loop
      vertex 42.244 371.492 17.4995
      vertex 40.892 370.86 14.3735
      vertex 40.672 370.76 14.4755
    endloop
  endfacet
  facet normal -0.42093 0.907092 -0.00133871
    outer loop
      vertex 42.244 371.492 17.4995
      vertex 42.714 371.71 17.4315
      vertex 40.892 370.86 14.3735
    endloop
  endfacet
  facet normal -0.422328 0.906443 -0.000325591
    outer loop
      vertex 42.714 371.71 17.4315
      vertex 43.152 371.914 17.2315
      vertex 40.892 370.86 14.3735
    endloop
  endfacet
  facet normal -0.422612 0.906311 0
    outer loop
      vertex 12.452 357.6 -15.6525
      vertex 42.244 371.492 -17.5005
      vertex 12.452 357.6 -17.5005
    endloop
  endfacet
  facet normal -0.422631 0.906302 -0.000364435
    outer loop
      vertex 16.298 359.394 -14.3705
      vertex 42.244 371.492 -17.5005
      vertex 12.452 357.6 -15.6525
    endloop
  endfacet
  facet normal -0.422499 0.906363 0.000920572
    outer loop
      vertex 29.628 365.608 -14.46
      vertex 42.244 371.492 -17.5005
      vertex 19.363 360.823 -14.46
    endloop
  endfacet
  facet normal -0.422498 0.90636 0.0025871
    outer loop
      vertex 19.363 360.823 -14.46
      vertex 16.298 359.394 -14.3705
      vertex 19.3632 360.822 -14.077
    endloop
  endfacet
  facet normal -0.422551 0.906339 0.00044075
    outer loop
      vertex 16.298 359.394 -14.3705
      vertex 19.363 360.823 -14.46
      vertex 42.244 371.492 -17.5005
    endloop
  endfacet
  facet normal -0.422678 0.90628 1.68098e-05
    outer loop
      vertex 33.5432 367.434 -14.46
      vertex 42.244 371.492 -17.5005
      vertex 29.628 365.608 -14.46
    endloop
  endfacet
  facet normal -0.422478 0.906373 0
    outer loop
      vertex 12.452 357.6 14.4235
      vertex 15.374 358.962 12.8035
      vertex 12.452 357.6 2.3495
    endloop
  endfacet
  facet normal -0.422523 0.906352 0
    outer loop
      vertex 12.452 357.6 2.3495
      vertex 15.468 359.006 -12.7845
      vertex 12.452 357.6 -14.4445
    endloop
  endfacet
  facet normal -0.422497 0.906364 6.46114e-06
    outer loop
      vertex 15.374 358.962 12.8035
      vertex 15.468 359.006 -12.7845
      vertex 12.452 357.6 2.3495
    endloop
  endfacet
  facet normal -0.427207 0.904094 0.0104197
    outer loop
      vertex 12.452 357.6 -14.4445
      vertex 15.332 358.944 -12.9805
      vertex 12.45 357.6 -14.5265
    endloop
  endfacet
  facet normal -0.42722 0.904087 0.0104519
    outer loop
      vertex 15.468 359.006 -12.7845
      vertex 15.332 358.944 -12.9805
      vertex 12.452 357.6 -14.4445
    endloop
  endfacet
  facet normal -0.422612 0.906311 -0.000141262
    outer loop
      vertex 42.244 371.492 17.4995
      vertex 16.266 359.378 14.5035
      vertex 12.452 357.6 17.4995
    endloop
  endfacet
  facet normal -0.428706 0.903111 -0.0245416
    outer loop
      vertex 16.266 359.378 14.5035
      vertex 16.028 359.266 14.5395
      vertex 12.452 357.6 15.6995
    endloop
  endfacet
  facet normal -0.422521 0.906353 0
    outer loop
      vertex 12.452 357.6 17.4995
      vertex 16.266 359.378 14.5035
      vertex 12.452 357.6 15.6995
    endloop
  endfacet
  facet normal -0.418415 0.908139 0.0145616
    outer loop
      vertex 16.028 359.266 14.5395
      vertex 15.788 359.156 14.5035
      vertex 12.45 357.6 15.6295
    endloop
  endfacet
  facet normal -0.419078 0.907871 0.0119737
    outer loop
      vertex 12.452 357.6 15.6995
      vertex 16.028 359.266 14.5395
      vertex 12.45 357.6 15.6295
    endloop
  endfacet
  facet normal -0.424535 0.90541 0.00180062
    outer loop
      vertex 43.152 371.914 17.2315
      vertex 43.526 372.09 16.9115
      vertex 40.892 370.86 14.3735
    endloop
  endfacet
  facet normal -0.421636 0.906763 -0.00186408
    outer loop
      vertex 43.526 372.09 16.9115
      vertex 43.816 372.224 16.4995
      vertex 40.892 370.86 14.3735
    endloop
  endfacet
  facet normal -0.422779 0.906233 4.8389e-05
    outer loop
      vertex 43.816 372.224 16.4995
      vertex 43.996 372.308 16.0155
      vertex 40.892 370.86 14.3735
    endloop
  endfacet
  facet normal -0.424814 0.905268 0.00474678
    outer loop
      vertex 43.996 372.308 16.0155
      vertex 41.082 370.95 14.2135
      vertex 40.892 370.86 14.3735
    endloop
  endfacet
  facet normal -0.423326 0.905975 0.0018082
    outer loop
      vertex 43.996 372.308 16.0155
      vertex 44.058 372.338 15.4995
      vertex 41.082 370.95 14.2135
    endloop
  endfacet
  facet normal -0.421298 0.906914 -0.00389744
    outer loop
      vertex 44.058 372.338 15.4995
      vertex 41.226 371.016 14.0055
      vertex 41.082 370.95 14.2135
    endloop
  endfacet
  facet normal -0.42441 0.905464 0.00328382
    outer loop
      vertex 44.058 372.338 15.4995
      vertex 41.318 371.06 13.7635
      vertex 41.226 371.016 14.0055
    endloop
  endfacet
  facet normal -0.419294 0.907827 -0.00653061
    outer loop
      vertex 44.058 372.338 15.4995
      vertex 41.348 371.072 13.5055
      vertex 41.318 371.06 13.7635
    endloop
  endfacet
  facet normal -0.427818 0.903833 0.00758986
    outer loop
      vertex 41.348 371.072 13.5055
      vertex 44.058 372.338 15.4995
      vertex 41.318 371.06 13.2435
    endloop
  endfacet
  facet normal -0.41867 0.908119 -0.00594876
    outer loop
      vertex 41.318 371.06 13.2435
      vertex 44.058 372.338 15.4995
      vertex 41.226 371.016 13.0015
    endloop
  endfacet
  facet normal -0.432764 0.901405 0.0135833
    outer loop
      vertex 41.226 371.016 13.0015
      vertex 44.058 372.338 15.4995
      vertex 41.082 370.95 12.7935
    endloop
  endfacet
  facet normal -0.422696 0.906271 1.48136e-05
    outer loop
      vertex 44.058 372.338 15.4995
      vertex 41.154 370.984 -12.7965
      vertex 41.082 370.95 12.7935
    endloop
  endfacet
  facet normal -0.420253 0.907407 2.31969e-05
    outer loop
      vertex 41.082 370.95 12.7935
      vertex 41.154 370.984 -12.7965
      vertex 40.964 370.896 -12.6365
    endloop
  endfacet
  facet normal -0.422578 0.906327 0
    outer loop
      vertex 44.058 372.338 15.4995
      vertex 44.058 372.338 -15.5005
      vertex 41.154 370.984 -12.7965
    endloop
  endfacet
  facet normal -0.433433 0.901072 -0.0142896
    outer loop
      vertex 44.058 372.338 -15.5005
      vertex 41.298 371.05 -13.0025
      vertex 41.154 370.984 -12.7965
    endloop
  endfacet
  facet normal -0.426779 0.904341 -0.00525125
    outer loop
      vertex 44.058 372.338 -15.5005
      vertex 41.39 371.092 -13.2465
      vertex 41.298 371.05 -13.0025
    endloop
  endfacet
  facet normal -0.417783 0.908514 0.00770276
    outer loop
      vertex 44.058 372.338 -15.5005
      vertex 41.42 371.108 -13.5065
      vertex 41.39 371.092 -13.2465
    endloop
  endfacet
  facet normal -0.426569 0.904432 -0.00643788
    outer loop
      vertex 41.42 371.108 -13.5065
      vertex 44.058 372.338 -15.5005
      vertex 41.39 371.092 -13.7665
    endloop
  endfacet
  facet normal -0.421606 0.906775 0.00288192
    outer loop
      vertex 41.39 371.092 -13.7665
      vertex 44.058 372.338 -15.5005
      vertex 41.298 371.05 -14.0105
    endloop
  endfacet
  facet normal -0.428133 0.903716 6.75981e-05
    outer loop
      vertex 41.082 370.95 12.7935
      vertex 40.964 370.896 -12.6365
      vertex 40.892 370.86 12.6335
    endloop
  endfacet
  facet normal -0.423286 0.905995 0.00104554
    outer loop
      vertex 16.298 359.394 -12.5385
      vertex 19.0511 360.677 -9.71
      vertex 19.1624 360.729 -9.71
    endloop
  endfacet
  facet normal -0.424013 0.905654 0.00190737
    outer loop
      vertex 19.0511 360.677 -9.71
      vertex 16.298 359.394 -12.5385
      vertex 16.076 359.29 -12.5085
    endloop
  endfacet
  facet normal -0.432414 0.901583 0.0128565
    outer loop
      vertex 16.076 359.29 -12.5085
      vertex 18.9677 360.637 -9.71
      vertex 19.0511 360.677 -9.71
    endloop
  endfacet
  facet normal -0.432235 0.901673 0.0126284
    outer loop
      vertex 18.9677 360.637 -9.71
      vertex 16.076 359.29 -12.5085
      vertex 15.854 359.184 -12.5385
    endloop
  endfacet
  facet normal -0.40245 0.915043 -0.0270287
    outer loop
      vertex 15.854 359.184 -12.5385
      vertex 18.9245 360.618 -9.71
      vertex 18.9677 360.637 -9.71
    endloop
  endfacet
  facet normal -0.406728 0.913296 -0.0214982
    outer loop
      vertex 18.9245 360.618 -9.71
      vertex 15.854 359.184 -12.5385
      vertex 15.648 359.09 -12.6345
    endloop
  endfacet
  facet normal -0.42278 0.906232 0.000176014
    outer loop
      vertex 18.9245 360.618 -9.71
      vertex 15.648 359.09 -12.6345
      vertex 15.6385 359.085 -9.71
    endloop
  endfacet
  facet normal -0.421901 0.906642 0.00021376
    outer loop
      vertex 16.3919 359.435 9.79
      vertex 15.5753 359.055 9.79
      vertex 15.566 359.05 12.6415
    endloop
  endfacet
  facet normal -0.421321 0.906912 0.000181914
    outer loop
      vertex 15.6385 359.085 -9.71
      vertex 15.648 359.09 -12.6345
      vertex 15.5115 359.026 -9.71
    endloop
  endfacet
  facet normal -0.418324 0.908298 1.01238e-05
    outer loop
      vertex 15.5115 359.026 -9.71
      vertex 15.468 359.006 -12.7845
      vertex 15.5117 359.026 -1.44581
    endloop
  endfacet
  facet normal -0.422947 0.906155 8.94747e-05
    outer loop
      vertex 15.468 359.006 -12.7845
      vertex 15.5115 359.026 -9.71
      vertex 15.648 359.09 -12.6345
    endloop
  endfacet
  facet normal -0.441903 0.897063 0.000131726
    outer loop
      vertex 15.566 359.05 12.6415
      vertex 15.5753 359.055 9.79
      vertex 15.555 359.045 9.79
    endloop
  endfacet
  facet normal -0.420926 0.907095 3.32135e-05
    outer loop
      vertex 15.5119 359.025 9.79
      vertex 15.566 359.05 12.6415
      vertex 15.555 359.045 9.79
    endloop
  endfacet
  facet normal -0.416699 0.909044 -6.40618e-05
    outer loop
      vertex 15.566 359.05 12.6415
      vertex 15.5119 359.025 9.79
      vertex 15.374 358.962 12.8035
    endloop
  endfacet
  facet normal -0.413943 0.910303 8.83863e-05
    outer loop
      vertex 15.5117 359.026 -1.44581
      vertex 15.374 358.962 12.8035
      vertex 15.5119 359.025 9.79
    endloop
  endfacet
  facet normal -0.419965 0.90754 1.77849e-05
    outer loop
      vertex 15.374 358.962 12.8035
      vertex 15.5117 359.026 -1.44581
      vertex 15.468 359.006 -12.7845
    endloop
  endfacet
  facet normal -0.41942 0.907766 -0.00699033
    outer loop
      vertex 15.246 358.902 -13.2085
      vertex 12.452 357.6 -14.6465
      vertex 12.45 357.6 -14.5265
    endloop
  endfacet
  facet normal -0.418453 0.908189 -0.00946067
    outer loop
      vertex 15.332 358.944 -12.9805
      vertex 15.246 358.902 -13.2085
      vertex 12.45 357.6 -14.5265
    endloop
  endfacet
  facet normal -0.422132 0.906534 0
    outer loop
      vertex 12.452 357.6 -14.6465
      vertex 15.218 358.888 -13.4545
      vertex 12.452 357.6 -14.8005
    endloop
  endfacet
  facet normal -0.420808 0.907142 -0.00372917
    outer loop
      vertex 15.246 358.902 -13.2085
      vertex 15.218 358.888 -13.4545
      vertex 12.452 357.6 -14.6465
    endloop
  endfacet
  facet normal -0.422388 0.906415 0
    outer loop
      vertex 12.452 357.6 -14.8005
      vertex 15.246 358.902 -13.7005
      vertex 12.452 357.6 -14.9725
    endloop
  endfacet
  facet normal -0.423471 0.905904 0.00335555
    outer loop
      vertex 15.218 358.888 -13.4545
      vertex 15.246 358.902 -13.7005
      vertex 12.452 357.6 -14.8005
    endloop
  endfacet
  facet normal -0.424315 0.905502 0.00482177
    outer loop
      vertex 12.452 357.6 -14.9725
      vertex 15.332 358.944 -13.9285
      vertex 12.45 357.6 -15.1485
    endloop
  endfacet
  facet normal -0.424816 0.905256 0.00651996
    outer loop
      vertex 15.246 358.902 -13.7005
      vertex 15.332 358.944 -13.9285
      vertex 12.452 357.6 -14.9725
    endloop
  endfacet
  facet normal -0.420856 0.907113 -0.0051324
    outer loop
      vertex 15.468 359.006 -14.1245
      vertex 12.452 357.6 -15.3125
      vertex 12.45 357.6 -15.1485
    endloop
  endfacet
  facet normal -0.420869 0.907107 -0.00508919
    outer loop
      vertex 15.332 358.944 -13.9285
      vertex 15.468 359.006 -14.1245
      vertex 12.45 357.6 -15.1485
    endloop
  endfacet
  facet normal -0.422544 0.906342 0
    outer loop
      vertex 12.452 357.6 -15.3125
      vertex 15.648 359.09 -14.2745
      vertex 12.452 357.6 -15.4525
    endloop
  endfacet
  facet normal -0.42264 0.906298 0.000359124
    outer loop
      vertex 15.468 359.006 -14.1245
      vertex 15.648 359.09 -14.2745
      vertex 12.452 357.6 -15.3125
    endloop
  endfacet
  facet normal -0.420012 0.907484 -0.00792475
    outer loop
      vertex 15.854 359.184 -14.3705
      vertex 12.454 357.6 -15.5585
      vertex 12.452 357.6 -15.4525
    endloop
  endfacet
  facet normal -0.419257 0.907804 -0.0107651
    outer loop
      vertex 15.648 359.09 -14.2745
      vertex 15.854 359.184 -14.3705
      vertex 12.452 357.6 -15.4525
    endloop
  endfacet
  facet normal -0.429303 0.902807 0.0252531
    outer loop
      vertex 12.454 357.6 -15.5585
      vertex 16.076 359.29 -14.4025
      vertex 12.45 357.6 -15.6265
    endloop
  endfacet
  facet normal -0.42829 0.903392 0.0212234
    outer loop
      vertex 15.854 359.184 -14.3705
      vertex 16.076 359.29 -14.4025
      vertex 12.454 357.6 -15.5585
    endloop
  endfacet
  facet normal -0.413395 0.909996 -0.0317996
    outer loop
      vertex 16.076 359.29 -14.4025
      vertex 12.452 357.6 -15.6525
      vertex 12.45 357.6 -15.6265
    endloop
  endfacet
  facet normal -0.425341 0.904982 0.00961388
    outer loop
      vertex 16.076 359.29 -14.4025
      vertex 16.298 359.394 -14.3705
      vertex 12.452 357.6 -15.6525
    endloop
  endfacet
  facet normal -0.424285 0.905215 0.0238437
    outer loop
      vertex 19.3632 360.822 -14.077
      vertex 16.506 359.488 -14.2745
      vertex 19.364 360.821 -14.0248
    endloop
  endfacet
  facet normal -0.424757 0.904649 0.0345054
    outer loop
      vertex 16.506 359.488 -14.2745
      vertex 19.3632 360.822 -14.077
      vertex 16.298 359.394 -14.3705
    endloop
  endfacet
  facet normal -0.422381 0.906417 -0.00134946
    outer loop
      vertex 19.364 360.821 -14.0248
      vertex 16.684 359.572 -14.1245
      vertex 19.3637 360.821 -13.9309
    endloop
  endfacet
  facet normal -0.422212 0.906473 -0.00660062
    outer loop
      vertex 16.684 359.572 -14.1245
      vertex 19.364 360.821 -14.0248
      vertex 16.506 359.488 -14.2745
    endloop
  endfacet
  facet normal -0.422276 0.906436 -0.00750675
    outer loop
      vertex 19.3637 360.821 -13.9309
      vertex 16.82 359.636 -13.9285
      vertex 19.3635 360.822 -13.7989
    endloop
  endfacet
  facet normal -0.422283 0.906459 -0.00297398
    outer loop
      vertex 16.82 359.636 -13.9285
      vertex 19.3637 360.821 -13.9309
      vertex 16.684 359.572 -14.1245
    endloop
  endfacet
  facet normal -0.422624 0.906305 0.00026381
    outer loop
      vertex 19.3635 360.822 -13.7989
      vertex 16.906 359.676 -13.7005
      vertex 19.3636 360.822 -13.6387
    endloop
  endfacet
  facet normal -0.42262 0.906307 0.000407922
    outer loop
      vertex 16.906 359.676 -13.7005
      vertex 19.3635 360.822 -13.7989
      vertex 16.82 359.636 -13.9285
    endloop
  endfacet
  facet normal -0.422616 0.906309 0
    outer loop
      vertex 19.3636 360.822 -13.6387
      vertex 16.936 359.69 -13.4545
      vertex 19.3636 360.822 -13.4624
    endloop
  endfacet
  facet normal -0.422618 0.906308 -3.96979e-05
    outer loop
      vertex 16.936 359.69 -13.4545
      vertex 19.3636 360.822 -13.6387
      vertex 16.906 359.676 -13.7005
    endloop
  endfacet
  facet normal -0.422618 0.906308 3.97293e-05
    outer loop
      vertex 19.3636 360.822 -13.2862
      vertex 16.936 359.69 -13.4545
      vertex 16.906 359.676 -13.2085
    endloop
  endfacet
  facet normal -0.422616 0.906309 0
    outer loop
      vertex 16.936 359.69 -13.4545
      vertex 19.3636 360.822 -13.2862
      vertex 19.3636 360.822 -13.4624
    endloop
  endfacet
  facet normal -0.42262 0.906307 -2.64228e-05
    outer loop
      vertex 19.3634 360.822 -10.0873
      vertex 19.3636 360.822 -13.2862
      vertex 16.906 359.676 -13.2085
    endloop
  endfacet
  facet normal -0.422353 0.906431 -0.0002817
    outer loop
      vertex 19.3634 360.822 -10.0873
      vertex 16.82 359.636 -12.9805
      vertex 19.3633 360.822 -9.93737
    endloop
  endfacet
  facet normal -0.42235 0.906433 -0.000284385
    outer loop
      vertex 16.82 359.636 -12.9805
      vertex 19.3634 360.822 -10.0873
      vertex 16.906 359.676 -13.2085
    endloop
  endfacet
  facet normal -0.423029 0.906116 0.000272904
    outer loop
      vertex 19.3633 360.822 -9.93737
      vertex 16.684 359.572 -12.7845
      vertex 19.3634 360.822 -9.78236
    endloop
  endfacet
  facet normal -0.424068 0.905629 0.00146433
    outer loop
      vertex 16.684 359.572 -12.7845
      vertex 19.3633 360.822 -9.93737
      vertex 16.82 359.636 -12.9805
    endloop
  endfacet
  facet normal -0.427919 0.903817 0.000591375
    outer loop
      vertex 19.3634 360.822 -9.78236
      vertex 19.2938 360.789 -9.71
      vertex 19.3635 360.822 -9.71
    endloop
  endfacet
  facet normal -0.425673 0.904871 0.00323259
    outer loop
      vertex 19.3634 360.822 -9.78236
      vertex 16.506 359.488 -12.6345
      vertex 19.2938 360.789 -9.71
    endloop
  endfacet
  facet normal -0.425061 0.905161 0.00248417
    outer loop
      vertex 16.506 359.488 -12.6345
      vertex 19.3634 360.822 -9.78236
      vertex 16.684 359.572 -12.7845
    endloop
  endfacet
  facet normal -0.415351 0.909619 -0.0087189
    outer loop
      vertex 16.506 359.488 -12.6345
      vertex 19.1624 360.729 -9.71
      vertex 19.2938 360.789 -9.71
    endloop
  endfacet
  facet normal -0.415205 0.909684 -0.00887904
    outer loop
      vertex 19.1624 360.729 -9.71
      vertex 16.506 359.488 -12.6345
      vertex 16.298 359.394 -12.5385
    endloop
  endfacet
  facet normal -0.426595 0.904319 -0.0149682
    outer loop
      vertex 15.788 359.156 14.5035
      vertex 12.454 357.6 15.5155
      vertex 12.45 357.6 15.6295
    endloop
  endfacet
  facet normal -0.426098 0.904585 -0.0129221
    outer loop
      vertex 15.788 359.156 14.5035
      vertex 15.566 359.05 14.4035
      vertex 12.454 357.6 15.5155
    endloop
  endfacet
  facet normal -0.420653 0.907203 0.00574989
    outer loop
      vertex 15.566 359.05 14.4035
      vertex 15.374 358.962 14.2415
      vertex 12.452 357.6 15.3655
    endloop
  endfacet
  facet normal -0.420689 0.907188 0.00560919
    outer loop
      vertex 12.454 357.6 15.5155
      vertex 15.566 359.05 14.4035
      vertex 12.452 357.6 15.3655
    endloop
  endfacet
  facet normal -0.422428 0.906397 0.000188095
    outer loop
      vertex 15.374 358.962 14.2415
      vertex 15.228 358.894 14.0315
      vertex 12.452 357.6 15.1875
    endloop
  endfacet
  facet normal -0.422478 0.906373 0
    outer loop
      vertex 12.452 357.6 15.3655
      vertex 15.374 358.962 14.2415
      vertex 12.452 357.6 15.1875
    endloop
  endfacet
  facet normal -0.422492 0.906367 0
    outer loop
      vertex 12.452 357.6 15.1875
      vertex 15.228 358.894 14.0315
      vertex 12.452 357.6 14.9955
    endloop
  endfacet
  facet normal -0.422537 0.906346 -0.000155443
    outer loop
      vertex 15.228 358.894 14.0315
      vertex 15.138 358.852 13.7855
      vertex 12.452 357.6 14.9955
    endloop
  endfacet
  facet normal -0.423588 0.905848 -0.00355595
    outer loop
      vertex 15.138 358.852 13.7855
      vertex 15.106 358.836 13.5215
      vertex 12.452 357.6 14.8075
    endloop
  endfacet
  facet normal -0.422479 0.906373 0
    outer loop
      vertex 12.452 357.6 14.9955
      vertex 15.138 358.852 13.7855
      vertex 12.452 357.6 14.8075
    endloop
  endfacet
  facet normal -0.420782 0.907153 0.00400545
    outer loop
      vertex 15.106 358.836 13.5215
      vertex 15.138 358.852 13.2595
      vertex 12.452 357.6 14.6415
    endloop
  endfacet
  facet normal -0.422175 0.906514 0
    outer loop
      vertex 12.452 357.6 14.8075
      vertex 15.106 358.836 13.5215
      vertex 12.452 357.6 14.6415
    endloop
  endfacet
  facet normal -0.422479 0.906373 0
    outer loop
      vertex 12.452 357.6 14.6415
      vertex 15.138 358.852 13.2595
      vertex 12.452 357.6 14.5095
    endloop
  endfacet
  facet normal -0.422396 0.906412 0.000218231
    outer loop
      vertex 15.138 358.852 13.2595
      vertex 15.228 358.894 13.0135
      vertex 12.452 357.6 14.5095
    endloop
  endfacet
  facet normal -0.422649 0.906294 -0.000374919
    outer loop
      vertex 15.228 358.894 13.0135
      vertex 15.374 358.962 12.8035
      vertex 12.452 357.6 14.4235
    endloop
  endfacet
  facet normal -0.422492 0.906367 0
    outer loop
      vertex 12.452 357.6 14.5095
      vertex 15.228 358.894 13.0135
      vertex 12.452 357.6 14.4235
    endloop
  endfacet
  facet normal -0.422766 0.906239 -9.13572e-05
    outer loop
      vertex 18.8013 360.559 9.79
      vertex 16.3919 359.435 9.79
      vertex 15.566 359.05 12.6415
    endloop
  endfacet
  facet normal -0.451901 0.891148 -0.0404985
    outer loop
      vertex 18.8013 360.559 9.79
      vertex 15.788 359.156 12.5415
      vertex 18.8506 360.584 9.79
    endloop
  endfacet
  facet normal -0.439202 0.898092 -0.0230507
    outer loop
      vertex 15.788 359.156 12.5415
      vertex 18.8013 360.559 9.79
      vertex 15.566 359.05 12.6415
    endloop
  endfacet
  facet normal -0.409223 0.912268 0.0174171
    outer loop
      vertex 18.8506 360.584 9.79
      vertex 16.028 359.266 12.5055
      vertex 18.942 360.625 9.79
    endloop
  endfacet
  facet normal -0.415439 0.90957 0.00964619
    outer loop
      vertex 16.028 359.266 12.5055
      vertex 18.8506 360.584 9.79
      vertex 15.788 359.156 12.5415
    endloop
  endfacet
  facet normal -0.424893 0.905239 -0.00297355
    outer loop
      vertex 18.942 360.625 9.79
      vertex 16.266 359.378 12.5415
      vertex 19.0677 360.684 9.79
    endloop
  endfacet
  facet normal -0.425358 0.905018 -0.00352517
    outer loop
      vertex 16.266 359.378 12.5415
      vertex 18.942 360.625 9.79
      vertex 16.028 359.266 12.5055
    endloop
  endfacet
  facet normal -0.421129 0.906999 0.0019779
    outer loop
      vertex 19.0677 360.684 9.79
      vertex 16.488 359.48 12.6415
      vertex 19.212 360.751 9.79
    endloop
  endfacet
  facet normal -0.419072 0.907943 0.00423767
    outer loop
      vertex 16.488 359.48 12.6415
      vertex 19.0677 360.684 9.79
      vertex 16.266 359.378 12.5415
    endloop
  endfacet
  facet normal -0.425678 0.904869 -0.00332398
    outer loop
      vertex 19.212 360.751 9.79
      vertex 16.678 359.57 12.8035
      vertex 19.3608 360.821 9.79
    endloop
  endfacet
  facet normal -0.42573 0.904844 -0.00337796
    outer loop
      vertex 16.678 359.57 12.8035
      vertex 19.212 360.751 9.79
      vertex 16.488 359.48 12.6415
    endloop
  endfacet
  facet normal -0.422415 0.906403 0.000177213
    outer loop
      vertex 19.3633 360.822 9.95367
      vertex 16.678 359.57 12.8035
      vertex 16.824 359.638 13.0135
    endloop
  endfacet
  facet normal -0.371391 0.928477 0
    outer loop
      vertex 19.3608 360.821 9.79
      vertex 19.3633 360.822 9.95367
      vertex 19.3633 360.822 9.79
    endloop
  endfacet
  facet normal -0.421782 0.906697 0.000902783
    outer loop
      vertex 19.3633 360.822 9.95367
      vertex 19.3608 360.821 9.79
      vertex 16.678 359.57 12.8035
    endloop
  endfacet
  facet normal -0.423 0.906129 -0.000437639
    outer loop
      vertex 19.3633 360.822 10.117
      vertex 16.824 359.638 13.0135
      vertex 16.918 359.682 13.2595
    endloop
  endfacet
  facet normal -0.42259 0.906321 0
    outer loop
      vertex 16.824 359.638 13.0135
      vertex 19.3633 360.822 10.117
      vertex 19.3633 360.822 9.95367
    endloop
  endfacet
  facet normal -0.422525 0.906352 1.32221e-05
    outer loop
      vertex 19.3634 360.822 13.3126
      vertex 19.3633 360.822 10.117
      vertex 16.918 359.682 13.2595
    endloop
  endfacet
  facet normal -0.422411 0.906388 0.00548943
    outer loop
      vertex 19.3634 360.822 13.3126
      vertex 16.95 359.696 13.5215
      vertex 19.3637 360.821 13.5008
    endloop
  endfacet
  facet normal -0.422579 0.906321 0.00318335
    outer loop
      vertex 16.95 359.696 13.5215
      vertex 19.3634 360.822 13.3126
      vertex 16.918 359.682 13.2595
    endloop
  endfacet
  facet normal -0.422624 0.9063 -0.00316577
    outer loop
      vertex 19.3634 360.822 13.69
      vertex 16.95 359.696 13.5215
      vertex 16.918 359.682 13.7855
    endloop
  endfacet
  facet normal -0.422488 0.906352 -0.00546035
    outer loop
      vertex 16.95 359.696 13.5215
      vertex 19.3634 360.822 13.69
      vertex 19.3637 360.821 13.5008
    endloop
  endfacet
  facet normal -0.422527 0.90635 0.000658044
    outer loop
      vertex 19.3635 360.822 13.862
      vertex 16.918 359.682 13.7855
      vertex 16.824 359.638 14.0315
    endloop
  endfacet
  facet normal -0.422516 0.906355 0.000245649
    outer loop
      vertex 16.918 359.682 13.7855
      vertex 19.3635 360.822 13.862
      vertex 19.3634 360.822 13.69
    endloop
  endfacet
  facet normal -0.422566 0.906332 -0.00030499
    outer loop
      vertex 19.3635 360.822 14.0018
      vertex 16.824 359.638 14.0315
      vertex 16.678 359.57 14.2415
    endloop
  endfacet
  facet normal -0.422563 0.906334 0
    outer loop
      vertex 16.824 359.638 14.0315
      vertex 19.3635 360.822 14.0018
      vertex 19.3635 360.822 13.862
    endloop
  endfacet
  facet normal -0.421811 0.906639 0.00897131
    outer loop
      vertex 19.3639 360.821 14.1008
      vertex 16.678 359.57 14.2415
      vertex 16.488 359.48 14.4035
    endloop
  endfacet
  facet normal -0.421722 0.90666 0.0108621
    outer loop
      vertex 16.678 359.57 14.2415
      vertex 19.3639 360.821 14.1008
      vertex 19.3635 360.822 14.0018
    endloop
  endfacet
  facet normal -0.424139 0.905417 -0.018064
    outer loop
      vertex 19.3635 360.822 14.152
      vertex 16.488 359.48 14.4035
      vertex 16.266 359.378 14.5035
    endloop
  endfacet
  facet normal -0.424325 0.905266 -0.020996
    outer loop
      vertex 16.488 359.48 14.4035
      vertex 19.3635 360.822 14.152
      vertex 19.3639 360.821 14.1008
    endloop
  endfacet
  facet normal -0.422603 0.906315 -0.000326287
    outer loop
      vertex 19.3634 360.822 14.54
      vertex 42.244 371.492 17.4995
      vertex 30.0671 365.813 14.54
    endloop
  endfacet
  facet normal -0.422526 0.90635 -0.00105212
    outer loop
      vertex 19.3634 360.822 14.54
      vertex 16.266 359.378 14.5035
      vertex 42.244 371.492 17.4995
    endloop
  endfacet
  facet normal -0.422535 0.906347 -0.000108901
    outer loop
      vertex 16.266 359.378 14.5035
      vertex 19.3634 360.822 14.54
      vertex 19.3635 360.822 14.152
    endloop
  endfacet
  facet normal -0.42278 0.906232 0.000561836
    outer loop
      vertex 42.244 371.492 17.4995
      vertex 33.8461 367.576 14.54
      vertex 30.0671 365.813 14.54
    endloop
  endfacet
  facet normal 0.117899 0.0550888 0.991496
    outer loop
      vertex 43.514 368.774 17.4995
      vertex 42.714 371.71 17.4315
      vertex 42.244 371.492 17.4995
    endloop
  endfacet
  facet normal 0.118339 0.0552073 0.991437
    outer loop
      vertex 43.514 368.774 17.4995
      vertex 43.982 368.992 17.4315
      vertex 42.714 371.71 17.4315
    endloop
  endfacet
  facet normal 0.346596 0.161694 0.923973
    outer loop
      vertex 43.982 368.992 17.4315
      vertex 43.152 371.914 17.2315
      vertex 42.714 371.71 17.4315
    endloop
  endfacet
  facet normal 0.346596 0.161694 0.923973
    outer loop
      vertex 43.982 368.992 17.4315
      vertex 44.42 369.196 17.2315
      vertex 43.152 371.914 17.2315
    endloop
  endfacet
  facet normal 0.554767 0.258809 0.790729
    outer loop
      vertex 44.42 369.196 17.2315
      vertex 43.526 372.09 16.9115
      vertex 43.152 371.914 17.2315
    endloop
  endfacet
  facet normal 0.553873 0.25861 0.79142
    outer loop
      vertex 44.42 369.196 17.2315
      vertex 44.796 369.37 16.9115
      vertex 43.526 372.09 16.9115
    endloop
  endfacet
  facet normal 0.717787 0.334615 0.610585
    outer loop
      vertex 44.796 369.37 16.9115
      vertex 45.084 369.504 16.4995
      vertex 43.816 372.224 16.4995
    endloop
  endfacet
  facet normal 0.716059 0.334336 0.612763
    outer loop
      vertex 44.796 369.37 16.9115
      vertex 43.816 372.224 16.4995
      vertex 43.526 372.09 16.9115
    endloop
  endfacet
  facet normal 0.838486 0.390883 0.379673
    outer loop
      vertex 45.084 369.504 16.4995
      vertex 43.996 372.308 16.0155
      vertex 43.816 372.224 16.4995
    endloop
  endfacet
  facet normal 0.837861 0.390879 0.381055
    outer loop
      vertex 45.084 369.504 16.4995
      vertex 45.264 369.59 16.0155
      vertex 43.996 372.308 16.0155
    endloop
  endfacet
  facet normal 0.898269 0.41906 0.132295
    outer loop
      vertex 45.264 369.59 16.0155
      vertex 44.058 372.338 15.4995
      vertex 43.996 372.308 16.0155
    endloop
  endfacet
  facet normal 0.898579 0.418896 0.1307
    outer loop
      vertex 45.264 369.59 16.0155
      vertex 45.326 369.618 15.4995
      vertex 44.058 372.338 15.4995
    endloop
  endfacet
  facet normal 0.12329 0.0574751 -0.990705
    outer loop
      vertex 17.294 356.546 14.5395
      vertex 17.056 356.436 14.5035
      vertex 15.788 359.156 14.5035
    endloop
  endfacet
  facet normal 0.122493 0.0570135 -0.99083
    outer loop
      vertex 16.028 359.266 14.5395
      vertex 17.294 356.546 14.5395
      vertex 15.788 359.156 14.5035
    endloop
  endfacet
  facet normal -0.12211 -0.0568351 -0.990888
    outer loop
      vertex 17.534 356.658 14.5035
      vertex 17.294 356.546 14.5395
      vertex 16.028 359.266 14.5395
    endloop
  endfacet
  facet normal -0.122902 -0.0572938 -0.990764
    outer loop
      vertex 16.266 359.378 14.5035
      vertex 17.534 356.658 14.5035
      vertex 16.028 359.266 14.5395
    endloop
  endfacet
  facet normal -0.343295 -0.160154 -0.925472
    outer loop
      vertex 16.488 359.48 14.4035
      vertex 17.756 356.762 14.4035
      vertex 16.266 359.378 14.5035
    endloop
  endfacet
  facet normal -0.342325 -0.159584 -0.92593
    outer loop
      vertex 17.756 356.762 14.4035
      vertex 17.534 356.658 14.5035
      vertex 16.266 359.378 14.5035
    endloop
  endfacet
  facet normal -0.553217 -0.257897 -0.792111
    outer loop
      vertex 16.678 359.57 14.2415
      vertex 17.946 356.85 14.2415
      vertex 16.488 359.48 14.4035
    endloop
  endfacet
  facet normal -0.554542 -0.258705 -0.79092
    outer loop
      vertex 17.946 356.85 14.2415
      vertex 17.756 356.762 14.4035
      vertex 16.488 359.48 14.4035
    endloop
  endfacet
  facet normal -0.717793 -0.334618 -0.610577
    outer loop
      vertex 18.092 356.92 14.0315
      vertex 17.946 356.85 14.2415
      vertex 16.678 359.57 14.2415
    endloop
  endfacet
  facet normal -0.719096 -0.335472 -0.608572
    outer loop
      vertex 16.824 359.638 14.0315
      vertex 18.092 356.92 14.0315
      vertex 16.678 359.57 14.2415
    endloop
  endfacet
  facet normal -0.838172 -0.391023 -0.380223
    outer loop
      vertex 18.184 356.962 13.7855
      vertex 18.092 356.92 14.0315
      vertex 16.824 359.638 14.0315
    endloop
  endfacet
  facet normal -0.835308 -0.388787 -0.388722
    outer loop
      vertex 16.918 359.682 13.7855
      vertex 18.184 356.962 13.7855
      vertex 16.824 359.638 14.0315
    endloop
  endfacet
  facet normal -0.898403 -0.418154 -0.13424
    outer loop
      vertex 18.216 356.978 13.5215
      vertex 18.184 356.962 13.7855
      vertex 16.918 359.682 13.7855
    endloop
  endfacet
  facet normal -0.898663 -0.418582 -0.131126
    outer loop
      vertex 16.95 359.696 13.5215
      vertex 18.216 356.978 13.5215
      vertex 16.918 359.682 13.7855
    endloop
  endfacet
  facet normal -0.898161 -0.418349 0.135247
    outer loop
      vertex 18.184 356.962 13.2595
      vertex 18.216 356.978 13.5215
      vertex 16.95 359.696 13.5215
    endloop
  endfacet
  facet normal -0.898662 -0.418274 0.132111
    outer loop
      vertex 18.184 356.962 13.2595
      vertex 16.95 359.696 13.5215
      vertex 16.918 359.682 13.2595
    endloop
  endfacet
  facet normal -0.838517 -0.39028 0.380225
    outer loop
      vertex 18.092 356.92 13.0135
      vertex 18.184 356.962 13.2595
      vertex 16.918 359.682 13.2595
    endloop
  endfacet
  facet normal -0.834963 -0.389527 0.388722
    outer loop
      vertex 18.092 356.92 13.0135
      vertex 16.918 359.682 13.2595
      vertex 16.824 359.638 13.0135
    endloop
  endfacet
  facet normal -0.71919 -0.33527 0.608572
    outer loop
      vertex 17.946 356.85 12.8035
      vertex 16.824 359.638 13.0135
      vertex 16.678 359.57 12.8035
    endloop
  endfacet
  facet normal -0.717698 -0.33482 0.610578
    outer loop
      vertex 17.946 356.85 12.8035
      vertex 18.092 356.92 13.0135
      vertex 16.824 359.638 13.0135
    endloop
  endfacet
  facet normal -0.553144 -0.258052 0.792112
    outer loop
      vertex 17.756 356.762 12.6415
      vertex 16.678 359.57 12.8035
      vertex 16.488 359.48 12.6415
    endloop
  endfacet
  facet normal -0.554615 -0.258548 0.79092
    outer loop
      vertex 17.756 356.762 12.6415
      vertex 17.946 356.85 12.8035
      vertex 16.678 359.57 12.8035
    endloop
  endfacet
  facet normal -0.34334 -0.160057 0.925473
    outer loop
      vertex 17.534 356.658 12.5415
      vertex 16.488 359.48 12.6415
      vertex 16.266 359.378 12.5415
    endloop
  endfacet
  facet normal -0.34228 -0.15968 0.92593
    outer loop
      vertex 17.534 356.658 12.5415
      vertex 17.756 356.762 12.6415
      vertex 16.488 359.48 12.6415
    endloop
  endfacet
  facet normal -0.122076 -0.0569088 0.990888
    outer loop
      vertex 17.294 356.546 12.5055
      vertex 17.534 356.658 12.5415
      vertex 16.266 359.378 12.5415
    endloop
  endfacet
  facet normal -0.122936 -0.0572197 0.990764
    outer loop
      vertex 17.294 356.546 12.5055
      vertex 16.266 359.378 12.5415
      vertex 16.028 359.266 12.5055
    endloop
  endfacet
  facet normal 0.123325 0.0574005 0.990705
    outer loop
      vertex 17.056 356.436 12.5415
      vertex 17.294 356.546 12.5055
      vertex 16.028 359.266 12.5055
    endloop
  endfacet
  facet normal 0.122459 0.0570877 0.99083
    outer loop
      vertex 17.056 356.436 12.5415
      vertex 16.028 359.266 12.5055
      vertex 15.788 359.156 12.5415
    endloop
  endfacet
  facet normal 0.342325 0.159584 0.92593
    outer loop
      vertex 16.834 356.332 12.6415
      vertex 17.056 356.436 12.5415
      vertex 15.788 359.156 12.5415
    endloop
  endfacet
  facet normal 0.341271 0.15921 0.926384
    outer loop
      vertex 16.834 356.332 12.6415
      vertex 15.788 359.156 12.5415
      vertex 15.566 359.05 12.6415
    endloop
  endfacet
  facet normal 0.554542 0.258705 0.79092
    outer loop
      vertex 16.644 356.244 12.8035
      vertex 16.834 356.332 12.6415
      vertex 15.566 359.05 12.6415
    endloop
  endfacet
  facet normal 0.551397 0.257643 0.793462
    outer loop
      vertex 16.644 356.244 12.8035
      vertex 15.566 359.05 12.6415
      vertex 15.374 358.962 12.8035
    endloop
  endfacet
  facet normal 0.717494 0.335253 0.61058
    outer loop
      vertex 16.498 356.174 13.0135
      vertex 16.644 356.244 12.8035
      vertex 15.374 358.962 12.8035
    endloop
  endfacet
  facet normal 0.718988 0.335704 0.608572
    outer loop
      vertex 16.498 356.174 13.0135
      vertex 15.374 358.962 12.8035
      vertex 15.228 358.894 13.0135
    endloop
  endfacet
  facet normal 0.835864 0.390275 0.386027
    outer loop
      vertex 16.404 356.132 13.2595
      vertex 16.498 356.174 13.0135
      vertex 15.228 358.894 13.0135
    endloop
  endfacet
  facet normal 0.840679 0.391287 0.374371
    outer loop
      vertex 16.404 356.132 13.2595
      vertex 15.228 358.894 13.0135
      vertex 15.138 358.852 13.2595
    endloop
  endfacet
  facet normal 0.898662 0.418274 0.132111
    outer loop
      vertex 16.372 356.118 13.5215
      vertex 16.404 356.132 13.2595
      vertex 15.138 358.852 13.2595
    endloop
  endfacet
  facet normal 0.898161 0.418349 0.135247
    outer loop
      vertex 16.372 356.118 13.5215
      vertex 15.138 358.852 13.2595
      vertex 15.106 358.836 13.5215
    endloop
  endfacet
  facet normal 0.898663 0.418582 -0.131126
    outer loop
      vertex 16.404 356.132 13.7855
      vertex 16.372 356.118 13.5215
      vertex 15.106 358.836 13.5215
    endloop
  endfacet
  facet normal 0.898403 0.418154 -0.13424
    outer loop
      vertex 15.138 358.852 13.7855
      vertex 16.404 356.132 13.7855
      vertex 15.106 358.836 13.5215
    endloop
  endfacet
  facet normal 0.836332 0.389264 -0.386034
    outer loop
      vertex 16.498 356.174 14.0315
      vertex 16.404 356.132 13.7855
      vertex 15.138 358.852 13.7855
    endloop
  endfacet
  facet normal 0.840206 0.392302 -0.374371
    outer loop
      vertex 15.228 358.894 14.0315
      vertex 16.498 356.174 14.0315
      vertex 15.138 358.852 13.7855
    endloop
  endfacet
  facet normal 0.717589 0.335051 -0.610579
    outer loop
      vertex 16.644 356.244 14.2415
      vertex 16.498 356.174 14.0315
      vertex 15.228 358.894 14.0315
    endloop
  endfacet
  facet normal 0.718893 0.335907 -0.608572
    outer loop
      vertex 15.374 358.962 14.2415
      vertex 16.644 356.244 14.2415
      vertex 15.228 358.894 14.0315
    endloop
  endfacet
  facet normal 0.554387 0.25904 -0.79092
    outer loop
      vertex 16.834 356.332 14.4035
      vertex 16.644 356.244 14.2415
      vertex 15.374 358.962 14.2415
    endloop
  endfacet
  facet normal 0.551551 0.257309 -0.793463
    outer loop
      vertex 15.566 359.05 14.4035
      vertex 16.834 356.332 14.4035
      vertex 15.374 358.962 14.2415
    endloop
  endfacet
  facet normal 0.34228 0.15968 -0.92593
    outer loop
      vertex 17.056 356.436 14.5035
      vertex 16.834 356.332 14.4035
      vertex 15.566 359.05 14.4035
    endloop
  endfacet
  facet normal 0.341317 0.159114 -0.926383
    outer loop
      vertex 15.788 359.156 14.5035
      vertex 17.056 356.436 14.5035
      vertex 15.566 359.05 14.4035
    endloop
  endfacet
  facet normal 0.110438 0.0515595 -0.992545
    outer loop
      vertex 17.344 356.57 -12.5085
      vertex 17.122 356.468 -12.5385
      vertex 15.854 359.184 -12.5385
    endloop
  endfacet
  facet normal 0.109719 0.0511485 -0.992646
    outer loop
      vertex 16.076 359.29 -12.5085
      vertex 17.344 356.57 -12.5085
      vertex 15.854 359.184 -12.5385
    endloop
  endfacet
  facet normal -0.110092 -0.0513222 -0.992596
    outer loop
      vertex 17.344 356.57 -12.5085
      vertex 16.298 359.394 -12.5385
      vertex 17.566 356.674 -12.5385
    endloop
  endfacet
  facet normal -0.110092 -0.0513222 -0.992596
    outer loop
      vertex 16.298 359.394 -12.5385
      vertex 17.344 356.57 -12.5085
      vertex 16.076 359.29 -12.5085
    endloop
  endfacet
  facet normal -0.349206 -0.162792 -0.922797
    outer loop
      vertex 17.774 356.772 -12.6345
      vertex 17.566 356.674 -12.5385
      vertex 16.298 359.394 -12.5385
    endloop
  endfacet
  facet normal -0.351314 -0.164016 -0.921779
    outer loop
      vertex 16.506 359.488 -12.6345
      vertex 17.774 356.772 -12.6345
      vertex 16.298 359.394 -12.5385
    endloop
  endfacet
  facet normal -0.552235 -0.257818 -0.792822
    outer loop
      vertex 17.952 356.852 -12.7845
      vertex 17.774 356.772 -12.6345
      vertex 16.506 359.488 -12.6345
    endloop
  endfacet
  facet normal -0.549382 -0.256109 -0.795354
    outer loop
      vertex 16.684 359.572 -12.7845
      vertex 17.952 356.852 -12.7845
      vertex 16.506 359.488 -12.6345
    endloop
  endfacet
  facet normal -0.717722 -0.334585 -0.610678
    outer loop
      vertex 18.088 356.918 -12.9805
      vertex 17.952 356.852 -12.7845
      vertex 16.684 359.572 -12.7845
    endloop
  endfacet
  facet normal -0.719124 -0.335486 -0.608531
    outer loop
      vertex 16.82 359.636 -12.9805
      vertex 18.088 356.918 -12.9805
      vertex 16.684 359.572 -12.7845
    endloop
  endfacet
  facet normal -0.836723 -0.390348 -0.384088
    outer loop
      vertex 18.174 356.958 -13.2085
      vertex 18.088 356.918 -12.9805
      vertex 16.82 359.636 -12.9805
    endloop
  endfacet
  facet normal -0.836723 -0.390348 -0.384088
    outer loop
      vertex 16.906 359.676 -13.2085
      vertex 18.174 356.958 -13.2085
      vertex 16.82 359.636 -12.9805
    endloop
  endfacet
  facet normal -0.898138 -0.418999 -0.133374
    outer loop
      vertex 18.204 356.972 -13.4545
      vertex 18.174 356.958 -13.2085
      vertex 16.906 359.676 -13.2085
    endloop
  endfacet
  facet normal -0.898138 -0.418999 -0.133374
    outer loop
      vertex 16.936 359.69 -13.4545
      vertex 18.204 356.972 -13.4545
      vertex 16.906 359.676 -13.2085
    endloop
  endfacet
  facet normal -0.898138 -0.418999 0.133374
    outer loop
      vertex 18.174 356.958 -13.7005
      vertex 16.936 359.69 -13.4545
      vertex 16.906 359.676 -13.7005
    endloop
  endfacet
  facet normal -0.898138 -0.418999 0.133374
    outer loop
      vertex 18.174 356.958 -13.7005
      vertex 18.204 356.972 -13.4545
      vertex 16.936 359.69 -13.4545
    endloop
  endfacet
  facet normal -0.836723 -0.390348 0.384088
    outer loop
      vertex 18.088 356.918 -13.9285
      vertex 18.174 356.958 -13.7005
      vertex 16.906 359.676 -13.7005
    endloop
  endfacet
  facet normal -0.836723 -0.390348 0.384088
    outer loop
      vertex 18.088 356.918 -13.9285
      vertex 16.906 359.676 -13.7005
      vertex 16.82 359.636 -13.9285
    endloop
  endfacet
  facet normal -0.719219 -0.335283 0.60853
    outer loop
      vertex 17.952 356.852 -14.1245
      vertex 16.82 359.636 -13.9285
      vertex 16.684 359.572 -14.1245
    endloop
  endfacet
  facet normal -0.717627 -0.334787 0.61068
    outer loop
      vertex 17.952 356.852 -14.1245
      vertex 18.088 356.918 -13.9285
      vertex 16.82 359.636 -13.9285
    endloop
  endfacet
  facet normal -0.552377 -0.257505 0.792824
    outer loop
      vertex 17.774 356.772 -14.2745
      vertex 17.952 356.852 -14.1245
      vertex 16.684 359.572 -14.1245
    endloop
  endfacet
  facet normal -0.549236 -0.256418 0.795355
    outer loop
      vertex 17.774 356.772 -14.2745
      vertex 16.684 359.572 -14.1245
      vertex 16.506 359.488 -14.2745
    endloop
  endfacet
  facet normal -0.349114 -0.162988 0.922797
    outer loop
      vertex 17.566 356.674 -14.3705
      vertex 17.774 356.772 -14.2745
      vertex 16.506 359.488 -14.2745
    endloop
  endfacet
  facet normal -0.351405 -0.163817 0.92178
    outer loop
      vertex 17.566 356.674 -14.3705
      vertex 16.506 359.488 -14.2745
      vertex 16.298 359.394 -14.3705
    endloop
  endfacet
  facet normal -0.117312 -0.0546881 0.991588
    outer loop
      vertex 16.298 359.394 -14.3705
      vertex 17.344 356.57 -14.4025
      vertex 17.566 356.674 -14.3705
    endloop
  endfacet
  facet normal -0.117312 -0.0546881 0.991588
    outer loop
      vertex 17.344 356.57 -14.4025
      vertex 16.298 359.394 -14.3705
      vertex 16.076 359.29 -14.4025
    endloop
  endfacet
  facet normal 0.117711 0.0548741 0.991531
    outer loop
      vertex 17.122 356.468 -14.3705
      vertex 17.344 356.57 -14.4025
      vertex 16.076 359.29 -14.4025
    endloop
  endfacet
  facet normal 0.116884 0.054569 0.991645
    outer loop
      vertex 17.122 356.468 -14.3705
      vertex 16.076 359.29 -14.4025
      vertex 15.854 359.184 -14.3705
    endloop
  endfacet
  facet normal 0.349114 0.162988 0.922797
    outer loop
      vertex 16.914 356.37 -14.2745
      vertex 17.122 356.468 -14.3705
      vertex 15.854 359.184 -14.3705
    endloop
  endfacet
  facet normal 0.353889 0.164714 0.920669
    outer loop
      vertex 16.914 356.37 -14.2745
      vertex 15.854 359.184 -14.3705
      vertex 15.648 359.09 -14.2745
    endloop
  endfacet
  facet normal 0.551031 0.256472 0.794095
    outer loop
      vertex 16.736 356.288 -14.1245
      vertex 16.914 356.37 -14.2745
      vertex 15.648 359.09 -14.2745
    endloop
  endfacet
  facet normal 0.546122 0.254777 0.798022
    outer loop
      vertex 16.736 356.288 -14.1245
      vertex 15.648 359.09 -14.2745
      vertex 15.468 359.006 -14.1245
    endloop
  endfacet
  facet normal 0.719124 0.335486 0.608531
    outer loop
      vertex 16.6 356.224 -13.9285
      vertex 16.736 356.288 -14.1245
      vertex 15.468 359.006 -14.1245
    endloop
  endfacet
  facet normal 0.720717 0.335981 0.606369
    outer loop
      vertex 16.6 356.224 -13.9285
      vertex 15.468 359.006 -14.1245
      vertex 15.332 358.944 -13.9285
    endloop
  endfacet
  facet normal 0.83573 0.389598 0.387
    outer loop
      vertex 16.514 356.182 -13.7005
      vertex 16.6 356.224 -13.9285
      vertex 15.332 358.944 -13.9285
    endloop
  endfacet
  facet normal 0.83573 0.389598 0.387
    outer loop
      vertex 16.514 356.182 -13.7005
      vertex 15.332 358.944 -13.9285
      vertex 15.246 358.902 -13.7005
    endloop
  endfacet
  facet normal 0.89949 0.419321 0.122836
    outer loop
      vertex 16.486 356.17 -13.4545
      vertex 16.514 356.182 -13.7005
      vertex 15.246 358.902 -13.7005
    endloop
  endfacet
  facet normal 0.89899 0.419396 0.126192
    outer loop
      vertex 16.486 356.17 -13.4545
      vertex 15.246 358.902 -13.7005
      vertex 15.218 358.888 -13.4545
    endloop
  endfacet
  facet normal 0.899371 0.419574 -0.122835
    outer loop
      vertex 16.514 356.182 -13.2085
      vertex 16.486 356.17 -13.4545
      vertex 15.218 358.888 -13.4545
    endloop
  endfacet
  facet normal 0.899108 0.419143 -0.126191
    outer loop
      vertex 15.246 358.902 -13.2085
      vertex 16.514 356.182 -13.2085
      vertex 15.218 358.888 -13.4545
    endloop
  endfacet
  facet normal 0.83573 0.389598 -0.387
    outer loop
      vertex 16.6 356.224 -12.9805
      vertex 16.514 356.182 -13.2085
      vertex 15.246 358.902 -13.2085
    endloop
  endfacet
  facet normal 0.83573 0.389598 -0.387
    outer loop
      vertex 15.332 358.944 -12.9805
      vertex 16.6 356.224 -12.9805
      vertex 15.246 358.902 -13.2085
    endloop
  endfacet
  facet normal 0.719219 0.335283 -0.60853
    outer loop
      vertex 16.736 356.288 -12.7845
      vertex 16.6 356.224 -12.9805
      vertex 15.332 358.944 -12.9805
    endloop
  endfacet
  facet normal 0.720623 0.336185 -0.606368
    outer loop
      vertex 15.468 359.006 -12.7845
      vertex 16.736 356.288 -12.7845
      vertex 15.332 358.944 -12.9805
    endloop
  endfacet
  facet normal 0.550805 0.256961 -0.794094
    outer loop
      vertex 16.914 356.37 -12.6345
      vertex 16.736 356.288 -12.7845
      vertex 15.468 359.006 -12.7845
    endloop
  endfacet
  facet normal 0.546348 0.254293 -0.798022
    outer loop
      vertex 15.648 359.09 -12.6345
      vertex 16.914 356.37 -12.6345
      vertex 15.468 359.006 -12.7845
    endloop
  endfacet
  facet normal 0.349305 0.162581 -0.922796
    outer loop
      vertex 17.122 356.468 -12.5385
      vertex 16.914 356.37 -12.6345
      vertex 15.648 359.09 -12.6345
    endloop
  endfacet
  facet normal 0.353699 0.165129 -0.920668
    outer loop
      vertex 15.854 359.184 -12.5385
      vertex 17.122 356.468 -12.5385
      vertex 15.648 359.09 -12.6345
    endloop
  endfacet
  facet normal 0.117752 0.0549797 -0.99152
    outer loop
      vertex 40.508 370.684 -12.5005
      vertex 41.778 367.964 -12.5005
      vertex 40.274 370.572 -12.5345
    endloop
  endfacet
  facet normal 0.116982 0.0545343 -0.991636
    outer loop
      vertex 41.778 367.964 -12.5005
      vertex 41.542 367.852 -12.5345
      vertex 40.274 370.572 -12.5345
    endloop
  endfacet
  facet normal -0.117731 -0.0548834 -0.991528
    outer loop
      vertex 40.744 370.792 -12.5345
      vertex 42.012 368.072 -12.5345
      vertex 40.508 370.684 -12.5005
    endloop
  endfacet
  facet normal -0.118512 -0.0553346 -0.99141
    outer loop
      vertex 42.012 368.072 -12.5345
      vertex 41.778 367.964 -12.5005
      vertex 40.508 370.684 -12.5005
    endloop
  endfacet
  facet normal -0.350278 -0.163549 -0.922257
    outer loop
      vertex 40.964 370.896 -12.6365
      vertex 42.234 368.176 -12.6365
      vertex 40.744 370.792 -12.5345
    endloop
  endfacet
  facet normal -0.34817 -0.162309 -0.923273
    outer loop
      vertex 42.234 368.176 -12.6365
      vertex 42.012 368.072 -12.5345
      vertex 40.744 370.792 -12.5345
    endloop
  endfacet
  facet normal -0.550302 -0.256538 -0.794579
    outer loop
      vertex 41.154 370.984 -12.7965
      vertex 42.422 368.264 -12.7965
      vertex 40.964 370.896 -12.6365
    endloop
  endfacet
  facet normal -0.553165 -0.258279 -0.792023
    outer loop
      vertex 42.422 368.264 -12.7965
      vertex 42.234 368.176 -12.6365
      vertex 40.964 370.896 -12.6365
    endloop
  endfacet
  facet normal -0.717075 -0.334284 -0.611603
    outer loop
      vertex 42.566 368.332 -13.0025
      vertex 42.422 368.264 -12.7965
      vertex 41.154 370.984 -12.7965
    endloop
  endfacet
  facet normal -0.718405 -0.33515 -0.609564
    outer loop
      vertex 41.298 371.05 -13.0025
      vertex 42.566 368.332 -13.0025
      vertex 41.154 370.984 -12.7965
    endloop
  endfacet
  facet normal -0.837176 -0.390559 -0.382884
    outer loop
      vertex 42.658 368.374 -13.2465
      vertex 42.566 368.332 -13.0025
      vertex 41.298 371.05 -13.0025
    endloop
  endfacet
  facet normal -0.837176 -0.390559 -0.382884
    outer loop
      vertex 41.39 371.092 -13.2465
      vertex 42.658 368.374 -13.2465
      vertex 41.298 371.05 -13.0025
    endloop
  endfacet
  facet normal -0.89817 -0.419014 -0.133106
    outer loop
      vertex 42.69 368.388 -13.5065
      vertex 42.658 368.374 -13.2465
      vertex 41.39 371.092 -13.2465
    endloop
  endfacet
  facet normal -0.89847 -0.419506 -0.129485
    outer loop
      vertex 41.42 371.108 -13.5065
      vertex 42.69 368.388 -13.5065
      vertex 41.39 371.092 -13.2465
    endloop
  endfacet
  facet normal -0.898035 -0.419303 0.133105
    outer loop
      vertex 42.658 368.374 -13.7665
      vertex 42.69 368.388 -13.5065
      vertex 41.42 371.108 -13.5065
    endloop
  endfacet
  facet normal -0.898605 -0.419217 0.129483
    outer loop
      vertex 42.658 368.374 -13.7665
      vertex 41.42 371.108 -13.5065
      vertex 41.39 371.092 -13.7665
    endloop
  endfacet
  facet normal -0.837176 -0.390559 0.382884
    outer loop
      vertex 42.566 368.332 -14.0105
      vertex 41.39 371.092 -13.7665
      vertex 41.298 371.05 -14.0105
    endloop
  endfacet
  facet normal -0.837176 -0.390559 0.382884
    outer loop
      vertex 42.566 368.332 -14.0105
      vertex 42.658 368.374 -13.7665
      vertex 41.39 371.092 -13.7665
    endloop
  endfacet
  facet normal -0.716981 -0.334485 0.611603
    outer loop
      vertex 42.422 368.264 -14.2165
      vertex 42.566 368.332 -14.0105
      vertex 41.298 371.05 -14.0105
    endloop
  endfacet
  facet normal -0.718499 -0.334947 0.609565
    outer loop
      vertex 42.422 368.264 -14.2165
      vertex 41.298 371.05 -14.0105
      vertex 41.154 370.984 -14.2165
    endloop
  endfacet
  facet normal -0.554459 -0.258884 0.79092
    outer loop
      vertex 42.234 368.176 -14.3785
      vertex 41.154 370.984 -14.2165
      vertex 40.964 370.896 -14.3785
    endloop
  endfacet
  facet normal -0.55763 -0.259954 0.788336
    outer loop
      vertex 42.234 368.176 -14.3785
      vertex 42.422 368.264 -14.2165
      vertex 41.154 370.984 -14.2165
    endloop
  endfacet
  facet normal -0.338588 -0.157842 0.927601
    outer loop
      vertex 42.012 368.072 -14.4765
      vertex 40.964 370.896 -14.3785
      vertex 40.744 370.792 -14.4765
    endloop
  endfacet
  facet normal -0.336336 -0.157039 0.928557
    outer loop
      vertex 42.012 368.072 -14.4765
      vertex 42.234 368.176 -14.3785
      vertex 40.964 370.896 -14.3785
    endloop
  endfacet
  facet normal -0.124495 -0.058128 0.990516
    outer loop
      vertex 41.778 367.964 -14.5125
      vertex 40.744 370.792 -14.4765
      vertex 40.508 370.684 -14.5125
    endloop
  endfacet
  facet normal -0.125388 -0.0584531 0.990384
    outer loop
      vertex 41.778 367.964 -14.5125
      vertex 42.012 368.072 -14.4765
      vertex 40.744 370.792 -14.4765
    endloop
  endfacet
  facet normal 0.124587 0.0580795 0.990507
    outer loop
      vertex 41.542 367.852 -14.4765
      vertex 40.508 370.684 -14.5125
      vertex 40.274 370.572 -14.4765
    endloop
  endfacet
  facet normal 0.123703 0.0577585 0.990637
    outer loop
      vertex 41.542 367.852 -14.4765
      vertex 41.778 367.964 -14.5125
      vertex 40.508 370.684 -14.5125
    endloop
  endfacet
  facet normal 0.340623 0.15879 0.926694
    outer loop
      vertex 41.322 367.752 -14.3785
      vertex 41.542 367.852 -14.4765
      vertex 40.274 370.572 -14.4765
    endloop
  endfacet
  facet normal 0.338498 0.158032 0.927602
    outer loop
      vertex 41.322 367.752 -14.3785
      vertex 40.274 370.572 -14.4765
      vertex 40.054 370.468 -14.3785
    endloop
  endfacet
  facet normal 0.555946 0.259359 0.78972
    outer loop
      vertex 41.132 367.664 -14.2165
      vertex 40.054 370.468 -14.3785
      vertex 39.864 370.382 -14.2165
    endloop
  endfacet
  facet normal 0.55447 0.258861 0.79092
    outer loop
      vertex 41.132 367.664 -14.2165
      vertex 41.322 367.752 -14.3785
      vertex 40.054 370.468 -14.3785
    endloop
  endfacet
  facet normal 0.716981 0.334485 0.611603
    outer loop
      vertex 40.988 367.596 -14.0105
      vertex 41.132 367.664 -14.2165
      vertex 39.864 370.382 -14.2165
    endloop
  endfacet
  facet normal 0.718499 0.334947 0.609565
    outer loop
      vertex 40.988 367.596 -14.0105
      vertex 39.864 370.382 -14.2165
      vertex 39.72 370.316 -14.0105
    endloop
  endfacet
  facet normal 0.836258 0.389844 0.38561
    outer loop
      vertex 40.896 367.552 -13.7665
      vertex 40.988 367.596 -14.0105
      vertex 39.72 370.316 -14.0105
    endloop
  endfacet
  facet normal 0.836258 0.389844 0.38561
    outer loop
      vertex 40.896 367.552 -13.7665
      vertex 39.72 370.316 -14.0105
      vertex 39.628 370.272 -13.7665
    endloop
  endfacet
  facet normal 0.899094 0.419137 0.126311
    outer loop
      vertex 40.866 367.538 -13.5065
      vertex 40.896 367.552 -13.7665
      vertex 39.628 370.272 -13.7665
    endloop
  endfacet
  facet normal 0.898605 0.419217 0.129483
    outer loop
      vertex 40.866 367.538 -13.5065
      vertex 39.628 370.272 -13.7665
      vertex 39.598 370.256 -13.5065
    endloop
  endfacet
  facet normal 0.898976 0.41939 -0.126311
    outer loop
      vertex 40.896 367.552 -13.2465
      vertex 40.866 367.538 -13.5065
      vertex 39.598 370.256 -13.5065
    endloop
  endfacet
  facet normal 0.898724 0.418964 -0.129481
    outer loop
      vertex 39.628 370.272 -13.2465
      vertex 40.896 367.552 -13.2465
      vertex 39.598 370.256 -13.5065
    endloop
  endfacet
  facet normal 0.836258 0.389844 -0.38561
    outer loop
      vertex 40.988 367.596 -13.0025
      vertex 40.896 367.552 -13.2465
      vertex 39.628 370.272 -13.2465
    endloop
  endfacet
  facet normal 0.836258 0.389844 -0.38561
    outer loop
      vertex 39.72 370.316 -13.0025
      vertex 40.988 367.596 -13.0025
      vertex 39.628 370.272 -13.2465
    endloop
  endfacet
  facet normal 0.717075 0.334284 -0.611603
    outer loop
      vertex 41.132 367.664 -12.7965
      vertex 40.988 367.596 -13.0025
      vertex 39.72 370.316 -13.0025
    endloop
  endfacet
  facet normal 0.718405 0.33515 -0.609564
    outer loop
      vertex 39.864 370.382 -12.7965
      vertex 41.132 367.664 -12.7965
      vertex 39.72 370.316 -13.0025
    endloop
  endfacet
  facet normal 0.551564 0.257505 -0.793391
    outer loop
      vertex 40.054 370.468 -12.6365
      vertex 41.322 367.752 -12.6365
      vertex 39.864 370.382 -12.7965
    endloop
  endfacet
  facet normal 0.55023 0.256693 -0.794579
    outer loop
      vertex 41.322 367.752 -12.6365
      vertex 41.132 367.664 -12.7965
      vertex 39.864 370.382 -12.7965
    endloop
  endfacet
  facet normal 0.352367 0.164507 -0.92129
    outer loop
      vertex 41.542 367.852 -12.5345
      vertex 41.322 367.752 -12.6365
      vertex 40.054 370.468 -12.6365
    endloop
  endfacet
  facet normal 0.350377 0.163338 -0.922256
    outer loop
      vertex 40.274 370.572 -12.5345
      vertex 41.542 367.852 -12.5345
      vertex 40.054 370.468 -12.6365
    endloop
  endfacet
  facet normal 0.110558 0.0515395 -0.992532
    outer loop
      vertex 41.706 367.93 14.5075
      vertex 41.47 367.82 14.4755
      vertex 40.202 370.54 14.4755
    endloop
  endfacet
  facet normal 0.111635 0.0521621 -0.992379
    outer loop
      vertex 40.436 370.648 14.5075
      vertex 41.706 367.93 14.5075
      vertex 40.202 370.54 14.4755
    endloop
  endfacet
  facet normal -0.111275 -0.0519939 -0.992429
    outer loop
      vertex 41.94 368.04 14.4755
      vertex 41.706 367.93 14.5075
      vertex 40.436 370.648 14.5075
    endloop
  endfacet
  facet normal -0.110206 -0.0513753 -0.99258
    outer loop
      vertex 40.672 370.76 14.4755
      vertex 41.94 368.04 14.4755
      vertex 40.436 370.648 14.5075
    endloop
  endfacet
  facet normal -0.349196 -0.162787 -0.922802
    outer loop
      vertex 42.162 368.142 14.3735
      vertex 41.94 368.04 14.4755
      vertex 40.672 370.76 14.4755
    endloop
  endfacet
  facet normal -0.352315 -0.164621 -0.921289
    outer loop
      vertex 40.892 370.86 14.3735
      vertex 42.162 368.142 14.3735
      vertex 40.672 370.76 14.4755
    endloop
  endfacet
  facet normal -0.553092 -0.258435 -0.792023
    outer loop
      vertex 42.35 368.23 14.2135
      vertex 42.162 368.142 14.3735
      vertex 40.892 370.86 14.3735
    endloop
  endfacet
  facet normal -0.548902 -0.255885 -0.795757
    outer loop
      vertex 41.082 370.95 14.2135
      vertex 42.35 368.23 14.2135
      vertex 40.892 370.86 14.3735
    endloop
  endfacet
  facet normal -0.719656 -0.335487 -0.607902
    outer loop
      vertex 42.494 368.298 14.0055
      vertex 42.35 368.23 14.2135
      vertex 41.082 370.95 14.2135
    endloop
  endfacet
  facet normal -0.720973 -0.336348 -0.605861
    outer loop
      vertex 41.226 371.016 14.0055
      vertex 42.494 368.298 14.0055
      vertex 41.082 370.95 14.2135
    endloop
  endfacet
  facet normal -0.836159 -0.390085 -0.385579
    outer loop
      vertex 42.586 368.34 13.7635
      vertex 42.494 368.298 14.0055
      vertex 41.226 371.016 14.0055
    endloop
  endfacet
  facet normal -0.835228 -0.389363 -0.388318
    outer loop
      vertex 41.318 371.06 13.7635
      vertex 42.586 368.34 13.7635
      vertex 41.226 371.016 14.0055
    endloop
  endfacet
  facet normal -0.898606 -0.418909 -0.130468
    outer loop
      vertex 42.616 368.356 13.5055
      vertex 42.586 368.34 13.7635
      vertex 41.318 371.06 13.7635
    endloop
  endfacet
  facet normal -0.899114 -0.419763 -0.124072
    outer loop
      vertex 41.348 371.072 13.5055
      vertex 42.616 368.356 13.5055
      vertex 41.318 371.06 13.7635
    endloop
  endfacet
  facet normal -0.898601 -0.419524 0.128513
    outer loop
      vertex 42.586 368.34 13.2435
      vertex 42.616 368.356 13.5055
      vertex 41.348 371.072 13.5055
    endloop
  endfacet
  facet normal -0.89956 -0.419353 0.12221
    outer loop
      vertex 42.586 368.34 13.2435
      vertex 41.348 371.072 13.5055
      vertex 41.318 371.06 13.2435
    endloop
  endfacet
  facet normal -0.836269 -0.389849 0.38558
    outer loop
      vertex 42.494 368.298 13.0015
      vertex 42.586 368.34 13.2435
      vertex 41.318 371.06 13.2435
    endloop
  endfacet
  facet normal -0.835118 -0.389599 0.388319
    outer loop
      vertex 42.494 368.298 13.0015
      vertex 41.318 371.06 13.2435
      vertex 41.226 371.016 13.0015
    endloop
  endfacet
  facet normal -0.719561 -0.335689 0.607902
    outer loop
      vertex 42.35 368.23 12.7935
      vertex 42.494 368.298 13.0015
      vertex 41.226 371.016 13.0015
    endloop
  endfacet
  facet normal -0.721067 -0.336145 0.605862
    outer loop
      vertex 42.35 368.23 12.7935
      vertex 41.226 371.016 13.0015
      vertex 41.082 370.95 12.7935
    endloop
  endfacet
  facet normal -0.553321 -0.257945 0.792023
    outer loop
      vertex 42.162 368.142 12.6335
      vertex 42.35 368.23 12.7935
      vertex 41.082 370.95 12.7935
    endloop
  endfacet
  facet normal -0.548674 -0.256371 0.795758
    outer loop
      vertex 42.162 368.142 12.6335
      vertex 41.082 370.95 12.7935
      vertex 40.892 370.86 12.6335
    endloop
  endfacet
  facet normal -0.343199 -0.160362 0.925472
    outer loop
      vertex 41.94 368.04 12.5335
      vertex 42.162 368.142 12.6335
      vertex 40.892 370.86 12.6335
    endloop
  endfacet
  facet normal -0.346566 -0.161561 0.924007
    outer loop
      vertex 41.94 368.04 12.5335
      vertex 40.892 370.86 12.6335
      vertex 40.672 370.76 12.5335
    endloop
  endfacet
  facet normal -0.118164 -0.0550854 0.991465
    outer loop
      vertex 41.706 367.93 12.4995
      vertex 41.94 368.04 12.5335
      vertex 40.672 370.76 12.5335
    endloop
  endfacet
  facet normal -0.116933 -0.0546376 0.991636
    outer loop
      vertex 41.706 367.93 12.4995
      vertex 40.672 370.76 12.5335
      vertex 40.436 370.648 12.4995
    endloop
  endfacet
  facet normal 0.117307 0.0548123 0.991582
    outer loop
      vertex 41.47 367.82 12.5335
      vertex 41.706 367.93 12.4995
      vertex 40.436 370.648 12.4995
    endloop
  endfacet
  facet normal 0.118545 0.0552629 0.99141
    outer loop
      vertex 41.47 367.82 12.5335
      vertex 40.436 370.648 12.4995
      vertex 40.202 370.54 12.5335
    endloop
  endfacet
  facet normal 0.345535 0.16108 0.924478
    outer loop
      vertex 41.25 367.718 12.6335
      vertex 41.47 367.82 12.5335
      vertex 40.202 370.54 12.5335
    endloop
  endfacet
  facet normal 0.344463 0.160699 0.924944
    outer loop
      vertex 41.25 367.718 12.6335
      vertex 40.202 370.54 12.5335
      vertex 39.982 370.436 12.6335
    endloop
  endfacet
  facet normal 0.553248 0.258101 0.792023
    outer loop
      vertex 41.062 367.63 12.7935
      vertex 41.25 367.718 12.6335
      vertex 39.982 370.436 12.6335
    endloop
  endfacet
  facet normal 0.553248 0.258101 0.792023
    outer loop
      vertex 41.062 367.63 12.7935
      vertex 39.982 370.436 12.6335
      vertex 39.794 370.348 12.7935
    endloop
  endfacet
  facet normal 0.716536 0.334278 0.612237
    outer loop
      vertex 40.916 367.562 13.0015
      vertex 41.062 367.63 12.7935
      vertex 39.794 370.348 12.7935
    endloop
  endfacet
  facet normal 0.71804 0.334733 0.610223
    outer loop
      vertex 40.916 367.562 13.0015
      vertex 39.794 370.348 12.7935
      vertex 39.648 370.282 13.0015
    endloop
  endfacet
  facet normal 0.838486 0.390883 0.379673
    outer loop
      vertex 40.826 367.52 13.2435
      vertex 40.916 367.562 13.0015
      vertex 39.648 370.282 13.0015
    endloop
  endfacet
  facet normal 0.838486 0.390883 0.379673
    outer loop
      vertex 40.826 367.52 13.2435
      vertex 39.648 370.282 13.0015
      vertex 39.558 370.24 13.2435
    endloop
  endfacet
  facet normal 0.899203 0.419187 0.125362
    outer loop
      vertex 40.796 367.506 13.5055
      vertex 40.826 367.52 13.2435
      vertex 39.558 370.24 13.2435
    endloop
  endfacet
  facet normal 0.89872 0.41927 0.128511
    outer loop
      vertex 40.796 367.506 13.5055
      vertex 39.558 370.24 13.2435
      vertex 39.528 370.224 13.5055
    endloop
  endfacet
  facet normal 0.898864 0.419338 -0.127274
    outer loop
      vertex 40.826 367.52 13.7635
      vertex 40.796 367.506 13.5055
      vertex 39.528 370.224 13.5055
    endloop
  endfacet
  facet normal 0.898606 0.418909 -0.130468
    outer loop
      vertex 39.558 370.24 13.7635
      vertex 40.826 367.52 13.7635
      vertex 39.528 370.224 13.5055
    endloop
  endfacet
  facet normal 0.838486 0.390883 -0.379673
    outer loop
      vertex 40.916 367.562 14.0055
      vertex 40.826 367.52 13.7635
      vertex 39.558 370.24 13.7635
    endloop
  endfacet
  facet normal 0.838486 0.390883 -0.379673
    outer loop
      vertex 39.648 370.282 14.0055
      vertex 40.916 367.562 14.0055
      vertex 39.558 370.24 13.7635
    endloop
  endfacet
  facet normal 0.71663 0.334076 -0.612237
    outer loop
      vertex 41.062 367.63 14.2135
      vertex 40.916 367.562 14.0055
      vertex 39.648 370.282 14.0055
    endloop
  endfacet
  facet normal 0.717947 0.334936 -0.610221
    outer loop
      vertex 39.794 370.348 14.2135
      vertex 41.062 367.63 14.2135
      vertex 39.648 370.282 14.0055
    endloop
  endfacet
  facet normal 0.553248 0.258101 -0.792023
    outer loop
      vertex 41.25 367.718 14.3735
      vertex 41.062 367.63 14.2135
      vertex 39.794 370.348 14.2135
    endloop
  endfacet
  facet normal 0.553248 0.258101 -0.792023
    outer loop
      vertex 39.982 370.436 14.3735
      vertex 41.25 367.718 14.3735
      vertex 39.794 370.348 14.2135
    endloop
  endfacet
  facet normal 0.351369 0.163921 -0.921775
    outer loop
      vertex 41.47 367.82 14.4755
      vertex 41.25 367.718 14.3735
      vertex 39.982 370.436 14.3735
    endloop
  endfacet
  facet normal 0.350377 0.163338 -0.922256
    outer loop
      vertex 40.202 370.54 14.4755
      vertex 41.47 367.82 14.4755
      vertex 39.982 370.436 14.3735
    endloop
  endfacet
  facet normal 0 0 1
    outer loop
      vertex 42.244 371.492 17.4995
      vertex 12.452 357.6 17.4995
      vertex 12.514 357.6 17.4995
    endloop
  endfacet
  facet normal 0 0 1
    outer loop
      vertex 12.514 357.6 17.4995
      vertex 43.514 368.774 17.4995
      vertex 42.244 371.492 17.4995
    endloop
  endfacet
  facet normal 0 0 1
    outer loop
      vertex 43.514 368.774 17.4995
      vertex 12.514 357.6 17.4995
      vertex 12.514 354.318 17.4995
    endloop
  endfacet
  facet normal 0 0 -1
    outer loop
      vertex 12.514 357.6 -17.5005
      vertex 43.514 368.774 -17.5005
      vertex 12.514 354.318 -17.5005
    endloop
  endfacet
  facet normal -0 0 -1
    outer loop
      vertex 43.514 368.774 -17.5005
      vertex 12.514 357.6 -17.5005
      vertex 42.244 371.492 -17.5005
    endloop
  endfacet
  facet normal 0 0 -1
    outer loop
      vertex 42.244 371.492 -17.5005
      vertex 12.514 357.6 -17.5005
      vertex 12.452 357.6 -17.5005
    endloop
  endfacet
  facet normal 0.422307 -0.906453 -0.000482462
    outer loop
      vertex 43.514 368.774 -17.5005
      vertex 43.982 368.992 -17.4325
      vertex 42.234 368.176 -14.3785
    endloop
  endfacet
  facet normal 0.424079 -0.905625 0.000402734
    outer loop
      vertex 43.514 368.774 -17.5005
      vertex 42.234 368.176 -14.3785
      vertex 42.012 368.072 -14.4765
    endloop
  endfacet
  facet normal 0.419367 -0.907813 -0.00244566
    outer loop
      vertex 43.514 368.774 -17.5005
      vertex 42.012 368.072 -14.4765
      vertex 41.778 367.964 -14.5125
    endloop
  endfacet
  facet normal 0.42237 -0.906423 -0.000438371
    outer loop
      vertex 43.982 368.992 -17.4325
      vertex 44.42 369.196 -17.2325
      vertex 42.234 368.176 -14.3785
    endloop
  endfacet
  facet normal 0.421103 -0.907011 -0.00161885
    outer loop
      vertex 44.42 369.196 -17.2325
      vertex 44.796 369.37 -16.9145
      vertex 42.234 368.176 -14.3785
    endloop
  endfacet
  facet normal 0.422188 -0.906508 -0.00028628
    outer loop
      vertex 44.796 369.37 -16.9145
      vertex 45.084 369.504 -16.5025
      vertex 42.234 368.176 -14.3785
    endloop
  endfacet
  facet normal 0.424267 -0.905532 0.00311487
    outer loop
      vertex 45.084 369.504 -16.5025
      vertex 45.264 369.59 -16.0185
      vertex 42.234 368.176 -14.3785
    endloop
  endfacet
  facet normal 0.422203 -0.9065 -0.00153396
    outer loop
      vertex 45.264 369.59 -16.0185
      vertex 45.326 369.618 -15.5005
      vertex 42.234 368.176 -14.3785
    endloop
  endfacet
  facet normal 0.42304 -0.90611 0.00127291
    outer loop
      vertex 45.326 369.618 -15.5005
      vertex 42.422 368.264 -14.2165
      vertex 42.234 368.176 -14.3785
    endloop
  endfacet
  facet normal 0.423624 -0.905833 0.00288712
    outer loop
      vertex 45.326 369.618 -15.5005
      vertex 42.566 368.332 -14.0105
      vertex 42.422 368.264 -14.2165
    endloop
  endfacet
  facet normal 0.421157 -0.906984 -0.00267668
    outer loop
      vertex 45.326 369.618 -15.5005
      vertex 42.658 368.374 -13.7665
      vertex 42.566 368.332 -14.0105
    endloop
  endfacet
  facet normal 0.420998 -0.907057 -0.00297361
    outer loop
      vertex 45.326 369.618 -15.5005
      vertex 42.69 368.388 -13.5065
      vertex 42.658 368.374 -13.7665
    endloop
  endfacet
  facet normal 0.425066 -0.905155 0.00357663
    outer loop
      vertex 42.69 368.388 -13.5065
      vertex 45.326 369.618 -15.5005
      vertex 42.658 368.374 -13.2465
    endloop
  endfacet
  facet normal 0.425965 -0.904726 0.00487824
    outer loop
      vertex 42.658 368.374 -13.2465
      vertex 45.326 369.618 -15.5005
      vertex 42.566 368.332 -13.0025
    endloop
  endfacet
  facet normal 0.414216 -0.910114 -0.010877
    outer loop
      vertex 42.566 368.332 -13.0025
      vertex 45.326 369.618 -15.5005
      vertex 42.422 368.264 -12.7965
    endloop
  endfacet
  facet normal 0.422578 -0.906327 0
    outer loop
      vertex 45.326 369.618 -15.5005
      vertex 45.326 369.618 15.4995
      vertex 42.422 368.264 -12.7965
    endloop
  endfacet
  facet normal 0.422696 -0.906271 -1.48136e-05
    outer loop
      vertex 42.422 368.264 -12.7965
      vertex 45.326 369.618 15.4995
      vertex 42.35 368.23 12.7935
    endloop
  endfacet
  facet normal 0.415257 -0.90965 0.00989992
    outer loop
      vertex 45.326 369.618 15.4995
      vertex 42.494 368.298 13.0015
      vertex 42.35 368.23 12.7935
    endloop
  endfacet
  facet normal 0.426048 -0.904687 -0.0049571
    outer loop
      vertex 45.326 369.618 15.4995
      vertex 42.586 368.34 13.2435
      vertex 42.494 368.298 13.0015
    endloop
  endfacet
  facet normal 0.417487 -0.90865 0.00768621
    outer loop
      vertex 45.326 369.618 15.4995
      vertex 42.616 368.356 13.5055
      vertex 42.586 368.34 13.2435
    endloop
  endfacet
  facet normal 0.426104 -0.904651 -0.00655544
    outer loop
      vertex 42.616 368.356 13.5055
      vertex 45.326 369.618 15.4995
      vertex 42.586 368.34 13.7635
    endloop
  endfacet
  facet normal 0.421271 -0.906931 0.00275124
    outer loop
      vertex 42.586 368.34 13.7635
      vertex 45.326 369.618 15.4995
      vertex 42.494 368.298 14.0055
    endloop
  endfacet
  facet normal 0.423681 -0.905807 -0.00281139
    outer loop
      vertex 42.494 368.298 14.0055
      vertex 45.326 369.618 15.4995
      vertex 42.35 368.23 14.2135
    endloop
  endfacet
  facet normal 0.422141 -0.906529 0.00153095
    outer loop
      vertex 45.326 369.618 15.4995
      vertex 45.264 369.59 16.0155
      vertex 42.35 368.23 14.2135
    endloop
  endfacet
  facet normal 0.423349 -0.905966 -0.000846302
    outer loop
      vertex 42.35 368.23 14.2135
      vertex 45.264 369.59 16.0155
      vertex 42.162 368.142 14.3735
    endloop
  endfacet
  facet normal 0.424322 -0.905506 -0.00309003
    outer loop
      vertex 45.264 369.59 16.0155
      vertex 45.084 369.504 16.4995
      vertex 42.162 368.142 14.3735
    endloop
  endfacet
  facet normal 0.422267 -0.906472 0.000353375
    outer loop
      vertex 45.084 369.504 16.4995
      vertex 44.796 369.37 16.9115
      vertex 42.162 368.142 14.3735
    endloop
  endfacet
  facet normal 0.421182 -0.906974 0.00172193
    outer loop
      vertex 44.796 369.37 16.9115
      vertex 44.42 369.196 17.2315
      vertex 42.162 368.142 14.3735
    endloop
  endfacet
  facet normal 0.422409 -0.906405 0.000542756
    outer loop
      vertex 44.42 369.196 17.2315
      vertex 43.982 368.992 17.4315
      vertex 42.162 368.142 14.3735
    endloop
  endfacet
  facet normal 0.422321 -0.906446 0.000606278
    outer loop
      vertex 43.982 368.992 17.4315
      vertex 43.514 368.774 17.4995
      vertex 42.162 368.142 14.3735
    endloop
  endfacet
  facet normal 0.419171 -0.907866 -0.00869052
    outer loop
      vertex 12.7 354.404 16.8115
      vertex 17.534 356.658 14.5035
      vertex 12.696 354.402 16.8275
    endloop
  endfacet
  facet normal 0.430096 -0.902579 0.0191845
    outer loop
      vertex 12.696 354.402 16.8275
      vertex 17.534 356.658 14.5035
      vertex 12.686 354.398 16.8635
    endloop
  endfacet
  facet normal 0.422636 -0.906299 0.000297879
    outer loop
      vertex 12.686 354.398 16.8635
      vertex 17.534 356.658 14.5035
      vertex 12.514 354.318 17.4995
    endloop
  endfacet
  facet normal 0.422629 -0.906303 0.000284159
    outer loop
      vertex 17.534 356.658 14.5035
      vertex 43.514 368.774 17.4995
      vertex 12.514 354.318 17.4995
    endloop
  endfacet
  facet normal 0.422615 -0.906309 0.000430641
    outer loop
      vertex 17.534 356.658 14.5035
      vertex 20.6328 358.103 14.54
      vertex 43.514 368.774 17.4995
    endloop
  endfacet
  facet normal 0.42262 -0.906307 0
    outer loop
      vertex 20.6328 358.103 14.54
      vertex 17.534 356.658 14.5035
      vertex 20.6328 358.103 14.1519
    endloop
  endfacet
  facet normal 0.422702 -0.906269 -0.000382582
    outer loop
      vertex 43.514 368.774 17.4995
      vertex 20.6328 358.103 14.54
      vertex 31.3356 363.095 14.54
    endloop
  endfacet
  facet normal 0.422515 -0.906356 0.000553551
    outer loop
      vertex 35.1132 364.856 14.54
      vertex 43.514 368.774 17.4995
      vertex 31.3356 363.095 14.54
    endloop
  endfacet
  facet normal 0.422785 -0.90623 0
    outer loop
      vertex 16.644 356.244 12.8035
      vertex 12.7 354.404 14.9875
      vertex 12.7 354.404 -1.2965
    endloop
  endfacet
  facet normal 0.422415 -0.906403 0
    outer loop
      vertex 16.498 356.174 13.0135
      vertex 12.7 354.404 15.0595
      vertex 12.7 354.404 14.9875
    endloop
  endfacet
  facet normal 0.416701 -0.908947 -0.0132762
    outer loop
      vertex 16.644 356.244 12.8035
      vertex 16.498 356.174 13.0135
      vertex 12.7 354.404 14.9875
    endloop
  endfacet
  facet normal 0.429504 -0.902904 0.0170359
    outer loop
      vertex 16.404 356.132 13.2595
      vertex 12.7 354.406 15.1655
      vertex 12.7 354.404 15.0595
    endloop
  endfacet
  facet normal 0.426101 -0.904637 0.00836868
    outer loop
      vertex 16.498 356.174 13.0135
      vertex 16.404 356.132 13.2595
      vertex 12.7 354.404 15.0595
    endloop
  endfacet
  facet normal 0.422629 -0.906302 -0.0011778
    outer loop
      vertex 43.514 368.774 -17.5005
      vertex 12.696 354.402 -16.8305
      vertex 12.514 354.318 -17.5005
    endloop
  endfacet
  facet normal 0.422761 -0.906216 0.00674373
    outer loop
      vertex 43.514 368.774 -17.5005
      vertex 12.7 354.404 -16.8125
      vertex 12.696 354.402 -16.8305
    endloop
  endfacet
  facet normal 0.422647 -0.906294 0
    outer loop
      vertex 43.514 368.774 -17.5005
      vertex 12.7 354.404 -15.9925
      vertex 12.7 354.404 -16.8125
    endloop
  endfacet
  facet normal 0.422662 -0.906287 0.000369357
    outer loop
      vertex 43.514 368.774 -17.5005
      vertex 17.566 356.674 -14.3705
      vertex 12.7 354.404 -15.9925
    endloop
  endfacet
  facet normal 0.422693 -0.906273 0
    outer loop
      vertex 17.344 356.57 -14.4025
      vertex 12.7 354.404 -15.9705
      vertex 12.7 354.404 -15.9925
    endloop
  endfacet
  facet normal 0.425318 -0.904995 -0.00940545
    outer loop
      vertex 17.566 356.674 -14.3705
      vertex 17.344 356.57 -14.4025
      vertex 12.7 354.404 -15.9925
    endloop
  endfacet
  facet normal 0.413083 -0.910069 0.0337063
    outer loop
      vertex 17.344 356.57 -14.4025
      vertex 12.7 354.406 -15.9165
      vertex 12.7 354.404 -15.9705
    endloop
  endfacet
  facet normal 0.418965 -0.907915 0.0125871
    outer loop
      vertex 17.344 356.57 -14.4025
      vertex 17.122 356.468 -14.3705
      vertex 12.7 354.406 -15.9165
    endloop
  endfacet
  facet normal 0.422418 -0.906401 0.000425057
    outer loop
      vertex 41.706 367.93 14.5075
      vertex 43.514 368.774 17.4995
      vertex 41.47 367.82 14.4755
    endloop
  endfacet
  facet normal 0.425239 -0.90508 -0.00165258
    outer loop
      vertex 41.94 368.04 14.4755
      vertex 43.514 368.774 17.4995
      vertex 41.706 367.93 14.5075
    endloop
  endfacet
  facet normal 0.418493 -0.908216 0.00262025
    outer loop
      vertex 42.162 368.142 14.3735
      vertex 43.514 368.774 17.4995
      vertex 41.94 368.04 14.4755
    endloop
  endfacet
  facet normal 0.423933 -0.905694 -1.05677e-05
    outer loop
      vertex 42.422 368.264 -12.7965
      vertex 42.35 368.23 12.7935
      vertex 42.234 368.176 -12.6365
    endloop
  endfacet
  facet normal 0.423948 -0.905687 -1.065e-05
    outer loop
      vertex 42.234 368.176 -12.6365
      vertex 42.35 368.23 12.7935
      vertex 42.162 368.142 12.6335
    endloop
  endfacet
  facet normal 0.422585 -0.906324 -0.000131368
    outer loop
      vertex 41.3663 367.771 -9.71
      vertex 42.234 368.176 -12.6365
      vertex 42.1577 368.14 -9.71
    endloop
  endfacet
  facet normal 0.422554 -0.906338 1.3346e-05
    outer loop
      vertex 42.1578 368.14 9.79
      vertex 42.162 368.142 12.6335
      vertex 38.8954 366.619 9.79
    endloop
  endfacet
  facet normal 0.426642 -0.904421 -2.18791e-06
    outer loop
      vertex 42.234 368.176 -12.6365
      vertex 42.1578 368.14 9.79
      vertex 42.1577 368.14 -9.71
    endloop
  endfacet
  facet normal 0.428007 -0.903775 3.48874e-06
    outer loop
      vertex 42.1578 368.14 9.79
      vertex 42.234 368.176 -12.6365
      vertex 42.162 368.142 12.6335
    endloop
  endfacet
  facet normal 0.410933 -0.911524 0.0160923
    outer loop
      vertex 38.8954 366.619 9.79
      vertex 41.94 368.04 12.5335
      vertex 38.8466 366.597 9.79
    endloop
  endfacet
  facet normal 0.411982 -0.911073 0.0146946
    outer loop
      vertex 41.94 368.04 12.5335
      vertex 38.8954 366.619 9.79
      vertex 42.162 368.142 12.6335
    endloop
  endfacet
  facet normal 0.424433 -0.905456 -0.00245412
    outer loop
      vertex 38.8466 366.597 9.79
      vertex 41.706 367.93 12.4995
      vertex 38.757 366.555 9.79
    endloop
  endfacet
  facet normal 0.425944 -0.904739 -0.00440231
    outer loop
      vertex 41.706 367.93 12.4995
      vertex 38.8466 366.597 9.79
      vertex 41.94 368.04 12.5335
    endloop
  endfacet
  facet normal 0.423125 -0.906071 -0.000640845
    outer loop
      vertex 38.757 366.555 9.79
      vertex 41.47 367.82 12.5335
      vertex 38.6328 366.497 9.79
    endloop
  endfacet
  facet normal 0.422481 -0.906372 0.000134784
    outer loop
      vertex 41.47 367.82 12.5335
      vertex 38.757 366.555 9.79
      vertex 41.706 367.93 12.4995
    endloop
  endfacet
  facet normal 0.421129 -0.906999 0.00185216
    outer loop
      vertex 38.6328 366.497 9.79
      vertex 41.25 367.718 12.6335
      vertex 38.4885 366.43 9.79
    endloop
  endfacet
  facet normal 0.421263 -0.906937 0.00170248
    outer loop
      vertex 41.25 367.718 12.6335
      vertex 38.6328 366.497 9.79
      vertex 41.47 367.82 12.5335
    endloop
  endfacet
  facet normal 0.426146 -0.904647 -0.0036991
    outer loop
      vertex 38.4885 366.43 9.79
      vertex 41.062 367.63 12.7935
      vertex 38.3399 366.36 9.79
    endloop
  endfacet
  facet normal 0.423378 -0.905953 -0.000805359
    outer loop
      vertex 41.062 367.63 12.7935
      vertex 38.4885 366.43 9.79
      vertex 41.25 367.718 12.6335
    endloop
  endfacet
  facet normal 0.422563 -0.906334 0.000305016
    outer loop
      vertex 38.3058 366.344 9.91434
      vertex 41.062 367.63 12.7935
      vertex 40.916 367.562 13.0015
    endloop
  endfacet
  facet normal 0.424774 -0.905299 0
    outer loop
      vertex 38.3399 366.36 9.79
      vertex 38.3058 366.344 9.91434
      vertex 38.3058 366.344 9.79
    endloop
  endfacet
  facet normal 0.423259 -0.906009 -0.000506757
    outer loop
      vertex 38.3058 366.344 9.91434
      vertex 38.3399 366.36 9.79
      vertex 41.062 367.63 12.7935
    endloop
  endfacet
  facet normal 0.422867 -0.906192 -8.50052e-06
    outer loop
      vertex 38.3058 366.344 10.0703
      vertex 40.916 367.562 13.0015
      vertex 40.826 367.52 13.2435
    endloop
  endfacet
  facet normal 0.422859 -0.906196 0
    outer loop
      vertex 40.916 367.562 13.0015
      vertex 38.3058 366.344 10.0703
      vertex 38.3058 366.344 9.91434
    endloop
  endfacet
  facet normal 0.422541 -0.906344 0.000306623
    outer loop
      vertex 38.3058 366.344 10.0703
      vertex 40.826 367.52 13.2435
      vertex 38.3056 366.345 13.3018
    endloop
  endfacet
  facet normal 0.422531 -0.906349 0
    outer loop
      vertex 38.3056 366.345 13.3018
      vertex 40.796 367.506 13.5055
      vertex 38.3056 366.345 13.4891
    endloop
  endfacet
  facet normal 0.422534 -0.906347 -4.8992e-05
    outer loop
      vertex 40.796 367.506 13.5055
      vertex 38.3056 366.345 13.3018
      vertex 40.826 367.52 13.2435
    endloop
  endfacet
  facet normal 0.422534 -0.906347 4.98277e-05
    outer loop
      vertex 38.3056 366.345 13.6731
      vertex 40.796 367.506 13.5055
      vertex 40.826 367.52 13.7635
    endloop
  endfacet
  facet normal 0.422531 -0.906349 0
    outer loop
      vertex 40.796 367.506 13.5055
      vertex 38.3056 366.345 13.6731
      vertex 38.3056 366.345 13.4891
    endloop
  endfacet
  facet normal 0.422539 -0.906345 0.000156886
    outer loop
      vertex 38.3056 366.345 13.8419
      vertex 40.826 367.52 13.7635
      vertex 40.916 367.562 14.0055
    endloop
  endfacet
  facet normal 0.422535 -0.906347 0
    outer loop
      vertex 40.826 367.52 13.7635
      vertex 38.3056 366.345 13.8419
      vertex 38.3056 366.345 13.6731
    endloop
  endfacet
  facet normal 0.422549 -0.90634 -0.000293783
    outer loop
      vertex 38.3056 366.345 13.9802
      vertex 40.916 367.562 14.0055
      vertex 41.062 367.63 14.2135
    endloop
  endfacet
  facet normal 0.422547 -0.906341 0
    outer loop
      vertex 40.916 367.562 14.0055
      vertex 38.3056 366.345 13.9802
      vertex 38.3056 366.345 13.8419
    endloop
  endfacet
  facet normal 0.422428 -0.906394 0.00216327
    outer loop
      vertex 38.3055 366.345 14.0784
      vertex 41.062 367.63 14.2135
      vertex 41.25 367.718 14.3735
    endloop
  endfacet
  facet normal 0.422499 -0.906363 0.000430243
    outer loop
      vertex 41.062 367.63 14.2135
      vertex 38.3055 366.345 14.0784
      vertex 38.3056 366.345 13.9802
    endloop
  endfacet
  facet normal 0.422713 -0.906264 -0.000130439
    outer loop
      vertex 38.3055 366.345 14.54
      vertex 43.514 368.774 17.4995
      vertex 35.1132 364.856 14.54
    endloop
  endfacet
  facet normal 0.422611 -0.906311 8.70228e-05
    outer loop
      vertex 38.3055 366.345 14.54
      vertex 41.25 367.718 14.3735
      vertex 43.514 368.774 17.4995
    endloop
  endfacet
  facet normal 0.422607 -0.906313 0
    outer loop
      vertex 41.25 367.718 14.3735
      vertex 38.3055 366.345 14.54
      vertex 38.3055 366.345 14.0784
    endloop
  endfacet
  facet normal 0.419569 -0.907719 0.00276613
    outer loop
      vertex 41.47 367.82 14.4755
      vertex 43.514 368.774 17.4995
      vertex 41.25 367.718 14.3735
    endloop
  endfacet
  facet normal 0.429041 -0.903245 0.00852718
    outer loop
      vertex 41.542 367.852 -12.5345
      vertex 38.7006 366.529 -9.71
      vertex 38.5806 366.472 -9.71
    endloop
  endfacet
  facet normal 0.427897 -0.9038 0.00711586
    outer loop
      vertex 38.7006 366.529 -9.71
      vertex 41.542 367.852 -12.5345
      vertex 41.778 367.964 -12.5005
    endloop
  endfacet
  facet normal 0.41177 -0.911173 -0.0144606
    outer loop
      vertex 41.778 367.964 -12.5005
      vertex 38.7869 366.568 -9.71
      vertex 38.7006 366.529 -9.71
    endloop
  endfacet
  facet normal 0.418335 -0.908273 -0.00597278
    outer loop
      vertex 38.7869 366.568 -9.71
      vertex 41.778 367.964 -12.5005
      vertex 42.012 368.072 -12.5345
    endloop
  endfacet
  facet normal 0.436002 -0.89975 0.0187384
    outer loop
      vertex 42.012 368.072 -12.5345
      vertex 38.8323 366.59 -9.71
      vertex 38.7869 366.568 -9.71
    endloop
  endfacet
  facet normal 0.426116 -0.904655 0.00503506
    outer loop
      vertex 38.8323 366.59 -9.71
      vertex 42.012 368.072 -12.5345
      vertex 42.234 368.176 -12.6365
    endloop
  endfacet
  facet normal 0.429312 -0.903144 0.00459813
    outer loop
      vertex 43.514 368.774 -17.5005
      vertex 41.778 367.964 -14.5125
      vertex 41.542 367.852 -14.4765
    endloop
  endfacet
  facet normal 0.409751 -0.912132 -0.0108987
    outer loop
      vertex 43.514 368.774 -17.5005
      vertex 41.542 367.852 -14.4765
      vertex 41.322 367.752 -14.3785
    endloop
  endfacet
  facet normal 0.422643 -0.906296 -1.95032e-05
    outer loop
      vertex 34.8102 364.715 -14.46
      vertex 43.514 368.774 -17.5005
      vertex 38.3055 366.345 -14.46
    endloop
  endfacet
  facet normal 0.42271 -0.906265 0.000113693
    outer loop
      vertex 38.3055 366.345 -14.46
      vertex 41.322 367.752 -14.3785
      vertex 38.3054 366.345 -14.0882
    endloop
  endfacet
  facet normal 0.42271 -0.906265 0.000120978
    outer loop
      vertex 41.322 367.752 -14.3785
      vertex 38.3055 366.345 -14.46
      vertex 43.514 368.774 -17.5005
    endloop
  endfacet
  facet normal 0.42288 -0.906185 0.000426291
    outer loop
      vertex 38.3054 366.345 -14.0882
      vertex 41.132 367.664 -14.2165
      vertex 38.3053 366.345 -13.989
    endloop
  endfacet
  facet normal 0.423007 -0.906118 0.00390678
    outer loop
      vertex 41.132 367.664 -14.2165
      vertex 38.3054 366.345 -14.0882
      vertex 41.322 367.752 -14.3785
    endloop
  endfacet
  facet normal 0.422624 -0.906305 -0.000620138
    outer loop
      vertex 38.3053 366.345 -13.989
      vertex 40.988 367.596 -14.0105
      vertex 38.3055 366.345 -13.8527
    endloop
  endfacet
  facet normal 0.422601 -0.906308 -0.00375954
    outer loop
      vertex 40.988 367.596 -14.0105
      vertex 38.3053 366.345 -13.989
      vertex 41.132 367.664 -14.2165
    endloop
  endfacet
  facet normal 0.422499 -0.906343 -0.00611297
    outer loop
      vertex 38.3055 366.345 -13.8527
      vertex 40.896 367.552 -13.7665
      vertex 38.3058 366.344 -13.6837
    endloop
  endfacet
  facet normal 0.42245 -0.906377 -0.00416076
    outer loop
      vertex 40.896 367.552 -13.7665
      vertex 38.3055 366.345 -13.8527
      vertex 40.988 367.596 -14.0105
    endloop
  endfacet
  facet normal 0.422665 -0.906286 0
    outer loop
      vertex 38.3058 366.344 -13.6837
      vertex 40.866 367.538 -13.5065
      vertex 38.3058 366.344 -13.4996
    endloop
  endfacet
  facet normal 0.422666 -0.906285 -3.07963e-05
    outer loop
      vertex 40.866 367.538 -13.5065
      vertex 38.3058 366.344 -13.6837
      vertex 40.896 367.552 -13.7665
    endloop
  endfacet
  facet normal 0.422665 -0.906286 0
    outer loop
      vertex 40.866 367.538 -13.5065
      vertex 38.3058 366.344 -13.3153
      vertex 38.3058 366.344 -13.4996
    endloop
  endfacet
  facet normal 0.422666 -0.906285 3.0777e-05
    outer loop
      vertex 38.3058 366.344 -13.3153
      vertex 40.866 367.538 -13.5065
      vertex 40.896 367.552 -13.2465
    endloop
  endfacet
  facet normal 0.422667 -0.906285 -1.28791e-05
    outer loop
      vertex 40.896 367.552 -13.2465
      vertex 38.3059 366.344 -10.0335
      vertex 38.3058 366.344 -13.3153
    endloop
  endfacet
  facet normal 0.428765 -0.903394 0.00637953
    outer loop
      vertex 38.3059 366.344 -10.0335
      vertex 40.988 367.596 -13.0025
      vertex 38.3057 366.345 -9.87845
    endloop
  endfacet
  facet normal 0.425488 -0.90496 0.00275942
    outer loop
      vertex 40.988 367.596 -13.0025
      vertex 38.3059 366.344 -10.0335
      vertex 40.896 367.552 -13.2465
    endloop
  endfacet
  facet normal 0.42313 -0.906069 0.000269716
    outer loop
      vertex 38.3057 366.345 -9.87845
      vertex 41.132 367.664 -12.7965
      vertex 38.3056 366.345 -9.72157
    endloop
  endfacet
  facet normal 0.424624 -0.905367 0.00203433
    outer loop
      vertex 41.132 367.664 -12.7965
      vertex 38.3057 366.345 -9.87845
      vertex 40.988 367.596 -13.0025
    endloop
  endfacet
  facet normal 0.419144 -0.90792 0
    outer loop
      vertex 38.3056 366.345 -9.72157
      vertex 38.4399 366.407 -9.71
      vertex 38.3056 366.345 -9.71
    endloop
  endfacet
  facet normal 0.419416 -0.907786 -0.00388014
    outer loop
      vertex 41.132 367.664 -12.7965
      vertex 38.4399 366.407 -9.71
      vertex 38.3056 366.345 -9.72157
    endloop
  endfacet
  facet normal 0.421458 -0.906846 -0.00171639
    outer loop
      vertex 38.4399 366.407 -9.71
      vertex 41.132 367.664 -12.7965
      vertex 41.322 367.752 -12.6365
    endloop
  endfacet
  facet normal 0.419382 -0.9078 -0.00419994
    outer loop
      vertex 41.322 367.752 -12.6365
      vertex 38.5806 366.472 -9.71
      vertex 38.4399 366.407 -9.71
    endloop
  endfacet
  facet normal 0.416612 -0.909055 -0.00734369
    outer loop
      vertex 38.5806 366.472 -9.71
      vertex 41.322 367.752 -12.6365
      vertex 41.542 367.852 -12.5345
    endloop
  endfacet
  facet normal 0.414604 -0.909946 0.0100595
    outer loop
      vertex 20.2368 357.919 -9.71
      vertex 17.344 356.57 -12.5085
      vertex 20.3202 357.957 -9.71
    endloop
  endfacet
  facet normal 0.416651 -0.909036 0.0075045
    outer loop
      vertex 17.344 356.57 -12.5085
      vertex 20.2368 357.919 -9.71
      vertex 17.122 356.468 -12.5385
    endloop
  endfacet
  facet normal 0.423996 -0.905662 -0.0020531
    outer loop
      vertex 17.566 356.674 -12.5385
      vertex 20.3202 357.957 -9.71
      vertex 17.344 356.57 -12.5085
    endloop
  endfacet
  facet normal 0.422974 -0.906141 -0.000840301
    outer loop
      vertex 20.3202 357.957 -9.71
      vertex 17.566 356.674 -12.5385
      vertex 20.4316 358.009 -9.71
    endloop
  endfacet
  facet normal 0.424966 -0.905203 -0.00330116
    outer loop
      vertex 17.774 356.772 -12.6345
      vertex 20.4316 358.009 -9.71
      vertex 17.566 356.674 -12.5385
    endloop
  endfacet
  facet normal 0.426984 -0.904242 -0.00554126
    outer loop
      vertex 20.4316 358.009 -9.71
      vertex 17.774 356.772 -12.6345
      vertex 20.5629 358.071 -9.71
    endloop
  endfacet
  facet normal 0.415229 -0.909611 0.0138601
    outer loop
      vertex 20.5629 358.071 -9.71
      vertex 20.6332 358.102 -9.78162
      vertex 20.633 358.103 -9.71
    endloop
  endfacet
  facet normal 0.412756 -0.910776 0.0109289
    outer loop
      vertex 17.774 356.772 -12.6345
      vertex 20.6332 358.102 -9.78162
      vertex 20.5629 358.071 -9.71
    endloop
  endfacet
  facet normal 0.415368 -0.90962 0.00777267
    outer loop
      vertex 20.6332 358.102 -9.78162
      vertex 17.774 356.772 -12.6345
      vertex 17.952 356.852 -12.7845
    endloop
  endfacet
  facet normal 0.428889 -0.903331 -0.00691824
    outer loop
      vertex 17.952 356.852 -12.7845
      vertex 20.6328 358.103 -9.93699
      vertex 20.6332 358.102 -9.78162
    endloop
  endfacet
  facet normal 0.428724 -0.90341 -0.00672763
    outer loop
      vertex 20.6328 358.103 -9.93699
      vertex 17.952 356.852 -12.7845
      vertex 18.088 356.918 -12.9805
    endloop
  endfacet
  facet normal 0.422133 -0.906534 0
    outer loop
      vertex 18.088 356.918 -12.9805
      vertex 20.6328 358.103 -10.0869
      vertex 20.6328 358.103 -9.93699
    endloop
  endfacet
  facet normal 0.422012 -0.90659 0.000129034
    outer loop
      vertex 20.6328 358.103 -10.0869
      vertex 18.088 356.918 -12.9805
      vertex 18.174 356.958 -13.2085
    endloop
  endfacet
  facet normal 0.422497 -0.906364 -0.000336124
    outer loop
      vertex 20.6324 358.104 -13.2862
      vertex 20.6328 358.103 -10.0869
      vertex 18.174 356.958 -13.2085
    endloop
  endfacet
  facet normal 0.422505 -0.906361 -5.6569e-05
    outer loop
      vertex 18.204 356.972 -13.4545
      vertex 20.6324 358.104 -13.2862
      vertex 18.174 356.958 -13.2085
    endloop
  endfacet
  facet normal 0.422501 -0.906362 0
    outer loop
      vertex 20.6324 358.104 -13.2862
      vertex 18.204 356.972 -13.4545
      vertex 20.6324 358.104 -13.4624
    endloop
  endfacet
  facet normal 0.422501 -0.906362 0
    outer loop
      vertex 18.204 356.972 -13.4545
      vertex 20.6324 358.104 -13.6387
      vertex 20.6324 358.104 -13.4624
    endloop
  endfacet
  facet normal 0.422505 -0.906361 5.65242e-05
    outer loop
      vertex 20.6324 358.104 -13.6387
      vertex 18.204 356.972 -13.4545
      vertex 18.174 356.958 -13.7005
    endloop
  endfacet
  facet normal 0.422511 -0.906358 -0.000263905
    outer loop
      vertex 18.174 356.958 -13.7005
      vertex 20.6323 358.104 -13.7988
      vertex 20.6324 358.104 -13.6387
    endloop
  endfacet
  facet normal 0.422508 -0.906359 -0.000356843
    outer loop
      vertex 20.6323 358.104 -13.7988
      vertex 18.174 356.958 -13.7005
      vertex 18.088 356.918 -13.9285
    endloop
  endfacet
  facet normal 0.42208 -0.90651 0.00942556
    outer loop
      vertex 18.088 356.918 -13.9285
      vertex 20.6331 358.103 -13.9308
      vertex 20.6323 358.104 -13.7988
    endloop
  endfacet
  facet normal 0.422069 -0.906479 0.0123792
    outer loop
      vertex 20.6331 358.103 -13.9308
      vertex 18.088 356.918 -13.9285
      vertex 17.952 356.852 -14.1245
    endloop
  endfacet
  facet normal 0.423584 -0.90576 -0.0132407
    outer loop
      vertex 17.952 356.852 -14.1245
      vertex 20.6323 358.104 -14.0248
      vertex 20.6331 358.103 -13.9308
    endloop
  endfacet
  facet normal 0.42374 -0.905566 -0.0198693
    outer loop
      vertex 20.6323 358.104 -14.0248
      vertex 17.952 356.852 -14.1245
      vertex 17.774 356.772 -14.2745
    endloop
  endfacet
  facet normal 0.422281 -0.906464 0.00162104
    outer loop
      vertex 17.774 356.772 -14.2745
      vertex 20.6325 358.104 -14.0769
      vertex 20.6323 358.104 -14.0248
    endloop
  endfacet
  facet normal 0.421664 -0.906673 0.0119574
    outer loop
      vertex 20.6325 358.104 -14.0769
      vertex 17.774 356.772 -14.2745
      vertex 17.566 356.674 -14.3705
    endloop
  endfacet
  facet normal 0.422635 -0.9063 0
    outer loop
      vertex 17.566 356.674 -14.3705
      vertex 20.6325 358.104 -14.46
      vertex 20.6325 358.104 -14.0769
    endloop
  endfacet
  facet normal 0.422605 -0.906314 -0.000174858
    outer loop
      vertex 20.6325 358.104 -14.46
      vertex 43.514 368.774 -17.5005
      vertex 30.8965 362.89 -14.46
    endloop
  endfacet
  facet normal 0.422638 -0.906299 0.000123318
    outer loop
      vertex 43.514 368.774 -17.5005
      vertex 20.6325 358.104 -14.46
      vertex 17.566 356.674 -14.3705
    endloop
  endfacet
  facet normal 0.42262 -0.906307 -9.6978e-05
    outer loop
      vertex 43.514 368.774 -17.5005
      vertex 34.8102 364.715 -14.46
      vertex 30.8965 362.89 -14.46
    endloop
  endfacet
  facet normal 0.428414 -0.903349 -0.0205307
    outer loop
      vertex 12.7 354.406 -15.9165
      vertex 17.122 356.468 -14.3705
      vertex 12.7 354.404 -15.8285
    endloop
  endfacet
  facet normal 0.424309 -0.905503 -0.00503157
    outer loop
      vertex 17.122 356.468 -14.3705
      vertex 16.914 356.37 -14.2745
      vertex 12.7 354.404 -15.8285
    endloop
  endfacet
  facet normal 0.417905 -0.908351 0.015936
    outer loop
      vertex 16.914 356.37 -14.2745
      vertex 12.7 354.406 -15.7145
      vertex 12.7 354.404 -15.8285
    endloop
  endfacet
  facet normal 0.421275 -0.906924 0.00412823
    outer loop
      vertex 16.914 356.37 -14.2745
      vertex 16.736 356.288 -14.1245
      vertex 12.7 354.406 -15.7145
    endloop
  endfacet
  facet normal 0.426939 -0.90418 -0.0134952
    outer loop
      vertex 12.7 354.406 -15.7145
      vertex 16.736 356.288 -14.1245
      vertex 12.7 354.404 -15.5805
    endloop
  endfacet
  facet normal 0.423547 -0.905872 -0.00190503
    outer loop
      vertex 16.736 356.288 -14.1245
      vertex 16.6 356.224 -13.9285
      vertex 12.7 354.404 -15.5805
    endloop
  endfacet
  facet normal 0.422885 -0.906183 0
    outer loop
      vertex 16.6 356.224 -13.9285
      vertex 12.7 354.404 -15.4365
      vertex 12.7 354.404 -15.5805
    endloop
  endfacet
  facet normal 0.424929 -0.905204 -0.00646772
    outer loop
      vertex 16.6 356.224 -13.9285
      vertex 16.514 356.182 -13.7005
      vertex 12.7 354.404 -15.4365
    endloop
  endfacet
  facet normal 0.422521 -0.906353 0
    outer loop
      vertex 16.514 356.182 -13.7005
      vertex 12.7 354.404 -15.2965
      vertex 12.7 354.404 -15.4365
    endloop
  endfacet
  facet normal 0.421244 -0.90694 0.00370552
    outer loop
      vertex 16.514 356.182 -13.7005
      vertex 16.486 356.17 -13.4545
      vertex 12.7 354.404 -15.2965
    endloop
  endfacet
  facet normal 0.422728 -0.906257 0
    outer loop
      vertex 16.486 356.17 -13.4545
      vertex 12.7 354.404 -15.1705
      vertex 12.7 354.404 -15.2965
    endloop
  endfacet
  facet normal 0.424257 -0.905533 -0.00411705
    outer loop
      vertex 16.486 356.17 -13.4545
      vertex 16.514 356.182 -13.2085
      vertex 12.7 354.404 -15.1705
    endloop
  endfacet
  facet normal 0.422521 -0.906353 0
    outer loop
      vertex 16.514 356.182 -13.2085
      vertex 12.7 354.404 -15.0725
      vertex 12.7 354.404 -15.1705
    endloop
  endfacet
  facet normal 0.418757 -0.90805 0.00932006
    outer loop
      vertex 16.514 356.182 -13.2085
      vertex 16.6 356.224 -12.9805
      vertex 12.7 354.404 -15.0725
    endloop
  endfacet
  facet normal 0.41052 -0.911433 0.0276192
    outer loop
      vertex 16.6 356.224 -12.9805
      vertex 12.7 354.406 -15.0065
      vertex 12.7 354.404 -15.0725
    endloop
  endfacet
  facet normal 0.420636 -0.907219 0.00436477
    outer loop
      vertex 16.6 356.224 -12.9805
      vertex 16.736 356.288 -12.7845
      vertex 12.7 354.406 -15.0065
    endloop
  endfacet
  facet normal 0.422662 -0.906287 -0.000137566
    outer loop
      vertex 12.7 354.406 -14.4725
      vertex 16.736 356.288 -12.7845
      vertex 12.7 354.404 -1.2965
    endloop
  endfacet
  facet normal 0.422896 -0.906178 -3.77307e-05
    outer loop
      vertex 16.736 356.288 -12.7845
      vertex 16.644 356.244 12.8035
      vertex 12.7 354.404 -1.2965
    endloop
  endfacet
  facet normal 0.422615 -0.906309 0
    outer loop
      vertex 16.736 356.288 -12.7845
      vertex 12.7 354.406 -14.4725
      vertex 12.7 354.406 -15.0065
    endloop
  endfacet
  facet normal 0.420348 -0.907363 0.00011276
    outer loop
      vertex 16.644 356.244 12.8035
      vertex 16.7808 356.307 9.79
      vertex 16.834 356.332 12.6415
    endloop
  endfacet
  facet normal 0.416595 -0.909092 -9.38059e-05
    outer loop
      vertex 16.644 356.244 12.8035
      vertex 16.7805 356.308 -1.23351
      vertex 16.7808 356.307 9.79
    endloop
  endfacet
  facet normal 0.420414 -0.907332 -4.8636e-05
    outer loop
      vertex 16.7805 356.308 -1.23351
      vertex 16.644 356.244 12.8035
      vertex 16.736 356.288 -12.7845
    endloop
  endfacet
  facet normal 0.42827 -0.903651 -6.75861e-05
    outer loop
      vertex 16.834 356.332 12.6415
      vertex 16.7808 356.307 9.79
      vertex 16.823 356.327 9.79
    endloop
  endfacet
  facet normal 0.410365 -0.911922 1.59902e-05
    outer loop
      vertex 16.843 356.336 9.79
      vertex 16.834 356.332 12.6415
      vertex 16.823 356.327 9.79
    endloop
  endfacet
  facet normal 0.422846 -0.906202 0.0001052
    outer loop
      vertex 16.7804 356.308 -9.71
      vertex 16.914 356.37 -12.6345
      vertex 16.9047 356.366 -9.71
    endloop
  endfacet
  facet normal 0.418505 -0.908214 -0.000135745
    outer loop
      vertex 16.7804 356.308 -9.71
      vertex 16.736 356.288 -12.7845
      vertex 16.914 356.37 -12.6345
    endloop
  endfacet
  facet normal 0.410985 -0.911642 -4.84853e-06
    outer loop
      vertex 16.736 356.288 -12.7845
      vertex 16.7804 356.308 -9.71
      vertex 16.7805 356.308 -1.23351
    endloop
  endfacet
  facet normal 0.422558 -0.906336 6.23089e-05
    outer loop
      vertex 16.843 356.336 9.79
      vertex 17.6602 356.717 9.79
      vertex 16.834 356.332 12.6415
    endloop
  endfacet
  facet normal 0.422332 -0.906441 0.000103237
    outer loop
      vertex 16.914 356.37 -12.6345
      vertex 20.1928 357.898 -9.71
      vertex 16.9047 356.366 -9.71
    endloop
  endfacet
  facet normal 0.430702 -0.902423 -0.011361
    outer loop
      vertex 20.1928 357.898 -9.71
      vertex 17.122 356.468 -12.5385
      vertex 20.2368 357.919 -9.71
    endloop
  endfacet
  facet normal 0.43025 -0.902646 -0.010758
    outer loop
      vertex 17.122 356.468 -12.5385
      vertex 20.1928 357.898 -9.71
      vertex 16.914 356.37 -12.6345
    endloop
  endfacet
  facet normal 0.420524 -0.907246 -0.00798635
    outer loop
      vertex 17.056 356.436 14.5035
      vertex 17.294 356.546 14.5395
      vertex 12.7 354.404 15.9715
    endloop
  endfacet
  facet normal 0.422583 -0.906324 0
    outer loop
      vertex 17.294 356.546 14.5395
      vertex 12.7 354.404 16.0295
      vertex 12.7 354.404 15.9715
    endloop
  endfacet
  facet normal 0.423145 -0.90606 0.00211176
    outer loop
      vertex 17.294 356.546 14.5395
      vertex 17.534 356.658 14.5035
      vertex 12.7 354.404 16.0295
    endloop
  endfacet
  facet normal 0.422598 -0.906317 0
    outer loop
      vertex 17.534 356.658 14.5035
      vertex 12.7 354.404 16.8115
      vertex 12.7 354.404 16.0295
    endloop
  endfacet
  facet normal 0.422071 -0.906544 -0.00580783
    outer loop
      vertex 17.756 356.762 14.4035
      vertex 20.6328 358.103 14.1519
      vertex 17.534 356.658 14.5035
    endloop
  endfacet
  facet normal 0.422436 -0.906392 -0.000826685
    outer loop
      vertex 20.6328 358.103 14.1519
      vertex 17.756 356.762 14.4035
      vertex 20.6327 358.103 14.1008
    endloop
  endfacet
  facet normal 0.422819 -0.906207 0.00363891
    outer loop
      vertex 17.946 356.85 14.2415
      vertex 20.6327 358.103 14.1008
      vertex 17.756 356.762 14.4035
    endloop
  endfacet
  facet normal 0.422684 -0.906277 0.000426093
    outer loop
      vertex 20.6327 358.103 14.1008
      vertex 17.946 356.85 14.2415
      vertex 20.6328 358.103 14.0016
    endloop
  endfacet
  facet normal 0.421991 -0.906557 -0.00880172
    outer loop
      vertex 18.092 356.92 14.0315
      vertex 20.6328 358.103 14.0016
      vertex 17.946 356.85 14.2415
    endloop
  endfacet
  facet normal 0.422001 -0.90656 -0.00799972
    outer loop
      vertex 20.6328 358.103 14.0016
      vertex 18.092 356.92 14.0315
      vertex 20.6323 358.104 13.8619
    endloop
  endfacet
  facet normal 0.422634 -0.906294 0.00332496
    outer loop
      vertex 18.184 356.962 13.7855
      vertex 20.6323 358.104 13.8619
      vertex 18.092 356.92 14.0315
    endloop
  endfacet
  facet normal 0.422702 -0.906268 0.000737271
    outer loop
      vertex 20.6323 358.104 13.8619
      vertex 18.184 356.962 13.7855
      vertex 20.6326 358.104 13.6899
    endloop
  endfacet
  facet normal 0.422557 -0.906329 -0.00371
    outer loop
      vertex 18.216 356.978 13.5215
      vertex 20.6326 358.104 13.6899
      vertex 18.184 356.962 13.7855
    endloop
  endfacet
  facet normal 0.422386 -0.906416 -0.000670099
    outer loop
      vertex 20.6326 358.104 13.6899
      vertex 18.216 356.978 13.5215
      vertex 20.6323 358.104 13.5008
    endloop
  endfacet
  facet normal 0.422395 -0.906412 0.000673676
    outer loop
      vertex 18.216 356.978 13.5215
      vertex 20.6326 358.104 13.3127
      vertex 20.6323 358.104 13.5008
    endloop
  endfacet
  facet normal 0.422609 -0.906304 0.00373043
    outer loop
      vertex 20.6326 358.104 13.3127
      vertex 18.216 356.978 13.5215
      vertex 18.184 356.962 13.2595
    endloop
  endfacet
  facet normal 0.422673 -0.906282 0.000323081
    outer loop
      vertex 20.6329 358.103 10.1151
      vertex 20.6326 358.104 13.3127
      vertex 18.184 356.962 13.2595
    endloop
  endfacet
  facet normal 0.420056 -0.907496 -0.00215569
    outer loop
      vertex 18.092 356.92 13.0135
      vertex 20.6329 358.103 10.1151
      vertex 18.184 356.962 13.2595
    endloop
  endfacet
  facet normal 0.421834 -0.906673 -0.000260665
    outer loop
      vertex 20.6329 358.103 10.1151
      vertex 18.092 356.92 13.0135
      vertex 20.6328 358.103 9.95327
    endloop
  endfacet
  facet normal 0.426773 -0.904346 0.00473961
    outer loop
      vertex 17.946 356.85 12.8035
      vertex 20.6328 358.103 9.95327
      vertex 18.092 356.92 13.0135
    endloop
  endfacet
  facet normal 0.425939 -0.904744 0.00377815
    outer loop
      vertex 20.63 358.101 9.79
      vertex 20.6328 358.103 9.95327
      vertex 17.946 356.85 12.8035
    endloop
  endfacet
  facet normal 0.542127 -0.840296 0.000996129
    outer loop
      vertex 20.6328 358.103 9.95327
      vertex 20.63 358.101 9.79
      vertex 20.6331 358.103 9.79
    endloop
  endfacet
  facet normal 0.421234 -0.906951 -0.00137548
    outer loop
      vertex 20.4811 358.032 9.79
      vertex 17.946 356.85 12.8035
      vertex 17.756 356.762 12.6415
    endloop
  endfacet
  facet normal 0.420448 -0.907314 -0.00217957
    outer loop
      vertex 17.946 356.85 12.8035
      vertex 20.4811 358.032 9.79
      vertex 20.63 358.101 9.79
    endloop
  endfacet
  facet normal 0.423639 -0.90583 0.00158495
    outer loop
      vertex 20.3368 357.964 9.79
      vertex 17.756 356.762 12.6415
      vertex 17.534 356.658 12.5415
    endloop
  endfacet
  facet normal 0.426276 -0.904582 0.0044975
    outer loop
      vertex 17.756 356.762 12.6415
      vertex 20.3368 357.964 9.79
      vertex 20.4811 358.032 9.79
    endloop
  endfacet
  facet normal 0.422818 -0.906214 0.000544181
    outer loop
      vertex 20.2102 357.905 9.79
      vertex 17.534 356.658 12.5415
      vertex 17.294 356.546 12.5055
    endloop
  endfacet
  facet normal 0.422415 -0.906403 6.66128e-05
    outer loop
      vertex 17.534 356.658 12.5415
      vertex 20.2102 357.905 9.79
      vertex 20.3368 357.964 9.79
    endloop
  endfacet
  facet normal 0.418943 -0.908 -0.00476373
    outer loop
      vertex 20.1197 357.864 9.79
      vertex 17.294 356.546 12.5055
      vertex 17.056 356.436 12.5415
    endloop
  endfacet
  facet normal 0.412632 -0.910809 -0.0126949
    outer loop
      vertex 17.294 356.546 12.5055
      vertex 20.1197 357.864 9.79
      vertex 20.2102 357.905 9.79
    endloop
  endfacet
  facet normal 0.426172 -0.904627 0.00529104
    outer loop
      vertex 20.0704 357.84 9.79
      vertex 17.056 356.436 12.5415
      vertex 16.834 356.332 12.6415
    endloop
  endfacet
  facet normal 0.437611 -0.898925 0.0207314
    outer loop
      vertex 17.056 356.436 12.5415
      vertex 20.0704 357.84 9.79
      vertex 20.1197 357.864 9.79
    endloop
  endfacet
  facet normal 0.422342 -0.906437 -1.37693e-05
    outer loop
      vertex 17.6602 356.717 9.79
      vertex 20.0704 357.84 9.79
      vertex 16.834 356.332 12.6415
    endloop
  endfacet
  facet normal 0.423795 -0.905752 0.00336225
    outer loop
      vertex 16.404 356.132 13.2595
      vertex 16.372 356.118 13.5215
      vertex 12.7 354.406 15.1655
    endloop
  endfacet
  facet normal 0.422561 -0.906334 0
    outer loop
      vertex 16.372 356.118 13.5215
      vertex 12.7 354.406 15.3015
      vertex 12.7 354.406 15.1655
    endloop
  endfacet
  facet normal 0.422376 -0.906421 0
    outer loop
      vertex 16.404 356.132 13.7855
      vertex 12.7 354.406 15.4555
      vertex 12.7 354.406 15.3015
    endloop
  endfacet
  facet normal 0.421371 -0.906883 -0.00298298
    outer loop
      vertex 16.372 356.118 13.5215
      vertex 16.404 356.132 13.7855
      vertex 12.7 354.406 15.3015
    endloop
  endfacet
  facet normal 0.418403 -0.908187 -0.0116434
    outer loop
      vertex 12.7 354.406 15.4555
      vertex 16.498 356.174 14.0315
      vertex 12.7 354.404 15.6115
    endloop
  endfacet
  facet normal 0.420268 -0.907382 -0.00567112
    outer loop
      vertex 16.404 356.132 13.7855
      vertex 16.498 356.174 14.0315
      vertex 12.7 354.406 15.4555
    endloop
  endfacet
  facet normal 0.424644 -0.905337 0.00655059
    outer loop
      vertex 16.498 356.174 14.0315
      vertex 16.644 356.244 14.2415
      vertex 12.7 354.404 15.6115
    endloop
  endfacet
  facet normal 0.422785 -0.90623 0
    outer loop
      vertex 16.644 356.244 14.2415
      vertex 12.7 354.404 15.7575
      vertex 12.7 354.404 15.6115
    endloop
  endfacet
  facet normal 0.426607 -0.904316 0.0148248
    outer loop
      vertex 16.834 356.332 14.4035
      vertex 12.7 354.406 15.8795
      vertex 12.7 354.404 15.7575
    endloop
  endfacet
  facet normal 0.422003 -0.906591 -0.00247243
    outer loop
      vertex 16.644 356.244 14.2415
      vertex 16.834 356.332 14.4035
      vertex 12.7 354.404 15.7575
    endloop
  endfacet
  facet normal 0.417192 -0.908604 -0.0197523
    outer loop
      vertex 12.7 354.406 15.8795
      vertex 17.056 356.436 14.5035
      vertex 12.7 354.404 15.9715
    endloop
  endfacet
  facet normal 0.423155 -0.906053 0.00289028
    outer loop
      vertex 16.834 356.332 14.4035
      vertex 17.056 356.436 14.5035
      vertex 12.7 354.406 15.8795
    endloop
  endfacet
  facet normal 0.422435 -0.906393 -0.00018533
    outer loop
      vertex 42.234 368.176 -12.6365
      vertex 41.3663 367.771 -9.71
      vertex 38.8323 366.59 -9.71
    endloop
  endfacet
  facet normal 0.965591 -0 0.260066
    outer loop
      vertex 12.498 190 17.5615
      vertex 12.7 220 16.8115
      vertex 12.498 220 17.5615
    endloop
  endfacet
  facet normal 0.965591 0 0.260066
    outer loop
      vertex 12.7 220 16.8115
      vertex 12.498 190 17.5615
      vertex 12.7 190 16.8115
    endloop
  endfacet
  facet normal 0.708394 -0 0.705818
    outer loop
      vertex 11.95 190 18.1115
      vertex 12.498 220 17.5615
      vertex 11.95 220 18.1115
    endloop
  endfacet
  facet normal 0.708394 0 0.705818
    outer loop
      vertex 12.498 220 17.5615
      vertex 11.95 190 18.1115
      vertex 12.498 190 17.5615
    endloop
  endfacet
  facet normal 0.257663 0 0.966235
    outer loop
      vertex 11.2 220 18.3115
      vertex 11.95 190 18.1115
      vertex 11.95 220 18.1115
    endloop
  endfacet
  facet normal 0.257663 0 0.966235
    outer loop
      vertex 11.95 190 18.1115
      vertex 11.2 220 18.3115
      vertex 11.2 190 18.3115
    endloop
  endfacet
  facet normal 0 0 1
    outer loop
      vertex -11.2 288.8 18.3115
      vertex 11.2 288.8 18.3115
      vertex 11.2 357.6 18.3115
    endloop
  endfacet
  facet normal 0 0 1
    outer loop
      vertex 11.2 288.8 18.3115
      vertex -11.2 288.8 18.3115
      vertex 11.2 220 18.3115
    endloop
  endfacet
  facet normal 0 0 1
    outer loop
      vertex 11.2 220 18.3115
      vertex 8.448 198.748 18.3115
      vertex 11.2 190 18.3115
    endloop
  endfacet
  facet normal 0 0 1
    outer loop
      vertex -11.2 220 18.3115
      vertex 11.2 220 18.3115
      vertex -11.2 288.8 18.3115
    endloop
  endfacet
  facet normal 0 0 1
    outer loop
      vertex -11.2 288.8 18.3115
      vertex 11.2 357.6 18.3115
      vertex -11.2 357.6 18.3115
    endloop
  endfacet
  facet normal 0 0 1
    outer loop
      vertex 11.2 220 18.3115
      vertex -11.2 220 18.3115
      vertex 8.448 198.748 18.3115
    endloop
  endfacet
  facet normal 0 0 1
    outer loop
      vertex 8.448 198.748 18.3115
      vertex -11.2 220 18.3115
      vertex -8.452 198.748 18.3115
    endloop
  endfacet
  facet normal 0 0 1
    outer loop
      vertex -11.2 190 18.3115
      vertex -8.452 198.748 18.3115
      vertex -11.2 220 18.3115
    endloop
  endfacet
  facet normal 0 0 1
    outer loop
      vertex -8.452 198.748 18.3115
      vertex -11.2 190 18.3115
      vertex -8.452 190 18.3115
    endloop
  endfacet
  facet normal 0 0 1
    outer loop
      vertex 11.2 190 18.3115
      vertex 8.448 198.748 18.3115
      vertex 8.448 190 18.3115
    endloop
  endfacet
  facet normal -0.257663 0 0.966235
    outer loop
      vertex -11.95 220 18.1115
      vertex -11.2 190 18.3115
      vertex -11.2 220 18.3115
    endloop
  endfacet
  facet normal -0.257663 0 0.966235
    outer loop
      vertex -11.2 190 18.3115
      vertex -11.95 220 18.1115
      vertex -11.95 190 18.1115
    endloop
  endfacet
  facet normal -0.707107 0 0.707107
    outer loop
      vertex -11.95 288.8 18.1115
      vertex -11.95 357.6 18.1115
      vertex -12.088 323.2 17.9735
    endloop
  endfacet
  facet normal -0.707107 -3.64388e-17 0.707107
    outer loop
      vertex -12.088 254.4 17.9735
      vertex -12.362 254.4 17.6995
      vertex -12.5 220 17.5615
    endloop
  endfacet
  facet normal -0.707107 0 0.707107
    outer loop
      vertex -12.362 254.4 17.6995
      vertex -12.5 288.8 17.5615
      vertex -12.5 220 17.5615
    endloop
  endfacet
  facet normal -0.707107 0 0.707107
    outer loop
      vertex -11.95 220 18.1115
      vertex -11.95 288.8 18.1115
      vertex -12.088 254.4 17.9735
    endloop
  endfacet
  facet normal -0.707107 3.64388e-17 0.707107
    outer loop
      vertex -12.088 323.2 17.9735
      vertex -11.95 357.6 18.1115
      vertex -12.362 323.2 17.6995
    endloop
  endfacet
  facet normal -0.707107 1.79591e-17 0.707107
    outer loop
      vertex -12.362 254.4 17.6995
      vertex -12.226 288.8 17.8355
      vertex -12.5 288.8 17.5615
    endloop
  endfacet
  facet normal -0.707107 0 0.707107
    outer loop
      vertex -12.226 288.8 17.8355
      vertex -12.362 254.4 17.6995
      vertex -12.088 254.4 17.9735
    endloop
  endfacet
  facet normal -0.707107 -3.64388e-17 0.707107
    outer loop
      vertex -12.5 288.8 17.5615
      vertex -12.088 323.2 17.9735
      vertex -12.362 323.2 17.6995
    endloop
  endfacet
  facet normal -0.707107 1.82194e-17 0.707107
    outer loop
      vertex -12.088 323.2 17.9735
      vertex -12.5 288.8 17.5615
      vertex -12.226 288.8 17.8355
    endloop
  endfacet
  facet normal -0.707107 -1.86042e-17 0.707107
    outer loop
      vertex -11.95 288.8 18.1115
      vertex -12.088 323.2 17.9735
      vertex -12.226 288.8 17.8355
    endloop
  endfacet
  facet normal -0.707107 1.80874e-17 0.707107
    outer loop
      vertex -12.088 254.4 17.9735
      vertex -11.95 288.8 18.1115
      vertex -12.226 288.8 17.8355
    endloop
  endfacet
  facet normal -0.707107 3.65656e-17 0.707107
    outer loop
      vertex -12.362 323.2 17.6995
      vertex -11.95 357.6 18.1115
      vertex -12.5 357.6 17.5615
    endloop
  endfacet
  facet normal -0.707107 -3.63063e-17 0.707107
    outer loop
      vertex -11.95 220 18.1115
      vertex -12.088 254.4 17.9735
      vertex -12.5 220 17.5615
    endloop
  endfacet
  facet normal -0.707107 0 0.707107
    outer loop
      vertex -12.362 323.2 17.6995
      vertex -12.5 357.6 17.5615
      vertex -12.5 288.8 17.5615
    endloop
  endfacet
  facet normal -0.707107 0 0.707107
    outer loop
      vertex -12.5 190 17.5615
      vertex -11.95 220 18.1115
      vertex -12.5 220 17.5615
    endloop
  endfacet
  facet normal -0.707107 0 0.707107
    outer loop
      vertex -11.95 220 18.1115
      vertex -12.5 190 17.5615
      vertex -11.95 190 18.1115
    endloop
  endfacet
  facet normal -0.966235 0 0.257663
    outer loop
      vertex -12.7 190 16.8115
      vertex -12.5 220 17.5615
      vertex -12.7 220 16.8115
    endloop
  endfacet
  facet normal -0.966235 0 0.257663
    outer loop
      vertex -12.5 220 17.5615
      vertex -12.7 190 16.8115
      vertex -12.5 190 17.5615
    endloop
  endfacet
  facet normal -1 0 0
    outer loop
      vertex -12.7 195.342 12.9675
      vertex -12.7 220 16.8115
      vertex -12.7 195.342 -12.9705
    endloop
  endfacet
  facet normal -1 0 0
    outer loop
      vertex -12.7 220 16.8115
      vertex -12.7 195.342 12.9675
      vertex -12.7 195.886 14.0995
    endloop
  endfacet
  facet normal -1 0 0
    outer loop
      vertex -12.7 193.998 -11.6265
      vertex -12.7 195.342 12.9675
      vertex -12.7 195.342 -12.9705
    endloop
  endfacet
  facet normal -1 0 0
    outer loop
      vertex -12.7 193.998 -11.6265
      vertex -12.7 193.998 11.6255
      vertex -12.7 195.342 12.9675
    endloop
  endfacet
  facet normal -1 0 0
    outer loop
      vertex -12.7 192.656 -12.9705
      vertex -12.7 193.998 11.6255
      vertex -12.7 193.998 -11.6265
    endloop
  endfacet
  facet normal -1 0 0
    outer loop
      vertex -12.7 192.656 -12.9705
      vertex -12.7 192.656 12.9675
      vertex -12.7 193.998 11.6255
    endloop
  endfacet
  facet normal -1 0 0
    outer loop
      vertex -12.7 190 -16.8125
      vertex -12.7 192.656 -12.9705
      vertex -12.7 192.11 -14.1005
    endloop
  endfacet
  facet normal -1 -0 0
    outer loop
      vertex -12.7 192.656 -12.9705
      vertex -12.7 190 -16.8125
      vertex -12.7 192.656 12.9675
    endloop
  endfacet
  facet normal -1 0 0
    outer loop
      vertex -12.7 357.6 -16.8125
      vertex -12.7 288.8 16.8115
      vertex -12.7 357.6 16.8115
    endloop
  endfacet
  facet normal -1 0 0
    outer loop
      vertex -12.7 220 -16.8125
      vertex -12.7 288.8 16.8115
      vertex -12.7 357.6 -16.8125
    endloop
  endfacet
  facet normal -1 0 0
    outer loop
      vertex -12.7 220 -16.8125
      vertex -12.7 220 16.8115
      vertex -12.7 288.8 16.8115
    endloop
  endfacet
  facet normal -1 0 0
    outer loop
      vertex -12.7 195.342 -12.9705
      vertex -12.7 220 -16.8125
      vertex -12.7 195.886 -14.1005
    endloop
  endfacet
  facet normal -1 0 0
    outer loop
      vertex -12.7 220 -16.8125
      vertex -12.7 195.608 -15.3245
      vertex -12.7 195.886 -14.1005
    endloop
  endfacet
  facet normal -1 0 0
    outer loop
      vertex -12.7 220 -16.8125
      vertex -12.7 194.626 -16.1065
      vertex -12.7 195.608 -15.3245
    endloop
  endfacet
  facet normal -1 0 0
    outer loop
      vertex -12.7 190 -16.8125
      vertex -12.7 194.626 -16.1065
      vertex -12.7 220 -16.8125
    endloop
  endfacet
  facet normal -1 0 0
    outer loop
      vertex -12.7 190 16.8115
      vertex -12.7 192.656 12.9675
      vertex -12.7 190 -16.8125
    endloop
  endfacet
  facet normal -1 -0 0
    outer loop
      vertex -12.7 192.39 -15.3245
      vertex -12.7 190 -16.8125
      vertex -12.7 192.11 -14.1005
    endloop
  endfacet
  facet normal -1 -0 0
    outer loop
      vertex -12.7 193.372 -16.1065
      vertex -12.7 190 -16.8125
      vertex -12.7 192.39 -15.3245
    endloop
  endfacet
  facet normal -1 -0 0
    outer loop
      vertex -12.7 194.626 -16.1065
      vertex -12.7 190 -16.8125
      vertex -12.7 193.372 -16.1065
    endloop
  endfacet
  facet normal -1 0 0
    outer loop
      vertex -12.7 220 -16.8125
      vertex -12.7 195.342 -12.9705
      vertex -12.7 220 16.8115
    endloop
  endfacet
  facet normal -1 0 0
    outer loop
      vertex -12.7 195.608 15.3235
      vertex -12.7 220 16.8115
      vertex -12.7 195.886 14.0995
    endloop
  endfacet
  facet normal -1 0 0
    outer loop
      vertex -12.7 194.626 16.1055
      vertex -12.7 220 16.8115
      vertex -12.7 195.608 15.3235
    endloop
  endfacet
  facet normal -1 0 0
    outer loop
      vertex -12.7 190 16.8115
      vertex -12.7 194.626 16.1055
      vertex -12.7 193.372 16.1055
    endloop
  endfacet
  facet normal -1 0 0
    outer loop
      vertex -12.7 194.626 16.1055
      vertex -12.7 190 16.8115
      vertex -12.7 220 16.8115
    endloop
  endfacet
  facet normal -1 0 0
    outer loop
      vertex -12.7 192.39 15.3235
      vertex -12.7 190 16.8115
      vertex -12.7 193.372 16.1055
    endloop
  endfacet
  facet normal -1 0 0
    outer loop
      vertex -12.7 192.11 14.0995
      vertex -12.7 190 16.8115
      vertex -12.7 192.39 15.3235
    endloop
  endfacet
  facet normal -1 0 0
    outer loop
      vertex -12.7 192.656 12.9675
      vertex -12.7 190 16.8115
      vertex -12.7 192.11 14.0995
    endloop
  endfacet
  facet normal 1 -0 0
    outer loop
      vertex 12.7 195.342 -12.9705
      vertex 12.7 220 -16.8125
      vertex 12.7 195.342 12.9675
    endloop
  endfacet
  facet normal 1 0 0
    outer loop
      vertex 12.7 220 -16.8125
      vertex 12.7 195.342 -12.9705
      vertex 12.7 195.886 -14.1005
    endloop
  endfacet
  facet normal 1 -0 0
    outer loop
      vertex 12.7 193.998 11.6255
      vertex 12.7 195.342 -12.9705
      vertex 12.7 195.342 12.9675
    endloop
  endfacet
  facet normal 1 0 0
    outer loop
      vertex 12.7 193.998 11.6255
      vertex 12.7 193.998 -11.6265
      vertex 12.7 195.342 -12.9705
    endloop
  endfacet
  facet normal 1 0 0
    outer loop
      vertex 12.7 192.656 12.9675
      vertex 12.7 193.998 -11.6265
      vertex 12.7 193.998 11.6255
    endloop
  endfacet
  facet normal 1 0 0
    outer loop
      vertex 12.7 192.656 12.9675
      vertex 12.7 192.656 -12.9705
      vertex 12.7 193.998 -11.6265
    endloop
  endfacet
  facet normal 1 0 0
    outer loop
      vertex 12.7 190 16.8115
      vertex 12.7 192.656 12.9675
      vertex 12.7 192.11 14.0995
    endloop
  endfacet
  facet normal 1 0 0
    outer loop
      vertex 12.7 192.656 12.9675
      vertex 12.7 190 16.8115
      vertex 12.7 192.656 -12.9705
    endloop
  endfacet
  facet normal 1 -0 0
    outer loop
      vertex 12.7 323.2 16.8115
      vertex 12.7 354.404 16.0295
      vertex 12.7 354.404 16.8115
    endloop
  endfacet
  facet normal 1 0 0
    outer loop
      vertex 12.7 354.404 16.0295
      vertex 12.7 323.2 16.8115
      vertex 12.7 354.404 15.9715
    endloop
  endfacet
  facet normal 1 0 0
    outer loop
      vertex 12.7 354.404 15.9715
      vertex 12.7 323.2 16.8115
      vertex 12.7 354.404 15.7575
    endloop
  endfacet
  facet normal 1 0 0
    outer loop
      vertex 12.7 354.404 15.7575
      vertex 12.7 323.2 16.8115
      vertex 12.7 354.404 15.6115
    endloop
  endfacet
  facet normal 1 0 0
    outer loop
      vertex 12.7 354.404 15.6115
      vertex 12.7 323.2 16.8115
      vertex 12.7 354.404 15.0595
    endloop
  endfacet
  facet normal 1 0 0
    outer loop
      vertex 12.7 354.404 15.0595
      vertex 12.7 323.2 16.8115
      vertex 12.7 354.404 14.9875
    endloop
  endfacet
  facet normal 1 0 0
    outer loop
      vertex 12.7 354.404 14.9875
      vertex 12.7 323.2 16.8115
      vertex 12.7 354.404 -1.2965
    endloop
  endfacet
  facet normal 1 0 0
    outer loop
      vertex 12.7 323.2 -16.8125
      vertex 12.7 354.404 -1.2965
      vertex 12.7 323.2 16.8115
    endloop
  endfacet
  facet normal 1 0 0
    outer loop
      vertex 12.7 354.404 -1.2965
      vertex 12.7 323.2 -16.8125
      vertex 12.7 354.404 -15.0725
    endloop
  endfacet
  facet normal 1 0 0
    outer loop
      vertex 12.7 354.404 -15.0725
      vertex 12.7 323.2 -16.8125
      vertex 12.7 354.404 -15.1705
    endloop
  endfacet
  facet normal 1 0 0
    outer loop
      vertex 12.7 354.404 -15.1705
      vertex 12.7 323.2 -16.8125
      vertex 12.7 354.404 -15.2965
    endloop
  endfacet
  facet normal 1 0 0
    outer loop
      vertex 12.7 354.404 -15.2965
      vertex 12.7 323.2 -16.8125
      vertex 12.7 354.404 -15.4365
    endloop
  endfacet
  facet normal 1 0 0
    outer loop
      vertex 12.7 354.404 -15.4365
      vertex 12.7 323.2 -16.8125
      vertex 12.7 354.404 -15.5805
    endloop
  endfacet
  facet normal 1 0 0
    outer loop
      vertex 12.7 354.404 -15.5805
      vertex 12.7 323.2 -16.8125
      vertex 12.7 354.404 -15.8285
    endloop
  endfacet
  facet normal 1 0 0
    outer loop
      vertex 12.7 354.404 -15.8285
      vertex 12.7 323.2 -16.8125
      vertex 12.7 354.404 -15.9705
    endloop
  endfacet
  facet normal 1 0 0
    outer loop
      vertex 12.7 354.404 -15.9705
      vertex 12.7 323.2 -16.8125
      vertex 12.7 354.404 -15.9925
    endloop
  endfacet
  facet normal 1 0 0
    outer loop
      vertex 12.7 354.404 -15.9925
      vertex 12.7 323.2 -16.8125
      vertex 12.7 354.404 -16.8125
    endloop
  endfacet
  facet normal 1 -0 0
    outer loop
      vertex 12.7 288.8 16.8115
      vertex 12.7 323.2 -16.8125
      vertex 12.7 323.2 16.8115
    endloop
  endfacet
  facet normal 1 0 0
    outer loop
      vertex 12.7 288.8 16.8115
      vertex 12.7 288.8 -16.8125
      vertex 12.7 323.2 -16.8125
    endloop
  endfacet
  facet normal 1 -0 0
    outer loop
      vertex 12.7 220 16.8115
      vertex 12.7 288.8 -16.8125
      vertex 12.7 288.8 16.8115
    endloop
  endfacet
  facet normal 1 0 0
    outer loop
      vertex 12.7 220 16.8115
      vertex 12.7 220 -16.8125
      vertex 12.7 288.8 -16.8125
    endloop
  endfacet
  facet normal 1 0 0
    outer loop
      vertex 12.7 195.342 12.9675
      vertex 12.7 220 16.8115
      vertex 12.7 195.886 14.0995
    endloop
  endfacet
  facet normal 1 0 0
    outer loop
      vertex 12.7 220 16.8115
      vertex 12.7 195.608 15.3235
      vertex 12.7 195.886 14.0995
    endloop
  endfacet
  facet normal 1 0 0
    outer loop
      vertex 12.7 220 16.8115
      vertex 12.7 194.626 16.1055
      vertex 12.7 195.608 15.3235
    endloop
  endfacet
  facet normal 1 -0 0
    outer loop
      vertex 12.7 190 16.8115
      vertex 12.7 194.626 16.1055
      vertex 12.7 220 16.8115
    endloop
  endfacet
  facet normal 1 0 0
    outer loop
      vertex 12.7 190 -16.8125
      vertex 12.7 192.656 -12.9705
      vertex 12.7 190 16.8115
    endloop
  endfacet
  facet normal 1 0 0
    outer loop
      vertex 12.7 192.39 15.3235
      vertex 12.7 190 16.8115
      vertex 12.7 192.11 14.0995
    endloop
  endfacet
  facet normal 1 0 0
    outer loop
      vertex 12.7 193.372 16.1055
      vertex 12.7 190 16.8115
      vertex 12.7 192.39 15.3235
    endloop
  endfacet
  facet normal 1 0 0
    outer loop
      vertex 12.7 194.626 16.1055
      vertex 12.7 190 16.8115
      vertex 12.7 193.372 16.1055
    endloop
  endfacet
  facet normal 1 0 0
    outer loop
      vertex 12.7 354.406 15.8795
      vertex 12.7 354.404 15.9715
      vertex 12.7 354.404 15.7575
    endloop
  endfacet
  facet normal 0 0 0
    outer loop
      vertex 12.7 354.406 15.4555
      vertex 12.7 354.406 15.1655
      vertex 12.7 354.406 15.3015
    endloop
  endfacet
  facet normal 1 0 0
    outer loop
      vertex 12.7 354.404 15.6115
      vertex 12.7 354.406 15.1655
      vertex 12.7 354.406 15.4555
    endloop
  endfacet
  facet normal 1 0 0
    outer loop
      vertex 12.7 354.406 15.1655
      vertex 12.7 354.404 15.6115
      vertex 12.7 354.404 15.0595
    endloop
  endfacet
  facet normal 1 0 0
    outer loop
      vertex 12.7 354.404 -15.0725
      vertex 12.7 354.406 -14.4725
      vertex 12.7 354.404 -1.2965
    endloop
  endfacet
  facet normal 1 0 0
    outer loop
      vertex 12.7 354.406 -14.4725
      vertex 12.7 354.404 -15.0725
      vertex 12.7 354.406 -15.0065
    endloop
  endfacet
  facet normal 1 0 0
    outer loop
      vertex 12.7 354.406 -15.7145
      vertex 12.7 354.404 -15.5805
      vertex 12.7 354.404 -15.8285
    endloop
  endfacet
  facet normal 1 0 0
    outer loop
      vertex 12.7 354.406 -15.9165
      vertex 12.7 354.404 -15.8285
      vertex 12.7 354.404 -15.9705
    endloop
  endfacet
  facet normal 1 0 0
    outer loop
      vertex 12.7 220 16.8115
      vertex 12.7 195.342 12.9675
      vertex 12.7 220 -16.8125
    endloop
  endfacet
  facet normal 1 -0 0
    outer loop
      vertex 12.7 195.608 -15.3245
      vertex 12.7 220 -16.8125
      vertex 12.7 195.886 -14.1005
    endloop
  endfacet
  facet normal 1 -0 0
    outer loop
      vertex 12.7 194.626 -16.1065
      vertex 12.7 220 -16.8125
      vertex 12.7 195.608 -15.3245
    endloop
  endfacet
  facet normal 1 0 0
    outer loop
      vertex 12.7 190 -16.8125
      vertex 12.7 194.626 -16.1065
      vertex 12.7 193.372 -16.1065
    endloop
  endfacet
  facet normal 1 0 0
    outer loop
      vertex 12.7 194.626 -16.1065
      vertex 12.7 190 -16.8125
      vertex 12.7 220 -16.8125
    endloop
  endfacet
  facet normal 1 0 0
    outer loop
      vertex 12.7 192.39 -15.3245
      vertex 12.7 190 -16.8125
      vertex 12.7 193.372 -16.1065
    endloop
  endfacet
  facet normal 1 0 0
    outer loop
      vertex 12.7 192.11 -14.1005
      vertex 12.7 190 -16.8125
      vertex 12.7 192.39 -15.3245
    endloop
  endfacet
  facet normal 1 0 0
    outer loop
      vertex 12.7 192.656 -12.9705
      vertex 12.7 190 -16.8125
      vertex 12.7 192.11 -14.1005
    endloop
  endfacet
  facet normal 0.257663 0 -0.966235
    outer loop
      vertex 11.2 190 -18.3125
      vertex 11.95 220 -18.1125
      vertex 11.95 190 -18.1125
    endloop
  endfacet
  facet normal 0.257663 0 -0.966235
    outer loop
      vertex 11.95 220 -18.1125
      vertex 11.2 190 -18.3125
      vertex 11.2 220 -18.3125
    endloop
  endfacet
  facet normal 0 -0.383378 -0.923592
    outer loop
      vertex -7.92 198.218 -18.0925
      vertex 8.448 198.748 -18.3125
      vertex 7.92 198.218 -18.0925
    endloop
  endfacet
  facet normal -0 -0.383378 -0.923592
    outer loop
      vertex 8.448 198.748 -18.3125
      vertex -7.92 198.218 -18.0925
      vertex -8.452 198.748 -18.3125
    endloop
  endfacet
  facet normal 0 -0.830992 -0.556284
    outer loop
      vertex -7.92 198.218 -18.0925
      vertex 7.756 198.056 -17.8505
      vertex -7.758 198.056 -17.8505
    endloop
  endfacet
  facet normal 0 -0.830992 -0.556284
    outer loop
      vertex 7.756 198.056 -17.8505
      vertex -7.92 198.218 -18.0925
      vertex 7.92 198.218 -18.0925
    endloop
  endfacet
  facet normal 0 -0.980318 -0.197425
    outer loop
      vertex -7.758 198.056 -17.8505
      vertex 7.698 197.998 -17.5625
      vertex -7.702 197.998 -17.5625
    endloop
  endfacet
  facet normal 0 -0.980318 -0.197425
    outer loop
      vertex 7.698 197.998 -17.5625
      vertex -7.758 198.056 -17.8505
      vertex 7.756 198.056 -17.8505
    endloop
  endfacet
  facet normal 0.981615 0 -0.19087
    outer loop
      vertex -7.702 197.998 -17.5625
      vertex -7.702 190.75 -17.5625
      vertex -7.758 198.056 -17.8505
    endloop
  endfacet
  facet normal 0.927456 -0.00762829 -0.373854
    outer loop
      vertex -7.758 198.056 -17.8505
      vertex -7.702 190.75 -17.5625
      vertex -7.92 190.22 -18.0925
    endloop
  endfacet
  facet normal 0.830992 0 -0.556284
    outer loop
      vertex -7.92 198.218 -18.0925
      vertex -7.758 198.056 -17.8505
      vertex -7.92 190.22 -18.0925
    endloop
  endfacet
  facet normal 0.557836 0 -0.829951
    outer loop
      vertex -7.92 198.218 -18.0925
      vertex -7.92 190.22 -18.0925
      vertex -8.164 190.056 -18.2565
    endloop
  endfacet
  facet normal 0.388016 0.00691874 -0.921626
    outer loop
      vertex -7.92 198.218 -18.0925
      vertex -8.164 190.056 -18.2565
      vertex -8.452 198.748 -18.3125
    endloop
  endfacet
  facet normal 0.19087 0 -0.981615
    outer loop
      vertex -8.452 198.748 -18.3125
      vertex -8.164 190.056 -18.2565
      vertex -8.452 190 -18.3125
    endloop
  endfacet
  facet normal -0.192155 -0.981365 0
    outer loop
      vertex 8.448 190 -18.3125
      vertex 8.448 190 -9.5645
      vertex 8.162 190.056 -18.2565
    endloop
  endfacet
  facet normal -0.192155 -0.981365 0
    outer loop
      vertex 8.448 190 9.5615
      vertex 8.448 190 18.3115
      vertex 8.162 190.056 18.2555
    endloop
  endfacet
  facet normal -0.390516 -0.92057 0.00691849
    outer loop
      vertex 8.162 190.056 -18.2565
      vertex 8.448 190 -9.5645
      vertex 7.92 190.22 -10.0945
    endloop
  endfacet
  facet normal -0.560999 -0.827816 0
    outer loop
      vertex 8.162 190.056 18.2555
      vertex 7.92 190.22 18.0915
      vertex 7.92 190.22 10.0915
    endloop
  endfacet
  facet normal -0.560999 -0.827816 0
    outer loop
      vertex 8.162 190.056 -18.2565
      vertex 7.92 190.22 -10.0945
      vertex 7.92 190.22 -18.0925
    endloop
  endfacet
  facet normal -0.827816 -0.560999 0
    outer loop
      vertex 7.92 190.22 10.0915
      vertex 7.92 190.22 18.0915
      vertex 7.756 190.462 10.2555
    endloop
  endfacet
  facet normal -0.827816 -0.560999 0
    outer loop
      vertex 7.92 190.22 -18.0925
      vertex 7.92 190.22 -10.0945
      vertex 7.756 190.462 -10.2565
    endloop
  endfacet
  facet normal -0.925024 -0.379833 -0.00762943
    outer loop
      vertex 7.92 190.22 -18.0925
      vertex 7.756 190.462 -10.2565
      vertex 7.698 190.75 -17.5625
    endloop
  endfacet
  facet normal -0.980318 -0.197425 0
    outer loop
      vertex 7.756 190.462 10.2555
      vertex 7.698 190.75 17.5615
      vertex 7.698 190.75 10.3115
    endloop
  endfacet
  facet normal -0.980318 -0.197425 0
    outer loop
      vertex 7.756 190.462 -10.2565
      vertex 7.698 190.75 -10.3145
      vertex 7.698 190.75 -17.5625
    endloop
  endfacet
  facet normal 0.981615 -0.19087 0
    outer loop
      vertex -7.702 190.75 10.3115
      vertex -7.702 190.75 17.5615
      vertex -7.758 190.462 10.2555
    endloop
  endfacet
  facet normal 0.981615 -0.19087 0
    outer loop
      vertex -7.702 190.75 -17.5625
      vertex -7.702 190.75 -10.3145
      vertex -7.758 190.462 -10.2565
    endloop
  endfacet
  facet normal 0.927456 -0.373854 -0.00762829
    outer loop
      vertex -7.702 190.75 -17.5625
      vertex -7.758 190.462 -10.2565
      vertex -7.92 190.22 -18.0925
    endloop
  endfacet
  facet normal 0.830992 -0.556284 0
    outer loop
      vertex -7.758 190.462 10.2555
      vertex -7.92 190.22 18.0915
      vertex -7.92 190.22 10.0915
    endloop
  endfacet
  facet normal 0.830992 -0.556284 0
    outer loop
      vertex -7.758 190.462 -10.2565
      vertex -7.92 190.22 -10.0945
      vertex -7.92 190.22 -18.0925
    endloop
  endfacet
  facet normal 0.557836 -0.829951 0
    outer loop
      vertex -7.92 190.22 10.0915
      vertex -7.92 190.22 18.0915
      vertex -8.164 190.056 18.2555
    endloop
  endfacet
  facet normal 0.557836 -0.829951 0
    outer loop
      vertex -7.92 190.22 -18.0925
      vertex -7.92 190.22 -10.0945
      vertex -8.164 190.056 -18.2565
    endloop
  endfacet
  facet normal 0.388016 -0.921626 0.00691874
    outer loop
      vertex -8.164 190.056 -18.2565
      vertex -7.92 190.22 -10.0945
      vertex -8.452 190 -9.5645
    endloop
  endfacet
  facet normal 0.19087 -0.981615 0
    outer loop
      vertex -8.164 190.056 18.2555
      vertex -8.452 190 18.3115
      vertex -8.452 190 9.5615
    endloop
  endfacet
  facet normal 0.19087 -0.981615 0
    outer loop
      vertex -8.164 190.056 -18.2565
      vertex -8.452 190 -9.5645
      vertex -8.452 190 -18.3125
    endloop
  endfacet
  facet normal 0 -0.923592 -0.383378
    outer loop
      vertex -7.92 190.22 -10.0945
      vertex 8.448 190 -9.5645
      vertex -8.452 190 -9.5645
    endloop
  endfacet
  facet normal 0 -0.923592 -0.383378
    outer loop
      vertex 8.448 190 -9.5645
      vertex -7.92 190.22 -10.0945
      vertex 7.92 190.22 -10.0945
    endloop
  endfacet
  facet normal 0 -0.556284 -0.830992
    outer loop
      vertex 7.92 190.22 -10.0945
      vertex -7.758 190.462 -10.2565
      vertex 7.756 190.462 -10.2565
    endloop
  endfacet
  facet normal 0 -0.556284 -0.830992
    outer loop
      vertex -7.758 190.462 -10.2565
      vertex 7.92 190.22 -10.0945
      vertex -7.92 190.22 -10.0945
    endloop
  endfacet
  facet normal 0 -0.197425 -0.980318
    outer loop
      vertex 7.756 190.462 -10.2565
      vertex -7.702 190.75 -10.3145
      vertex 7.698 190.75 -10.3145
    endloop
  endfacet
  facet normal 0 -0.197425 -0.980318
    outer loop
      vertex -7.702 190.75 -10.3145
      vertex 7.756 190.462 -10.2565
      vertex -7.758 190.462 -10.2565
    endloop
  endfacet
  facet normal -0.192155 -0 -0.981365
    outer loop
      vertex 8.448 198.748 -18.3125
      vertex 8.448 190 -18.3125
      vertex 8.162 190.056 -18.2565
    endloop
  endfacet
  facet normal -0.390516 0.00691849 -0.92057
    outer loop
      vertex 8.448 198.748 -18.3125
      vertex 8.162 190.056 -18.2565
      vertex 7.92 198.218 -18.0925
    endloop
  endfacet
  facet normal -0.560999 -0 -0.827816
    outer loop
      vertex 7.92 198.218 -18.0925
      vertex 8.162 190.056 -18.2565
      vertex 7.92 190.22 -18.0925
    endloop
  endfacet
  facet normal -0.827816 -0 -0.560999
    outer loop
      vertex 7.92 198.218 -18.0925
      vertex 7.92 190.22 -18.0925
      vertex 7.756 198.056 -17.8505
    endloop
  endfacet
  facet normal -0.925024 -0.00762943 -0.379833
    outer loop
      vertex 7.756 198.056 -17.8505
      vertex 7.92 190.22 -18.0925
      vertex 7.698 190.75 -17.5625
    endloop
  endfacet
  facet normal -0.980318 -0 -0.197425
    outer loop
      vertex 7.698 197.998 -17.5625
      vertex 7.756 198.056 -17.8505
      vertex 7.698 190.75 -17.5625
    endloop
  endfacet
  facet normal 0 -1 0
    outer loop
      vertex -12.7 190 16.8115
      vertex -11.2 190 18.3115
      vertex -11.95 190 18.1115
    endloop
  endfacet
  facet normal 0 -1 0
    outer loop
      vertex -12.7 190 16.8115
      vertex -11.95 190 18.1115
      vertex -12.5 190 17.5615
    endloop
  endfacet
  facet normal 0 -1 -0
    outer loop
      vertex -11.2 190 18.3115
      vertex -12.7 190 16.8115
      vertex -8.452 190 18.3115
    endloop
  endfacet
  facet normal 0 -1 0
    outer loop
      vertex -12.7 190 16.8115
      vertex -8.452 190 9.5615
      vertex -8.452 190 18.3115
    endloop
  endfacet
  facet normal 0 -1 0
    outer loop
      vertex -8.452 190 9.5615
      vertex -8.452 190 -9.5645
      vertex 8.448 190 9.5615
    endloop
  endfacet
  facet normal 0 -1 0
    outer loop
      vertex -12.7 190 16.8115
      vertex -8.452 190 -9.5645
      vertex -8.452 190 9.5615
    endloop
  endfacet
  facet normal 0 -1 0
    outer loop
      vertex -12.7 190 -16.8125
      vertex -8.452 190 -9.5645
      vertex -12.7 190 16.8115
    endloop
  endfacet
  facet normal 0 -1 0
    outer loop
      vertex -11.2 190 -18.3125
      vertex -12.7 190 -16.8125
      vertex -12.5 190 -17.5625
    endloop
  endfacet
  facet normal 0 -1 0
    outer loop
      vertex -11.2 190 -18.3125
      vertex -12.5 190 -17.5625
      vertex -11.95 190 -18.1125
    endloop
  endfacet
  facet normal 0 -1 0
    outer loop
      vertex -12.7 190 -16.8125
      vertex -11.2 190 -18.3125
      vertex -8.452 190 -18.3125
    endloop
  endfacet
  facet normal 0 -1 0
    outer loop
      vertex -12.7 190 -16.8125
      vertex -8.452 190 -18.3125
      vertex -8.452 190 -9.5645
    endloop
  endfacet
  facet normal 0 -1 0
    outer loop
      vertex 12.7 190 16.8115
      vertex 11.2 190 18.3115
      vertex 8.448 190 18.3115
    endloop
  endfacet
  facet normal 0 -1 0
    outer loop
      vertex 11.2 190 18.3115
      vertex 12.7 190 16.8115
      vertex 11.95 190 18.1115
    endloop
  endfacet
  facet normal 0 -1 0
    outer loop
      vertex 11.95 190 18.1115
      vertex 12.7 190 16.8115
      vertex 12.498 190 17.5615
    endloop
  endfacet
  facet normal 0 -1 0
    outer loop
      vertex 8.448 190 9.5615
      vertex 12.7 190 16.8115
      vertex 8.448 190 18.3115
    endloop
  endfacet
  facet normal 0 -1 0
    outer loop
      vertex 8.448 190 -9.5645
      vertex 8.448 190 9.5615
      vertex -8.452 190 -9.5645
    endloop
  endfacet
  facet normal 0 -1 0
    outer loop
      vertex 8.448 190 -9.5645
      vertex 12.7 190 16.8115
      vertex 8.448 190 9.5615
    endloop
  endfacet
  facet normal 0 -1 0
    outer loop
      vertex 8.448 190 -9.5645
      vertex 12.7 190 -16.8125
      vertex 12.7 190 16.8115
    endloop
  endfacet
  facet normal 0 -1 0
    outer loop
      vertex 8.448 190 -18.3125
      vertex 12.7 190 -16.8125
      vertex 8.448 190 -9.5645
    endloop
  endfacet
  facet normal 0 -1 0
    outer loop
      vertex 11.2 190 -18.3125
      vertex 12.7 190 -16.8125
      vertex 8.448 190 -18.3125
    endloop
  endfacet
  facet normal 0 -1 0
    outer loop
      vertex 12.7 190 -16.8125
      vertex 11.2 190 -18.3125
      vertex 12.498 190 -17.5625
    endloop
  endfacet
  facet normal 0 -1 0
    outer loop
      vertex 12.498 190 -17.5625
      vertex 11.2 190 -18.3125
      vertex 11.95 190 -18.1125
    endloop
  endfacet
  facet normal 0 -1 0
    outer loop
      vertex -7.702 197.998 10.3115
      vertex 7.698 197.998 17.5615
      vertex -7.702 197.998 17.5615
    endloop
  endfacet
  facet normal 0 -1 -0
    outer loop
      vertex 7.698 197.998 17.5615
      vertex -7.702 197.998 10.3115
      vertex 7.698 197.998 10.3115
    endloop
  endfacet
  facet normal 0 -1 0
    outer loop
      vertex -7.702 197.998 -17.5625
      vertex 7.698 197.998 -10.3145
      vertex -7.702 197.998 -10.3145
    endloop
  endfacet
  facet normal 0 -1 -0
    outer loop
      vertex 7.698 197.998 -10.3145
      vertex -7.702 197.998 -17.5625
      vertex 7.698 197.998 -17.5625
    endloop
  endfacet
  facet normal -1 0 0
    outer loop
      vertex 7.698 197.998 10.3115
      vertex 7.698 195.066 14.1915
      vertex 7.698 197.998 17.5615
    endloop
  endfacet
  facet normal -1 0 0
    outer loop
      vertex 7.698 197.998 10.3115
      vertex 7.698 194.758 13.5515
      vertex 7.698 195.066 14.1915
    endloop
  endfacet
  facet normal -1 0 0
    outer loop
      vertex 7.698 197.998 10.3115
      vertex 7.698 193.998 12.7915
      vertex 7.698 194.758 13.5515
    endloop
  endfacet
  facet normal -1 -0 0
    outer loop
      vertex 7.698 193.238 13.5515
      vertex 7.698 190.75 10.3115
      vertex 7.698 192.932 14.1915
    endloop
  endfacet
  facet normal -1 -0 0
    outer loop
      vertex 7.698 193.998 12.7915
      vertex 7.698 190.75 10.3115
      vertex 7.698 193.238 13.5515
    endloop
  endfacet
  facet normal -1 0 0
    outer loop
      vertex 7.698 190.75 10.3115
      vertex 7.698 193.998 12.7915
      vertex 7.698 197.998 10.3115
    endloop
  endfacet
  facet normal -1 0 0
    outer loop
      vertex 7.698 194.908 14.8835
      vertex 7.698 197.998 17.5615
      vertex 7.698 195.066 14.1915
    endloop
  endfacet
  facet normal -1 0 0
    outer loop
      vertex 7.698 194.354 15.3275
      vertex 7.698 197.998 17.5615
      vertex 7.698 194.908 14.8835
    endloop
  endfacet
  facet normal -1 0 0
    outer loop
      vertex 7.698 190.75 17.5615
      vertex 7.698 194.354 15.3275
      vertex 7.698 193.644 15.3275
    endloop
  endfacet
  facet normal -1 0 0
    outer loop
      vertex 7.698 190.75 17.5615
      vertex 7.698 192.932 14.1915
      vertex 7.698 190.75 10.3115
    endloop
  endfacet
  facet normal -1 0 0
    outer loop
      vertex 7.698 194.354 15.3275
      vertex 7.698 190.75 17.5615
      vertex 7.698 197.998 17.5615
    endloop
  endfacet
  facet normal -1 0 0
    outer loop
      vertex 7.698 193.088 14.8835
      vertex 7.698 190.75 17.5615
      vertex 7.698 193.644 15.3275
    endloop
  endfacet
  facet normal -1 0 0
    outer loop
      vertex 7.698 192.932 14.1915
      vertex 7.698 190.75 17.5615
      vertex 7.698 193.088 14.8835
    endloop
  endfacet
  facet normal -1 0 0
    outer loop
      vertex 7.698 197.998 -17.5625
      vertex 7.698 195.066 -14.1925
      vertex 7.698 197.998 -10.3145
    endloop
  endfacet
  facet normal -1 0 0
    outer loop
      vertex 7.698 197.998 -17.5625
      vertex 7.698 194.908 -14.8845
      vertex 7.698 195.066 -14.1925
    endloop
  endfacet
  facet normal -1 0 0
    outer loop
      vertex 7.698 197.998 -17.5625
      vertex 7.698 194.354 -15.3285
      vertex 7.698 194.908 -14.8845
    endloop
  endfacet
  facet normal -1 0 0
    outer loop
      vertex 7.698 190.75 -17.5625
      vertex 7.698 194.354 -15.3285
      vertex 7.698 197.998 -17.5625
    endloop
  endfacet
  facet normal -1 -0 0
    outer loop
      vertex 7.698 193.088 -14.8845
      vertex 7.698 190.75 -17.5625
      vertex 7.698 192.932 -14.1925
    endloop
  endfacet
  facet normal -1 -0 0
    outer loop
      vertex 7.698 193.644 -15.3285
      vertex 7.698 190.75 -17.5625
      vertex 7.698 193.088 -14.8845
    endloop
  endfacet
  facet normal -1 -0 0
    outer loop
      vertex 7.698 194.354 -15.3285
      vertex 7.698 190.75 -17.5625
      vertex 7.698 193.644 -15.3285
    endloop
  endfacet
  facet normal -1 0 0
    outer loop
      vertex 7.698 194.758 -13.5545
      vertex 7.698 197.998 -10.3145
      vertex 7.698 195.066 -14.1925
    endloop
  endfacet
  facet normal -1 0 0
    outer loop
      vertex 7.698 193.998 -12.7945
      vertex 7.698 197.998 -10.3145
      vertex 7.698 194.758 -13.5545
    endloop
  endfacet
  facet normal -1 0 0
    outer loop
      vertex 7.698 190.75 -10.3145
      vertex 7.698 192.932 -14.1925
      vertex 7.698 190.75 -17.5625
    endloop
  endfacet
  facet normal -1 0 0
    outer loop
      vertex 7.698 193.998 -12.7945
      vertex 7.698 190.75 -10.3145
      vertex 7.698 197.998 -10.3145
    endloop
  endfacet
  facet normal -1 0 0
    outer loop
      vertex 7.698 193.238 -13.5545
      vertex 7.698 190.75 -10.3145
      vertex 7.698 193.998 -12.7945
    endloop
  endfacet
  facet normal -1 0 0
    outer loop
      vertex 7.698 192.932 -14.1925
      vertex 7.698 190.75 -10.3145
      vertex 7.698 193.238 -13.5545
    endloop
  endfacet
  facet normal 0.19087 0 0.981615
    outer loop
      vertex -8.164 190.056 18.2555
      vertex -8.452 198.748 18.3115
      vertex -8.452 190 18.3115
    endloop
  endfacet
  facet normal 0.388016 0.00691874 0.921626
    outer loop
      vertex -8.164 190.056 18.2555
      vertex -7.92 198.218 18.0915
      vertex -8.452 198.748 18.3115
    endloop
  endfacet
  facet normal 0.557836 -0 0.829951
    outer loop
      vertex -7.92 190.22 18.0915
      vertex -7.92 198.218 18.0915
      vertex -8.164 190.056 18.2555
    endloop
  endfacet
  facet normal 0.830992 0 0.556284
    outer loop
      vertex -7.758 198.056 17.8495
      vertex -7.92 198.218 18.0915
      vertex -7.92 190.22 18.0915
    endloop
  endfacet
  facet normal 0.927456 -0.00762829 0.373854
    outer loop
      vertex -7.702 190.75 17.5615
      vertex -7.758 198.056 17.8495
      vertex -7.92 190.22 18.0915
    endloop
  endfacet
  facet normal 0.981615 -0 0.19087
    outer loop
      vertex -7.702 190.75 17.5615
      vertex -7.702 197.998 17.5615
      vertex -7.758 198.056 17.8495
    endloop
  endfacet
  facet normal 0.388015 -0.921627 -0.00691709
    outer loop
      vertex -7.92 190.22 10.0915
      vertex -8.164 190.056 18.2555
      vertex -8.452 190 9.5615
    endloop
  endfacet
  facet normal 0.927456 -0.373854 0.00762829
    outer loop
      vertex -7.758 190.462 10.2555
      vertex -7.702 190.75 17.5615
      vertex -7.92 190.22 18.0915
    endloop
  endfacet
  facet normal 0 -0.980318 0.197425
    outer loop
      vertex -7.702 197.998 17.5615
      vertex 7.756 198.056 17.8495
      vertex -7.758 198.056 17.8495
    endloop
  endfacet
  facet normal 0 -0.980318 0.197425
    outer loop
      vertex 7.756 198.056 17.8495
      vertex -7.702 197.998 17.5615
      vertex 7.698 197.998 17.5615
    endloop
  endfacet
  facet normal 0 -0.830992 0.556284
    outer loop
      vertex -7.758 198.056 17.8495
      vertex 7.92 198.218 18.0915
      vertex -7.92 198.218 18.0915
    endloop
  endfacet
  facet normal 0 -0.830992 0.556284
    outer loop
      vertex 7.92 198.218 18.0915
      vertex -7.758 198.056 17.8495
      vertex 7.756 198.056 17.8495
    endloop
  endfacet
  facet normal 0 -0.383378 0.923592
    outer loop
      vertex 8.448 198.748 18.3115
      vertex -7.92 198.218 18.0915
      vertex 7.92 198.218 18.0915
    endloop
  endfacet
  facet normal 0 -0.383378 0.923592
    outer loop
      vertex -7.92 198.218 18.0915
      vertex 8.448 198.748 18.3115
      vertex -8.452 198.748 18.3115
    endloop
  endfacet
  facet normal -0.980318 0 0.197425
    outer loop
      vertex 7.756 198.056 17.8495
      vertex 7.698 197.998 17.5615
      vertex 7.698 190.75 17.5615
    endloop
  endfacet
  facet normal -0.925024 -0.00762943 0.379833
    outer loop
      vertex 7.92 190.22 18.0915
      vertex 7.756 198.056 17.8495
      vertex 7.698 190.75 17.5615
    endloop
  endfacet
  facet normal -0.827816 0 0.560999
    outer loop
      vertex 7.92 190.22 18.0915
      vertex 7.92 198.218 18.0915
      vertex 7.756 198.056 17.8495
    endloop
  endfacet
  facet normal -0.560999 0 0.827816
    outer loop
      vertex 8.162 190.056 18.2555
      vertex 7.92 198.218 18.0915
      vertex 7.92 190.22 18.0915
    endloop
  endfacet
  facet normal -0.390516 0.00691849 0.92057
    outer loop
      vertex 8.162 190.056 18.2555
      vertex 8.448 198.748 18.3115
      vertex 7.92 198.218 18.0915
    endloop
  endfacet
  facet normal -0.192155 0 0.981365
    outer loop
      vertex 8.448 190 18.3115
      vertex 8.448 198.748 18.3115
      vertex 8.162 190.056 18.2555
    endloop
  endfacet
  facet normal -0.390514 -0.920571 -0.00691685
    outer loop
      vertex 8.448 190 9.5615
      vertex 8.162 190.056 18.2555
      vertex 7.92 190.22 10.0915
    endloop
  endfacet
  facet normal -0.925024 -0.379833 0.00762943
    outer loop
      vertex 7.756 190.462 10.2555
      vertex 7.92 190.22 18.0915
      vertex 7.698 190.75 17.5615
    endloop
  endfacet
  facet normal 0 -0.923592 0.383378
    outer loop
      vertex -8.452 190 9.5615
      vertex 7.92 190.22 10.0915
      vertex -7.92 190.22 10.0915
    endloop
  endfacet
  facet normal 0 -0.923592 0.383378
    outer loop
      vertex 7.92 190.22 10.0915
      vertex -8.452 190 9.5615
      vertex 8.448 190 9.5615
    endloop
  endfacet
  facet normal 0 -0.560999 0.827816
    outer loop
      vertex -7.758 190.462 10.2555
      vertex 7.92 190.22 10.0915
      vertex 7.756 190.462 10.2555
    endloop
  endfacet
  facet normal 0 -0.560999 0.827816
    outer loop
      vertex 7.92 190.22 10.0915
      vertex -7.758 190.462 10.2555
      vertex -7.92 190.22 10.0915
    endloop
  endfacet
  facet normal 0 -0.19087 0.981615
    outer loop
      vertex -7.702 190.75 10.3115
      vertex 7.756 190.462 10.2555
      vertex 7.698 190.75 10.3115
    endloop
  endfacet
  facet normal 0 -0.19087 0.981615
    outer loop
      vertex 7.756 190.462 10.2555
      vertex -7.702 190.75 10.3115
      vertex -7.758 190.462 10.2555
    endloop
  endfacet
  facet normal 0 0 -1
    outer loop
      vertex -8.452 190 -18.3125
      vertex -11.2 190 -18.3125
      vertex -8.452 198.748 -18.3125
    endloop
  endfacet
  facet normal 0 0 -1
    outer loop
      vertex 8.448 198.748 -18.3125
      vertex 11.2 220 -18.3125
      vertex 11.2 190 -18.3125
    endloop
  endfacet
  facet normal 0 0 -1
    outer loop
      vertex -11.2 220 -18.3125
      vertex 11.2 220 -18.3125
      vertex 8.448 198.748 -18.3125
    endloop
  endfacet
  facet normal 0 0 -1
    outer loop
      vertex 8.448 198.748 -18.3125
      vertex 11.2 190 -18.3125
      vertex 8.448 190 -18.3125
    endloop
  endfacet
  facet normal 0 0 -1
    outer loop
      vertex 11.2 220 -18.3125
      vertex -11.2 220 -18.3125
      vertex 11.2 288.8 -18.3125
    endloop
  endfacet
  facet normal 0 0 -1
    outer loop
      vertex -11.2 220 -18.3125
      vertex 8.448 198.748 -18.3125
      vertex -8.452 198.748 -18.3125
    endloop
  endfacet
  facet normal 0 0 -1
    outer loop
      vertex -11.2 220 -18.3125
      vertex -8.452 198.748 -18.3125
      vertex -11.2 190 -18.3125
    endloop
  endfacet
  facet normal -0 0 -1
    outer loop
      vertex 11.2 288.8 -18.3125
      vertex -11.2 220 -18.3125
      vertex -11.2 288.8 -18.3125
    endloop
  endfacet
  facet normal 0 0 -1
    outer loop
      vertex 11.2 288.8 -18.3125
      vertex -11.2 288.8 -18.3125
      vertex 11.2 357.6 -18.3125
    endloop
  endfacet
  facet normal -0 0 -1
    outer loop
      vertex 11.2 357.6 -18.3125
      vertex -11.2 288.8 -18.3125
      vertex -11.2 357.6 -18.3125
    endloop
  endfacet
  facet normal -0.707107 0 -0.707107
    outer loop
      vertex -12.5 190 -17.5625
      vertex -11.95 220 -18.1125
      vertex -11.95 190 -18.1125
    endloop
  endfacet
  facet normal -0.707107 0 -0.707107
    outer loop
      vertex -11.95 220 -18.1125
      vertex -12.5 190 -17.5625
      vertex -12.5 220 -17.5625
    endloop
  endfacet
  facet normal 0.965591 0 -0.260066
    outer loop
      vertex 12.7 190 -16.8125
      vertex 12.498 220 -17.5625
      vertex 12.7 220 -16.8125
    endloop
  endfacet
  facet normal 0.965591 0 -0.260066
    outer loop
      vertex 12.498 220 -17.5625
      vertex 12.7 190 -16.8125
      vertex 12.498 190 -17.5625
    endloop
  endfacet
  facet normal 0 0.707633 -0.70658
    outer loop
      vertex 12.7 192.656 -12.9705
      vertex 10.6 193.998 -11.6265
      vertex 12.7 193.998 -11.6265
    endloop
  endfacet
  facet normal 0 0.707633 -0.70658
    outer loop
      vertex 10.6 193.998 -11.6265
      vertex 12.7 192.656 -12.9705
      vertex 10.6 192.656 -12.9705
    endloop
  endfacet
  facet normal 0 0.707633 -0.70658
    outer loop
      vertex -10.6 192.656 -12.9705
      vertex -12.7 193.998 -11.6265
      vertex -10.6 193.998 -11.6265
    endloop
  endfacet
  facet normal 0 0.707633 -0.70658
    outer loop
      vertex -12.7 193.998 -11.6265
      vertex -10.6 192.656 -12.9705
      vertex -12.7 192.656 -12.9705
    endloop
  endfacet
  facet normal 0 -0.707107 -0.707107
    outer loop
      vertex 10.6 195.342 -12.9705
      vertex 12.7 193.998 -11.6265
      vertex 10.6 193.998 -11.6265
    endloop
  endfacet
  facet normal 0 -0.707107 -0.707107
    outer loop
      vertex 12.7 193.998 -11.6265
      vertex 10.6 195.342 -12.9705
      vertex 12.7 195.342 -12.9705
    endloop
  endfacet
  facet normal 0 -0.707107 -0.707107
    outer loop
      vertex -12.7 195.342 -12.9705
      vertex -10.6 193.998 -11.6265
      vertex -12.7 193.998 -11.6265
    endloop
  endfacet
  facet normal 0 -0.707107 -0.707107
    outer loop
      vertex -10.6 193.998 -11.6265
      vertex -12.7 195.342 -12.9705
      vertex -10.6 195.342 -12.9705
    endloop
  endfacet
  facet normal 0 0.900401 -0.435061
    outer loop
      vertex 12.7 192.11 -14.1005
      vertex 10.6 192.656 -12.9705
      vertex 12.7 192.656 -12.9705
    endloop
  endfacet
  facet normal 0 0.900401 -0.435061
    outer loop
      vertex 10.6 192.656 -12.9705
      vertex 12.7 192.11 -14.1005
      vertex 10.6 192.11 -14.1005
    endloop
  endfacet
  facet normal 0 0.900401 -0.435061
    outer loop
      vertex -10.6 192.11 -14.1005
      vertex -12.7 192.656 -12.9705
      vertex -10.6 192.656 -12.9705
    endloop
  endfacet
  facet normal 0 0.900401 -0.435061
    outer loop
      vertex -12.7 192.656 -12.9705
      vertex -10.6 192.11 -14.1005
      vertex -12.7 192.11 -14.1005
    endloop
  endfacet
  facet normal 0 0.974819 0.222998
    outer loop
      vertex 12.7 192.39 -15.3245
      vertex 10.6 192.11 -14.1005
      vertex 12.7 192.11 -14.1005
    endloop
  endfacet
  facet normal 0 0.974819 0.222998
    outer loop
      vertex 10.6 192.11 -14.1005
      vertex 12.7 192.39 -15.3245
      vertex 10.6 192.39 -15.3245
    endloop
  endfacet
  facet normal 0 0.974819 0.222998
    outer loop
      vertex -10.6 192.39 -15.3245
      vertex -12.7 192.11 -14.1005
      vertex -10.6 192.11 -14.1005
    endloop
  endfacet
  facet normal 0 0.974819 0.222998
    outer loop
      vertex -12.7 192.11 -14.1005
      vertex -10.6 192.39 -15.3245
      vertex -12.7 192.39 -15.3245
    endloop
  endfacet
  facet normal -0 0.622945 0.782266
    outer loop
      vertex 10.6 193.372 -16.1065
      vertex 12.7 192.39 -15.3245
      vertex 12.7 193.372 -16.1065
    endloop
  endfacet
  facet normal 0 0.622945 0.782266
    outer loop
      vertex 12.7 192.39 -15.3245
      vertex 10.6 193.372 -16.1065
      vertex 10.6 192.39 -15.3245
    endloop
  endfacet
  facet normal -0 0.622945 0.782266
    outer loop
      vertex -12.7 193.372 -16.1065
      vertex -10.6 192.39 -15.3245
      vertex -10.6 193.372 -16.1065
    endloop
  endfacet
  facet normal 0 0.622945 0.782266
    outer loop
      vertex -10.6 192.39 -15.3245
      vertex -12.7 193.372 -16.1065
      vertex -12.7 192.39 -15.3245
    endloop
  endfacet
  facet normal -0 0 1
    outer loop
      vertex 10.6 194.626 -16.1065
      vertex 12.7 193.372 -16.1065
      vertex 12.7 194.626 -16.1065
    endloop
  endfacet
  facet normal 0 0 1
    outer loop
      vertex 12.7 193.372 -16.1065
      vertex 10.6 194.626 -16.1065
      vertex 10.6 193.372 -16.1065
    endloop
  endfacet
  facet normal -0 0 1
    outer loop
      vertex -12.7 194.626 -16.1065
      vertex -10.6 193.372 -16.1065
      vertex -10.6 194.626 -16.1065
    endloop
  endfacet
  facet normal 0 0 1
    outer loop
      vertex -10.6 193.372 -16.1065
      vertex -12.7 194.626 -16.1065
      vertex -12.7 193.372 -16.1065
    endloop
  endfacet
  facet normal 0 -0.622945 0.782266
    outer loop
      vertex 10.6 195.608 -15.3245
      vertex 12.7 194.626 -16.1065
      vertex 12.7 195.608 -15.3245
    endloop
  endfacet
  facet normal 0 -0.622945 0.782266
    outer loop
      vertex 12.7 194.626 -16.1065
      vertex 10.6 195.608 -15.3245
      vertex 10.6 194.626 -16.1065
    endloop
  endfacet
  facet normal 0 -0.622945 0.782266
    outer loop
      vertex -12.7 195.608 -15.3245
      vertex -10.6 194.626 -16.1065
      vertex -10.6 195.608 -15.3245
    endloop
  endfacet
  facet normal 0 -0.622945 0.782266
    outer loop
      vertex -10.6 194.626 -16.1065
      vertex -12.7 195.608 -15.3245
      vertex -12.7 194.626 -16.1065
    endloop
  endfacet
  facet normal 0 -0.975164 0.221483
    outer loop
      vertex 10.6 195.608 -15.3245
      vertex 12.7 195.886 -14.1005
      vertex 10.6 195.886 -14.1005
    endloop
  endfacet
  facet normal 0 -0.975164 0.221483
    outer loop
      vertex 12.7 195.886 -14.1005
      vertex 10.6 195.608 -15.3245
      vertex 12.7 195.608 -15.3245
    endloop
  endfacet
  facet normal 0 -0.975164 0.221483
    outer loop
      vertex -12.7 195.608 -15.3245
      vertex -10.6 195.886 -14.1005
      vertex -12.7 195.886 -14.1005
    endloop
  endfacet
  facet normal 0 -0.975164 0.221483
    outer loop
      vertex -10.6 195.886 -14.1005
      vertex -12.7 195.608 -15.3245
      vertex -10.6 195.608 -15.3245
    endloop
  endfacet
  facet normal 0 -0.901025 -0.433768
    outer loop
      vertex 10.6 195.886 -14.1005
      vertex 12.7 195.342 -12.9705
      vertex 10.6 195.342 -12.9705
    endloop
  endfacet
  facet normal 0 -0.901025 -0.433768
    outer loop
      vertex 12.7 195.342 -12.9705
      vertex 10.6 195.886 -14.1005
      vertex 12.7 195.886 -14.1005
    endloop
  endfacet
  facet normal 0 -0.901025 -0.433768
    outer loop
      vertex -12.7 195.886 -14.1005
      vertex -10.6 195.342 -12.9705
      vertex -12.7 195.342 -12.9705
    endloop
  endfacet
  facet normal 0 -0.901025 -0.433768
    outer loop
      vertex -10.6 195.342 -12.9705
      vertex -12.7 195.886 -14.1005
      vertex -10.6 195.886 -14.1005
    endloop
  endfacet
  facet normal -1 0 0
    outer loop
      vertex -10.6 195.342 12.9675
      vertex -10.6 194.758 13.5515
      vertex -10.6 195.066 14.1915
    endloop
  endfacet
  facet normal -1 0 0
    outer loop
      vertex -10.6 193.998 12.7915
      vertex -10.6 195.342 12.9675
      vertex -10.6 193.998 11.6255
    endloop
  endfacet
  facet normal -1 -0 0
    outer loop
      vertex -10.6 195.342 12.9675
      vertex -10.6 193.998 12.7915
      vertex -10.6 194.758 13.5515
    endloop
  endfacet
  facet normal -1 0 0
    outer loop
      vertex -10.6 192.656 12.9675
      vertex -10.6 193.998 12.7915
      vertex -10.6 193.998 11.6255
    endloop
  endfacet
  facet normal -1 0 0
    outer loop
      vertex -10.6 193.998 12.7915
      vertex -10.6 192.656 12.9675
      vertex -10.6 193.238 13.5515
    endloop
  endfacet
  facet normal -1 -0 0
    outer loop
      vertex -10.6 193.238 13.5515
      vertex -10.6 192.656 12.9675
      vertex -10.6 192.932 14.1915
    endloop
  endfacet
  facet normal -1 0 0
    outer loop
      vertex -10.6 195.066 14.1915
      vertex -10.6 195.886 14.0995
      vertex -10.6 195.342 12.9675
    endloop
  endfacet
  facet normal -1 0 0
    outer loop
      vertex -10.6 195.886 14.0995
      vertex -10.6 195.066 14.1915
      vertex -10.6 195.608 15.3235
    endloop
  endfacet
  facet normal -1 0 0
    outer loop
      vertex -10.6 194.908 14.8835
      vertex -10.6 195.608 15.3235
      vertex -10.6 195.066 14.1915
    endloop
  endfacet
  facet normal -1 0 0
    outer loop
      vertex -10.6 194.908 14.8835
      vertex -10.6 194.626 16.1055
      vertex -10.6 195.608 15.3235
    endloop
  endfacet
  facet normal -1 0 0
    outer loop
      vertex -10.6 194.354 15.3275
      vertex -10.6 194.626 16.1055
      vertex -10.6 194.908 14.8835
    endloop
  endfacet
  facet normal -1 0 0
    outer loop
      vertex -10.6 193.644 15.3275
      vertex -10.6 194.626 16.1055
      vertex -10.6 194.354 15.3275
    endloop
  endfacet
  facet normal -1 0 0
    outer loop
      vertex -10.6 193.644 15.3275
      vertex -10.6 193.372 16.1055
      vertex -10.6 194.626 16.1055
    endloop
  endfacet
  facet normal -1 0 0
    outer loop
      vertex -10.6 193.088 14.8835
      vertex -10.6 193.372 16.1055
      vertex -10.6 193.644 15.3275
    endloop
  endfacet
  facet normal -1 0 0
    outer loop
      vertex -10.6 192.11 14.0995
      vertex -10.6 192.932 14.1915
      vertex -10.6 192.656 12.9675
    endloop
  endfacet
  facet normal -1 0 0
    outer loop
      vertex -10.6 193.088 14.8835
      vertex -10.6 192.39 15.3235
      vertex -10.6 193.372 16.1055
    endloop
  endfacet
  facet normal -1 -0 0
    outer loop
      vertex -10.6 192.932 14.1915
      vertex -10.6 192.11 14.0995
      vertex -10.6 193.088 14.8835
    endloop
  endfacet
  facet normal -1 -0 0
    outer loop
      vertex -10.6 193.088 14.8835
      vertex -10.6 192.11 14.0995
      vertex -10.6 192.39 15.3235
    endloop
  endfacet
  facet normal -1 0 0
    outer loop
      vertex -10.6 195.066 -14.1925
      vertex -10.6 195.886 -14.1005
      vertex -10.6 195.608 -15.3245
    endloop
  endfacet
  facet normal -1 -0 0
    outer loop
      vertex -10.6 195.886 -14.1005
      vertex -10.6 195.066 -14.1925
      vertex -10.6 195.342 -12.9705
    endloop
  endfacet
  facet normal -1 0 0
    outer loop
      vertex -10.6 195.608 -15.3245
      vertex -10.6 194.908 -14.8845
      vertex -10.6 195.066 -14.1925
    endloop
  endfacet
  facet normal -1 0 0
    outer loop
      vertex -10.6 194.626 -16.1065
      vertex -10.6 194.908 -14.8845
      vertex -10.6 195.608 -15.3245
    endloop
  endfacet
  facet normal -1 0 0
    outer loop
      vertex -10.6 194.626 -16.1065
      vertex -10.6 194.354 -15.3285
      vertex -10.6 194.908 -14.8845
    endloop
  endfacet
  facet normal -1 0 0
    outer loop
      vertex -10.6 194.626 -16.1065
      vertex -10.6 193.644 -15.3285
      vertex -10.6 194.354 -15.3285
    endloop
  endfacet
  facet normal -1 0 0
    outer loop
      vertex -10.6 193.372 -16.1065
      vertex -10.6 193.644 -15.3285
      vertex -10.6 194.626 -16.1065
    endloop
  endfacet
  facet normal -1 0 0
    outer loop
      vertex -10.6 193.372 -16.1065
      vertex -10.6 193.088 -14.8845
      vertex -10.6 193.644 -15.3285
    endloop
  endfacet
  facet normal -1 0 0
    outer loop
      vertex -10.6 192.11 -14.1005
      vertex -10.6 192.932 -14.1925
      vertex -10.6 193.088 -14.8845
    endloop
  endfacet
  facet normal -1 0 0
    outer loop
      vertex -10.6 192.39 -15.3245
      vertex -10.6 193.088 -14.8845
      vertex -10.6 193.372 -16.1065
    endloop
  endfacet
  facet normal -1 0 0
    outer loop
      vertex -10.6 192.11 -14.1005
      vertex -10.6 193.088 -14.8845
      vertex -10.6 192.39 -15.3245
    endloop
  endfacet
  facet normal -1 0 0
    outer loop
      vertex -10.6 192.932 -14.1925
      vertex -10.6 192.11 -14.1005
      vertex -10.6 192.656 -12.9705
    endloop
  endfacet
  facet normal -1 0 0
    outer loop
      vertex -10.6 194.758 -13.5545
      vertex -10.6 195.342 -12.9705
      vertex -10.6 195.066 -14.1925
    endloop
  endfacet
  facet normal -1 0 0
    outer loop
      vertex -10.6 193.998 -12.7945
      vertex -10.6 195.342 -12.9705
      vertex -10.6 194.758 -13.5545
    endloop
  endfacet
  facet normal -1 0 0
    outer loop
      vertex -10.6 193.998 -12.7945
      vertex -10.6 193.998 -11.6265
      vertex -10.6 195.342 -12.9705
    endloop
  endfacet
  facet normal -1 0 0
    outer loop
      vertex -10.6 192.656 -12.9705
      vertex -10.6 193.998 -12.7945
      vertex -10.6 193.238 -13.5545
    endloop
  endfacet
  facet normal -1 0 0
    outer loop
      vertex -10.6 192.656 -12.9705
      vertex -10.6 193.238 -13.5545
      vertex -10.6 192.932 -14.1925
    endloop
  endfacet
  facet normal -1 -0 0
    outer loop
      vertex -10.6 193.998 -12.7945
      vertex -10.6 192.656 -12.9705
      vertex -10.6 193.998 -11.6265
    endloop
  endfacet
  facet normal 0 0.707107 -0.707107
    outer loop
      vertex 10.6 193.238 -13.5545
      vertex 7.698 193.998 -12.7945
      vertex 10.6 193.998 -12.7945
    endloop
  endfacet
  facet normal 0 0.707107 -0.707107
    outer loop
      vertex 7.698 193.998 -12.7945
      vertex 10.6 193.238 -13.5545
      vertex 7.698 193.238 -13.5545
    endloop
  endfacet
  facet normal 0 0.707107 -0.707107
    outer loop
      vertex -7.702 193.238 -13.5545
      vertex -10.6 193.998 -12.7945
      vertex -7.702 193.998 -12.7945
    endloop
  endfacet
  facet normal 0 0.707107 -0.707107
    outer loop
      vertex -10.6 193.998 -12.7945
      vertex -7.702 193.238 -13.5545
      vertex -10.6 193.238 -13.5545
    endloop
  endfacet
  facet normal 1 -0 0
    outer loop
      vertex 10.6 195.066 14.1915
      vertex 10.6 195.886 14.0995
      vertex 10.6 195.608 15.3235
    endloop
  endfacet
  facet normal 1 0 0
    outer loop
      vertex 10.6 195.886 14.0995
      vertex 10.6 195.066 14.1915
      vertex 10.6 195.342 12.9675
    endloop
  endfacet
  facet normal 1 0 0
    outer loop
      vertex 10.6 195.608 15.3235
      vertex 10.6 194.908 14.8835
      vertex 10.6 195.066 14.1915
    endloop
  endfacet
  facet normal 1 0 0
    outer loop
      vertex 10.6 194.626 16.1055
      vertex 10.6 194.908 14.8835
      vertex 10.6 195.608 15.3235
    endloop
  endfacet
  facet normal 1 0 0
    outer loop
      vertex 10.6 194.626 16.1055
      vertex 10.6 194.354 15.3275
      vertex 10.6 194.908 14.8835
    endloop
  endfacet
  facet normal 1 0 0
    outer loop
      vertex 10.6 194.626 16.1055
      vertex 10.6 193.644 15.3275
      vertex 10.6 194.354 15.3275
    endloop
  endfacet
  facet normal 1 -0 0
    outer loop
      vertex 10.6 193.372 16.1055
      vertex 10.6 193.644 15.3275
      vertex 10.6 194.626 16.1055
    endloop
  endfacet
  facet normal 1 0 0
    outer loop
      vertex 10.6 193.372 16.1055
      vertex 10.6 193.088 14.8835
      vertex 10.6 193.644 15.3275
    endloop
  endfacet
  facet normal 1 0 0
    outer loop
      vertex 10.6 192.11 14.0995
      vertex 10.6 192.932 14.1915
      vertex 10.6 193.088 14.8835
    endloop
  endfacet
  facet normal 1 -0 0
    outer loop
      vertex 10.6 192.39 15.3235
      vertex 10.6 193.088 14.8835
      vertex 10.6 193.372 16.1055
    endloop
  endfacet
  facet normal 1 0 0
    outer loop
      vertex 10.6 192.11 14.0995
      vertex 10.6 193.088 14.8835
      vertex 10.6 192.39 15.3235
    endloop
  endfacet
  facet normal 1 0 0
    outer loop
      vertex 10.6 192.932 14.1915
      vertex 10.6 192.11 14.0995
      vertex 10.6 192.656 12.9675
    endloop
  endfacet
  facet normal 1 -0 0
    outer loop
      vertex 10.6 194.758 13.5515
      vertex 10.6 195.342 12.9675
      vertex 10.6 195.066 14.1915
    endloop
  endfacet
  facet normal 1 0 0
    outer loop
      vertex 10.6 193.998 12.7915
      vertex 10.6 195.342 12.9675
      vertex 10.6 194.758 13.5515
    endloop
  endfacet
  facet normal 1 -0 0
    outer loop
      vertex 10.6 193.998 12.7915
      vertex 10.6 193.998 11.6255
      vertex 10.6 195.342 12.9675
    endloop
  endfacet
  facet normal 1 -0 0
    outer loop
      vertex 10.6 192.656 12.9675
      vertex 10.6 193.998 12.7915
      vertex 10.6 193.238 13.5515
    endloop
  endfacet
  facet normal 1 0 0
    outer loop
      vertex 10.6 192.656 12.9675
      vertex 10.6 193.238 13.5515
      vertex 10.6 192.932 14.1915
    endloop
  endfacet
  facet normal 1 0 0
    outer loop
      vertex 10.6 193.998 12.7915
      vertex 10.6 192.656 12.9675
      vertex 10.6 193.998 11.6255
    endloop
  endfacet
  facet normal 1 0 0
    outer loop
      vertex 10.6 195.342 -12.9705
      vertex 10.6 194.758 -13.5545
      vertex 10.6 195.066 -14.1925
    endloop
  endfacet
  facet normal 1 -0 0
    outer loop
      vertex 10.6 193.998 -12.7945
      vertex 10.6 195.342 -12.9705
      vertex 10.6 193.998 -11.6265
    endloop
  endfacet
  facet normal 1 0 0
    outer loop
      vertex 10.6 195.342 -12.9705
      vertex 10.6 193.998 -12.7945
      vertex 10.6 194.758 -13.5545
    endloop
  endfacet
  facet normal 1 0 0
    outer loop
      vertex 10.6 192.656 -12.9705
      vertex 10.6 193.998 -12.7945
      vertex 10.6 193.998 -11.6265
    endloop
  endfacet
  facet normal 1 0 0
    outer loop
      vertex 10.6 193.998 -12.7945
      vertex 10.6 192.656 -12.9705
      vertex 10.6 193.238 -13.5545
    endloop
  endfacet
  facet normal 1 0 0
    outer loop
      vertex 10.6 193.238 -13.5545
      vertex 10.6 192.656 -12.9705
      vertex 10.6 192.932 -14.1925
    endloop
  endfacet
  facet normal 1 0 0
    outer loop
      vertex 10.6 195.066 -14.1925
      vertex 10.6 195.886 -14.1005
      vertex 10.6 195.342 -12.9705
    endloop
  endfacet
  facet normal 1 0 0
    outer loop
      vertex 10.6 195.886 -14.1005
      vertex 10.6 195.066 -14.1925
      vertex 10.6 195.608 -15.3245
    endloop
  endfacet
  facet normal 1 -0 0
    outer loop
      vertex 10.6 194.908 -14.8845
      vertex 10.6 195.608 -15.3245
      vertex 10.6 195.066 -14.1925
    endloop
  endfacet
  facet normal 1 0 0
    outer loop
      vertex 10.6 194.908 -14.8845
      vertex 10.6 194.626 -16.1065
      vertex 10.6 195.608 -15.3245
    endloop
  endfacet
  facet normal 1 -0 0
    outer loop
      vertex 10.6 194.354 -15.3285
      vertex 10.6 194.626 -16.1065
      vertex 10.6 194.908 -14.8845
    endloop
  endfacet
  facet normal 1 -0 0
    outer loop
      vertex 10.6 193.644 -15.3285
      vertex 10.6 194.626 -16.1065
      vertex 10.6 194.354 -15.3285
    endloop
  endfacet
  facet normal 1 0 0
    outer loop
      vertex 10.6 193.644 -15.3285
      vertex 10.6 193.372 -16.1065
      vertex 10.6 194.626 -16.1065
    endloop
  endfacet
  facet normal 1 0 0
    outer loop
      vertex 10.6 193.088 -14.8845
      vertex 10.6 193.372 -16.1065
      vertex 10.6 193.644 -15.3285
    endloop
  endfacet
  facet normal 1 -0 0
    outer loop
      vertex 10.6 192.11 -14.1005
      vertex 10.6 192.932 -14.1925
      vertex 10.6 192.656 -12.9705
    endloop
  endfacet
  facet normal 1 0 0
    outer loop
      vertex 10.6 193.088 -14.8845
      vertex 10.6 192.39 -15.3245
      vertex 10.6 193.372 -16.1065
    endloop
  endfacet
  facet normal 1 0 0
    outer loop
      vertex 10.6 192.932 -14.1925
      vertex 10.6 192.11 -14.1005
      vertex 10.6 193.088 -14.8845
    endloop
  endfacet
  facet normal 1 0 0
    outer loop
      vertex 10.6 193.088 -14.8845
      vertex 10.6 192.11 -14.1005
      vertex 10.6 192.39 -15.3245
    endloop
  endfacet
  facet normal 0 -0.707107 -0.707107
    outer loop
      vertex -10.6 194.758 -13.5545
      vertex -7.702 193.998 -12.7945
      vertex -10.6 193.998 -12.7945
    endloop
  endfacet
  facet normal 0 -0.707107 -0.707107
    outer loop
      vertex -7.702 193.998 -12.7945
      vertex -10.6 194.758 -13.5545
      vertex -7.702 194.758 -13.5545
    endloop
  endfacet
  facet normal 0 -0.707107 -0.707107
    outer loop
      vertex 7.698 194.758 -13.5545
      vertex 10.6 193.998 -12.7945
      vertex 7.698 193.998 -12.7945
    endloop
  endfacet
  facet normal 0 -0.707107 -0.707107
    outer loop
      vertex 10.6 193.998 -12.7945
      vertex 7.698 194.758 -13.5545
      vertex 10.6 194.758 -13.5545
    endloop
  endfacet
  facet normal 0 0.901655 -0.432455
    outer loop
      vertex -7.702 192.932 -14.1925
      vertex -10.6 193.238 -13.5545
      vertex -7.702 193.238 -13.5545
    endloop
  endfacet
  facet normal 0 0.901655 -0.432455
    outer loop
      vertex -10.6 193.238 -13.5545
      vertex -7.702 192.932 -14.1925
      vertex -10.6 192.932 -14.1925
    endloop
  endfacet
  facet normal 0 0.901655 -0.432455
    outer loop
      vertex 10.6 192.932 -14.1925
      vertex 7.698 193.238 -13.5545
      vertex 10.6 193.238 -13.5545
    endloop
  endfacet
  facet normal 0 0.901655 -0.432455
    outer loop
      vertex 7.698 193.238 -13.5545
      vertex 10.6 192.932 -14.1925
      vertex 7.698 192.932 -14.1925
    endloop
  endfacet
  facet normal 0 0.975519 0.219915
    outer loop
      vertex -7.702 193.088 -14.8845
      vertex -10.6 192.932 -14.1925
      vertex -7.702 192.932 -14.1925
    endloop
  endfacet
  facet normal 0 0.975519 0.219915
    outer loop
      vertex -10.6 192.932 -14.1925
      vertex -7.702 193.088 -14.8845
      vertex -10.6 193.088 -14.8845
    endloop
  endfacet
  facet normal 0 0.975519 0.219915
    outer loop
      vertex 10.6 193.088 -14.8845
      vertex 7.698 192.932 -14.1925
      vertex 10.6 192.932 -14.1925
    endloop
  endfacet
  facet normal 0 0.975519 0.219915
    outer loop
      vertex 7.698 192.932 -14.1925
      vertex 10.6 193.088 -14.8845
      vertex 7.698 193.088 -14.8845
    endloop
  endfacet
  facet normal -0 0.624009 0.781417
    outer loop
      vertex -10.6 193.644 -15.3285
      vertex -7.702 193.088 -14.8845
      vertex -7.702 193.644 -15.3285
    endloop
  endfacet
  facet normal 0 0.624009 0.781417
    outer loop
      vertex -7.702 193.088 -14.8845
      vertex -10.6 193.644 -15.3285
      vertex -10.6 193.088 -14.8845
    endloop
  endfacet
  facet normal -0 0.624009 0.781417
    outer loop
      vertex 7.698 193.644 -15.3285
      vertex 10.6 193.088 -14.8845
      vertex 10.6 193.644 -15.3285
    endloop
  endfacet
  facet normal 0 0.624009 0.781417
    outer loop
      vertex 10.6 193.088 -14.8845
      vertex 7.698 193.644 -15.3285
      vertex 7.698 193.088 -14.8845
    endloop
  endfacet
  facet normal -0 0 1
    outer loop
      vertex -10.6 194.354 -15.3285
      vertex -7.702 193.644 -15.3285
      vertex -7.702 194.354 -15.3285
    endloop
  endfacet
  facet normal 0 0 1
    outer loop
      vertex -7.702 193.644 -15.3285
      vertex -10.6 194.354 -15.3285
      vertex -10.6 193.644 -15.3285
    endloop
  endfacet
  facet normal -0 0 1
    outer loop
      vertex 7.698 194.354 -15.3285
      vertex 10.6 193.644 -15.3285
      vertex 10.6 194.354 -15.3285
    endloop
  endfacet
  facet normal 0 0 1
    outer loop
      vertex 10.6 193.644 -15.3285
      vertex 7.698 194.354 -15.3285
      vertex 7.698 193.644 -15.3285
    endloop
  endfacet
  facet normal 0 -0.625382 0.780319
    outer loop
      vertex -10.6 194.908 -14.8845
      vertex -7.702 194.354 -15.3285
      vertex -7.702 194.908 -14.8845
    endloop
  endfacet
  facet normal 0 -0.625382 0.780319
    outer loop
      vertex -7.702 194.354 -15.3285
      vertex -10.6 194.908 -14.8845
      vertex -10.6 194.354 -15.3285
    endloop
  endfacet
  facet normal 0 -0.625382 0.780319
    outer loop
      vertex 7.698 194.908 -14.8845
      vertex 10.6 194.354 -15.3285
      vertex 10.6 194.908 -14.8845
    endloop
  endfacet
  facet normal 0 -0.625382 0.780319
    outer loop
      vertex 10.6 194.354 -15.3285
      vertex 7.698 194.908 -14.8845
      vertex 7.698 194.354 -15.3285
    endloop
  endfacet
  facet normal 0 -0.974911 0.222595
    outer loop
      vertex -10.6 194.908 -14.8845
      vertex -7.702 195.066 -14.1925
      vertex -10.6 195.066 -14.1925
    endloop
  endfacet
  facet normal 0 -0.974911 0.222595
    outer loop
      vertex -7.702 195.066 -14.1925
      vertex -10.6 194.908 -14.8845
      vertex -7.702 194.908 -14.8845
    endloop
  endfacet
  facet normal 0 -0.974911 0.222595
    outer loop
      vertex 7.698 194.908 -14.8845
      vertex 10.6 195.066 -14.1925
      vertex 7.698 195.066 -14.1925
    endloop
  endfacet
  facet normal 0 -0.974911 0.222595
    outer loop
      vertex 10.6 195.066 -14.1925
      vertex 7.698 194.908 -14.8845
      vertex 10.6 194.908 -14.8845
    endloop
  endfacet
  facet normal 0 -0.900552 -0.434749
    outer loop
      vertex -10.6 195.066 -14.1925
      vertex -7.702 194.758 -13.5545
      vertex -10.6 194.758 -13.5545
    endloop
  endfacet
  facet normal 0 -0.900552 -0.434749
    outer loop
      vertex -7.702 194.758 -13.5545
      vertex -10.6 195.066 -14.1925
      vertex -7.702 195.066 -14.1925
    endloop
  endfacet
  facet normal 0 -0.900552 -0.434749
    outer loop
      vertex 7.698 195.066 -14.1925
      vertex 10.6 194.758 -13.5545
      vertex 7.698 194.758 -13.5545
    endloop
  endfacet
  facet normal 0 -0.900552 -0.434749
    outer loop
      vertex 10.6 194.758 -13.5545
      vertex 7.698 195.066 -14.1925
      vertex 10.6 195.066 -14.1925
    endloop
  endfacet
  facet normal 1 0 0
    outer loop
      vertex -7.702 197.998 17.5615
      vertex -7.702 195.066 14.1915
      vertex -7.702 197.998 10.3115
    endloop
  endfacet
  facet normal 1 0 0
    outer loop
      vertex -7.702 197.998 17.5615
      vertex -7.702 194.908 14.8835
      vertex -7.702 195.066 14.1915
    endloop
  endfacet
  facet normal 1 0 0
    outer loop
      vertex -7.702 197.998 17.5615
      vertex -7.702 194.354 15.3275
      vertex -7.702 194.908 14.8835
    endloop
  endfacet
  facet normal 1 -0 0
    outer loop
      vertex -7.702 190.75 17.5615
      vertex -7.702 194.354 15.3275
      vertex -7.702 197.998 17.5615
    endloop
  endfacet
  facet normal 1 0 0
    outer loop
      vertex -7.702 193.088 14.8835
      vertex -7.702 190.75 17.5615
      vertex -7.702 192.932 14.1915
    endloop
  endfacet
  facet normal 1 0 0
    outer loop
      vertex -7.702 193.644 15.3275
      vertex -7.702 190.75 17.5615
      vertex -7.702 193.088 14.8835
    endloop
  endfacet
  facet normal 1 0 0
    outer loop
      vertex -7.702 194.354 15.3275
      vertex -7.702 190.75 17.5615
      vertex -7.702 193.644 15.3275
    endloop
  endfacet
  facet normal 1 -0 0
    outer loop
      vertex -7.702 194.758 13.5515
      vertex -7.702 197.998 10.3115
      vertex -7.702 195.066 14.1915
    endloop
  endfacet
  facet normal 1 -0 0
    outer loop
      vertex -7.702 193.998 12.7915
      vertex -7.702 197.998 10.3115
      vertex -7.702 194.758 13.5515
    endloop
  endfacet
  facet normal 1 0 0
    outer loop
      vertex -7.702 190.75 10.3115
      vertex -7.702 192.932 14.1915
      vertex -7.702 190.75 17.5615
    endloop
  endfacet
  facet normal 1 0 0
    outer loop
      vertex -7.702 193.998 12.7915
      vertex -7.702 190.75 10.3115
      vertex -7.702 197.998 10.3115
    endloop
  endfacet
  facet normal 1 0 0
    outer loop
      vertex -7.702 193.238 13.5515
      vertex -7.702 190.75 10.3115
      vertex -7.702 193.998 12.7915
    endloop
  endfacet
  facet normal 1 0 0
    outer loop
      vertex -7.702 192.932 14.1915
      vertex -7.702 190.75 10.3115
      vertex -7.702 193.238 13.5515
    endloop
  endfacet
  facet normal 1 0 0
    outer loop
      vertex -7.702 197.998 -10.3145
      vertex -7.702 195.066 -14.1925
      vertex -7.702 197.998 -17.5625
    endloop
  endfacet
  facet normal 1 0 0
    outer loop
      vertex -7.702 197.998 -10.3145
      vertex -7.702 194.758 -13.5545
      vertex -7.702 195.066 -14.1925
    endloop
  endfacet
  facet normal 1 0 0
    outer loop
      vertex -7.702 197.998 -10.3145
      vertex -7.702 193.998 -12.7945
      vertex -7.702 194.758 -13.5545
    endloop
  endfacet
  facet normal 1 0 0
    outer loop
      vertex -7.702 193.238 -13.5545
      vertex -7.702 190.75 -10.3145
      vertex -7.702 192.932 -14.1925
    endloop
  endfacet
  facet normal 1 0 0
    outer loop
      vertex -7.702 193.998 -12.7945
      vertex -7.702 190.75 -10.3145
      vertex -7.702 193.238 -13.5545
    endloop
  endfacet
  facet normal 1 -0 0
    outer loop
      vertex -7.702 190.75 -10.3145
      vertex -7.702 193.998 -12.7945
      vertex -7.702 197.998 -10.3145
    endloop
  endfacet
  facet normal 1 -0 0
    outer loop
      vertex -7.702 194.908 -14.8845
      vertex -7.702 197.998 -17.5625
      vertex -7.702 195.066 -14.1925
    endloop
  endfacet
  facet normal 1 -0 0
    outer loop
      vertex -7.702 194.354 -15.3285
      vertex -7.702 197.998 -17.5625
      vertex -7.702 194.908 -14.8845
    endloop
  endfacet
  facet normal 1 0 0
    outer loop
      vertex -7.702 190.75 -17.5625
      vertex -7.702 194.354 -15.3285
      vertex -7.702 193.644 -15.3285
    endloop
  endfacet
  facet normal 1 0 0
    outer loop
      vertex -7.702 190.75 -17.5625
      vertex -7.702 192.932 -14.1925
      vertex -7.702 190.75 -10.3145
    endloop
  endfacet
  facet normal 1 0 0
    outer loop
      vertex -7.702 194.354 -15.3285
      vertex -7.702 190.75 -17.5625
      vertex -7.702 197.998 -17.5625
    endloop
  endfacet
  facet normal 1 0 0
    outer loop
      vertex -7.702 193.088 -14.8845
      vertex -7.702 190.75 -17.5625
      vertex -7.702 193.644 -15.3285
    endloop
  endfacet
  facet normal 1 0 0
    outer loop
      vertex -7.702 192.932 -14.1925
      vertex -7.702 190.75 -17.5625
      vertex -7.702 193.088 -14.8845
    endloop
  endfacet
  facet normal 0 0 -1
    outer loop
      vertex -7.702 190.75 -10.3145
      vertex 7.698 197.998 -10.3145
      vertex 7.698 190.75 -10.3145
    endloop
  endfacet
  facet normal -0 0 -1
    outer loop
      vertex 7.698 197.998 -10.3145
      vertex -7.702 190.75 -10.3145
      vertex -7.702 197.998 -10.3145
    endloop
  endfacet
  facet normal 0 0.707107 0.707107
    outer loop
      vertex 12.7 193.998 11.6255
      vertex 10.6 192.656 12.9675
      vertex 12.7 192.656 12.9675
    endloop
  endfacet
  facet normal 0 0.707107 0.707107
    outer loop
      vertex 10.6 192.656 12.9675
      vertex 12.7 193.998 11.6255
      vertex 10.6 193.998 11.6255
    endloop
  endfacet
  facet normal 0 0.707107 0.707107
    outer loop
      vertex -10.6 193.998 11.6255
      vertex -12.7 192.656 12.9675
      vertex -10.6 192.656 12.9675
    endloop
  endfacet
  facet normal 0 0.707107 0.707107
    outer loop
      vertex -12.7 192.656 12.9675
      vertex -10.6 193.998 11.6255
      vertex -12.7 193.998 11.6255
    endloop
  endfacet
  facet normal 0 -0.70658 0.707633
    outer loop
      vertex 10.6 195.342 12.9675
      vertex 12.7 193.998 11.6255
      vertex 12.7 195.342 12.9675
    endloop
  endfacet
  facet normal 0 -0.70658 0.707633
    outer loop
      vertex 12.7 193.998 11.6255
      vertex 10.6 195.342 12.9675
      vertex 10.6 193.998 11.6255
    endloop
  endfacet
  facet normal 0 -0.70658 0.707633
    outer loop
      vertex -12.7 195.342 12.9675
      vertex -10.6 193.998 11.6255
      vertex -10.6 195.342 12.9675
    endloop
  endfacet
  facet normal 0 -0.70658 0.707633
    outer loop
      vertex -10.6 193.998 11.6255
      vertex -12.7 195.342 12.9675
      vertex -12.7 193.998 11.6255
    endloop
  endfacet
  facet normal 0 -0.901324 0.433145
    outer loop
      vertex 10.6 195.342 12.9675
      vertex 12.7 195.886 14.0995
      vertex 10.6 195.886 14.0995
    endloop
  endfacet
  facet normal 0 -0.901324 0.433145
    outer loop
      vertex 12.7 195.886 14.0995
      vertex 10.6 195.342 12.9675
      vertex 12.7 195.342 12.9675
    endloop
  endfacet
  facet normal 0 -0.901324 0.433145
    outer loop
      vertex -12.7 195.342 12.9675
      vertex -10.6 195.886 14.0995
      vertex -12.7 195.886 14.0995
    endloop
  endfacet
  facet normal 0 -0.901324 0.433145
    outer loop
      vertex -10.6 195.886 14.0995
      vertex -12.7 195.342 12.9675
      vertex -10.6 195.342 12.9675
    endloop
  endfacet
  facet normal 0 -0.975164 -0.221483
    outer loop
      vertex 10.6 195.886 14.0995
      vertex 12.7 195.608 15.3235
      vertex 10.6 195.608 15.3235
    endloop
  endfacet
  facet normal 0 -0.975164 -0.221483
    outer loop
      vertex 12.7 195.608 15.3235
      vertex 10.6 195.886 14.0995
      vertex 12.7 195.886 14.0995
    endloop
  endfacet
  facet normal 0 -0.975164 -0.221483
    outer loop
      vertex -12.7 195.886 14.0995
      vertex -10.6 195.608 15.3235
      vertex -12.7 195.608 15.3235
    endloop
  endfacet
  facet normal 0 -0.975164 -0.221483
    outer loop
      vertex -10.6 195.608 15.3235
      vertex -12.7 195.886 14.0995
      vertex -10.6 195.886 14.0995
    endloop
  endfacet
  facet normal 0 -0.622945 -0.782266
    outer loop
      vertex 10.6 194.626 16.1055
      vertex 12.7 195.608 15.3235
      vertex 12.7 194.626 16.1055
    endloop
  endfacet
  facet normal -0 -0.622945 -0.782266
    outer loop
      vertex 12.7 195.608 15.3235
      vertex 10.6 194.626 16.1055
      vertex 10.6 195.608 15.3235
    endloop
  endfacet
  facet normal 0 -0.622945 -0.782266
    outer loop
      vertex -12.7 194.626 16.1055
      vertex -10.6 195.608 15.3235
      vertex -10.6 194.626 16.1055
    endloop
  endfacet
  facet normal -0 -0.622945 -0.782266
    outer loop
      vertex -10.6 195.608 15.3235
      vertex -12.7 194.626 16.1055
      vertex -12.7 195.608 15.3235
    endloop
  endfacet
  facet normal 0 0 -1
    outer loop
      vertex 10.6 193.372 16.1055
      vertex 12.7 194.626 16.1055
      vertex 12.7 193.372 16.1055
    endloop
  endfacet
  facet normal -0 0 -1
    outer loop
      vertex 12.7 194.626 16.1055
      vertex 10.6 193.372 16.1055
      vertex 10.6 194.626 16.1055
    endloop
  endfacet
  facet normal 0 0 -1
    outer loop
      vertex -12.7 193.372 16.1055
      vertex -10.6 194.626 16.1055
      vertex -10.6 193.372 16.1055
    endloop
  endfacet
  facet normal -0 0 -1
    outer loop
      vertex -10.6 194.626 16.1055
      vertex -12.7 193.372 16.1055
      vertex -12.7 194.626 16.1055
    endloop
  endfacet
  facet normal 0 0.622945 -0.782266
    outer loop
      vertex 10.6 192.39 15.3235
      vertex 12.7 193.372 16.1055
      vertex 12.7 192.39 15.3235
    endloop
  endfacet
  facet normal 0 0.622945 -0.782266
    outer loop
      vertex 12.7 193.372 16.1055
      vertex 10.6 192.39 15.3235
      vertex 10.6 193.372 16.1055
    endloop
  endfacet
  facet normal 0 0.622945 -0.782266
    outer loop
      vertex -12.7 192.39 15.3235
      vertex -10.6 193.372 16.1055
      vertex -10.6 192.39 15.3235
    endloop
  endfacet
  facet normal 0 0.622945 -0.782266
    outer loop
      vertex -10.6 193.372 16.1055
      vertex -12.7 192.39 15.3235
      vertex -12.7 193.372 16.1055
    endloop
  endfacet
  facet normal 0 0.974819 -0.222998
    outer loop
      vertex 12.7 192.11 14.0995
      vertex 10.6 192.39 15.3235
      vertex 12.7 192.39 15.3235
    endloop
  endfacet
  facet normal 0 0.974819 -0.222998
    outer loop
      vertex 10.6 192.39 15.3235
      vertex 12.7 192.11 14.0995
      vertex 10.6 192.11 14.0995
    endloop
  endfacet
  facet normal 0 0.974819 -0.222998
    outer loop
      vertex -10.6 192.11 14.0995
      vertex -12.7 192.39 15.3235
      vertex -10.6 192.39 15.3235
    endloop
  endfacet
  facet normal 0 0.974819 -0.222998
    outer loop
      vertex -12.7 192.39 15.3235
      vertex -10.6 192.11 14.0995
      vertex -12.7 192.11 14.0995
    endloop
  endfacet
  facet normal 0 0.900702 0.434438
    outer loop
      vertex 12.7 192.656 12.9675
      vertex 10.6 192.11 14.0995
      vertex 12.7 192.11 14.0995
    endloop
  endfacet
  facet normal 0 0.900702 0.434438
    outer loop
      vertex 10.6 192.11 14.0995
      vertex 12.7 192.656 12.9675
      vertex 10.6 192.656 12.9675
    endloop
  endfacet
  facet normal 0 0.900702 0.434438
    outer loop
      vertex -10.6 192.656 12.9675
      vertex -12.7 192.11 14.0995
      vertex -10.6 192.11 14.0995
    endloop
  endfacet
  facet normal 0 0.900702 0.434438
    outer loop
      vertex -12.7 192.11 14.0995
      vertex -10.6 192.656 12.9675
      vertex -12.7 192.656 12.9675
    endloop
  endfacet
  facet normal 0 -0.707107 0.707107
    outer loop
      vertex 7.698 193.998 12.7915
      vertex 10.6 194.758 13.5515
      vertex 7.698 194.758 13.5515
    endloop
  endfacet
  facet normal 0 -0.707107 0.707107
    outer loop
      vertex 10.6 194.758 13.5515
      vertex 7.698 193.998 12.7915
      vertex 10.6 193.998 12.7915
    endloop
  endfacet
  facet normal 0 -0.707107 0.707107
    outer loop
      vertex -10.6 193.998 12.7915
      vertex -7.702 194.758 13.5515
      vertex -10.6 194.758 13.5515
    endloop
  endfacet
  facet normal 0 -0.707107 0.707107
    outer loop
      vertex -7.702 194.758 13.5515
      vertex -10.6 193.998 12.7915
      vertex -7.702 193.998 12.7915
    endloop
  endfacet
  facet normal 0 -0.901083 0.433646
    outer loop
      vertex -10.6 194.758 13.5515
      vertex -7.702 195.066 14.1915
      vertex -10.6 195.066 14.1915
    endloop
  endfacet
  facet normal 0 -0.901083 0.433646
    outer loop
      vertex -7.702 195.066 14.1915
      vertex -10.6 194.758 13.5515
      vertex -7.702 194.758 13.5515
    endloop
  endfacet
  facet normal 0 -0.901083 0.433646
    outer loop
      vertex 7.698 194.758 13.5515
      vertex 10.6 195.066 14.1915
      vertex 7.698 195.066 14.1915
    endloop
  endfacet
  facet normal 0 -0.901083 0.433646
    outer loop
      vertex 10.6 195.066 14.1915
      vertex 7.698 194.758 13.5515
      vertex 10.6 194.758 13.5515
    endloop
  endfacet
  facet normal 0 -0.974911 -0.222595
    outer loop
      vertex -10.6 195.066 14.1915
      vertex -7.702 194.908 14.8835
      vertex -10.6 194.908 14.8835
    endloop
  endfacet
  facet normal 0 -0.974911 -0.222595
    outer loop
      vertex -7.702 194.908 14.8835
      vertex -10.6 195.066 14.1915
      vertex -7.702 195.066 14.1915
    endloop
  endfacet
  facet normal 0 -0.974911 -0.222595
    outer loop
      vertex 7.698 195.066 14.1915
      vertex 10.6 194.908 14.8835
      vertex 7.698 194.908 14.8835
    endloop
  endfacet
  facet normal 0 -0.974911 -0.222595
    outer loop
      vertex 10.6 194.908 14.8835
      vertex 7.698 195.066 14.1915
      vertex 10.6 195.066 14.1915
    endloop
  endfacet
  facet normal 0 -0.625382 -0.780319
    outer loop
      vertex -10.6 194.354 15.3275
      vertex -7.702 194.908 14.8835
      vertex -7.702 194.354 15.3275
    endloop
  endfacet
  facet normal -0 -0.625382 -0.780319
    outer loop
      vertex -7.702 194.908 14.8835
      vertex -10.6 194.354 15.3275
      vertex -10.6 194.908 14.8835
    endloop
  endfacet
  facet normal 0 -0.625382 -0.780319
    outer loop
      vertex 7.698 194.354 15.3275
      vertex 10.6 194.908 14.8835
      vertex 10.6 194.354 15.3275
    endloop
  endfacet
  facet normal -0 -0.625382 -0.780319
    outer loop
      vertex 10.6 194.908 14.8835
      vertex 7.698 194.354 15.3275
      vertex 7.698 194.908 14.8835
    endloop
  endfacet
  facet normal 0 0 -1
    outer loop
      vertex -10.6 193.644 15.3275
      vertex -7.702 194.354 15.3275
      vertex -7.702 193.644 15.3275
    endloop
  endfacet
  facet normal -0 0 -1
    outer loop
      vertex -7.702 194.354 15.3275
      vertex -10.6 193.644 15.3275
      vertex -10.6 194.354 15.3275
    endloop
  endfacet
  facet normal 0 0 -1
    outer loop
      vertex 7.698 193.644 15.3275
      vertex 10.6 194.354 15.3275
      vertex 10.6 193.644 15.3275
    endloop
  endfacet
  facet normal -0 0 -1
    outer loop
      vertex 10.6 194.354 15.3275
      vertex 7.698 193.644 15.3275
      vertex 7.698 194.354 15.3275
    endloop
  endfacet
  facet normal 0 0.624009 -0.781417
    outer loop
      vertex -10.6 193.088 14.8835
      vertex -7.702 193.644 15.3275
      vertex -7.702 193.088 14.8835
    endloop
  endfacet
  facet normal 0 0.624009 -0.781417
    outer loop
      vertex -7.702 193.644 15.3275
      vertex -10.6 193.088 14.8835
      vertex -10.6 193.644 15.3275
    endloop
  endfacet
  facet normal 0 0.624009 -0.781417
    outer loop
      vertex 7.698 193.088 14.8835
      vertex 10.6 193.644 15.3275
      vertex 10.6 193.088 14.8835
    endloop
  endfacet
  facet normal 0 0.624009 -0.781417
    outer loop
      vertex 10.6 193.644 15.3275
      vertex 7.698 193.088 14.8835
      vertex 7.698 193.644 15.3275
    endloop
  endfacet
  facet normal 0 0.975519 -0.219915
    outer loop
      vertex -7.702 192.932 14.1915
      vertex -10.6 193.088 14.8835
      vertex -7.702 193.088 14.8835
    endloop
  endfacet
  facet normal 0 0.975519 -0.219915
    outer loop
      vertex -10.6 193.088 14.8835
      vertex -7.702 192.932 14.1915
      vertex -10.6 192.932 14.1915
    endloop
  endfacet
  facet normal 0 0.975519 -0.219915
    outer loop
      vertex 10.6 192.932 14.1915
      vertex 7.698 193.088 14.8835
      vertex 10.6 193.088 14.8835
    endloop
  endfacet
  facet normal 0 0.975519 -0.219915
    outer loop
      vertex 7.698 193.088 14.8835
      vertex 10.6 192.932 14.1915
      vertex 7.698 192.932 14.1915
    endloop
  endfacet
  facet normal 0 0.902182 0.431356
    outer loop
      vertex -7.702 193.238 13.5515
      vertex -10.6 192.932 14.1915
      vertex -7.702 192.932 14.1915
    endloop
  endfacet
  facet normal 0 0.902182 0.431356
    outer loop
      vertex -10.6 192.932 14.1915
      vertex -7.702 193.238 13.5515
      vertex -10.6 193.238 13.5515
    endloop
  endfacet
  facet normal 0 0.902182 0.431356
    outer loop
      vertex 10.6 193.238 13.5515
      vertex 7.698 192.932 14.1915
      vertex 10.6 192.932 14.1915
    endloop
  endfacet
  facet normal 0 0.902182 0.431356
    outer loop
      vertex 7.698 192.932 14.1915
      vertex 10.6 193.238 13.5515
      vertex 7.698 193.238 13.5515
    endloop
  endfacet
  facet normal 0 0.707107 0.707107
    outer loop
      vertex -7.702 193.998 12.7915
      vertex -10.6 193.238 13.5515
      vertex -7.702 193.238 13.5515
    endloop
  endfacet
  facet normal 0 0.707107 0.707107
    outer loop
      vertex -10.6 193.238 13.5515
      vertex -7.702 193.998 12.7915
      vertex -10.6 193.998 12.7915
    endloop
  endfacet
  facet normal 0 0.707107 0.707107
    outer loop
      vertex 10.6 193.998 12.7915
      vertex 7.698 193.238 13.5515
      vertex 10.6 193.238 13.5515
    endloop
  endfacet
  facet normal 0 0.707107 0.707107
    outer loop
      vertex 7.698 193.238 13.5515
      vertex 10.6 193.998 12.7915
      vertex 7.698 193.998 12.7915
    endloop
  endfacet
  facet normal -0 0 1
    outer loop
      vertex -7.702 197.998 10.3115
      vertex 7.698 190.75 10.3115
      vertex 7.698 197.998 10.3115
    endloop
  endfacet
  facet normal 0 0 1
    outer loop
      vertex 7.698 190.75 10.3115
      vertex -7.702 197.998 10.3115
      vertex -7.702 190.75 10.3115
    endloop
  endfacet
  facet normal -0.966235 0 -0.257663
    outer loop
      vertex -12.5 190 -17.5625
      vertex -12.7 220 -16.8125
      vertex -12.5 220 -17.5625
    endloop
  endfacet
  facet normal -0.966235 -0 -0.257663
    outer loop
      vertex -12.7 220 -16.8125
      vertex -12.5 190 -17.5625
      vertex -12.7 190 -16.8125
    endloop
  endfacet
  facet normal 0.708394 0 -0.705818
    outer loop
      vertex 12.498 190 -17.5625
      vertex 11.95 220 -18.1125
      vertex 12.498 220 -17.5625
    endloop
  endfacet
  facet normal 0.708394 0 -0.705818
    outer loop
      vertex 11.95 220 -18.1125
      vertex 12.498 190 -17.5625
      vertex 11.95 190 -18.1125
    endloop
  endfacet
  facet normal -0.257663 0 -0.966235
    outer loop
      vertex -11.95 190 -18.1125
      vertex -11.2 220 -18.3125
      vertex -11.2 190 -18.3125
    endloop
  endfacet
  facet normal -0.257663 0 -0.966235
    outer loop
      vertex -11.2 220 -18.3125
      vertex -11.95 190 -18.1125
      vertex -11.95 220 -18.1125
    endloop
  endfacet
  facet normal 0 1 0
    outer loop
      vertex 12.514 357.6 -17.5005
      vertex 12.498 357.6 -17.5625
      vertex 12.452 357.6 -17.5005
    endloop
  endfacet
  facet normal 0 1 0
    outer loop
      vertex 12.452 357.6 17.4995
      vertex 11.2 357.6 18.3115
      vertex 11.95 357.6 18.1115
    endloop
  endfacet
  facet normal 0 1 -0
    outer loop
      vertex 12.452 357.6 14.6415
      vertex 11.2 357.6 18.3115
      vertex 12.452 357.6 14.8075
    endloop
  endfacet
  facet normal 0 1 -0
    outer loop
      vertex 12.452 357.6 17.4995
      vertex 11.95 357.6 18.1115
      vertex 12.498 357.6 17.5615
    endloop
  endfacet
  facet normal 0 1 0
    outer loop
      vertex 11.2 357.6 18.3115
      vertex 12.452 357.6 17.4995
      vertex 12.452 357.6 15.6995
    endloop
  endfacet
  facet normal 0 1 0
    outer loop
      vertex 12.452 357.6 17.4995
      vertex 12.498 357.6 17.5615
      vertex 12.514 357.6 17.4995
    endloop
  endfacet
  facet normal 0 1 0
    outer loop
      vertex 11.2 357.6 18.3115
      vertex 12.452 357.6 15.6995
      vertex 12.45 357.6 15.6295
    endloop
  endfacet
  facet normal 0 1 0
    outer loop
      vertex 11.2 357.6 18.3115
      vertex 12.45 357.6 15.6295
      vertex 12.452 357.6 15.3655
    endloop
  endfacet
  facet normal 0 1 0
    outer loop
      vertex 11.2 357.6 18.3115
      vertex 12.452 357.6 15.3655
      vertex 12.452 357.6 15.1875
    endloop
  endfacet
  facet normal 0 1 0
    outer loop
      vertex 11.2 357.6 18.3115
      vertex 12.452 357.6 15.1875
      vertex 12.452 357.6 14.9955
    endloop
  endfacet
  facet normal 0 1 -0
    outer loop
      vertex 12.452 357.6 15.3655
      vertex 12.45 357.6 15.6295
      vertex 12.454 357.6 15.5155
    endloop
  endfacet
  facet normal 0 1 0
    outer loop
      vertex 11.2 357.6 18.3115
      vertex 12.452 357.6 14.9955
      vertex 12.452 357.6 14.8075
    endloop
  endfacet
  facet normal 0 1 -0
    outer loop
      vertex 12.452 357.6 14.5095
      vertex 11.2 357.6 18.3115
      vertex 12.452 357.6 14.6415
    endloop
  endfacet
  facet normal 0 1 -0
    outer loop
      vertex 12.452 357.6 14.4235
      vertex 11.2 357.6 18.3115
      vertex 12.452 357.6 14.5095
    endloop
  endfacet
  facet normal 0 1 0
    outer loop
      vertex 11.2 357.6 18.3115
      vertex 12.452 357.6 14.4235
      vertex -11.2 357.6 18.3115
    endloop
  endfacet
  facet normal 0 1 -0
    outer loop
      vertex 12.452 357.6 2.3495
      vertex -11.2 357.6 18.3115
      vertex 12.452 357.6 14.4235
    endloop
  endfacet
  facet normal 0 1 0
    outer loop
      vertex -11.2 357.6 18.3115
      vertex -12.7 357.6 16.8115
      vertex -11.95 357.6 18.1115
    endloop
  endfacet
  facet normal 0 1 0
    outer loop
      vertex -11.95 357.6 18.1115
      vertex -12.7 357.6 16.8115
      vertex -12.5 357.6 17.5615
    endloop
  endfacet
  facet normal 0 1 0
    outer loop
      vertex -11.2 357.6 18.3115
      vertex 12.452 357.6 2.3495
      vertex -12.7 357.6 16.8115
    endloop
  endfacet
  facet normal 0 1 0
    outer loop
      vertex -12.7 357.6 -16.8125
      vertex 12.452 357.6 2.3495
      vertex 12.452 357.6 -14.4445
    endloop
  endfacet
  facet normal 0 1 0
    outer loop
      vertex 11.2 357.6 -18.3125
      vertex 12.452 357.6 -14.4445
      vertex 12.45 357.6 -14.5265
    endloop
  endfacet
  facet normal 0 1 0
    outer loop
      vertex 11.2 357.6 -18.3125
      vertex 12.45 357.6 -14.5265
      vertex 12.452 357.6 -14.6465
    endloop
  endfacet
  facet normal 0 1 0
    outer loop
      vertex 11.2 357.6 -18.3125
      vertex 12.452 357.6 -14.6465
      vertex 12.452 357.6 -14.8005
    endloop
  endfacet
  facet normal 0 1 0
    outer loop
      vertex 11.2 357.6 -18.3125
      vertex 12.452 357.6 -14.8005
      vertex 12.452 357.6 -14.9725
    endloop
  endfacet
  facet normal 0 1 0
    outer loop
      vertex 11.2 357.6 -18.3125
      vertex 12.452 357.6 -14.9725
      vertex 12.45 357.6 -15.1485
    endloop
  endfacet
  facet normal 0 1 0
    outer loop
      vertex 11.2 357.6 -18.3125
      vertex 12.45 357.6 -15.1485
      vertex 12.452 357.6 -15.3125
    endloop
  endfacet
  facet normal 0 1 0
    outer loop
      vertex 11.2 357.6 -18.3125
      vertex 12.452 357.6 -15.3125
      vertex 12.452 357.6 -15.4525
    endloop
  endfacet
  facet normal 0 1 0
    outer loop
      vertex 12.45 357.6 -15.6265
      vertex 12.452 357.6 -15.4525
      vertex 12.454 357.6 -15.5585
    endloop
  endfacet
  facet normal 0 1 0
    outer loop
      vertex 12.452 357.6 -15.4525
      vertex 12.45 357.6 -15.6265
      vertex 11.2 357.6 -18.3125
    endloop
  endfacet
  facet normal 0 1 0
    outer loop
      vertex 11.2 357.6 -18.3125
      vertex 12.45 357.6 -15.6265
      vertex 12.452 357.6 -15.6525
    endloop
  endfacet
  facet normal 0 1 0
    outer loop
      vertex 12.452 357.6 2.3495
      vertex -12.7 357.6 -16.8125
      vertex -12.7 357.6 16.8115
    endloop
  endfacet
  facet normal 0 1 0
    outer loop
      vertex 11.2 357.6 -18.3125
      vertex 12.452 357.6 -15.6525
      vertex 12.452 357.6 -17.5005
    endloop
  endfacet
  facet normal 0 1 0
    outer loop
      vertex 11.95 357.6 -18.1125
      vertex 12.452 357.6 -17.5005
      vertex 12.498 357.6 -17.5625
    endloop
  endfacet
  facet normal 0 1 0
    outer loop
      vertex 12.452 357.6 -14.4445
      vertex 11.2 357.6 -18.3125
      vertex -11.2 357.6 -18.3125
    endloop
  endfacet
  facet normal 0 1 0
    outer loop
      vertex 12.452 357.6 -17.5005
      vertex 11.95 357.6 -18.1125
      vertex 11.2 357.6 -18.3125
    endloop
  endfacet
  facet normal 0 1 0
    outer loop
      vertex 12.452 357.6 -14.4445
      vertex -11.2 357.6 -18.3125
      vertex -12.7 357.6 -16.8125
    endloop
  endfacet
  facet normal 0 1 0
    outer loop
      vertex -12.7 357.6 -16.8125
      vertex -11.2 357.6 -18.3125
      vertex -12.5 357.6 -17.5625
    endloop
  endfacet
  facet normal 0 1 0
    outer loop
      vertex -12.5 357.6 -17.5625
      vertex -11.2 357.6 -18.3125
      vertex -11.95 357.6 -18.1125
    endloop
  endfacet
  facet normal -0.966405 -1.49432e-05 0.257023
    outer loop
      vertex -12.65 254.4 16.9975
      vertex -12.6 288.8 17.1875
      vertex -12.7 288.8 16.8115
    endloop
  endfacet
  facet normal -0.966063 7.50889e-06 0.258306
    outer loop
      vertex -12.5 288.8 17.5615
      vertex -12.55 323.2 17.3735
      vertex -12.6 288.8 17.1875
    endloop
  endfacet
  facet normal -0.966063 7.50889e-06 -0.258306
    outer loop
      vertex -12.5 288.8 -17.5625
      vertex -12.55 254.4 -17.3765
      vertex -12.6 288.8 -17.1885
    endloop
  endfacet
  facet normal -0.709673 -2.063e-05 -0.704531
    outer loop
      vertex -12.226 288.8 -17.8385
      vertex -12.362 254.4 -17.7005
      vertex -12.5 288.8 -17.5625
    endloop
  endfacet
  facet normal -0.707107 -4.11109e-05 -0.707107
    outer loop
      vertex -12.226 288.8 -17.8385
      vertex -12.088 254.4 -17.9745
      vertex -12.362 254.4 -17.7005
    endloop
  endfacet
  facet normal -0.704531 -2.063e-05 -0.709673
    outer loop
      vertex -11.95 288.8 -18.1125
      vertex -12.088 254.4 -17.9745
      vertex -12.226 288.8 -17.8385
    endloop
  endfacet
  facet normal -0.704531 2.063e-05 -0.709673
    outer loop
      vertex -12.088 323.2 -17.9745
      vertex -11.95 288.8 -18.1125
      vertex -12.226 288.8 -17.8385
    endloop
  endfacet
  facet normal -0.707107 4.11109e-05 -0.707107
    outer loop
      vertex -12.088 323.2 -17.9745
      vertex -12.226 288.8 -17.8385
      vertex -12.362 323.2 -17.7005
    endloop
  endfacet
  facet normal -0.709673 2.063e-05 -0.704531
    outer loop
      vertex -12.362 323.2 -17.7005
      vertex -12.226 288.8 -17.8385
      vertex -12.5 288.8 -17.5625
    endloop
  endfacet
  facet normal -0.258306 -7.50889e-06 -0.966063
    outer loop
      vertex -11.764 323.2 -18.1625
      vertex -11.576 288.8 -18.2125
      vertex -11.95 288.8 -18.1125
    endloop
  endfacet
  facet normal 0.257023 -1.49432e-05 -0.966405
    outer loop
      vertex 11.95 288.8 -18.1125
      vertex 11.76 254.4 -18.1625
      vertex 11.574 288.8 -18.2125
    endloop
  endfacet
  facet normal 0.258306 7.50889e-06 -0.966063
    outer loop
      vertex 11.574 288.8 -18.2125
      vertex 11.386 323.2 -18.2625
      vertex 11.76 323.2 -18.1625
    endloop
  endfacet
  facet normal 0.258306 7.50889e-06 -0.966063
    outer loop
      vertex 11.386 323.2 -18.2625
      vertex 11.574 288.8 -18.2125
      vertex 11.2 288.8 -18.3125
    endloop
  endfacet
  facet normal 0.259601 0 -0.965716
    outer loop
      vertex 11.2 288.8 -18.3125
      vertex 11.386 254.4 -18.2625
      vertex 11.2 220 -18.3125
    endloop
  endfacet
  facet normal 0.259601 0 -0.965716
    outer loop
      vertex 11.2 357.6 -18.3125
      vertex 11.386 323.2 -18.2625
      vertex 11.2 288.8 -18.3125
    endloop
  endfacet
  facet normal 0.258306 -7.50889e-06 -0.966063
    outer loop
      vertex 11.386 254.4 -18.2625
      vertex 11.574 288.8 -18.2125
      vertex 11.76 254.4 -18.1625
    endloop
  endfacet
  facet normal 0.258306 -7.50889e-06 -0.966063
    outer loop
      vertex 11.574 288.8 -18.2125
      vertex 11.386 254.4 -18.2625
      vertex 11.2 288.8 -18.3125
    endloop
  endfacet
  facet normal 0.707107 1.82194e-17 -0.707107
    outer loop
      vertex 12.222 288.8 -17.8385
      vertex 12.36 254.4 -17.7005
      vertex 12.086 254.4 -17.9745
    endloop
  endfacet
  facet normal 0.707107 -5.46582e-17 -0.707107
    outer loop
      vertex 12.36 254.4 -17.7005
      vertex 12.498 220 -17.5625
      vertex 12.086 254.4 -17.9745
    endloop
  endfacet
  facet normal 0.707107 0 -0.707107
    outer loop
      vertex 12.498 220 -17.5625
      vertex 12.36 254.4 -17.7005
      vertex 12.498 288.8 -17.5625
    endloop
  endfacet
  facet normal 0.707107 0 -0.707107
    outer loop
      vertex 12.498 357.6 -17.5625
      vertex 12.498 288.8 -17.5625
      vertex 12.36 323.2 -17.7005
    endloop
  endfacet
  facet normal 0.707107 -1.82194e-17 -0.707107
    outer loop
      vertex 12.36 323.2 -17.7005
      vertex 12.222 288.8 -17.8385
      vertex 12.086 323.2 -17.9745
    endloop
  endfacet
  facet normal 0.707107 3.61748e-17 -0.707107
    outer loop
      vertex 12.498 288.8 -17.5625
      vertex 12.36 254.4 -17.7005
      vertex 12.222 288.8 -17.8385
    endloop
  endfacet
  facet normal 0.707107 -3.64332e-17 -0.707107
    outer loop
      vertex 12.36 323.2 -17.7005
      vertex 12.498 288.8 -17.5625
      vertex 12.222 288.8 -17.8385
    endloop
  endfacet
  facet normal 0.709692 2.048e-05 -0.704512
    outer loop
      vertex 12.086 323.2 -17.9745
      vertex 12.222 288.8 -17.8385
      vertex 11.95 288.8 -18.1125
    endloop
  endfacet
  facet normal 0.965118 2.80558e-05 -0.261814
    outer loop
      vertex 12.598 288.8 -17.1885
      vertex 12.65 254.4 -17.0005
      vertex 12.548 254.4 -17.3765
    endloop
  endfacet
  facet normal 0.965118 2.80558e-05 -0.261814
    outer loop
      vertex 12.7 288.8 -16.8125
      vertex 12.65 254.4 -17.0005
      vertex 12.598 288.8 -17.1885
    endloop
  endfacet
  facet normal 0.965716 0 -0.259601
    outer loop
      vertex 12.498 288.8 -17.5625
      vertex 12.548 254.4 -17.3765
      vertex 12.498 220 -17.5625
    endloop
  endfacet
  facet normal 0.965716 0 -0.259601
    outer loop
      vertex 12.498 357.6 -17.5625
      vertex 12.548 323.2 -17.3765
      vertex 12.498 288.8 -17.5625
    endloop
  endfacet
  facet normal 0.966063 -7.50889e-06 -0.258306
    outer loop
      vertex 12.548 323.2 -17.3765
      vertex 12.598 288.8 -17.1885
      vertex 12.498 288.8 -17.5625
    endloop
  endfacet
  facet normal 0.966063 7.50889e-06 -0.258306
    outer loop
      vertex 12.598 288.8 -17.1885
      vertex 12.548 254.4 -17.3765
      vertex 12.498 288.8 -17.5625
    endloop
  endfacet
  facet normal 0.966405 0 0.257023
    outer loop
      vertex 12.548 254.4 17.3735
      vertex 12.498 288.8 17.5615
      vertex 12.498 220 17.5615
    endloop
  endfacet
  facet normal 0.966063 7.50889e-06 0.258306
    outer loop
      vertex 12.598 288.8 17.1875
      vertex 12.548 323.2 17.3735
      vertex 12.498 288.8 17.5615
    endloop
  endfacet
  facet normal 0.966063 -7.50889e-06 0.258306
    outer loop
      vertex 12.548 254.4 17.3735
      vertex 12.598 288.8 17.1875
      vertex 12.498 288.8 17.5615
    endloop
  endfacet
  facet normal 0.966405 0 0.257023
    outer loop
      vertex 12.548 323.2 17.3735
      vertex 12.498 357.6 17.5615
      vertex 12.498 288.8 17.5615
    endloop
  endfacet
  facet normal 0.965118 -1.2834e-05 0.261814
    outer loop
      vertex 12.598 288.8 17.1875
      vertex 12.65 323.2 16.9975
      vertex 12.548 323.2 17.3735
    endloop
  endfacet
  facet normal 0.965118 -1.2834e-05 0.261814
    outer loop
      vertex 12.7 288.8 16.8115
      vertex 12.65 323.2 16.9975
      vertex 12.598 288.8 17.1875
    endloop
  endfacet
  facet normal 0.707107 -4.11109e-05 0.707107
    outer loop
      vertex 12.222 288.8 17.8355
      vertex 12.36 323.2 17.6995
      vertex 12.086 323.2 17.9735
    endloop
  endfacet
  facet normal 0.704531 -2.063e-05 0.709673
    outer loop
      vertex 12.498 288.8 17.5615
      vertex 12.36 323.2 17.6995
      vertex 12.222 288.8 17.8355
    endloop
  endfacet
  facet normal 0.258306 -7.50889e-06 0.966063
    outer loop
      vertex 11.574 288.8 18.2115
      vertex 11.386 254.4 18.2615
      vertex 11.76 254.4 18.1615
    endloop
  endfacet
  facet normal 0.258306 -7.50889e-06 0.966063
    outer loop
      vertex 11.386 254.4 18.2615
      vertex 11.574 288.8 18.2115
      vertex 11.2 288.8 18.3115
    endloop
  endfacet
  facet normal 0.257023 1.49432e-05 0.966405
    outer loop
      vertex 11.95 288.8 18.1115
      vertex 11.76 323.2 18.1615
      vertex 11.574 288.8 18.2115
    endloop
  endfacet
  facet normal -0.259601 0 0.965716
    outer loop
      vertex -11.764 254.4 18.1615
      vertex -11.95 288.8 18.1115
      vertex -11.95 220 18.1115
    endloop
  endfacet
  facet normal -0.258306 7.50889e-06 0.966063
    outer loop
      vertex -11.764 254.4 18.1615
      vertex -11.576 288.8 18.2115
      vertex -11.95 288.8 18.1115
    endloop
  endfacet
  facet normal -0.258306 -7.50889e-06 0.966063
    outer loop
      vertex -11.576 288.8 18.2115
      vertex -11.764 323.2 18.1615
      vertex -11.95 288.8 18.1115
    endloop
  endfacet
  facet normal -0.259601 0 0.965716
    outer loop
      vertex -11.764 323.2 18.1615
      vertex -11.95 357.6 18.1115
      vertex -11.95 288.8 18.1115
    endloop
  endfacet
  facet normal -0.257023 -4.99004e-17 0.966405
    outer loop
      vertex -11.388 323.2 18.2615
      vertex -11.576 288.8 18.2115
      vertex -11.2 288.8 18.3115
    endloop
  endfacet
  facet normal -0.257023 6.61018e-18 0.966405
    outer loop
      vertex -11.576 288.8 18.2115
      vertex -11.388 323.2 18.2615
      vertex -11.764 323.2 18.1615
    endloop
  endfacet
  facet normal -0.966405 1.49432e-05 0.257023
    outer loop
      vertex -12.55 254.4 17.3735
      vertex -12.65 254.4 16.9975
      vertex -12.7 220 16.8115
    endloop
  endfacet
  facet normal -0.966405 3.81058e-17 0.257023
    outer loop
      vertex -12.55 323.2 17.3735
      vertex -12.5 357.6 17.5615
      vertex -12.65 323.2 16.9975
    endloop
  endfacet
  facet normal -0.966405 -1.49432e-05 -0.257023
    outer loop
      vertex -12.55 254.4 -17.3765
      vertex -12.5 220 -17.5625
      vertex -12.65 254.4 -17.0005
    endloop
  endfacet
  facet normal -0.966405 1.14058e-17 -0.257023
    outer loop
      vertex -12.55 323.2 -17.3765
      vertex -12.65 323.2 -17.0005
      vertex -12.7 357.6 -16.8125
    endloop
  endfacet
  facet normal -0.257023 4.32902e-17 -0.966405
    outer loop
      vertex -11.388 254.4 -18.2625
      vertex -11.2 220 -18.3125
      vertex -11.764 254.4 -18.1625
    endloop
  endfacet
  facet normal -0.257023 1.49432e-05 -0.966405
    outer loop
      vertex -11.388 323.2 -18.2625
      vertex -11.764 323.2 -18.1625
      vertex -11.95 357.6 -18.1125
    endloop
  endfacet
  facet normal 0.258306 2.25267e-05 -0.966063
    outer loop
      vertex 11.76 254.4 -18.1625
      vertex 11.95 220 -18.1125
      vertex 11.386 254.4 -18.2625
    endloop
  endfacet
  facet normal 0.258306 -7.50889e-06 -0.966063
    outer loop
      vertex 11.76 323.2 -18.1625
      vertex 11.386 323.2 -18.2625
      vertex 11.2 357.6 -18.3125
    endloop
  endfacet
  facet normal 0.965118 -2.80558e-05 -0.261814
    outer loop
      vertex 12.65 254.4 -17.0005
      vertex 12.7 220 -16.8125
      vertex 12.548 254.4 -17.3765
    endloop
  endfacet
  facet normal 0.965118 -2.80558e-05 -0.261814
    outer loop
      vertex 12.65 323.2 -17.0005
      vertex 12.598 288.8 -17.1885
      vertex 12.548 323.2 -17.3765
    endloop
  endfacet
  facet normal 0.965118 -1.2834e-05 -0.261814
    outer loop
      vertex 12.65 323.2 -17.0005
      vertex 12.548 323.2 -17.3765
      vertex 12.498 357.6 -17.5625
    endloop
  endfacet
  facet normal 0.965118 -2.80558e-05 -0.261814
    outer loop
      vertex 12.65 323.2 -17.0005
      vertex 12.7 288.8 -16.8125
      vertex 12.598 288.8 -17.1885
    endloop
  endfacet
  facet normal 0.965118 1.2834e-05 0.261814
    outer loop
      vertex 12.65 254.4 16.9975
      vertex 12.598 288.8 17.1875
      vertex 12.548 254.4 17.3735
    endloop
  endfacet
  facet normal 0.965118 2.80558e-05 0.261814
    outer loop
      vertex 12.65 254.4 16.9975
      vertex 12.548 254.4 17.3735
      vertex 12.498 220 17.5615
    endloop
  endfacet
  facet normal 0.965118 1.2834e-05 0.261814
    outer loop
      vertex 12.65 254.4 16.9975
      vertex 12.7 288.8 16.8115
      vertex 12.598 288.8 17.1875
    endloop
  endfacet
  facet normal 0.965118 1.08603e-05 0.261814
    outer loop
      vertex 12.65 323.2 16.9975
      vertex 12.686 354.398 16.8635
      vertex 12.548 323.2 17.3735
    endloop
  endfacet
  facet normal 0.963517 3.7765e-05 0.267648
    outer loop
      vertex 12.696 354.402 16.8275
      vertex 12.686 354.398 16.8635
      vertex 12.65 323.2 16.9975
    endloop
  endfacet
  facet normal 0.258306 7.50889e-06 0.966063
    outer loop
      vertex 11.76 254.4 18.1615
      vertex 11.386 254.4 18.2615
      vertex 11.2 220 18.3115
    endloop
  endfacet
  facet normal 0.258306 -2.25267e-05 0.966063
    outer loop
      vertex 11.76 323.2 18.1615
      vertex 11.95 357.6 18.1115
      vertex 11.386 323.2 18.2615
    endloop
  endfacet
  facet normal -0.257023 -1.49432e-05 0.966405
    outer loop
      vertex -11.388 254.4 18.2615
      vertex -11.764 254.4 18.1615
      vertex -11.95 220 18.1115
    endloop
  endfacet
  facet normal -0.257023 4.97708e-17 0.966405
    outer loop
      vertex -11.576 288.8 18.2115
      vertex -11.388 254.4 18.2615
      vertex -11.2 288.8 18.3115
    endloop
  endfacet
  facet normal -0.257023 -6.48057e-18 0.966405
    outer loop
      vertex -11.388 254.4 18.2615
      vertex -11.576 288.8 18.2115
      vertex -11.764 254.4 18.1615
    endloop
  endfacet
  facet normal -0.257023 1.06281e-16 0.966405
    outer loop
      vertex -11.388 323.2 18.2615
      vertex -11.2 357.6 18.3115
      vertex -11.764 323.2 18.1615
    endloop
  endfacet
  facet normal -0.707107 -3.65656e-17 -0.707107
    outer loop
      vertex -12.362 254.4 -17.7005
      vertex -11.95 220 -18.1125
      vertex -12.5 220 -17.5625
    endloop
  endfacet
  facet normal -0.707107 7.33982e-17 -0.707107
    outer loop
      vertex -12.088 254.4 -17.9745
      vertex -11.95 220 -18.1125
      vertex -12.362 254.4 -17.7005
    endloop
  endfacet
  facet normal -0.707107 -3.6825e-17 -0.707107
    outer loop
      vertex -11.95 357.6 -18.1125
      vertex -12.088 323.2 -17.9745
      vertex -12.5 357.6 -17.5625
    endloop
  endfacet
  facet normal 0.707107 -4.11109e-05 -0.707107
    outer loop
      vertex 12.36 323.2 -17.7005
      vertex 12.086 323.2 -17.9745
      vertex 11.95 357.6 -18.1125
    endloop
  endfacet
  facet normal 0.712249 -0 0.701927
    outer loop
      vertex 11.95 288.8 18.1115
      vertex 12.086 323.2 17.9735
      vertex 11.95 357.6 18.1115
    endloop
  endfacet
  facet normal 0.712249 -5.46568e-17 0.701927
    outer loop
      vertex 11.95 288.8 18.1115
      vertex 12.222 288.8 17.8355
      vertex 12.086 323.2 17.9735
    endloop
  endfacet
  facet normal 0.712249 0 0.701927
    outer loop
      vertex 12.222 288.8 17.8355
      vertex 11.95 288.8 18.1115
      vertex 11.95 220 18.1115
    endloop
  endfacet
  facet normal 0.707107 4.11109e-05 0.707107
    outer loop
      vertex 12.36 254.4 17.6995
      vertex 12.222 288.8 17.8355
      vertex 11.95 220 18.1115
    endloop
  endfacet
  facet normal 0.707107 1.82194e-17 0.707107
    outer loop
      vertex 12.36 323.2 17.6995
      vertex 12.498 357.6 17.5615
      vertex 12.086 323.2 17.9735
    endloop
  endfacet
  facet normal -0.965716 0 0.259601
    outer loop
      vertex -12.65 254.4 16.9975
      vertex -12.7 288.8 16.8115
      vertex -12.7 220 16.8115
    endloop
  endfacet
  facet normal -0.965716 0 0.259601
    outer loop
      vertex -12.65 323.2 16.9975
      vertex -12.7 357.6 16.8115
      vertex -12.7 288.8 16.8115
    endloop
  endfacet
  facet normal -0.966405 0 0.257023
    outer loop
      vertex -12.5 288.8 17.5615
      vertex -12.5 357.6 17.5615
      vertex -12.55 323.2 17.3735
    endloop
  endfacet
  facet normal -0.966405 0 0.257023
    outer loop
      vertex -12.5 220 17.5615
      vertex -12.5 288.8 17.5615
      vertex -12.55 254.4 17.3735
    endloop
  endfacet
  facet normal 0.901523 -0.00105647 0.432731
    outer loop
      vertex -12.6 288.8 -17.1885
      vertex -12.7 357.6 -16.8125
      vertex -12.65 323.2 -17.0005
    endloop
  endfacet
  facet normal -0.966405 5.83251e-18 -0.257023
    outer loop
      vertex -12.65 254.4 -17.0005
      vertex -12.7 357.6 -16.8125
      vertex -12.6 288.8 -17.1885
    endloop
  endfacet
  facet normal -0.966405 -0 -0.257023
    outer loop
      vertex -12.7 357.6 -16.8125
      vertex -12.65 254.4 -17.0005
      vertex -12.7 220 -16.8125
    endloop
  endfacet
  facet normal -0.965716 -0 -0.259601
    outer loop
      vertex -12.5 288.8 -17.5625
      vertex -12.5 220 -17.5625
      vertex -12.55 254.4 -17.3765
    endloop
  endfacet
  facet normal -0.965716 -0 -0.259601
    outer loop
      vertex -12.5 357.6 -17.5625
      vertex -12.5 288.8 -17.5625
      vertex -12.55 323.2 -17.3765
    endloop
  endfacet
  facet normal -0.707107 -0 -0.707107
    outer loop
      vertex -12.5 288.8 -17.5625
      vertex -12.362 254.4 -17.7005
      vertex -12.5 220 -17.5625
    endloop
  endfacet
  facet normal -0.707107 7.33982e-17 -0.707107
    outer loop
      vertex -12.362 323.2 -17.7005
      vertex -12.5 357.6 -17.5625
      vertex -12.088 323.2 -17.9745
    endloop
  endfacet
  facet normal -0.707107 -0 -0.707107
    outer loop
      vertex -12.5 357.6 -17.5625
      vertex -12.362 323.2 -17.7005
      vertex -12.5 288.8 -17.5625
    endloop
  endfacet
  facet normal -0.707107 -0 -0.707107
    outer loop
      vertex -11.95 288.8 -18.1125
      vertex -11.95 220 -18.1125
      vertex -12.088 254.4 -17.9745
    endloop
  endfacet
  facet normal -0.707107 -0 -0.707107
    outer loop
      vertex -11.95 357.6 -18.1125
      vertex -11.95 288.8 -18.1125
      vertex -12.088 323.2 -17.9745
    endloop
  endfacet
  facet normal -0.259601 -0 -0.965716
    outer loop
      vertex -11.95 288.8 -18.1125
      vertex -11.764 254.4 -18.1625
      vertex -11.95 220 -18.1125
    endloop
  endfacet
  facet normal -0.259601 -0 -0.965716
    outer loop
      vertex -11.95 357.6 -18.1125
      vertex -11.764 323.2 -18.1625
      vertex -11.95 288.8 -18.1125
    endloop
  endfacet
  facet normal -0.257023 -0 -0.966405
    outer loop
      vertex -11.2 357.6 -18.3125
      vertex -11.2 288.8 -18.3125
      vertex -11.388 323.2 -18.2625
    endloop
  endfacet
  facet normal -0.257023 -0 -0.966405
    outer loop
      vertex -11.2 288.8 -18.3125
      vertex -11.2 220 -18.3125
      vertex -11.388 254.4 -18.2625
    endloop
  endfacet
  facet normal 0.254493 0 -0.967075
    outer loop
      vertex 11.95 357.6 -18.1125
      vertex 11.95 288.8 -18.1125
      vertex 11.76 323.2 -18.1625
    endloop
  endfacet
  facet normal 0.254493 0 -0.967075
    outer loop
      vertex 11.95 288.8 -18.1125
      vertex 11.95 220 -18.1125
      vertex 11.76 254.4 -18.1625
    endloop
  endfacet
  facet normal 0.712249 0 -0.701927
    outer loop
      vertex 11.95 288.8 -18.1125
      vertex 12.086 254.4 -17.9745
      vertex 11.95 220 -18.1125
    endloop
  endfacet
  facet normal 0.712249 0 -0.701927
    outer loop
      vertex 11.95 357.6 -18.1125
      vertex 12.086 323.2 -17.9745
      vertex 11.95 288.8 -18.1125
    endloop
  endfacet
  facet normal 0.966405 0 -0.257023
    outer loop
      vertex 12.7 288.8 -16.8125
      vertex 12.7 220 -16.8125
      vertex 12.65 254.4 -17.0005
    endloop
  endfacet
  facet normal 0.966405 0 -0.257023
    outer loop
      vertex 12.7 323.2 -16.8125
      vertex 12.7 288.8 -16.8125
      vertex 12.65 323.2 -17.0005
    endloop
  endfacet
  facet normal 0.976187 0 -0.21693
    outer loop
      vertex 12.7 354.404 -16.8125
      vertex 12.7 323.2 -16.8125
      vertex 12.696 354.402 -16.8305
    endloop
  endfacet
  facet normal 0.966405 -2.43826e-05 -0.257023
    outer loop
      vertex 12.696 354.402 -16.8305
      vertex 12.7 323.2 -16.8125
      vertex 12.65 323.2 -17.0005
    endloop
  endfacet
  facet normal 0.965716 -0 0.259601
    outer loop
      vertex 12.7 220 16.8115
      vertex 12.7 288.8 16.8115
      vertex 12.65 254.4 16.9975
    endloop
  endfacet
  facet normal 0.965716 -0 0.259601
    outer loop
      vertex 12.7 288.8 16.8115
      vertex 12.7 323.2 16.8115
      vertex 12.65 323.2 16.9975
    endloop
  endfacet
  facet normal 0.965716 -9.31842e-06 0.259601
    outer loop
      vertex 12.7 323.2 16.8115
      vertex 12.696 354.402 16.8275
      vertex 12.65 323.2 16.9975
    endloop
  endfacet
  facet normal 0.970143 -0 0.242536
    outer loop
      vertex 12.7 323.2 16.8115
      vertex 12.7 354.404 16.8115
      vertex 12.696 354.402 16.8275
    endloop
  endfacet
  facet normal 0.707107 -0 0.707107
    outer loop
      vertex 12.498 220 17.5615
      vertex 12.498 288.8 17.5615
      vertex 12.36 254.4 17.6995
    endloop
  endfacet
  facet normal 0.707107 -0 0.707107
    outer loop
      vertex 12.498 288.8 17.5615
      vertex 12.498 357.6 17.5615
      vertex 12.36 323.2 17.6995
    endloop
  endfacet
  facet normal 0.254493 -0 0.967075
    outer loop
      vertex 11.95 220 18.1115
      vertex 11.95 288.8 18.1115
      vertex 11.76 254.4 18.1615
    endloop
  endfacet
  facet normal 0.254493 -0 0.967075
    outer loop
      vertex 11.95 288.8 18.1115
      vertex 11.95 357.6 18.1115
      vertex 11.76 323.2 18.1615
    endloop
  endfacet
  facet normal 0.259601 0 0.965716
    outer loop
      vertex 11.386 254.4 18.2615
      vertex 11.2 288.8 18.3115
      vertex 11.2 220 18.3115
    endloop
  endfacet
  facet normal 0.259601 0 0.965716
    outer loop
      vertex 11.386 323.2 18.2615
      vertex 11.2 357.6 18.3115
      vertex 11.2 288.8 18.3115
    endloop
  endfacet
  facet normal -0.257023 0 0.966405
    outer loop
      vertex -11.2 220 18.3115
      vertex -11.2 288.8 18.3115
      vertex -11.388 254.4 18.2615
    endloop
  endfacet
  facet normal -0.257023 0 0.966405
    outer loop
      vertex -11.2 288.8 18.3115
      vertex -11.2 357.6 18.3115
      vertex -11.388 323.2 18.2615
    endloop
  endfacet
  facet normal -0.966235 -3.7451e-06 -0.257663
    outer loop
      vertex -12.65 254.4 -17.0005
      vertex -12.5 220 -17.5625
      vertex -12.7 220 -16.8125
    endloop
  endfacet
  facet normal -0.257663 -1.12353e-05 -0.966235
    outer loop
      vertex -11.764 254.4 -18.1625
      vertex -11.2 220 -18.3125
      vertex -11.95 220 -18.1125
    endloop
  endfacet
  facet normal -0.258306 7.50889e-06 -0.966063
    outer loop
      vertex -11.576 288.8 -18.2125
      vertex -11.764 254.4 -18.1625
      vertex -11.95 288.8 -18.1125
    endloop
  endfacet
  facet normal 0.257663 1.12353e-05 -0.966235
    outer loop
      vertex 11.386 254.4 -18.2625
      vertex 11.95 220 -18.1125
      vertex 11.2 220 -18.3125
    endloop
  endfacet
  facet normal 0.965591 2.69467e-06 -0.260066
    outer loop
      vertex 12.548 254.4 -17.3765
      vertex 12.7 220 -16.8125
      vertex 12.498 220 -17.5625
    endloop
  endfacet
  facet normal 0.965591 -2.69467e-06 0.260066
    outer loop
      vertex 12.7 220 16.8115
      vertex 12.65 254.4 16.9975
      vertex 12.498 220 17.5615
    endloop
  endfacet
  facet normal 0.257663 1.87255e-05 0.966235
    outer loop
      vertex 11.95 220 18.1115
      vertex 11.76 254.4 18.1615
      vertex 11.2 220 18.3115
    endloop
  endfacet
  facet normal 0.257023 -1.49432e-05 0.966405
    outer loop
      vertex 11.76 254.4 18.1615
      vertex 11.95 288.8 18.1115
      vertex 11.574 288.8 18.2115
    endloop
  endfacet
  facet normal -0.257663 -3.7451e-06 0.966235
    outer loop
      vertex -11.2 220 18.3115
      vertex -11.388 254.4 18.2615
      vertex -11.95 220 18.1115
    endloop
  endfacet
  facet normal -0.966235 3.7451e-06 0.257663
    outer loop
      vertex -12.5 220 17.5615
      vertex -12.55 254.4 17.3735
      vertex -12.7 220 16.8115
    endloop
  endfacet
  facet normal -0.966063 -7.50889e-06 0.258306
    outer loop
      vertex -12.55 254.4 17.3735
      vertex -12.5 288.8 17.5615
      vertex -12.6 288.8 17.1875
    endloop
  endfacet
  facet normal -0.966405 1.49432e-05 0.257023
    outer loop
      vertex -12.6 288.8 17.1875
      vertex -12.65 323.2 16.9975
      vertex -12.7 288.8 16.8115
    endloop
  endfacet
  facet normal -0.966235 -1.12353e-05 0.257663
    outer loop
      vertex -12.65 323.2 16.9975
      vertex -12.5 357.6 17.5615
      vertex -12.7 357.6 16.8115
    endloop
  endfacet
  facet normal -0.966405 -1.49432e-05 0.257023
    outer loop
      vertex -12.55 254.4 17.3735
      vertex -12.6 288.8 17.1875
      vertex -12.65 254.4 16.9975
    endloop
  endfacet
  facet normal -0.966405 1.49432e-05 0.257023
    outer loop
      vertex -12.6 288.8 17.1875
      vertex -12.55 323.2 17.3735
      vertex -12.65 323.2 16.9975
    endloop
  endfacet
  facet normal -0.966063 -7.50889e-06 -0.258306
    outer loop
      vertex -12.55 323.2 -17.3765
      vertex -12.5 288.8 -17.5625
      vertex -12.6 288.8 -17.1885
    endloop
  endfacet
  facet normal -0.966235 1.12353e-05 -0.257663
    outer loop
      vertex -12.5 357.6 -17.5625
      vertex -12.55 323.2 -17.3765
      vertex -12.7 357.6 -16.8125
    endloop
  endfacet
  facet normal -0.966405 1.1665e-17 -0.257023
    outer loop
      vertex -12.6 288.8 -17.1885
      vertex -12.55 254.4 -17.3765
      vertex -12.65 254.4 -17.0005
    endloop
  endfacet
  facet normal -0.966405 -1.1665e-17 -0.257023
    outer loop
      vertex -12.55 323.2 -17.3765
      vertex -12.6 288.8 -17.1885
      vertex -12.65 323.2 -17.0005
    endloop
  endfacet
  facet normal -0.257663 3.7451e-06 -0.966235
    outer loop
      vertex -11.2 357.6 -18.3125
      vertex -11.388 323.2 -18.2625
      vertex -11.95 357.6 -18.1125
    endloop
  endfacet
  facet normal -0.257023 0 -0.966405
    outer loop
      vertex -11.388 254.4 -18.2625
      vertex -11.576 288.8 -18.2125
      vertex -11.2 288.8 -18.3125
    endloop
  endfacet
  facet normal -0.257023 4.32902e-17 -0.966405
    outer loop
      vertex -11.576 288.8 -18.2125
      vertex -11.388 254.4 -18.2625
      vertex -11.764 254.4 -18.1625
    endloop
  endfacet
  facet normal -0.257023 0 -0.966405
    outer loop
      vertex -11.576 288.8 -18.2125
      vertex -11.388 323.2 -18.2625
      vertex -11.2 288.8 -18.3125
    endloop
  endfacet
  facet normal -0.257023 -4.32902e-17 -0.966405
    outer loop
      vertex -11.388 323.2 -18.2625
      vertex -11.576 288.8 -18.2125
      vertex -11.764 323.2 -18.1625
    endloop
  endfacet
  facet normal 0.257023 1.49432e-05 -0.966405
    outer loop
      vertex 11.76 323.2 -18.1625
      vertex 11.95 288.8 -18.1125
      vertex 11.574 288.8 -18.2125
    endloop
  endfacet
  facet normal 0.257663 -1.87255e-05 -0.966235
    outer loop
      vertex 11.95 357.6 -18.1125
      vertex 11.76 323.2 -18.1625
      vertex 11.2 357.6 -18.3125
    endloop
  endfacet
  facet normal 0.968277 0 -0.249878
    outer loop
      vertex 12.514 357.6 -17.5005
      vertex 12.514 354.318 -17.5005
      vertex 12.498 357.6 -17.5625
    endloop
  endfacet
  facet normal 0.965029 5.54321e-06 -0.262143
    outer loop
      vertex 12.696 354.402 -16.8305
      vertex 12.65 323.2 -17.0005
      vertex 12.514 354.318 -17.5005
    endloop
  endfacet
  facet normal 0.984396 0.00147498 -0.175959
    outer loop
      vertex 12.514 354.318 -17.5005
      vertex 12.65 323.2 -17.0005
      vertex 12.498 357.6 -17.5625
    endloop
  endfacet
  facet normal 0.968277 -0 0.249878
    outer loop
      vertex 12.514 354.318 17.4995
      vertex 12.514 357.6 17.4995
      vertex 12.498 357.6 17.5615
    endloop
  endfacet
  facet normal 0.969026 5.88147e-05 0.246958
    outer loop
      vertex 12.548 323.2 17.3735
      vertex 12.514 354.318 17.4995
      vertex 12.498 357.6 17.5615
    endloop
  endfacet
  facet normal 0.965322 -2.34004e-06 0.261062
    outer loop
      vertex 12.548 323.2 17.3735
      vertex 12.686 354.398 16.8635
      vertex 12.514 354.318 17.4995
    endloop
  endfacet
  facet normal 0.258306 7.50889e-06 0.966063
    outer loop
      vertex 11.386 323.2 18.2615
      vertex 11.574 288.8 18.2115
      vertex 11.76 323.2 18.1615
    endloop
  endfacet
  facet normal 0.258306 7.50889e-06 0.966063
    outer loop
      vertex 11.574 288.8 18.2115
      vertex 11.386 323.2 18.2615
      vertex 11.2 288.8 18.3115
    endloop
  endfacet
  facet normal 0.257663 -1.12353e-05 0.966235
    outer loop
      vertex 11.386 323.2 18.2615
      vertex 11.95 357.6 18.1115
      vertex 11.2 357.6 18.3115
    endloop
  endfacet
  facet normal -0.257663 1.12353e-05 0.966235
    outer loop
      vertex -11.764 323.2 18.1615
      vertex -11.2 357.6 18.3115
      vertex -11.95 357.6 18.1115
    endloop
  endfacet
  facet normal 0.708394 3.08518e-05 -0.705818
    outer loop
      vertex 12.086 254.4 -17.9745
      vertex 12.498 220 -17.5625
      vertex 11.95 220 -18.1125
    endloop
  endfacet
  facet normal 0.709692 -2.048e-05 -0.704512
    outer loop
      vertex 12.222 288.8 -17.8385
      vertex 12.086 254.4 -17.9745
      vertex 11.95 288.8 -18.1125
    endloop
  endfacet
  facet normal 0.708394 1.03339e-05 0.705818
    outer loop
      vertex 12.498 220 17.5615
      vertex 12.36 254.4 17.6995
      vertex 11.95 220 18.1115
    endloop
  endfacet
  facet normal 0.704531 2.063e-05 0.709673
    outer loop
      vertex 12.36 254.4 17.6995
      vertex 12.498 288.8 17.5615
      vertex 12.222 288.8 17.8355
    endloop
  endfacet
  facet normal 0.708394 -1.03339e-05 -0.705818
    outer loop
      vertex 12.498 357.6 -17.5625
      vertex 12.36 323.2 -17.7005
      vertex 11.95 357.6 -18.1125
    endloop
  endfacet
  facet normal 0.708394 -3.08518e-05 0.705818
    outer loop
      vertex 12.086 323.2 17.9735
      vertex 12.498 357.6 17.5615
      vertex 11.95 357.6 18.1115
    endloop
  endfacet
endsolid OpenSCAD_Model
