solid OpenSCAD_Model
  facet normal 0.880521 0.396235 -0.260154
    outer loop
      vertex 45.3206 369.63 -15.5005
      vertex 45.326 369.618 -15.5005
      vertex 45.3204 369.629 -15.5027
    endloop
  endfacet
  facet normal 0.893864 0.429023 -0.130178
    outer loop
      vertex 45.264 369.59 -16.0185
      vertex 45.3204 369.629 -15.5027
      vertex 45.326 369.618 -15.5005
    endloop
  endfacet
  facet normal 0.902674 0.410306 -0.129726
    outer loop
      vertex 45.3204 369.629 -15.5027
      vertex 45.264 369.59 -16.0185
      vertex 45.259 369.601 -16.0185
    endloop
  endfacet
  facet normal 0.796602 0.362092 -0.48406
    outer loop
      vertex 45.259 369.601 -16.0185
      vertex 45.264 369.59 -16.0185
      vertex 45.2583 369.6 -16.0204
    endloop
  endfacet
  facet normal 0.832555 0.402181 -0.380923
    outer loop
      vertex 45.264 369.59 -16.0185
      vertex 45.0783 369.516 -16.5025
      vertex 45.2583 369.6 -16.0204
    endloop
  endfacet
  facet normal 0.835123 0.396683 -0.381068
    outer loop
      vertex 45.0783 369.516 -16.5025
      vertex 45.264 369.59 -16.0185
      vertex 45.084 369.504 -16.5025
    endloop
  endfacet
  facet normal 0.722214 0.324585 -0.61078
    outer loop
      vertex 45.084 369.504 -16.5025
      vertex 44.7904 369.382 -16.9145
      vertex 45.077 369.516 -16.5044
    endloop
  endfacet
  facet normal 0.717652 0.334904 -0.610585
    outer loop
      vertex 44.7904 369.382 -16.9145
      vertex 45.084 369.504 -16.5025
      vertex 44.796 369.37 -16.9145
    endloop
  endfacet
  facet normal 0.768374 0.364978 -0.52573
    outer loop
      vertex 45.0783 369.516 -16.5025
      vertex 45.084 369.504 -16.5025
      vertex 45.077 369.516 -16.5044
    endloop
  endfacet
  facet normal 0.542572 0.2532 -0.80094
    outer loop
      vertex 44.7904 369.382 -16.9145
      vertex 44.796 369.37 -16.9145
      vertex 44.7888 369.381 -16.9159
    endloop
  endfacet
  facet normal 0.550786 0.259554 -0.793263
    outer loop
      vertex 44.42 369.196 -17.2325
      vertex 44.7888 369.381 -16.9159
      vertex 44.796 369.37 -16.9145
    endloop
  endfacet
  facet normal 0.554453 0.252024 -0.793136
    outer loop
      vertex 44.7888 369.381 -16.9159
      vertex 44.42 369.196 -17.2325
      vertex 44.415 369.207 -17.2325
    endloop
  endfacet
  facet normal 0.34381 0.156277 -0.925944
    outer loop
      vertex 44.415 369.207 -17.2325
      vertex 44.42 369.196 -17.2325
      vertex 44.4133 369.206 -17.2333
    endloop
  endfacet
  facet normal 0.347109 0.158618 -0.924314
    outer loop
      vertex 44.42 369.196 -17.2325
      vertex 44.3437 369.173 -17.2651
      vertex 44.4133 369.206 -17.2333
    endloop
  endfacet
  facet normal 0.345006 0.1651 -0.923966
    outer loop
      vertex 43.982 368.992 -17.4325
      vertex 44.3437 369.173 -17.2651
      vertex 44.42 369.196 -17.2325
    endloop
  endfacet
  facet normal 0.344804 0.165506 -0.923968
    outer loop
      vertex 44.3437 369.173 -17.2651
      vertex 43.982 368.992 -17.4325
      vertex 43.9772 369.002 -17.4325
    endloop
  endfacet
  facet normal 0.11885 0.054109 -0.991437
    outer loop
      vertex 43.514 368.774 -17.5005
      vertex 43.9754 369.001 -17.4328
      vertex 43.982 368.992 -17.4325
    endloop
  endfacet
  facet normal 0.118625 0.0545675 -0.991439
    outer loop
      vertex 43.9754 369.001 -17.4328
      vertex 43.514 368.774 -17.5005
      vertex 43.5094 368.784 -17.5005
    endloop
  endfacet
  facet normal 0.1302 0.0624958 -0.989516
    outer loop
      vertex 43.9772 369.002 -17.4325
      vertex 43.982 368.992 -17.4325
      vertex 43.9754 369.001 -17.4328
    endloop
  endfacet
  facet normal 0.911922 0.410365 0
    outer loop
      vertex 45.326 369.618 15.4995
      vertex 45.3206 369.63 -15.5005
      vertex 45.3206 369.63 15.4995
    endloop
  endfacet
  facet normal 0.911922 0.410365 0
    outer loop
      vertex 45.3206 369.63 -15.5005
      vertex 45.326 369.618 15.4995
      vertex 45.326 369.618 -15.5005
    endloop
  endfacet
  facet normal -0.422589 0.906321 0
    outer loop
      vertex 12.452 357.6 -17.5005
      vertex 21.8779 361.995 -16.2372
      vertex 21.8779 361.995 -17.5005
    endloop
  endfacet
  facet normal -0.422589 0.906321 0
    outer loop
      vertex 21.8779 361.995 -16.2372
      vertex 12.452 357.6 -17.5005
      vertex 12.452 357.6 -15.6525
    endloop
  endfacet
  facet normal -0.422562 0.906333 -0.00124398
    outer loop
      vertex 22.0787 362.089 -15.96
      vertex 21.8779 361.995 -16.2372
      vertex 18.6834 360.506 -15.96
    endloop
  endfacet
  facet normal -0.422965 0.906139 -0.0036959
    outer loop
      vertex 18.6832 360.506 -14.6582
      vertex 16.4705 359.474 -14.4527
      vertex 16.515 359.495 -14.3967
    endloop
  endfacet
  facet normal -0.422663 0.906287 0.000301012
    outer loop
      vertex 18.6832 360.506 -14.6582
      vertex 16.4426 359.461 -14.4878
      vertex 16.4705 359.474 -14.4527
    endloop
  endfacet
  facet normal -0.422686 0.906276 -6.49387e-05
    outer loop
      vertex 18.6834 360.506 -15.96
      vertex 16.4426 359.461 -14.4878
      vertex 18.6832 360.506 -14.6582
    endloop
  endfacet
  facet normal -0.414707 0.909838 0.0146083
    outer loop
      vertex 16.4426 359.461 -14.4878
      vertex 18.6834 360.506 -15.96
      vertex 16.4108 359.447 -14.5186
    endloop
  endfacet
  facet normal -0.422846 0.906201 -0.000897417
    outer loop
      vertex 16.4108 359.447 -14.5186
      vertex 18.6834 360.506 -15.96
      vertex 16.3445 359.416 -14.5827
    endloop
  endfacet
  facet normal -0.426389 0.904502 -0.00825772
    outer loop
      vertex 16.3445 359.416 -14.5827
      vertex 18.6834 360.506 -15.96
      vertex 16.2713 359.381 -14.6367
    endloop
  endfacet
  facet normal -0.418892 0.907998 0.00837945
    outer loop
      vertex 16.2713 359.381 -14.6367
      vertex 18.6834 360.506 -15.96
      vertex 16.2361 359.365 -14.6626
    endloop
  endfacet
  facet normal -0.423556 0.905867 -0.00229174
    outer loop
      vertex 16.2361 359.365 -14.6626
      vertex 18.6834 360.506 -15.96
      vertex 16.1572 359.328 -14.7056
    endloop
  endfacet
  facet normal -0.425225 0.905065 -0.00640683
    outer loop
      vertex 16.1572 359.328 -14.7056
      vertex 18.6834 360.506 -15.96
      vertex 16.1192 359.31 -14.7263
    endloop
  endfacet
  facet normal -0.415243 0.909519 0.0186591
    outer loop
      vertex 16.1192 359.31 -14.7263
      vertex 18.6834 360.506 -15.96
      vertex 16.0791 359.292 -14.7413
    endloop
  endfacet
  facet normal -0.423111 0.906076 -0.00158581
    outer loop
      vertex 16.0791 359.292 -14.7413
      vertex 18.6834 360.506 -15.96
      vertex 15.9957 359.253 -14.7725
    endloop
  endfacet
  facet normal -0.423983 0.905661 -0.00399572
    outer loop
      vertex 15.9957 359.253 -14.7725
      vertex 18.6834 360.506 -15.96
      vertex 15.8678 359.193 -14.8006
    endloop
  endfacet
  facet normal -0.422704 0.906268 -0.00020375
    outer loop
      vertex 15.8678 359.193 -14.8006
      vertex 18.6834 360.506 -15.96
      vertex 15.7799 359.152 -14.8069
    endloop
  endfacet
  facet normal -0.412247 0.91054 0.0311447
    outer loop
      vertex 15.7799 359.152 -14.8069
      vertex 18.6834 360.506 -15.96
      vertex 15.7377 359.133 -14.81
    endloop
  endfacet
  facet normal -0.422674 0.906281 -0.00065029
    outer loop
      vertex 15.7377 359.133 -14.81
      vertex 18.6834 360.506 -15.96
      vertex 12.452 357.6 -15.6525
    endloop
  endfacet
  facet normal -0.422871 0.906172 -0.00567079
    outer loop
      vertex 12.452 357.6 -15.6525
      vertex 18.6834 360.506 -15.96
      vertex 21.8779 361.995 -16.2372
    endloop
  endfacet
  facet normal -0.422737 0.906252 -0.000352649
    outer loop
      vertex 12.452 357.6 -15.6525
      vertex 15.6498 359.092 -14.8036
      vertex 15.7377 359.133 -14.81
    endloop
  endfacet
  facet normal -0.427028 0.904091 0.0163393
    outer loop
      vertex 15.3562 358.955 -14.7263
      vertex 12.452 357.6 -15.6525
      vertex 15.3085 358.932 -14.7003
    endloop
  endfacet
  facet normal -0.421077 0.907001 -0.00657956
    outer loop
      vertex 15.4797 359.012 -14.7725
      vertex 12.452 357.6 -15.6525
      vertex 15.3562 358.955 -14.7263
    endloop
  endfacet
  facet normal -0.42382 0.905733 0.00489094
    outer loop
      vertex 15.6076 359.072 -14.8006
      vertex 12.452 357.6 -15.6525
      vertex 15.4797 359.012 -14.7725
    endloop
  endfacet
  facet normal -0.427038 0.904017 0.0197774
    outer loop
      vertex 15.6498 359.092 -14.8036
      vertex 12.452 357.6 -15.6525
      vertex 15.6076 359.072 -14.8006
    endloop
  endfacet
  facet normal -0.422466 0.906379 0.000163715
    outer loop
      vertex 18.6832 360.506 -14.6582
      vertex 16.5486 359.511 -14.3465
      vertex 18.6834 360.506 -14.1421
    endloop
  endfacet
  facet normal -0.424466 0.905284 -0.017025
    outer loop
      vertex 16.5486 359.511 -14.3465
      vertex 18.6832 360.506 -14.6582
      vertex 16.5286 359.501 -14.3796
    endloop
  endfacet
  facet normal -0.420906 0.906954 0.0165263
    outer loop
      vertex 16.5286 359.501 -14.3796
      vertex 18.6832 360.506 -14.6582
      vertex 16.515 359.495 -14.3967
    endloop
  endfacet
  facet normal -0.430902 0.902379 0.00592464
    outer loop
      vertex 13.6987 358.181 10.54
      vertex 15.0807 358.825 12.9661
      vertex 15.0993 358.834 12.9481
    endloop
  endfacet
  facet normal -0.425158 0.905117 0.00184175
    outer loop
      vertex 13.6987 358.181 10.54
      vertex 15.0993 358.834 12.9481
      vertex 15.1311 358.849 12.9173
    endloop
  endfacet
  facet normal -0.419017 0.907978 -0.000807211
    outer loop
      vertex 14.7413 358.667 10.54
      vertex 15.1311 358.849 12.9173
      vertex 15.2396 358.899 12.8374
    endloop
  endfacet
  facet normal -0.433087 0.901345 0.00346928
    outer loop
      vertex 14.7413 358.667 10.54
      vertex 15.3565 358.954 12.7737
      vertex 15.3648 358.958 12.7706
    endloop
  endfacet
  facet normal -0.425338 0.905034 0.000861011
    outer loop
      vertex 14.7413 358.667 10.54
      vertex 15.2396 358.899 12.8374
      vertex 15.3565 358.954 12.7737
    endloop
  endfacet
  facet normal -0.422495 0.906365 -0.000113507
    outer loop
      vertex 15.1311 358.849 12.9173
      vertex 14.7413 358.667 10.54
      vertex 13.6987 358.181 10.54
    endloop
  endfacet
  facet normal -0.422393 0.906413 7.25855e-06
    outer loop
      vertex 15.0807 358.825 12.9661
      vertex 13.6987 358.181 10.54
      vertex 12.452 357.6 14.4235
    endloop
  endfacet
  facet normal -0.422412 0.906404 0
    outer loop
      vertex 13.6987 358.181 6.80992
      vertex 12.452 357.6 14.4235
      vertex 13.6987 358.181 10.54
    endloop
  endfacet
  facet normal -0.422412 0.906404 0
    outer loop
      vertex 12.452 357.6 14.4235
      vertex 13.6987 358.181 6.80992
      vertex 12.452 357.6 2.3495
    endloop
  endfacet
  facet normal -0.426473 0.9045 -0.000739746
    outer loop
      vertex 15.3565 358.954 -12.6937
      vertex 15.0048 358.79 -10.46
      vertex 15.4434 358.995 -12.6612
    endloop
  endfacet
  facet normal -0.422412 0.906404 0
    outer loop
      vertex 12.452 357.6 -14.4445
      vertex 13.6987 358.181 -3.90633
      vertex 13.6987 358.181 -10.46
    endloop
  endfacet
  facet normal -0.41934 0.907829 0.00062773
    outer loop
      vertex 15.2395 358.9 -12.7574
      vertex 15.0048 358.79 -10.46
      vertex 15.3565 358.954 -12.6937
    endloop
  endfacet
  facet normal -0.422593 0.90632 0.000223119
    outer loop
      vertex 15.0048 358.79 -10.46
      vertex 15.2395 358.9 -12.7574
      vertex 13.6987 358.181 -10.46
    endloop
  endfacet
  facet normal -0.424775 0.905298 -0.0015598
    outer loop
      vertex 15.1311 358.849 -12.8373
      vertex 13.6987 358.181 -10.46
      vertex 15.2395 358.9 -12.7574
    endloop
  endfacet
  facet normal -0.424468 0.905442 -0.00133453
    outer loop
      vertex 15.0992 358.834 -12.8681
      vertex 13.6987 358.181 -10.46
      vertex 15.1311 358.849 -12.8373
    endloop
  endfacet
  facet normal -0.423544 0.905875 -0.000679439
    outer loop
      vertex 15.033 358.803 -12.9322
      vertex 13.6987 358.181 -10.46
      vertex 15.0992 358.834 -12.8681
    endloop
  endfacet
  facet normal -0.422224 0.906492 0.000187855
    outer loop
      vertex 14.975 358.776 -13.0052
      vertex 13.6987 358.181 -10.46
      vertex 15.033 358.803 -12.9322
    endloop
  endfacet
  facet normal -0.421661 0.906753 0.00053145
    outer loop
      vertex 14.947 358.763 -13.0404
      vertex 13.6987 358.181 -10.46
      vertex 14.975 358.776 -13.0052
    endloop
  endfacet
  facet normal -0.421757 0.906709 0.000474802
    outer loop
      vertex 14.919 358.75 -13.0867
      vertex 13.6987 358.181 -10.46
      vertex 14.947 358.763 -13.0404
    endloop
  endfacet
  facet normal -0.422412 0.906404 0
    outer loop
      vertex 13.6987 358.181 -3.90633
      vertex 12.452 357.6 -14.4445
      vertex 12.452 357.6 2.3495
    endloop
  endfacet
  facet normal -0.422522 0.906353 4.21042e-05
    outer loop
      vertex 12.452 357.6 -14.4445
      vertex 13.6987 358.181 -10.46
      vertex 14.919 358.75 -13.0867
    endloop
  endfacet
  facet normal -0.422412 0.906404 0
    outer loop
      vertex 13.6987 358.181 6.80992
      vertex 13.6987 358.181 -3.90633
      vertex 12.452 357.6 2.3495
    endloop
  endfacet
  facet normal -0.422731 0.906255 7.12272e-05
    outer loop
      vertex 14.7413 358.667 10.54
      vertex 15.3741 358.962 12.7671
      vertex 15.3823 358.966 10.54
    endloop
  endfacet
  facet normal -0.397793 0.917436 -0.00849536
    outer loop
      vertex 15.3741 358.962 12.7671
      vertex 14.7413 358.667 10.54
      vertex 15.3648 358.958 12.7706
    endloop
  endfacet
  facet normal -0.422569 0.906331 0.000111661
    outer loop
      vertex 15.4675 359.006 -12.6521
      vertex 15.0048 358.79 -10.46
      vertex 15.4595 359.002 -10.46
    endloop
  endfacet
  facet normal -0.415801 0.909454 0.00184792
    outer loop
      vertex 15.0048 358.79 -10.46
      vertex 15.4675 359.006 -12.6521
      vertex 15.4434 358.995 -12.6612
    endloop
  endfacet
  facet normal -0.416888 0.908845 -0.0142866
    outer loop
      vertex 14.8352 358.712 -13.247
      vertex 12.452 357.6 -14.4445
      vertex 14.8433 358.716 -13.2289
    endloop
  endfacet
  facet normal -0.427106 0.904141 0.0104172
    outer loop
      vertex 12.452 357.6 -14.4445
      vertex 14.8352 358.712 -13.247
      vertex 12.45 357.6 -14.5265
    endloop
  endfacet
  facet normal -0.429067 0.903154 0.0146429
    outer loop
      vertex 14.8744 358.73 -13.16
      vertex 12.452 357.6 -14.4445
      vertex 14.919 358.75 -13.0867
    endloop
  endfacet
  facet normal -0.42654 0.904426 0.0087582
    outer loop
      vertex 12.452 357.6 -14.4445
      vertex 14.8744 358.73 -13.16
      vertex 14.8433 358.716 -13.2289
    endloop
  endfacet
  facet normal -0.422766 0.906239 0.000129871
    outer loop
      vertex 18.6835 360.505 16.04
      vertex 21.8779 361.995 17.4995
      vertex 21.4766 361.808 16.04
    endloop
  endfacet
  facet normal -0.422589 0.906321 -0.000342775
    outer loop
      vertex 21.8779 361.995 17.4995
      vertex 18.6835 360.505 16.04
      vertex 12.452 357.6 17.4995
    endloop
  endfacet
  facet normal -0.422554 0.906338 -0.000162063
    outer loop
      vertex 18.6835 360.505 16.04
      vertex 15.7776 359.15 14.8871
      vertex 12.452 357.6 17.4995
    endloop
  endfacet
  facet normal -0.516163 0.739953 0.431331
    outer loop
      vertex 18.6835 360.505 16.04
      vertex 15.7803 359.152 14.8869
      vertex 15.7776 359.15 14.8871
    endloop
  endfacet
  facet normal -0.423005 0.906126 0.00180266
    outer loop
      vertex 18.6835 360.505 16.04
      vertex 15.8681 359.193 14.8806
      vertex 15.7803 359.152 14.8869
    endloop
  endfacet
  facet normal -0.420094 0.907455 -0.0067688
    outer loop
      vertex 18.6835 360.505 16.04
      vertex 15.996 359.252 14.8525
      vertex 15.8681 359.193 14.8806
    endloop
  endfacet
  facet normal -0.423123 0.906071 0.00154721
    outer loop
      vertex 18.6835 360.505 16.04
      vertex 16.0794 359.291 14.8213
      vertex 15.996 359.252 14.8525
    endloop
  endfacet
  facet normal -0.425663 0.904844 0.00819626
    outer loop
      vertex 18.6835 360.505 16.04
      vertex 16.1195 359.31 14.8063
      vertex 16.0794 359.291 14.8213
    endloop
  endfacet
  facet normal -0.415819 0.909296 -0.0165748
    outer loop
      vertex 18.6835 360.505 16.04
      vertex 16.1575 359.327 14.7856
      vertex 16.1195 359.31 14.8063
    endloop
  endfacet
  facet normal -0.422365 0.906426 0
    outer loop
      vertex 16.443 359.461 14.5678
      vertex 18.6835 360.505 16.04
      vertex 18.6835 360.505 14.7823
    endloop
  endfacet
  facet normal -0.423361 0.90596 0.00174462
    outer loop
      vertex 18.6835 360.505 16.04
      vertex 16.2365 359.364 14.7426
      vertex 16.1575 359.327 14.7856
    endloop
  endfacet
  facet normal -0.427748 0.90382 0.0119005
    outer loop
      vertex 18.6835 360.505 16.04
      vertex 16.2717 359.381 14.7167
      vertex 16.2365 359.364 14.7426
    endloop
  endfacet
  facet normal -0.421924 0.90663 -0.00110024
    outer loop
      vertex 18.6835 360.505 16.04
      vertex 16.3449 359.415 14.6627
      vertex 16.2717 359.381 14.7167
    endloop
  endfacet
  facet normal -0.423072 0.906095 0.00127261
    outer loop
      vertex 18.6835 360.505 16.04
      vertex 16.4111 359.446 14.5986
      vertex 16.3449 359.415 14.6627
    endloop
  endfacet
  facet normal -0.423645 0.905825 0.00237371
    outer loop
      vertex 18.6835 360.505 16.04
      vertex 16.443 359.461 14.5678
      vertex 16.4111 359.446 14.5986
    endloop
  endfacet
  facet normal -0.422364 0.906426 -1.17821e-05
    outer loop
      vertex 18.6835 360.505 14.7823
      vertex 16.4709 359.474 14.5327
      vertex 16.443 359.461 14.5678
    endloop
  endfacet
  facet normal -0.405096 0.903401 -0.140585
    outer loop
      vertex 16.4709 359.474 14.5327
      vertex 18.6835 360.505 14.7823
      vertex 16.4749 359.475 14.5276
    endloop
  endfacet
  facet normal -0.425127 0.905071 -0.0106717
    outer loop
      vertex 15.336 358.944 14.7951
      vertex 15.3003 358.927 14.7755
      vertex 12.452 357.6 15.6995
    endloop
  endfacet
  facet normal -0.422702 0.906268 -0.000228734
    outer loop
      vertex 15.6501 359.091 14.8836
      vertex 12.452 357.6 17.4995
      vertex 15.738 359.132 14.89
    endloop
  endfacet
  facet normal -0.412863 0.910674 0.0147484
    outer loop
      vertex 15.738 359.132 14.89
      vertex 12.452 357.6 17.4995
      vertex 15.7776 359.15 14.8871
    endloop
  endfacet
  facet normal -0.427802 0.903839 -0.00784779
    outer loop
      vertex 15.6079 359.071 14.8806
      vertex 12.452 357.6 17.4995
      vertex 15.6501 359.091 14.8836
    endloop
  endfacet
  facet normal -0.419628 0.907686 0.00416264
    outer loop
      vertex 15.48 359.012 14.8525
      vertex 12.452 357.6 17.4995
      vertex 15.6079 359.071 14.8806
    endloop
  endfacet
  facet normal -0.424351 0.905494 -0.00240923
    outer loop
      vertex 15.3565 358.954 14.8063
      vertex 12.452 357.6 17.4995
      vertex 15.48 359.012 14.8525
    endloop
  endfacet
  facet normal -0.432536 0.90152 -0.0132339
    outer loop
      vertex 15.336 358.944 14.7951
      vertex 12.452 357.6 17.4995
      vertex 15.3565 358.954 14.8063
    endloop
  endfacet
  facet normal -0.422404 0.906408 0
    outer loop
      vertex 12.452 357.6 17.4995
      vertex 15.336 358.944 14.7951
      vertex 12.452 357.6 15.6995
    endloop
  endfacet
  facet normal -0.41933 0.907771 0.0106819
    outer loop
      vertex 15.2395 358.899 14.7426
      vertex 12.45 357.6 15.6295
      vertex 15.2834 358.919 14.7663
    endloop
  endfacet
  facet normal -0.414986 0.909433 0.0267778
    outer loop
      vertex 12.45 357.6 15.6295
      vertex 15.2395 358.899 14.7426
      vertex 15.1889 358.877 14.7056
    endloop
  endfacet
  facet normal -0.424373 0.905454 -0.00779661
    outer loop
      vertex 15.2834 358.919 14.7663
      vertex 12.452 357.6 15.6995
      vertex 15.3003 358.927 14.7755
    endloop
  endfacet
  facet normal -0.419 0.907907 0.0119714
    outer loop
      vertex 12.452 357.6 15.6995
      vertex 15.2834 358.919 14.7663
      vertex 12.45 357.6 15.6295
    endloop
  endfacet
  facet normal -0.424976 0.905199 0.00314259
    outer loop
      vertex 16.298 359.394 -12.5385
      vertex 18.2538 360.305 -10.46
      vertex 18.4029 360.375 -10.46
    endloop
  endfacet
  facet normal -0.424 0.90566 0.00202202
    outer loop
      vertex 18.2538 360.305 -10.46
      vertex 16.298 359.394 -12.5385
      vertex 16.076 359.29 -12.5085
    endloop
  endfacet
  facet normal -0.428663 0.903428 0.00808562
    outer loop
      vertex 16.076 359.29 -12.5085
      vertex 18.1421 360.252 -10.46
      vertex 18.2538 360.305 -10.46
    endloop
  endfacet
  facet normal -0.432221 0.901681 0.0124941
    outer loop
      vertex 18.1421 360.252 -10.46
      vertex 16.076 359.29 -12.5085
      vertex 15.854 359.184 -12.5385
    endloop
  endfacet
  facet normal -0.410174 0.911849 -0.0170002
    outer loop
      vertex 15.854 359.184 -12.5385
      vertex 18.0843 360.226 -10.46
      vertex 18.1421 360.252 -10.46
    endloop
  endfacet
  facet normal -0.420409 0.9072 0.0156087
    outer loop
      vertex 15.6699 359.1 -12.6149
      vertex 15.854 359.184 -12.5385
      vertex 15.6937 359.111 -12.6132
    endloop
  endfacet
  facet normal -0.408391 0.912603 -0.019292
    outer loop
      vertex 15.854 359.184 -12.5385
      vertex 15.6699 359.1 -12.6149
      vertex 18.0843 360.226 -10.46
    endloop
  endfacet
  facet normal -0.423026 0.906118 -7.52894e-05
    outer loop
      vertex 16.1747 359.334 10.54
      vertex 15.5728 359.053 10.54
      vertex 15.566 359.05 12.6415
    endloop
  endfacet
  facet normal -0.422504 0.906361 -0.000218066
    outer loop
      vertex 15.6699 359.1 -12.6149
      vertex 15.6409 359.087 -10.46
      vertex 18.0843 360.226 -10.46
    endloop
  endfacet
  facet normal -0.413798 0.910369 -7.67335e-05
    outer loop
      vertex 15.6501 359.091 -12.6164
      vertex 15.6409 359.087 -10.46
      vertex 15.6699 359.1 -12.6149
    endloop
  endfacet
  facet normal -0.4138 0.910368 -7.67433e-05
    outer loop
      vertex 15.6409 359.087 -10.46
      vertex 15.6501 359.091 -12.6164
      vertex 15.6479 359.09 -12.6165
    endloop
  endfacet
  facet normal -0.425212 0.905094 -8.38255e-05
    outer loop
      vertex 15.566 359.05 12.6415
      vertex 15.5728 359.053 10.54
      vertex 15.5579 359.046 10.54
    endloop
  endfacet
  facet normal -0.425212 0.905094 -0.000121123
    outer loop
      vertex 15.6479 359.09 -12.6165
      vertex 15.477 359.01 -10.46
      vertex 15.6409 359.087 -10.46
    endloop
  endfacet
  facet normal -0.428159 0.903703 -0.000406281
    outer loop
      vertex 15.6078 359.071 -12.6194
      vertex 15.477 359.01 -10.46
      vertex 15.6479 359.09 -12.6165
    endloop
  endfacet
  facet normal -0.419195 0.907896 0.000255181
    outer loop
      vertex 15.48 359.012 -12.6475
      vertex 15.477 359.01 -10.46
      vertex 15.6078 359.071 -12.6194
    endloop
  endfacet
  facet normal -0.462618 0.886558 0.00017612
    outer loop
      vertex 15.477 359.01 -10.46
      vertex 15.48 359.012 -12.6475
      vertex 15.4685 359.006 -12.6518
    endloop
  endfacet
  facet normal -0.4087 0.912547 0.0149242
    outer loop
      vertex 15.566 359.05 12.6415
      vertex 15.3741 358.962 12.7671
      vertex 15.4512 358.997 12.7384
    endloop
  endfacet
  facet normal -0.414584 0.910011 -0.00013415
    outer loop
      vertex 15.3823 358.966 10.54
      vertex 15.566 359.05 12.6415
      vertex 15.5579 359.046 10.54
    endloop
  endfacet
  facet normal -0.416781 0.909007 9.8075e-05
    outer loop
      vertex 15.566 359.05 12.6415
      vertex 15.3823 358.966 10.54
      vertex 15.3741 358.962 12.7671
    endloop
  endfacet
  facet normal -0.41576 0.909474 -4.74222e-05
    outer loop
      vertex 15.4685 359.006 -12.6518
      vertex 15.4595 359.002 -10.46
      vertex 15.477 359.01 -10.46
    endloop
  endfacet
  facet normal -0.000546821 0.999998 0.00182274
    outer loop
      vertex 15.4595 359.002 -10.46
      vertex 15.4685 359.006 -12.6518
      vertex 15.4675 359.006 -12.6521
    endloop
  endfacet
  facet normal -0.419688 0.907648 -0.00609568
    outer loop
      vertex 14.7701 358.68 -13.4534
      vertex 12.45 357.6 -14.5265
      vertex 14.7741 358.682 -13.431
    endloop
  endfacet
  facet normal -0.419346 0.9078 -0.00698909
    outer loop
      vertex 12.45 357.6 -14.5265
      vertex 14.7701 358.68 -13.4534
      vertex 12.452 357.6 -14.6465
    endloop
  endfacet
  facet normal -0.418999 0.907951 -0.00800646
    outer loop
      vertex 14.8165 358.703 -13.289
      vertex 12.45 357.6 -14.5265
      vertex 14.8352 358.712 -13.247
    endloop
  endfacet
  facet normal -0.420054 0.907482 -0.00557156
    outer loop
      vertex 14.7751 358.683 -13.4253
      vertex 12.45 357.6 -14.5265
      vertex 14.8165 358.703 -13.289
    endloop
  endfacet
  facet normal -0.383471 0.918766 -0.0939114
    outer loop
      vertex 12.45 357.6 -14.5265
      vertex 14.7751 358.683 -13.4253
      vertex 14.7741 358.682 -13.431
    endloop
  endfacet
  facet normal -0.419184 0.907859 -0.00871931
    outer loop
      vertex 14.7429 358.667 -13.6857
      vertex 12.452 357.6 -14.6465
      vertex 14.7445 358.668 -13.6585
    endloop
  endfacet
  facet normal -0.422207 0.906499 0
    outer loop
      vertex 12.452 357.6 -14.6465
      vertex 14.7429 358.667 -13.6857
      vertex 12.452 357.6 -14.8005
    endloop
  endfacet
  facet normal -0.420104 0.907461 -0.00520795
    outer loop
      vertex 14.7499 358.67 -13.5664
      vertex 12.452 357.6 -14.6465
      vertex 14.7701 358.68 -13.4534
    endloop
  endfacet
  facet normal -0.424126 0.905588 0.00520197
    outer loop
      vertex 12.452 357.6 -14.6465
      vertex 14.7499 358.67 -13.5664
      vertex 14.7445 358.668 -13.6585
    endloop
  endfacet
  facet normal -0.419099 0.907885 -0.010062
    outer loop
      vertex 14.7618 358.676 -13.9209
      vertex 12.452 357.6 -14.8005
      vertex 14.7568 358.674 -13.8931
    endloop
  endfacet
  facet normal -0.422271 0.90647 0
    outer loop
      vertex 12.452 357.6 -14.8005
      vertex 14.7618 358.676 -13.9209
      vertex 12.452 357.6 -14.9725
    endloop
  endfacet
  facet normal -0.417528 0.90859 -0.0116172
    outer loop
      vertex 14.7414 358.666 -13.71
      vertex 12.452 357.6 -14.8005
      vertex 14.7429 358.667 -13.6857
    endloop
  endfacet
  facet normal -0.424712 0.905304 0.00667783
    outer loop
      vertex 14.7498 358.671 -13.8536
      vertex 12.452 357.6 -14.8005
      vertex 14.7414 358.666 -13.71
    endloop
  endfacet
  facet normal -0.420551 0.907251 -0.00562285
    outer loop
      vertex 12.452 357.6 -14.8005
      vertex 14.7498 358.671 -13.8536
      vertex 14.7568 358.674 -13.8931
    endloop
  endfacet
  facet normal -0.422663 0.906287 -0.000345775
    outer loop
      vertex 14.8164 358.703 -14.131
      vertex 12.452 357.6 -14.9725
      vertex 14.8121 358.701 -14.1169
    endloop
  endfacet
  facet normal -0.426991 0.904137 0.0146337
    outer loop
      vertex 14.8223 358.706 -14.1442
      vertex 12.452 357.6 -14.9725
      vertex 14.8164 358.703 -14.131
    endloop
  endfacet
  facet normal -0.424219 0.905547 0.00482068
    outer loop
      vertex 12.452 357.6 -14.9725
      vertex 14.8223 358.706 -14.1442
      vertex 12.45 357.6 -15.1485
    endloop
  endfacet
  facet normal -0.426053 0.904641 0.0101787
    outer loop
      vertex 14.7749 358.683 -13.9947
      vertex 12.452 357.6 -14.9725
      vertex 14.7618 358.676 -13.9209
    endloop
  endfacet
  facet normal -0.424045 0.905631 0.00431163
    outer loop
      vertex 12.452 357.6 -14.9725
      vertex 14.7749 358.683 -13.9947
      vertex 14.8121 358.701 -14.1169
    endloop
  endfacet
  facet normal -0.422413 0.906403 0.000349135
    outer loop
      vertex 14.9226 358.752 -14.3393
      vertex 12.45 357.6 -15.1485
      vertex 14.9076 358.745 -14.3146
    endloop
  endfacet
  facet normal -0.420933 0.907077 -0.00513333
    outer loop
      vertex 12.45 357.6 -15.1485
      vertex 14.9226 358.752 -14.3393
      vertex 12.452 357.6 -15.3125
    endloop
  endfacet
  facet normal -0.421885 0.906647 -0.00190569
    outer loop
      vertex 14.8744 358.73 -14.26
      vertex 12.45 357.6 -15.1485
      vertex 14.8223 358.706 -14.1442
    endloop
  endfacet
  facet normal -0.420509 0.907265 -0.00644562
    outer loop
      vertex 12.45 357.6 -15.1485
      vertex 14.8744 358.73 -14.26
      vertex 14.9076 358.745 -14.3146
    endloop
  endfacet
  facet normal -0.422314 0.906449 -0.000565118
    outer loop
      vertex 15.033 358.803 -14.4878
      vertex 12.452 357.6 -15.3125
      vertex 15.0244 358.799 -14.477
    endloop
  endfacet
  facet normal -0.429335 0.902858 0.022778
    outer loop
      vertex 12.452 357.6 -15.4525
      vertex 15.033 358.803 -14.4878
      vertex 15.043 358.808 -14.4975
    endloop
  endfacet
  facet normal -0.422462 0.90638 0
    outer loop
      vertex 15.033 358.803 -14.4878
      vertex 12.452 357.6 -15.4525
      vertex 12.452 357.6 -15.3125
    endloop
  endfacet
  facet normal -0.422242 0.906483 -0.000834182
    outer loop
      vertex 12.452 357.6 -15.3125
      vertex 14.9749 358.776 -14.4148
      vertex 15.0244 358.799 -14.477
    endloop
  endfacet
  facet normal -0.42037 0.907327 -0.00685915
    outer loop
      vertex 14.947 358.763 -14.3796
      vertex 12.452 357.6 -15.3125
      vertex 14.9226 358.752 -14.3393
    endloop
  endfacet
  facet normal -0.422457 0.906383 -0.000101106
    outer loop
      vertex 14.9749 358.776 -14.4148
      vertex 12.452 357.6 -15.3125
      vertex 14.947 358.763 -14.3796
    endloop
  endfacet
  facet normal -0.428071 0.90352 0.0201695
    outer loop
      vertex 12.454 357.6 -15.5585
      vertex 15.1483 358.855 -14.5949
      vertex 15.1687 358.865 -14.6099
    endloop
  endfacet
  facet normal -0.419896 0.907538 -0.00792256
    outer loop
      vertex 15.1483 358.855 -14.5949
      vertex 12.454 357.6 -15.5585
      vertex 12.452 357.6 -15.4525
    endloop
  endfacet
  facet normal -0.417591 0.90849 -0.0162067
    outer loop
      vertex 15.0995 358.833 -14.5519
      vertex 12.452 357.6 -15.4525
      vertex 15.043 358.808 -14.4975
    endloop
  endfacet
  facet normal -0.422488 0.906368 0.00109304
    outer loop
      vertex 15.1316 358.848 -14.5827
      vertex 12.452 357.6 -15.4525
      vertex 15.0995 358.833 -14.5519
    endloop
  endfacet
  facet normal -0.411102 0.910703 -0.0402033
    outer loop
      vertex 12.452 357.6 -15.4525
      vertex 15.1316 358.848 -14.5827
      vertex 15.1483 358.855 -14.5949
    endloop
  endfacet
  facet normal -0.437791 0.897206 0.0579635
    outer loop
      vertex 12.45 357.6 -15.6265
      vertex 15.2474 358.903 -14.667
      vertex 15.2646 358.912 -14.6764
    endloop
  endfacet
  facet normal -0.429201 0.902856 0.0252471
    outer loop
      vertex 15.2474 358.903 -14.667
      vertex 12.45 357.6 -15.6265
      vertex 12.454 357.6 -15.5585
    endloop
  endfacet
  facet normal -0.428972 0.903014 0.023421
    outer loop
      vertex 15.2395 358.9 -14.6626
      vertex 12.454 357.6 -15.5585
      vertex 15.1687 358.865 -14.6099
    endloop
  endfacet
  facet normal -0.397161 0.913287 -0.0903895
    outer loop
      vertex 12.454 357.6 -15.5585
      vertex 15.2395 358.9 -14.6626
      vertex 15.2474 358.903 -14.667
    endloop
  endfacet
  facet normal -0.417176 0.908623 -0.0192245
    outer loop
      vertex 12.452 357.6 -15.6525
      vertex 15.2646 358.912 -14.6764
      vertex 15.2713 358.915 -14.68
    endloop
  endfacet
  facet normal -0.413441 0.909975 -0.0318032
    outer loop
      vertex 15.2646 358.912 -14.6764
      vertex 12.452 357.6 -15.6525
      vertex 12.45 357.6 -15.6265
    endloop
  endfacet
  facet normal -0.419962 0.907491 -0.00961714
    outer loop
      vertex 15.2713 358.915 -14.68
      vertex 15.3085 358.932 -14.7003
      vertex 12.452 357.6 -15.6525
    endloop
  endfacet
  facet normal -0.425107 0.904084 0.0437784
    outer loop
      vertex 18.6834 360.506 -14.1421
      vertex 17.9662 360.169 -14.1469
      vertex 18.6841 360.504 -14.094
    endloop
  endfacet
  facet normal -0.425169 0.904292 0.038557
    outer loop
      vertex 16.5486 359.511 -14.3465
      vertex 17.9662 360.169 -14.1469
      vertex 18.6834 360.506 -14.1421
    endloop
  endfacet
  facet normal -0.425053 0.904396 0.0373871
    outer loop
      vertex 17.9662 360.169 -14.1469
      vertex 16.5486 359.511 -14.3465
      vertex 16.5982 359.531 -14.2664
    endloop
  endfacet
  facet normal -0.422658 0.906288 -0.00158596
    outer loop
      vertex 17.9662 360.169 -14.1469
      vertex 18.6839 360.504 -13.98
      vertex 18.6841 360.504 -14.0333
    endloop
  endfacet
  facet normal -0.422152 0.906515 -0.00421627
    outer loop
      vertex 18.6839 360.504 -13.98
      vertex 17.9662 360.169 -14.1469
      vertex 16.684 359.572 -14.1245
    endloop
  endfacet
  facet normal -0.422171 0.906498 -0.00573878
    outer loop
      vertex 16.6021 359.533 -14.26
      vertex 16.684 359.572 -14.1245
      vertex 17.9662 360.169 -14.1469
    endloop
  endfacet
  facet normal -0.406862 0.913332 -0.0169592
    outer loop
      vertex 16.684 359.572 -14.1245
      vertex 16.6021 359.533 -14.26
      vertex 16.6493 359.556 -14.1537
    endloop
  endfacet
  facet normal -0.420566 0.906857 -0.02711
    outer loop
      vertex 16.6021 359.533 -14.26
      vertex 17.9662 360.169 -14.1469
      vertex 16.5982 359.531 -14.2664
    endloop
  endfacet
  facet normal -0.422297 0.906435 -0.00647552
    outer loop
      vertex 18.6839 360.504 -13.98
      vertex 16.82 359.636 -13.9285
      vertex 18.6838 360.505 -13.8335
    endloop
  endfacet
  facet normal -0.422225 0.906486 -0.00302285
    outer loop
      vertex 16.82 359.636 -13.9285
      vertex 18.6839 360.504 -13.98
      vertex 16.684 359.572 -14.1245
    endloop
  endfacet
  facet normal -0.422618 0.906308 0
    outer loop
      vertex 18.6838 360.505 -13.8335
      vertex 16.906 359.676 -13.7005
      vertex 18.6838 360.505 -13.6558
    endloop
  endfacet
  facet normal -0.422593 0.906319 0.000395776
    outer loop
      vertex 16.906 359.676 -13.7005
      vertex 18.6838 360.505 -13.8335
      vertex 16.82 359.636 -13.9285
    endloop
  endfacet
  facet normal -0.422613 0.90631 0
    outer loop
      vertex 18.6838 360.505 -13.6558
      vertex 16.936 359.69 -13.4545
      vertex 18.6838 360.505 -13.4602
    endloop
  endfacet
  facet normal -0.422617 0.906309 -3.9911e-05
    outer loop
      vertex 16.936 359.69 -13.4545
      vertex 18.6838 360.505 -13.6558
      vertex 16.906 359.676 -13.7005
    endloop
  endfacet
  facet normal -0.422616 0.906309 3.99426e-05
    outer loop
      vertex 18.6838 360.505 -13.2647
      vertex 16.936 359.69 -13.4545
      vertex 16.906 359.676 -13.2085
    endloop
  endfacet
  facet normal -0.422613 0.90631 0
    outer loop
      vertex 16.936 359.69 -13.4545
      vertex 18.6838 360.505 -13.2647
      vertex 18.6838 360.505 -13.4602
    endloop
  endfacet
  facet normal -0.422618 0.906308 -3.65255e-05
    outer loop
      vertex 18.6836 360.505 -10.9506
      vertex 18.6838 360.505 -13.2647
      vertex 16.906 359.676 -13.2085
    endloop
  endfacet
  facet normal -0.422614 0.90631 0
    outer loop
      vertex 18.6836 360.505 -10.9506
      vertex 16.82 359.636 -12.9805
      vertex 18.6836 360.505 -10.7507
    endloop
  endfacet
  facet normal -0.422357 0.90643 -0.000287289
    outer loop
      vertex 16.82 359.636 -12.9805
      vertex 18.6836 360.505 -10.9506
      vertex 16.906 359.676 -13.2085
    endloop
  endfacet
  facet normal -0.423002 0.906129 0.000204546
    outer loop
      vertex 18.6836 360.505 -10.7507
      vertex 16.684 359.572 -12.7845
      vertex 18.6837 360.505 -10.5439
    endloop
  endfacet
  facet normal -0.424059 0.905633 0.00147173
    outer loop
      vertex 16.684 359.572 -12.7845
      vertex 18.6836 360.505 -10.7507
      vertex 16.82 359.636 -12.9805
    endloop
  endfacet
  facet normal -0.429934 0.90286 0.000512436
    outer loop
      vertex 18.6837 360.505 -10.5439
      vertex 18.5788 360.455 -10.46
      vertex 18.6838 360.505 -10.46
    endloop
  endfacet
  facet normal -0.427169 0.90416 0.00474353
    outer loop
      vertex 16.684 359.572 -12.7845
      vertex 18.5788 360.455 -10.46
      vertex 18.6837 360.505 -10.5439
    endloop
  endfacet
  facet normal -0.424995 0.905192 0.00257974
    outer loop
      vertex 18.5788 360.455 -10.46
      vertex 16.684 359.572 -12.7845
      vertex 16.506 359.488 -12.6345
    endloop
  endfacet
  facet normal -0.413976 0.910231 -0.0101645
    outer loop
      vertex 16.506 359.488 -12.6345
      vertex 18.4029 360.375 -10.46
      vertex 18.5788 360.455 -10.46
    endloop
  endfacet
  facet normal -0.415203 0.909686 -0.00887232
    outer loop
      vertex 18.4029 360.375 -10.46
      vertex 16.506 359.488 -12.6345
      vertex 16.298 359.394 -12.5385
    endloop
  endfacet
  facet normal -0.434084 0.899841 -0.0430961
    outer loop
      vertex 15.1696 358.867 14.6912
      vertex 12.45 357.6 15.6295
      vertex 15.1889 358.877 14.7056
    endloop
  endfacet
  facet normal -0.426488 0.904369 -0.0149645
    outer loop
      vertex 12.45 357.6 15.6295
      vertex 15.1696 358.867 14.6912
      vertex 12.454 357.6 15.5155
    endloop
  endfacet
  facet normal -0.423018 0.906121 -0.000841106
    outer loop
      vertex 15.1311 358.849 14.6627
      vertex 12.454 357.6 15.5155
      vertex 15.1696 358.867 14.6912
    endloop
  endfacet
  facet normal -0.424281 0.905513 -0.0056953
    outer loop
      vertex 15.0995 358.834 14.6319
      vertex 12.454 357.6 15.5155
      vertex 15.1311 358.849 14.6627
    endloop
  endfacet
  facet normal -0.428357 0.903368 -0.0208962
    outer loop
      vertex 12.454 357.6 15.5155
      vertex 15.0995 358.834 14.6319
      vertex 15.0532 358.811 14.5867
    endloop
  endfacet
  facet normal -0.317757 0.893342 0.317757
    outer loop
      vertex 15.0336 358.802 14.5678
      vertex 12.452 357.6 15.3655
      vertex 15.0337 358.802 14.5679
    endloop
  endfacet
  facet normal -0.419164 0.907839 0.0114174
    outer loop
      vertex 14.9753 358.776 14.4948
      vertex 12.452 357.6 15.3655
      vertex 15.0336 358.802 14.5678
    endloop
  endfacet
  facet normal -0.42188 0.90665 0.00194236
    outer loop
      vertex 14.9472 358.763 14.4596
      vertex 12.452 357.6 15.3655
      vertex 14.9753 358.776 14.4948
    endloop
  endfacet
  facet normal -0.42043 0.9073 0.0067698
    outer loop
      vertex 12.452 357.6 15.3655
      vertex 14.9472 358.763 14.4596
      vertex 14.9206 358.751 14.4159
    endloop
  endfacet
  facet normal -0.421441 0.906851 0.00300178
    outer loop
      vertex 15.0337 358.802 14.5679
      vertex 12.454 357.6 15.5155
      vertex 15.0532 358.811 14.5867
    endloop
  endfacet
  facet normal -0.420649 0.907206 0.00560865
    outer loop
      vertex 12.454 357.6 15.5155
      vertex 15.0337 358.802 14.5679
      vertex 12.452 357.6 15.3655
    endloop
  endfacet
  facet normal -0.422764 0.906239 -0.00123339
    outer loop
      vertex 14.8746 358.729 14.34
      vertex 12.452 357.6 15.1875
      vertex 14.9066 358.744 14.3928
    endloop
  endfacet
  facet normal -0.422602 0.906315 -0.000669299
    outer loop
      vertex 14.8169 358.702 14.211
      vertex 12.452 357.6 15.1875
      vertex 14.8746 358.729 14.34
    endloop
  endfacet
  facet normal -0.421442 0.906851 0.00274614
    outer loop
      vertex 12.452 357.6 15.1875
      vertex 14.8169 358.702 14.211
      vertex 14.8147 358.701 14.2036
    endloop
  endfacet
  facet normal -0.42258 0.906326 0
    outer loop
      vertex 14.9206 358.751 14.4159
      vertex 12.452 357.6 15.1875
      vertex 12.452 357.6 15.3655
    endloop
  endfacet
  facet normal -0.426517 0.904346 -0.0155491
    outer loop
      vertex 12.452 357.6 15.1875
      vertex 14.9206 358.751 14.4159
      vertex 14.9066 358.744 14.3928
    endloop
  endfacet
  facet normal -0.422383 0.906417 0
    outer loop
      vertex 14.8147 358.701 14.2036
      vertex 12.452 357.6 14.9955
      vertex 12.452 357.6 15.1875
    endloop
  endfacet
  facet normal -0.41586 0.909132 0.023236
    outer loop
      vertex 12.452 357.6 14.9955
      vertex 14.8147 358.701 14.2036
      vertex 14.8067 358.698 14.1778
    endloop
  endfacet
  facet normal -0.423107 0.906078 -0.00173297
    outer loop
      vertex 14.775 358.683 14.0747
      vertex 12.452 357.6 14.9955
      vertex 14.8067 358.698 14.1778
    endloop
  endfacet
  facet normal -0.42315 0.906058 -0.00186521
    outer loop
      vertex 12.452 357.6 14.9955
      vertex 14.775 358.683 14.0747
      vertex 14.7541 358.673 13.9585
    endloop
  endfacet
  facet normal -0.422746 0.906248 -0.000810905
    outer loop
      vertex 14.7413 358.667 13.79
      vertex 12.452 357.6 14.8075
      vertex 14.7496 358.671 13.9333
    endloop
  endfacet
  facet normal -0.424797 0.905266 -0.00645679
    outer loop
      vertex 12.452 357.6 14.8075
      vertex 14.7413 358.667 13.79
      vertex 14.747 358.669 13.6954
    endloop
  endfacet
  facet normal -0.422461 0.906381 0
    outer loop
      vertex 14.7541 358.673 13.9585
      vertex 12.452 357.6 14.8075
      vertex 12.452 357.6 14.9955
    endloop
  endfacet
  facet normal -0.42145 0.906845 0.00332673
    outer loop
      vertex 14.7496 358.671 13.9336
      vertex 12.452 357.6 14.8075
      vertex 14.7541 358.673 13.9585
    endloop
  endfacet
  facet normal -0.422492 0.906366 0
    outer loop
      vertex 12.452 357.6 14.8075
      vertex 14.7496 358.671 13.9336
      vertex 14.7496 358.671 13.9333
    endloop
  endfacet
  facet normal -0.41825 0.908268 0.0108036
    outer loop
      vertex 14.7499 358.67 13.6464
      vertex 12.452 357.6 14.6415
      vertex 14.7484 358.669 13.6724
    endloop
  endfacet
  facet normal -0.418962 0.907961 0.00882809
    outer loop
      vertex 14.7751 358.683 13.5053
      vertex 12.452 357.6 14.6415
      vertex 14.7499 358.67 13.6464
    endloop
  endfacet
  facet normal -0.422669 0.906284 -0.000349694
    outer loop
      vertex 12.452 357.6 14.6415
      vertex 14.7751 358.683 13.5053
      vertex 14.7966 358.693 13.4351
    endloop
  endfacet
  facet normal -0.422237 0.906486 0
    outer loop
      vertex 14.747 358.669 13.6954
      vertex 12.452 357.6 14.6415
      vertex 12.452 357.6 14.8075
    endloop
  endfacet
  facet normal -0.430957 0.901991 -0.0262322
    outer loop
      vertex 12.452 357.6 14.6415
      vertex 14.747 358.669 13.6954
      vertex 14.7484 358.669 13.6724
    endloop
  endfacet
  facet normal -0.422521 0.906353 0
    outer loop
      vertex 14.7966 358.693 13.4351
      vertex 12.452 357.6 14.5095
      vertex 12.452 357.6 14.6415
    endloop
  endfacet
  facet normal -0.419306 0.907805 0.00849492
    outer loop
      vertex 12.452 357.6 14.5095
      vertex 14.7966 358.693 13.4351
      vertex 14.8027 358.696 13.4156
    endloop
  endfacet
  facet normal -0.428284 0.903518 -0.0150933
    outer loop
      vertex 14.817 358.702 13.369
      vertex 12.452 357.6 14.5095
      vertex 14.8027 358.696 13.4156
    endloop
  endfacet
  facet normal -0.42179 0.906692 0.00143848
    outer loop
      vertex 14.8746 358.729 13.24
      vertex 12.452 357.6 14.5095
      vertex 14.817 358.702 13.369
    endloop
  endfacet
  facet normal -0.423469 0.905907 -0.00246347
    outer loop
      vertex 12.452 357.6 14.5095
      vertex 14.8746 358.729 13.24
      vertex 14.907 358.744 13.1865
    endloop
  endfacet
  facet normal -0.418433 0.908199 0.00936562
    outer loop
      vertex 14.9471 358.763 13.1204
      vertex 12.452 357.6 14.4235
      vertex 14.9157 358.748 13.1721
    endloop
  endfacet
  facet normal -0.42256 0.906335 -0.000200739
    outer loop
      vertex 14.975 358.776 13.0852
      vertex 12.452 357.6 14.4235
      vertex 14.9471 358.763 13.1204
    endloop
  endfacet
  facet normal -0.423231 0.90602 -0.00174183
    outer loop
      vertex 15.0331 358.803 13.0122
      vertex 12.452 357.6 14.4235
      vertex 14.975 358.776 13.0852
    endloop
  endfacet
  facet normal -0.426184 0.904598 -0.00835618
    outer loop
      vertex 12.452 357.6 14.4235
      vertex 15.0331 358.803 13.0122
      vertex 15.0807 358.825 12.9661
    endloop
  endfacet
  facet normal -0.42238 0.906419 0
    outer loop
      vertex 14.907 358.744 13.1865
      vertex 12.452 357.6 14.4235
      vertex 12.452 357.6 14.5095
    endloop
  endfacet
  facet normal -0.424398 0.905462 -0.00488999
    outer loop
      vertex 12.452 357.6 14.4235
      vertex 14.907 358.744 13.1865
      vertex 14.9157 358.748 13.1721
    endloop
  endfacet
  facet normal -0.422628 0.906303 6.48015e-05
    outer loop
      vertex 17.9503 360.162 10.54
      vertex 16.1747 359.334 10.54
      vertex 15.566 359.05 12.6415
    endloop
  endfacet
  facet normal -0.438852 0.898275 -0.0226154
    outer loop
      vertex 17.9503 360.162 10.54
      vertex 15.788 359.156 12.5415
      vertex 18.0158 360.194 10.54
    endloop
  endfacet
  facet normal -0.439226 0.898079 -0.0231182
    outer loop
      vertex 15.788 359.156 12.5415
      vertex 17.9503 360.162 10.54
      vertex 15.566 359.05 12.6415
    endloop
  endfacet
  facet normal -0.418863 0.908035 0.00510849
    outer loop
      vertex 18.0158 360.194 10.54
      vertex 16.028 359.266 12.5055
      vertex 18.1372 360.25 10.54
    endloop
  endfacet
  facet normal -0.415492 0.90955 0.0092328
    outer loop
      vertex 16.028 359.266 12.5055
      vertex 18.0158 360.194 10.54
      vertex 15.788 359.156 12.5415
    endloop
  endfacet
  facet normal -0.423598 0.905849 -0.00136752
    outer loop
      vertex 18.1372 360.25 10.54
      vertex 16.266 359.378 12.5415
      vertex 18.304 360.328 10.54
    endloop
  endfacet
  facet normal -0.425374 0.905011 -0.00339287
    outer loop
      vertex 16.266 359.378 12.5415
      vertex 18.1372 360.25 10.54
      vertex 16.028 359.266 12.5055
    endloop
  endfacet
  facet normal -0.421458 0.906846 0.0017306
    outer loop
      vertex 18.304 360.328 10.54
      vertex 16.488 359.48 12.6415
      vertex 18.4955 360.417 10.54
    endloop
  endfacet
  facet normal -0.419071 0.907943 0.0042362
    outer loop
      vertex 16.488 359.48 12.6415
      vertex 18.304 360.328 10.54
      vertex 16.266 359.378 12.5415
    endloop
  endfacet
  facet normal -0.423696 0.905804 -0.00125999
    outer loop
      vertex 18.4955 360.417 10.54
      vertex 16.678 359.57 12.8035
      vertex 18.6836 360.505 10.5507
    endloop
  endfacet
  facet normal -0.423755 0.905777 0
    outer loop
      vertex 18.4955 360.417 10.54
      vertex 18.6836 360.505 10.5507
      vertex 18.6836 360.505 10.54
    endloop
  endfacet
  facet normal -0.425782 0.90482 -0.00330331
    outer loop
      vertex 16.678 359.57 12.8035
      vertex 18.4955 360.417 10.54
      vertex 16.488 359.48 12.6415
    endloop
  endfacet
  facet normal -0.422398 0.90641 0.000163178
    outer loop
      vertex 18.6836 360.505 10.7727
      vertex 16.678 359.57 12.8035
      vertex 16.824 359.638 13.0135
    endloop
  endfacet
  facet normal -0.422534 0.906347 0
    outer loop
      vertex 16.678 359.57 12.8035
      vertex 18.6836 360.505 10.7727
      vertex 18.6836 360.505 10.5507
    endloop
  endfacet
  facet normal -0.422965 0.906146 -0.000453896
    outer loop
      vertex 18.6836 360.505 10.9905
      vertex 16.824 359.638 13.0135
      vertex 16.918 359.682 13.2595
    endloop
  endfacet
  facet normal -0.42256 0.906335 0
    outer loop
      vertex 16.824 359.638 13.0135
      vertex 18.6836 360.505 10.9905
      vertex 18.6836 360.505 10.7727
    endloop
  endfacet
  facet normal -0.422467 0.906378 1.83092e-05
    outer loop
      vertex 18.6837 360.505 13.2979
      vertex 18.6836 360.505 10.9905
      vertex 16.918 359.682 13.2595
    endloop
  endfacet
  facet normal -0.422352 0.906419 0.00474791
    outer loop
      vertex 18.6837 360.505 13.2979
      vertex 16.95 359.696 13.5215
      vertex 18.6839 360.504 13.5066
    endloop
  endfacet
  facet normal -0.422521 0.906347 0.00317488
    outer loop
      vertex 16.95 359.696 13.5215
      vertex 18.6837 360.505 13.2979
      vertex 16.918 359.682 13.2595
    endloop
  endfacet
  facet normal -0.422566 0.906327 -0.00315734
    outer loop
      vertex 18.6837 360.505 13.7165
      vertex 16.95 359.696 13.5215
      vertex 16.918 359.682 13.7855
    endloop
  endfacet
  facet normal -0.422419 0.906388 -0.00472069
    outer loop
      vertex 16.95 359.696 13.5215
      vertex 18.6837 360.505 13.7165
      vertex 18.6839 360.504 13.5066
    endloop
  endfacet
  facet normal -0.422505 0.906361 0.000668455
    outer loop
      vertex 18.6837 360.505 13.9074
      vertex 16.918 359.682 13.7855
      vertex 16.824 359.638 14.0315
    endloop
  endfacet
  facet normal -0.422467 0.906378 0
    outer loop
      vertex 16.918 359.682 13.7855
      vertex 18.6837 360.505 13.9074
      vertex 18.6837 360.505 13.7165
    endloop
  endfacet
  facet normal -0.422537 0.906345 -0.000280818
    outer loop
      vertex 18.6837 360.505 14.0624
      vertex 16.824 359.638 14.0315
      vertex 16.678 359.57 14.2415
    endloop
  endfacet
  facet normal -0.422541 0.906344 0
    outer loop
      vertex 16.824 359.638 14.0315
      vertex 18.6837 360.505 14.0624
      vertex 18.6837 360.505 13.9074
    endloop
  endfacet
  facet normal -0.439125 0.898354 -0.0113766
    outer loop
      vertex 16.6018 359.534 14.34
      vertex 16.678 359.57 14.2415
      vertex 16.6257 359.545 14.2861
    endloop
  endfacet
  facet normal -0.398056 0.916958 0.0271939
    outer loop
      vertex 16.5687 359.518 14.395
      vertex 16.678 359.57 14.2415
      vertex 16.6018 359.534 14.34
    endloop
  endfacet
  facet normal -0.422035 0.906555 0.00659555
    outer loop
      vertex 18.5481 360.441 14.1867
      vertex 16.678 359.57 14.2415
      vertex 16.5687 359.518 14.395
    endloop
  endfacet
  facet normal -0.418887 0.907977 0.0105341
    outer loop
      vertex 18.6837 360.505 14.0624
      vertex 18.5481 360.441 14.1867
      vertex 18.6841 360.504 14.1645
    endloop
  endfacet
  facet normal -0.422042 0.906554 0.00636055
    outer loop
      vertex 18.5481 360.441 14.1867
      vertex 18.6837 360.505 14.0624
      vertex 16.678 359.57 14.2415
    endloop
  endfacet
  facet normal -0.423583 0.905771 -0.0125062
    outer loop
      vertex 18.5481 360.441 14.1867
      vertex 16.5167 359.495 14.4751
      vertex 18.6837 360.505 14.2292
    endloop
  endfacet
  facet normal -0.427538 0.902565 -0.0508802
    outer loop
      vertex 16.5167 359.495 14.4751
      vertex 18.5481 360.441 14.1867
      vertex 16.5291 359.5 14.4596
    endloop
  endfacet
  facet normal -0.423208 0.906006 -0.0069802
    outer loop
      vertex 16.5291 359.5 14.4596
      vertex 18.5481 360.441 14.1867
      vertex 16.5687 359.518 14.395
    endloop
  endfacet
  facet normal -0.421509 0.906595 -0.0203636
    outer loop
      vertex 18.5481 360.441 14.1867
      vertex 18.6837 360.505 14.2292
      vertex 18.6841 360.504 14.1764
    endloop
  endfacet
  facet normal -0.4234 0.905907 0.00800016
    outer loop
      vertex 18.6835 360.505 14.7823
      vertex 16.5167 359.495 14.4751
      vertex 16.4749 359.475 14.5276
    endloop
  endfacet
  facet normal -0.422465 0.906379 -0.000152762
    outer loop
      vertex 16.5167 359.495 14.4751
      vertex 18.6835 360.505 14.7823
      vertex 18.6837 360.505 14.2292
    endloop
  endfacet
  facet normal 0.0921154 0.0423731 0.994846
    outer loop
      vertex 43.514 368.774 17.4995
      vertex 43.5111 368.785 17.4993
      vertex 43.5094 368.784 17.4995
    endloop
  endfacet
  facet normal 0.117873 0.0565788 0.991416
    outer loop
      vertex 43.5111 368.785 17.4993
      vertex 43.982 368.992 17.4315
      vertex 43.9772 369.002 17.4315
    endloop
  endfacet
  facet normal 0.120819 0.0498781 0.991421
    outer loop
      vertex 43.982 368.992 17.4315
      vertex 43.5111 368.785 17.4993
      vertex 43.514 368.774 17.4995
    endloop
  endfacet
  facet normal 0.339892 0.163148 0.926205
    outer loop
      vertex 43.982 368.992 17.4315
      vertex 43.9789 369.003 17.4307
      vertex 43.9772 369.002 17.4315
    endloop
  endfacet
  facet normal 0.348149 0.15825 0.923986
    outer loop
      vertex 44.1621 369.089 17.347
      vertex 44.42 369.196 17.2315
      vertex 44.415 369.207 17.2315
    endloop
  endfacet
  facet normal 0.347679 0.159366 0.923971
    outer loop
      vertex 44.1621 369.089 17.347
      vertex 43.982 368.992 17.4315
      vertex 44.42 369.196 17.2315
    endloop
  endfacet
  facet normal 0.345003 0.164434 0.924086
    outer loop
      vertex 43.982 368.992 17.4315
      vertex 44.1621 369.089 17.347
      vertex 43.9789 369.003 17.4307
    endloop
  endfacet
  facet normal 0.627706 0.285321 0.724277
    outer loop
      vertex 44.42 369.196 17.2315
      vertex 44.4165 369.207 17.2302
      vertex 44.415 369.207 17.2315
    endloop
  endfacet
  facet normal 0.553754 0.258419 0.791566
    outer loop
      vertex 44.4165 369.207 17.2302
      vertex 44.796 369.37 16.9115
      vertex 44.7904 369.382 16.9115
    endloop
  endfacet
  facet normal 0.54933 0.268311 0.791357
    outer loop
      vertex 44.796 369.37 16.9115
      vertex 44.4165 369.207 17.2302
      vertex 44.42 369.196 17.2315
    endloop
  endfacet
  facet normal 0.715617 0.339918 0.610203
    outer loop
      vertex 44.7917 369.383 16.9097
      vertex 45.084 369.504 16.4995
      vertex 45.0783 369.516 16.4995
    endloop
  endfacet
  facet normal 0.72284 0.32363 0.610545
    outer loop
      vertex 45.084 369.504 16.4995
      vertex 44.7917 369.383 16.9097
      vertex 44.796 369.37 16.9115
    endloop
  endfacet
  facet normal 0.677117 0.315988 0.664578
    outer loop
      vertex 44.796 369.37 16.9115
      vertex 44.7917 369.383 16.9097
      vertex 44.7904 369.382 16.9115
    endloop
  endfacet
  facet normal 0.800257 0.380122 0.463785
    outer loop
      vertex 45.084 369.504 16.4995
      vertex 45.0791 369.517 16.4973
      vertex 45.0783 369.516 16.4995
    endloop
  endfacet
  facet normal 0.841706 0.382594 0.38099
    outer loop
      vertex 45.0791 369.517 16.4973
      vertex 45.264 369.59 16.0155
      vertex 45.259 369.601 16.0155
    endloop
  endfacet
  facet normal 0.842033 0.381859 0.381004
    outer loop
      vertex 45.264 369.59 16.0155
      vertex 45.0791 369.517 16.4973
      vertex 45.084 369.504 16.4995
    endloop
  endfacet
  facet normal 0.901995 0.409998 0.135299
    outer loop
      vertex 45.264 369.59 16.0155
      vertex 45.2593 369.601 16.0135
      vertex 45.259 369.601 16.0155
    endloop
  endfacet
  facet normal 0.90409 0.40684 0.130776
    outer loop
      vertex 45.2593 369.601 16.0135
      vertex 45.326 369.618 15.4995
      vertex 45.3206 369.63 15.4995
    endloop
  endfacet
  facet normal 0.90288 0.409541 0.130709
    outer loop
      vertex 45.326 369.618 15.4995
      vertex 45.2593 369.601 16.0135
      vertex 45.264 369.59 16.0155
    endloop
  endfacet
  facet normal -0.555624 -0.250031 -0.792948
    outer loop
      vertex 16.6265 359.543 14.2861
      vertex 16.678 359.57 14.2415
      vertex 16.6789 359.568 14.2415
    endloop
  endfacet
  facet normal -0.566937 -0.226775 -0.791932
    outer loop
      vertex 16.678 359.57 14.2415
      vertex 16.6265 359.543 14.2861
      vertex 16.6257 359.545 14.2861
    endloop
  endfacet
  facet normal -0.673817 -0.303218 -0.673817
    outer loop
      vertex 16.6791 359.568 14.2413
      vertex 16.6789 359.568 14.2415
      vertex 16.678 359.57 14.2415
    endloop
  endfacet
  facet normal -0.723631 -0.325634 -0.608539
    outer loop
      vertex 16.8249 359.636 14.0315
      vertex 16.678 359.57 14.2415
      vertex 16.824 359.638 14.0315
    endloop
  endfacet
  facet normal -0.719445 -0.334844 -0.608505
    outer loop
      vertex 16.678 359.57 14.2415
      vertex 16.8249 359.636 14.0315
      vertex 16.6791 359.568 14.2413
    endloop
  endfacet
  facet normal -0.911922 -0.410365 0
    outer loop
      vertex 16.8249 359.636 14.0313
      vertex 16.8249 359.636 14.0315
      vertex 16.824 359.638 14.0315
    endloop
  endfacet
  facet normal -0.840217 -0.378098 -0.388686
    outer loop
      vertex 16.9189 359.68 13.7855
      vertex 16.824 359.638 14.0315
      vertex 16.918 359.682 13.7855
    endloop
  endfacet
  facet normal -0.854199 -0.345537 -0.388521
    outer loop
      vertex 16.824 359.638 14.0315
      vertex 16.9189 359.68 13.7855
      vertex 16.8249 359.636 14.0313
    endloop
  endfacet
  facet normal -0.911922 -0.410365 0
    outer loop
      vertex 16.9189 359.68 13.7853
      vertex 16.9189 359.68 13.7855
      vertex 16.918 359.682 13.7855
    endloop
  endfacet
  facet normal -0.850204 -0.510123 -0.130107
    outer loop
      vertex 16.9506 359.695 13.5215
      vertex 16.918 359.682 13.7855
      vertex 16.95 359.696 13.5215
    endloop
  endfacet
  facet normal -0.908839 -0.395806 -0.131718
    outer loop
      vertex 16.918 359.682 13.7855
      vertex 16.9506 359.695 13.5215
      vertex 16.9189 359.68 13.7853
    endloop
  endfacet
  facet normal -0.857493 -0.514496 0
    outer loop
      vertex 16.9506 359.695 13.5214
      vertex 16.9506 359.695 13.5215
      vertex 16.95 359.696 13.5215
    endloop
  endfacet
  facet normal -0.844287 -0.519661 0.130887
    outer loop
      vertex 16.918 359.682 13.2595
      vertex 16.9506 359.695 13.5214
      vertex 16.95 359.696 13.5215
    endloop
  endfacet
  facet normal -0.903857 -0.406736 0.132697
    outer loop
      vertex 16.9506 359.695 13.5214
      vertex 16.918 359.682 13.2595
      vertex 16.9189 359.68 13.2595
    endloop
  endfacet
  facet normal -0.911922 -0.410365 0
    outer loop
      vertex 16.9189 359.68 13.2593
      vertex 16.9189 359.68 13.2595
      vertex 16.918 359.682 13.2595
    endloop
  endfacet
  facet normal -0.825073 -0.410146 0.388631
    outer loop
      vertex 16.824 359.638 13.0135
      vertex 16.9189 359.68 13.2593
      vertex 16.918 359.682 13.2595
    endloop
  endfacet
  facet normal -0.840114 -0.378051 0.388954
    outer loop
      vertex 16.9189 359.68 13.2593
      vertex 16.824 359.638 13.0135
      vertex 16.8249 359.636 13.0135
    endloop
  endfacet
  facet normal -0.72584 -0.320761 0.608497
    outer loop
      vertex 16.678 359.57 12.8035
      vertex 16.8248 359.636 13.0134
      vertex 16.824 359.638 13.0135
    endloop
  endfacet
  facet normal -0.723655 -0.325645 0.608505
    outer loop
      vertex 16.8248 359.636 13.0134
      vertex 16.678 359.57 12.8035
      vertex 16.6789 359.568 12.8035
    endloop
  endfacet
  facet normal -0.673817 -0.303218 0.673817
    outer loop
      vertex 16.8248 359.636 13.0134
      vertex 16.8249 359.636 13.0135
      vertex 16.824 359.638 13.0135
    endloop
  endfacet
  facet normal -0.552028 -0.260417 0.792116
    outer loop
      vertex 16.488 359.48 12.6415
      vertex 16.6788 359.568 12.8034
      vertex 16.678 359.57 12.8035
    endloop
  endfacet
  facet normal -0.546089 -0.273044 0.791981
    outer loop
      vertex 16.6788 359.568 12.8034
      vertex 16.488 359.48 12.6415
      vertex 16.4885 359.479 12.6415
    endloop
  endfacet
  facet normal -0.673817 -0.303218 0.673817
    outer loop
      vertex 16.6788 359.568 12.8034
      vertex 16.6789 359.568 12.8035
      vertex 16.678 359.57 12.8035
    endloop
  endfacet
  facet normal -0.352096 -0.140838 0.925307
    outer loop
      vertex 16.266 359.378 12.5415
      vertex 16.4884 359.479 12.6415
      vertex 16.488 359.48 12.6415
    endloop
  endfacet
  facet normal -0.332814 -0.183048 0.925056
    outer loop
      vertex 16.4884 359.479 12.6415
      vertex 16.266 359.378 12.5415
      vertex 16.2671 359.376 12.5415
    endloop
  endfacet
  facet normal 0 -0 1
    outer loop
      vertex 16.4884 359.479 12.6415
      vertex 16.4885 359.479 12.6415
      vertex 16.488 359.48 12.6415
    endloop
  endfacet
  facet normal 0 -0 1
    outer loop
      vertex 16.2669 359.376 12.5415
      vertex 16.2671 359.376 12.5415
      vertex 16.266 359.378 12.5415
    endloop
  endfacet
  facet normal -0.123673 -0.055653 0.990761
    outer loop
      vertex 16.028 359.266 12.5055
      vertex 16.2669 359.376 12.5415
      vertex 16.266 359.378 12.5415
    endloop
  endfacet
  facet normal -0.128567 -0.0449984 0.990679
    outer loop
      vertex 16.2669 359.376 12.5415
      vertex 16.028 359.266 12.5055
      vertex 16.0287 359.264 12.5055
    endloop
  endfacet
  facet normal 0 -0 1
    outer loop
      vertex 16.0286 359.264 12.5055
      vertex 16.0287 359.264 12.5055
      vertex 16.028 359.266 12.5055
    endloop
  endfacet
  facet normal 0.130636 0.0391908 0.990656
    outer loop
      vertex 15.788 359.156 12.5415
      vertex 16.0286 359.264 12.5055
      vertex 16.028 359.266 12.5055
    endloop
  endfacet
  facet normal 0.121075 0.0605374 0.990796
    outer loop
      vertex 16.0286 359.264 12.5055
      vertex 15.788 359.156 12.5415
      vertex 15.7895 359.153 12.5415
    endloop
  endfacet
  facet normal 0.436436 0.218218 0.872872
    outer loop
      vertex 15.7893 359.153 12.5416
      vertex 15.7895 359.153 12.5415
      vertex 15.788 359.156 12.5415
    endloop
  endfacet
  facet normal 0.333501 0.175394 0.92629
    outer loop
      vertex 15.566 359.05 12.6415
      vertex 15.7893 359.153 12.5416
      vertex 15.788 359.156 12.5415
    endloop
  endfacet
  facet normal 0.324366 0.19462 0.925694
    outer loop
      vertex 15.7893 359.153 12.5416
      vertex 15.566 359.05 12.6415
      vertex 15.5666 359.049 12.6415
    endloop
  endfacet
  facet normal 0.650945 0.390567 0.650945
    outer loop
      vertex 15.5665 359.049 12.6416
      vertex 15.5666 359.049 12.6415
      vertex 15.566 359.05 12.6415
    endloop
  endfacet
  facet normal 0.512477 0.335292 0.790535
    outer loop
      vertex 15.4512 358.997 12.7384
      vertex 15.5665 359.049 12.6416
      vertex 15.566 359.05 12.6415
    endloop
  endfacet
  facet normal 0.543868 0.271934 0.793889
    outer loop
      vertex 15.5665 359.049 12.6416
      vertex 15.4512 358.997 12.7384
      vertex 15.4522 358.995 12.7384
    endloop
  endfacet
  facet normal 0.109711 0.0511986 -0.992644
    outer loop
      vertex 15.8545 359.183 -12.5385
      vertex 16.076 359.29 -12.5085
      vertex 16.0774 359.287 -12.5085
    endloop
  endfacet
  facet normal 0.108288 0.0541442 -0.992644
    outer loop
      vertex 16.076 359.29 -12.5085
      vertex 15.8545 359.183 -12.5385
      vertex 15.854 359.184 -12.5385
    endloop
  endfacet
  facet normal -0.108639 -0.0543194 -0.992596
    outer loop
      vertex 16.0774 359.287 -12.5085
      vertex 16.298 359.394 -12.5385
      vertex 16.2995 359.391 -12.5385
    endloop
  endfacet
  facet normal -0.110071 -0.0513665 -0.992596
    outer loop
      vertex 16.298 359.394 -12.5385
      vertex 16.0774 359.287 -12.5085
      vertex 16.076 359.29 -12.5085
    endloop
  endfacet
  facet normal -0.436436 -0.218218 -0.872872
    outer loop
      vertex 16.2997 359.391 -12.5386
      vertex 16.2995 359.391 -12.5385
      vertex 16.298 359.394 -12.5385
    endloop
  endfacet
  facet normal -0.374891 -0.112467 -0.920222
    outer loop
      vertex 16.2997 359.391 -12.5386
      vertex 16.506 359.488 -12.6345
      vertex 16.5063 359.487 -12.6345
    endloop
  endfacet
  facet normal -0.349745 -0.167464 -0.921756
    outer loop
      vertex 16.506 359.488 -12.6345
      vertex 16.2997 359.391 -12.5386
      vertex 16.298 359.394 -12.5385
    endloop
  endfacet
  facet normal -0.52096 -0.312576 -0.79429
    outer loop
      vertex 16.5063 359.487 -12.6345
      vertex 16.684 359.572 -12.7845
      vertex 16.6846 359.571 -12.7845
    endloop
  endfacet
  facet normal -0.584693 -0.175408 -0.792064
    outer loop
      vertex 16.684 359.572 -12.7845
      vertex 16.5063 359.487 -12.6345
      vertex 16.506 359.488 -12.6345
    endloop
  endfacet
  facet normal -0.650945 -0.390567 -0.650945
    outer loop
      vertex 16.6847 359.571 -12.7846
      vertex 16.6846 359.571 -12.7845
      vertex 16.684 359.572 -12.7845
    endloop
  endfacet
  facet normal -0.737253 -0.294901 -0.607858
    outer loop
      vertex 16.8208 359.634 -12.9805
      vertex 16.684 359.572 -12.7845
      vertex 16.82 359.636 -12.9805
    endloop
  endfacet
  facet normal -0.67925 -0.414941 -0.605346
    outer loop
      vertex 16.684 359.572 -12.7845
      vertex 16.8208 359.634 -12.9805
      vertex 16.6847 359.571 -12.7846
    endloop
  endfacet
  facet normal -0.680414 -0.272166 -0.680414
    outer loop
      vertex 16.8209 359.634 -12.9806
      vertex 16.8208 359.634 -12.9805
      vertex 16.82 359.636 -12.9805
    endloop
  endfacet
  facet normal -0.857449 -0.34298 -0.383596
    outer loop
      vertex 16.9068 359.674 -13.2085
      vertex 16.82 359.636 -12.9805
      vertex 16.906 359.676 -13.2085
    endloop
  endfacet
  facet normal -0.84913 -0.362921 -0.383752
    outer loop
      vertex 16.82 359.636 -12.9805
      vertex 16.9068 359.674 -13.2085
      vertex 16.8209 359.634 -12.9806
    endloop
  endfacet
  facet normal -0.928477 -0.371391 0
    outer loop
      vertex 16.9068 359.674 -13.2087
      vertex 16.9068 359.674 -13.2085
      vertex 16.906 359.676 -13.2085
    endloop
  endfacet
  facet normal -0.920207 -0.368083 -0.133168
    outer loop
      vertex 16.9368 359.688 -13.4545
      vertex 16.906 359.676 -13.2085
      vertex 16.936 359.69 -13.4545
    endloop
  endfacet
  facet normal -0.924727 -0.356574 -0.133173
    outer loop
      vertex 16.906 359.676 -13.2085
      vertex 16.9368 359.688 -13.4545
      vertex 16.9068 359.674 -13.2087
    endloop
  endfacet
  facet normal -0.917887 -0.373815 0.133211
    outer loop
      vertex 16.906 359.676 -13.7005
      vertex 16.9368 359.688 -13.4546
      vertex 16.936 359.69 -13.4545
    endloop
  endfacet
  facet normal -0.920201 -0.36808 0.133221
    outer loop
      vertex 16.9368 359.688 -13.4546
      vertex 16.906 359.676 -13.7005
      vertex 16.9068 359.674 -13.7005
    endloop
  endfacet
  facet normal -0.928477 -0.371391 0
    outer loop
      vertex 16.9368 359.688 -13.4546
      vertex 16.9368 359.688 -13.4545
      vertex 16.936 359.69 -13.4545
    endloop
  endfacet
  facet normal -0.680414 -0.272166 0.680414
    outer loop
      vertex 16.9067 359.674 -13.7006
      vertex 16.9068 359.674 -13.7005
      vertex 16.906 359.676 -13.7005
    endloop
  endfacet
  facet normal -0.865724 -0.322156 0.383064
    outer loop
      vertex 16.82 359.636 -13.9285
      vertex 16.9067 359.674 -13.7006
      vertex 16.906 359.676 -13.7005
    endloop
  endfacet
  facet normal -0.857518 -0.343007 0.383418
    outer loop
      vertex 16.9067 359.674 -13.7006
      vertex 16.82 359.636 -13.9285
      vertex 16.8208 359.634 -13.9285
    endloop
  endfacet
  facet normal -0.73964 -0.289257 0.607671
    outer loop
      vertex 16.684 359.572 -14.1245
      vertex 16.8207 359.634 -13.9286
      vertex 16.82 359.636 -13.9285
    endloop
  endfacet
  facet normal -0.682311 -0.409386 0.605686
    outer loop
      vertex 16.8207 359.634 -13.9286
      vertex 16.684 359.572 -14.1245
      vertex 16.6846 359.571 -14.1245
    endloop
  endfacet
  facet normal -0.680414 -0.272166 0.680414
    outer loop
      vertex 16.8207 359.634 -13.9286
      vertex 16.8208 359.634 -13.9285
      vertex 16.82 359.636 -13.9285
    endloop
  endfacet
  facet normal -0.857493 -0.514496 0
    outer loop
      vertex 16.6846 359.571 -14.1246
      vertex 16.6846 359.571 -14.1245
      vertex 16.684 359.572 -14.1245
    endloop
  endfacet
  facet normal -0.490607 -0.37311 0.78746
    outer loop
      vertex 16.6493 359.556 -14.1537
      vertex 16.6846 359.571 -14.1246
      vertex 16.684 359.572 -14.1245
    endloop
  endfacet
  facet normal -0.58118 -0.174354 0.794878
    outer loop
      vertex 16.6846 359.571 -14.1246
      vertex 16.6493 359.556 -14.1537
      vertex 16.6499 359.554 -14.1537
    endloop
  endfacet
  facet normal 0.348811 0.174405 -0.920822
    outer loop
      vertex 15.6948 359.108 -12.6132
      vertex 15.854 359.184 -12.5385
      vertex 15.8545 359.183 -12.5385
    endloop
  endfacet
  facet normal 0.367467 0.134738 -0.920225
    outer loop
      vertex 15.854 359.184 -12.5385
      vertex 15.6948 359.108 -12.6132
      vertex 15.6937 359.111 -12.6132
    endloop
  endfacet
  facet normal 0.123807 0.060528 -0.990459
    outer loop
      vertex 41.7736 367.973 -12.5005
      vertex 41.778 367.964 -12.5005
      vertex 41.7728 367.973 -12.5006
    endloop
  endfacet
  facet normal 0.116223 0.0561331 -0.991636
    outer loop
      vertex 41.542 367.852 -12.5345
      vertex 41.7728 367.973 -12.5006
      vertex 41.778 367.964 -12.5005
    endloop
  endfacet
  facet normal 0.11717 0.0543243 -0.991625
    outer loop
      vertex 41.7728 367.973 -12.5006
      vertex 41.542 367.852 -12.5345
      vertex 41.5369 367.863 -12.5345
    endloop
  endfacet
  facet normal -0.11027 -0.0540324 -0.992432
    outer loop
      vertex 42.0071 368.082 -12.5345
      vertex 42.012 368.072 -12.5345
      vertex 42.0062 368.082 -12.5344
    endloop
  endfacet
  facet normal -0.117241 -0.0580859 -0.991403
    outer loop
      vertex 41.778 367.964 -12.5005
      vertex 42.0062 368.082 -12.5344
      vertex 42.012 368.072 -12.5345
    endloop
  endfacet
  facet normal -0.117558 -0.0574728 -0.991402
    outer loop
      vertex 42.0062 368.082 -12.5344
      vertex 41.778 367.964 -12.5005
      vertex 41.7736 367.973 -12.5005
    endloop
  endfacet
  facet normal -0.398935 -0.1875 -0.897605
    outer loop
      vertex 42.2293 368.186 -12.6365
      vertex 42.234 368.176 -12.6365
      vertex 42.2284 368.186 -12.6361
    endloop
  endfacet
  facet normal -0.349749 -0.158929 -0.923264
    outer loop
      vertex 42.012 368.072 -12.5345
      vertex 42.2284 368.186 -12.6361
      vertex 42.234 368.176 -12.6365
    endloop
  endfacet
  facet normal -0.344602 -0.168855 -0.923438
    outer loop
      vertex 42.2284 368.186 -12.6361
      vertex 42.012 368.072 -12.5345
      vertex 42.0071 368.082 -12.5345
    endloop
  endfacet
  facet normal -0.551153 -0.264554 -0.791354
    outer loop
      vertex 42.234 368.176 -12.6365
      vertex 42.2876 368.213 -12.6862
      vertex 42.2924 368.203 -12.6862
    endloop
  endfacet
  facet normal -0.553752 -0.260263 -0.790963
    outer loop
      vertex 42.2876 368.213 -12.6862
      vertex 42.234 368.176 -12.6365
      vertex 42.2293 368.186 -12.6365
    endloop
  endfacet
  facet normal 0.836317 0.390281 0.385039
    outer loop
      vertex 40.8918 367.562 -13.7674
      vertex 40.9549 367.58 -13.9227
      vertex 40.9507 367.589 -13.9227
    endloop
  endfacet
  facet normal 0.837921 0.386601 0.385265
    outer loop
      vertex 40.9549 367.58 -13.9227
      vertex 40.8918 367.562 -13.7674
      vertex 40.896 367.552 -13.7665
    endloop
  endfacet
  facet normal 0.872502 0.392626 0.290834
    outer loop
      vertex 40.896 367.552 -13.7665
      vertex 40.8918 367.562 -13.7674
      vertex 40.8915 367.562 -13.7665
    endloop
  endfacet
  facet normal 0.904609 0.407074 0.126387
    outer loop
      vertex 40.8616 367.548 -13.5074
      vertex 40.896 367.552 -13.7665
      vertex 40.8915 367.562 -13.7665
    endloop
  endfacet
  facet normal 0.903745 0.409015 0.126302
    outer loop
      vertex 40.896 367.552 -13.7665
      vertex 40.8616 367.548 -13.5074
      vertex 40.866 367.538 -13.5065
    endloop
  endfacet
  facet normal 0.907276 0.408274 0.100808
    outer loop
      vertex 40.866 367.538 -13.5065
      vertex 40.8616 367.548 -13.5074
      vertex 40.8615 367.548 -13.5065
    endloop
  endfacet
  facet normal 0.905475 0.405144 -0.126383
    outer loop
      vertex 40.896 367.552 -13.2465
      vertex 40.8615 367.548 -13.5065
      vertex 40.8914 367.562 -13.2474
    endloop
  endfacet
  facet normal 0.904619 0.407079 -0.126299
    outer loop
      vertex 40.8615 367.548 -13.5065
      vertex 40.896 367.552 -13.2465
      vertex 40.866 367.538 -13.5065
    endloop
  endfacet
  facet normal 0.907276 0.408274 -0.100808
    outer loop
      vertex 40.8915 367.562 -13.2465
      vertex 40.896 367.552 -13.2465
      vertex 40.8914 367.562 -13.2474
    endloop
  endfacet
  facet normal 0.841979 0.37736 -0.385579
    outer loop
      vertex 40.988 367.596 -13.0025
      vertex 40.8915 367.562 -13.2465
      vertex 40.9836 367.605 -13.0033
    endloop
  endfacet
  facet normal 0.841423 0.37864 -0.385537
    outer loop
      vertex 40.8915 367.562 -13.2465
      vertex 40.988 367.596 -13.0025
      vertex 40.896 367.552 -13.2465
    endloop
  endfacet
  facet normal 0.861251 0.392348 -0.322969
    outer loop
      vertex 40.9839 367.605 -13.0025
      vertex 40.988 367.596 -13.0025
      vertex 40.9836 367.605 -13.0033
    endloop
  endfacet
  facet normal 0.718531 0.331368 -0.611481
    outer loop
      vertex 41.132 367.664 -12.7965
      vertex 40.9839 367.605 -13.0025
      vertex 41.1278 367.672 -12.7971
    endloop
  endfacet
  facet normal 0.719998 0.327999 -0.611571
    outer loop
      vertex 40.9839 367.605 -13.0025
      vertex 41.132 367.664 -12.7965
      vertex 40.988 367.596 -13.0025
    endloop
  endfacet
  facet normal 0.773807 0.367558 -0.515871
    outer loop
      vertex 41.1282 367.672 -12.7965
      vertex 41.132 367.664 -12.7965
      vertex 41.1278 367.672 -12.7971
    endloop
  endfacet
  facet normal 0.420171 0.191411 -0.887028
    outer loop
      vertex 41.3179 367.761 -12.6365
      vertex 41.322 367.752 -12.6365
      vertex 41.3173 367.76 -12.637
    endloop
  endfacet
  facet normal 0.544003 0.269947 -0.794474
    outer loop
      vertex 41.132 367.664 -12.7965
      vertex 41.3173 367.76 -12.637
      vertex 41.322 367.752 -12.6365
    endloop
  endfacet
  facet normal 0.548713 0.260639 -0.794344
    outer loop
      vertex 41.3173 367.76 -12.637
      vertex 41.132 367.664 -12.7965
      vertex 41.1282 367.672 -12.7965
    endloop
  endfacet
  facet normal 0.354485 0.159854 -0.921296
    outer loop
      vertex 41.322 367.752 -12.6365
      vertex 41.536 367.863 -12.5349
      vertex 41.542 367.852 -12.5345
    endloop
  endfacet
  facet normal 0.353811 0.161181 -0.921324
    outer loop
      vertex 41.536 367.863 -12.5349
      vertex 41.322 367.752 -12.6365
      vertex 41.3179 367.761 -12.6365
    endloop
  endfacet
  facet normal 0.399124 0.185048 -0.898029
    outer loop
      vertex 41.5369 367.863 -12.5345
      vertex 41.542 367.852 -12.5345
      vertex 41.536 367.863 -12.5349
    endloop
  endfacet
  facet normal -0.675674 -0.294839 0.675674
    outer loop
      vertex 42.3457 368.241 12.7943
      vertex 42.3506 368.23 12.7944
      vertex 42.3458 368.241 12.7944
    endloop
  endfacet
  facet normal -0.781462 -0.34337 0.520975
    outer loop
      vertex 42.3506 368.23 12.7944
      vertex 42.3457 368.241 12.7943
      vertex 42.35 368.23 12.7935
    endloop
  endfacet
  facet normal -0.605114 -0.290455 0.741265
    outer loop
      vertex 42.35 368.23 12.7935
      vertex 42.3457 368.241 12.7943
      vertex 42.3452 368.24 12.7935
    endloop
  endfacet
  facet normal -0.550715 -0.264343 0.79173
    outer loop
      vertex 42.1578 368.153 12.6341
      vertex 42.35 368.23 12.7935
      vertex 42.3452 368.24 12.7935
    endloop
  endfacet
  facet normal -0.554697 -0.254994 0.792016
    outer loop
      vertex 42.35 368.23 12.7935
      vertex 42.1578 368.153 12.6341
      vertex 42.162 368.142 12.6335
    endloop
  endfacet
  facet normal -0.439642 -0.215424 0.871956
    outer loop
      vertex 42.162 368.142 12.6335
      vertex 42.1578 368.153 12.6341
      vertex 42.1571 368.152 12.6335
    endloop
  endfacet
  facet normal -0.340359 -0.166776 0.925387
    outer loop
      vertex 41.9365 368.049 12.5338
      vertex 42.162 368.142 12.6335
      vertex 42.1571 368.152 12.6335
    endloop
  endfacet
  facet normal -0.341653 -0.163714 0.925457
    outer loop
      vertex 42.162 368.142 12.6335
      vertex 41.9365 368.049 12.5338
      vertex 41.94 368.04 12.5335
    endloop
  endfacet
  facet normal -0.346284 -0.165447 0.923425
    outer loop
      vertex 41.94 368.04 12.5335
      vertex 41.9365 368.049 12.5338
      vertex 41.9357 368.049 12.5335
    endloop
  endfacet
  facet normal -0.117733 -0.0562503 0.991451
    outer loop
      vertex 41.7023 367.94 12.4996
      vertex 41.94 368.04 12.5335
      vertex 41.9357 368.049 12.5335
    endloop
  endfacet
  facet normal -0.118745 -0.0538501 0.991464
    outer loop
      vertex 41.94 368.04 12.5335
      vertex 41.7023 367.94 12.4996
      vertex 41.706 367.93 12.4995
    endloop
  endfacet
  facet normal -0.110289 -0.0507331 0.992604
    outer loop
      vertex 41.706 367.93 12.4995
      vertex 41.7023 367.94 12.4996
      vertex 41.7014 367.94 12.4995
    endloop
  endfacet
  facet normal 0.117697 0.0541407 0.991573
    outer loop
      vertex 41.4664 367.83 12.5334
      vertex 41.706 367.93 12.4995
      vertex 41.7014 367.94 12.4995
    endloop
  endfacet
  facet normal 0.118371 0.0525292 0.991579
    outer loop
      vertex 41.706 367.93 12.4995
      vertex 41.4664 367.83 12.5334
      vertex 41.47 367.82 12.5335
    endloop
  endfacet
  facet normal 0.110295 0.0496329 0.992659
    outer loop
      vertex 41.47 367.82 12.5335
      vertex 41.4664 367.83 12.5334
      vertex 41.4655 367.83 12.5335
    endloop
  endfacet
  facet normal 0.347398 0.156329 0.924595
    outer loop
      vertex 41.2465 367.727 12.6332
      vertex 41.47 367.82 12.5335
      vertex 41.4655 367.83 12.5335
    endloop
  endfacet
  facet normal 0.343916 0.164561 0.924468
    outer loop
      vertex 41.47 367.82 12.5335
      vertex 41.2465 367.727 12.6332
      vertex 41.25 367.718 12.6335
    endloop
  endfacet
  facet normal 0.387427 0.180799 0.903997
    outer loop
      vertex 41.25 367.718 12.6335
      vertex 41.2465 367.727 12.6332
      vertex 41.2458 367.727 12.6335
    endloop
  endfacet
  facet normal 0.552889 0.258015 0.792301
    outer loop
      vertex 41.0583 367.639 12.793
      vertex 41.25 367.718 12.6335
      vertex 41.2458 367.727 12.6335
    endloop
  endfacet
  facet normal 0.547973 0.269276 0.79197
    outer loop
      vertex 41.25 367.718 12.6335
      vertex 41.0583 367.639 12.793
      vertex 41.062 367.63 12.7935
    endloop
  endfacet
  facet normal 0.612188 0.29249 0.734626
    outer loop
      vertex 41.062 367.63 12.7935
      vertex 41.0583 367.639 12.793
      vertex 41.0577 367.639 12.7935
    endloop
  endfacet
  facet normal 0.713441 0.340866 0.61222
    outer loop
      vertex 40.9123 367.571 13.0008
      vertex 41.062 367.63 12.7935
      vertex 41.0577 367.639 12.7935
    endloop
  endfacet
  facet normal 0.71342 0.340912 0.612218
    outer loop
      vertex 41.062 367.63 12.7935
      vertex 40.9123 367.571 13.0008
      vertex 40.916 367.562 13.0015
    endloop
  endfacet
  facet normal 0.76073 0.355007 0.543378
    outer loop
      vertex 40.916 367.562 13.0015
      vertex 40.9123 367.571 13.0008
      vertex 40.9118 367.571 13.0015
    endloop
  endfacet
  facet normal 0.83826 0.391188 0.379858
    outer loop
      vertex 40.8221 367.529 13.2427
      vertex 40.916 367.562 13.0015
      vertex 40.9118 367.571 13.0015
    endloop
  endfacet
  facet normal 0.836064 0.396043 0.379668
    outer loop
      vertex 40.916 367.562 13.0015
      vertex 40.8221 367.529 13.2427
      vertex 40.826 367.52 13.2435
    endloop
  endfacet
  facet normal 0.857997 0.400399 0.321749
    outer loop
      vertex 40.826 367.52 13.2435
      vertex 40.8221 367.529 13.2427
      vertex 40.8218 367.529 13.2435
    endloop
  endfacet
  facet normal 0.899024 0.419545 0.125448
    outer loop
      vertex 40.7919 367.515 13.5046
      vertex 40.826 367.52 13.2435
      vertex 40.8218 367.529 13.2435
    endloop
  endfacet
  facet normal 0.898052 0.421649 0.125361
    outer loop
      vertex 40.826 367.52 13.2435
      vertex 40.7919 367.515 13.5046
      vertex 40.796 367.506 13.5055
    endloop
  endfacet
  facet normal 0.901624 0.420758 0.10018
    outer loop
      vertex 40.796 367.506 13.5055
      vertex 40.7919 367.515 13.5046
      vertex 40.7918 367.515 13.5055
    endloop
  endfacet
  facet normal 0.899849 0.417191 -0.127367
    outer loop
      vertex 40.826 367.52 13.7635
      vertex 40.7918 367.515 13.5055
      vertex 40.8217 367.529 13.7626
    endloop
  endfacet
  facet normal 0.898814 0.419446 -0.127274
    outer loop
      vertex 40.7918 367.515 13.5055
      vertex 40.826 367.52 13.7635
      vertex 40.796 367.506 13.5055
    endloop
  endfacet
  facet normal 0.901624 0.420758 -0.10018
    outer loop
      vertex 40.8218 367.529 13.7635
      vertex 40.826 367.52 13.7635
      vertex 40.8217 367.529 13.7626
    endloop
  endfacet
  facet normal 0.840453 0.386462 -0.379851
    outer loop
      vertex 40.916 367.562 14.0055
      vertex 40.8218 367.529 13.7635
      vertex 40.9115 367.571 14.0047
    endloop
  endfacet
  facet normal 0.838329 0.39122 -0.379673
    outer loop
      vertex 40.8218 367.529 13.7635
      vertex 40.916 367.562 14.0055
      vertex 40.826 367.52 13.7635
    endloop
  endfacet
  facet normal 0.857997 0.400399 -0.321749
    outer loop
      vertex 40.9118 367.571 14.0055
      vertex 40.916 367.562 14.0055
      vertex 40.9115 367.571 14.0047
    endloop
  endfacet
  facet normal 0.714428 0.341338 -0.610803
    outer loop
      vertex 40.9705 367.587 14.0831
      vertex 40.9118 367.571 14.0055
      vertex 40.9662 367.596 14.0831
    endloop
  endfacet
  facet normal 0.717069 0.334632 -0.611419
    outer loop
      vertex 40.9118 367.571 14.0055
      vertex 40.9705 367.587 14.0831
      vertex 40.916 367.562 14.0055
    endloop
  endfacet
  facet normal 0 -0 1
    outer loop
      vertex 12.4638 357.6 17.4995
      vertex 21.8779 361.995 17.4995
      vertex 12.452 357.6 17.4995
    endloop
  endfacet
  facet normal 0 0 1
    outer loop
      vertex 29.7845 362.376 17.4995
      vertex 43.514 368.774 17.4995
      vertex 43.5094 368.784 17.4995
    endloop
  endfacet
  facet normal 0 0 1
    outer loop
      vertex 43.514 368.774 17.4995
      vertex 29.7845 362.376 17.4995
      vertex 22.1768 358.824 17.4995
    endloop
  endfacet
  facet normal 0 -0 -1
    outer loop
      vertex 43.5094 368.784 -17.5005
      vertex 43.514 368.774 -17.5005
      vertex 22.1768 358.824 -17.5005
    endloop
  endfacet
  facet normal 0 0 -1
    outer loop
      vertex 21.8779 361.995 -17.5005
      vertex 12.4638 357.6 -17.5005
      vertex 12.452 357.6 -17.5005
    endloop
  endfacet
  facet normal 0.430109 -0.902771 0.00337172
    outer loop
      vertex 43.514 368.774 -17.5005
      vertex 42.3858 368.247 -14.6864
      vertex 42.3649 368.237 -14.6978
    endloop
  endfacet
  facet normal 0.433367 -0.901204 0.00497141
    outer loop
      vertex 42.3858 368.247 -14.6864
      vertex 43.514 368.774 -17.5005
      vertex 42.4044 368.256 -14.6763
    endloop
  endfacet
  facet normal 0.42229 -0.906461 -0.000344632
    outer loop
      vertex 42.4044 368.256 -14.6763
      vertex 43.514 368.774 -17.5005
      vertex 43.982 368.992 -17.4325
    endloop
  endfacet
  facet normal 0.418227 -0.908339 -0.00256652
    outer loop
      vertex 42.3126 368.213 -14.7263
      vertex 43.514 368.774 -17.5005
      vertex 42.3649 368.237 -14.6978
    endloop
  endfacet
  facet normal 0.430544 -0.902561 0.00393566
    outer loop
      vertex 42.2353 368.176 -14.7552
      vertex 43.514 368.774 -17.5005
      vertex 42.3126 368.213 -14.7263
    endloop
  endfacet
  facet normal 0.415901 -0.909399 -0.0043739
    outer loop
      vertex 42.1892 368.155 -14.7725
      vertex 43.514 368.774 -17.5005
      vertex 42.2353 368.176 -14.7552
    endloop
  endfacet
  facet normal 0.430456 -0.902602 0.00423666
    outer loop
      vertex 43.514 368.774 -17.5005
      vertex 42.1892 368.155 -14.7725
      vertex 42.162 368.142 -14.7785
    endloop
  endfacet
  facet normal 0.421513 -0.906822 -0.00101557
    outer loop
      vertex 43.514 368.774 -17.5005
      vertex 42.0124 368.073 -14.8041
      vertex 41.95 368.044 -14.8086
    endloop
  endfacet
  facet normal 0.415671 -0.909503 -0.00470925
    outer loop
      vertex 42.0611 368.096 -14.8006
      vertex 43.514 368.774 -17.5005
      vertex 42.162 368.142 -14.7785
    endloop
  endfacet
  facet normal 0.426892 -0.904299 0.00263602
    outer loop
      vertex 42.0124 368.073 -14.8041
      vertex 43.514 368.774 -17.5005
      vertex 42.0611 368.096 -14.8006
    endloop
  endfacet
  facet normal 0.436656 -0.89958 0.00928304
    outer loop
      vertex 43.982 368.992 -17.4325
      vertex 42.4437 368.274 -14.6522
      vertex 42.4295 368.267 -14.6626
    endloop
  endfacet
  facet normal 0.406521 -0.913572 -0.0112695
    outer loop
      vertex 43.982 368.992 -17.4325
      vertex 42.4295 368.267 -14.6626
      vertex 42.4044 368.256 -14.6763
    endloop
  endfacet
  facet normal 0.422355 -0.90643 -0.000398598
    outer loop
      vertex 42.4437 368.274 -14.6522
      vertex 43.982 368.992 -17.4325
      vertex 44.42 369.196 -17.2325
    endloop
  endfacet
  facet normal 0.42442 -0.905464 0.00152788
    outer loop
      vertex 44.42 369.196 -17.2325
      vertex 42.482 368.292 -14.624
      vertex 42.4437 368.274 -14.6522
    endloop
  endfacet
  facet normal 0.421041 -0.907041 -0.00152889
    outer loop
      vertex 42.482 368.292 -14.624
      vertex 44.42 369.196 -17.2325
      vertex 44.796 369.37 -16.9145
    endloop
  endfacet
  facet normal 0.421725 -0.906724 -0.000688507
    outer loop
      vertex 44.796 369.37 -16.9145
      vertex 42.5229 368.311 -14.5938
      vertex 42.482 368.292 -14.624
    endloop
  endfacet
  facet normal 0.422115 -0.906542 -0.000224026
    outer loop
      vertex 42.5229 368.311 -14.5938
      vertex 44.796 369.37 -16.9145
      vertex 45.084 369.504 -16.5025
    endloop
  endfacet
  facet normal 0.419713 -0.907648 -0.0041057
    outer loop
      vertex 45.084 369.504 -16.5025
      vertex 42.5642 368.33 -14.5572
      vertex 42.538 368.318 -14.5827
    endloop
  endfacet
  facet normal 0.421411 -0.906869 -0.0013718
    outer loop
      vertex 45.084 369.504 -16.5025
      vertex 42.538 368.318 -14.5827
      vertex 42.5229 368.311 -14.5938
    endloop
  endfacet
  facet normal 0.424289 -0.905522 0.00310513
    outer loop
      vertex 42.5642 368.33 -14.5572
      vertex 45.084 369.504 -16.5025
      vertex 45.264 369.59 -16.0185
    endloop
  endfacet
  facet normal 0.424299 -0.905516 0.00318627
    outer loop
      vertex 45.264 369.59 -16.0185
      vertex 42.6085 368.351 -14.5144
      vertex 42.5746 368.335 -14.5472
    endloop
  endfacet
  facet normal 0.426655 -0.904375 0.00846602
    outer loop
      vertex 45.264 369.59 -16.0185
      vertex 42.5746 368.335 -14.5472
      vertex 42.5642 368.33 -14.5572
    endloop
  endfacet
  facet normal 0.422112 -0.906542 -0.00152078
    outer loop
      vertex 42.6085 368.351 -14.5144
      vertex 45.264 369.59 -16.0185
      vertex 45.326 369.618 -15.5005
    endloop
  endfacet
  facet normal 0.422261 -0.906474 -0.000824498
    outer loop
      vertex 45.326 369.618 -15.5005
      vertex 42.6898 368.389 -14.4201
      vertex 42.636 368.364 -14.4878
    endloop
  endfacet
  facet normal 0.424561 -0.905381 0.00577048
    outer loop
      vertex 42.7219 368.404 -14.3796
      vertex 45.326 369.618 -15.5005
      vertex 42.7365 368.411 -14.3555
    endloop
  endfacet
  facet normal 0.422738 -0.906252 0.000590086
    outer loop
      vertex 42.6898 368.389 -14.4201
      vertex 45.326 369.618 -15.5005
      vertex 42.7219 368.404 -14.3796
    endloop
  endfacet
  facet normal 0.423879 -0.905708 0.00441906
    outer loop
      vertex 45.326 369.618 -15.5005
      vertex 42.636 368.364 -14.4878
      vertex 42.6085 368.351 -14.5144
    endloop
  endfacet
  facet normal 0.421972 -0.906608 -0.00116683
    outer loop
      vertex 42.7942 368.438 -14.26
      vertex 45.326 369.618 -15.5005
      vertex 42.8396 368.459 -14.1582
    endloop
  endfacet
  facet normal 0.42276 -0.906241 0.000788354
    outer loop
      vertex 45.326 369.618 -15.5005
      vertex 42.7942 368.438 -14.26
      vertex 42.7365 368.411 -14.3555
    endloop
  endfacet
  facet normal 0.424794 -0.905279 0.00435324
    outer loop
      vertex 42.8939 368.484 -13.9947
      vertex 45.326 369.618 -15.5005
      vertex 42.906 368.49 -13.9277
    endloop
  endfacet
  facet normal 0.420793 -0.90715 -0.0035182
    outer loop
      vertex 42.8518 368.465 -14.131
      vertex 45.326 369.618 -15.5005
      vertex 42.8939 368.484 -13.9947
    endloop
  endfacet
  facet normal 0.42619 -0.904595 0.00838412
    outer loop
      vertex 45.326 369.618 -15.5005
      vertex 42.8518 368.465 -14.131
      vertex 42.8396 368.459 -14.1582
    endloop
  endfacet
  facet normal 0.438113 -0.898568 0.0251376
    outer loop
      vertex 42.9282 368.499 -13.71
      vertex 45.326 369.618 -15.5005
      vertex 42.9268 368.499 -13.6856
    endloop
  endfacet
  facet normal 0.418949 -0.907987 -0.0064129
    outer loop
      vertex 42.9195 368.496 -13.8536
      vertex 45.326 369.618 -15.5005
      vertex 42.9282 368.499 -13.71
    endloop
  endfacet
  facet normal 0.420763 -0.907165 -0.00320248
    outer loop
      vertex 45.326 369.618 -15.5005
      vertex 42.9195 368.496 -13.8536
      vertex 42.906 368.49 -13.9277
    endloop
  endfacet
  facet normal 0.421872 -0.906655 -0.00105109
    outer loop
      vertex 42.9195 368.496 -13.5664
      vertex 45.326 369.618 -15.5005
      vertex 42.8983 368.486 -13.4495
    endloop
  endfacet
  facet normal 0.424691 -0.905333 0.00322352
    outer loop
      vertex 45.326 369.618 -15.5005
      vertex 42.9195 368.496 -13.5664
      vertex 42.9268 368.499 -13.6856
    endloop
  endfacet
  facet normal 0.418409 -0.908243 -0.00541589
    outer loop
      vertex 42.8518 368.465 -13.289
      vertex 45.326 369.618 -15.5005
      vertex 42.8307 368.455 -13.2421
    endloop
  endfacet
  facet normal 0.426551 -0.904446 0.00567387
    outer loop
      vertex 42.8939 368.484 -13.4253
      vertex 45.326 369.618 -15.5005
      vertex 42.8518 368.465 -13.289
    endloop
  endfacet
  facet normal 0.424184 -0.905573 0.00228369
    outer loop
      vertex 45.326 369.618 -15.5005
      vertex 42.8939 368.484 -13.4253
      vertex 42.8983 368.486 -13.4495
    endloop
  endfacet
  facet normal 0.416733 -0.908998 -0.00750921
    outer loop
      vertex 42.7943 368.438 -13.16
      vertex 45.326 369.618 -15.5005
      vertex 42.771 368.427 -13.1215
    endloop
  endfacet
  facet normal 0.421968 -0.90661 -0.000642308
    outer loop
      vertex 45.326 369.618 -15.5005
      vertex 42.7943 368.438 -13.16
      vertex 42.8307 368.455 -13.2421
    endloop
  endfacet
  facet normal 0.305545 -0.952071 0.0142627
    outer loop
      vertex 42.4294 368.267 -12.7574
      vertex 42.6618 368.376 -10.46
      vertex 42.4262 368.266 -12.7556
    endloop
  endfacet
  facet normal 0.422497 -0.906364 0
    outer loop
      vertex 45.326 369.618 -15.5005
      vertex 43.9702 368.986 2.28878
      vertex 43.9702 368.986 -10.46
    endloop
  endfacet
  facet normal 0.422552 -0.906339 0.000256773
    outer loop
      vertex 42.6618 368.376 -10.46
      vertex 42.4294 368.267 -12.7574
      vertex 43.9702 368.986 -10.46
    endloop
  endfacet
  facet normal 0.42456 -0.905399 -0.0013842
    outer loop
      vertex 42.5379 368.318 -12.8373
      vertex 43.9702 368.986 -10.46
      vertex 42.4294 368.267 -12.7574
    endloop
  endfacet
  facet normal 0.42178 -0.906698 0.000655742
    outer loop
      vertex 42.5745 368.335 -12.8728
      vertex 43.9702 368.986 -10.46
      vertex 42.5379 368.318 -12.8373
    endloop
  endfacet
  facet normal 0.425511 -0.904951 -0.00197362
    outer loop
      vertex 42.6359 368.364 -12.9322
      vertex 43.9702 368.986 -10.46
      vertex 42.5745 368.335 -12.8728
    endloop
  endfacet
  facet normal 0.421854 -0.906664 0.000430727
    outer loop
      vertex 42.6897 368.389 -12.9999
      vertex 43.9702 368.986 -10.46
      vertex 42.6359 368.364 -12.9322
    endloop
  endfacet
  facet normal 0.42238 -0.906419 0.000107838
    outer loop
      vertex 42.7219 368.404 -13.0404
      vertex 43.9702 368.986 -10.46
      vertex 42.6897 368.389 -12.9999
    endloop
  endfacet
  facet normal 0.423472 -0.905909 -0.000535355
    outer loop
      vertex 42.771 368.427 -13.1215
      vertex 43.9702 368.986 -10.46
      vertex 42.7219 368.404 -13.0404
    endloop
  endfacet
  facet normal 0.422497 -0.906364 0
    outer loop
      vertex 43.9702 368.986 2.28878
      vertex 45.326 369.618 -15.5005
      vertex 45.326 369.618 15.4995
    endloop
  endfacet
  facet normal 0.422497 -0.906364 -2.06567e-07
    outer loop
      vertex 45.326 369.618 -15.5005
      vertex 43.9702 368.986 -10.46
      vertex 42.771 368.427 -13.1215
    endloop
  endfacet
  facet normal 0.417716 -0.908573 -0.00286654
    outer loop
      vertex 43.9702 368.986 10.54
      vertex 42.7374 368.411 13.1458
      vertex 42.722 368.404 13.1204
    endloop
  endfacet
  facet normal 0.423062 -0.906101 0.000277164
    outer loop
      vertex 43.9702 368.986 10.54
      vertex 42.722 368.404 13.1204
      vertex 42.6899 368.389 13.0799
    endloop
  endfacet
  facet normal 0.430291 -0.902678 0.00472594
    outer loop
      vertex 43.9702 368.986 10.54
      vertex 42.6899 368.389 13.0799
      vertex 42.6361 368.363 13.0122
    endloop
  endfacet
  facet normal 0.417741 -0.908559 -0.00352903
    outer loop
      vertex 43.9702 368.986 10.54
      vertex 42.6361 368.363 13.0122
      vertex 42.5747 368.335 12.9528
    endloop
  endfacet
  facet normal 0.421191 -0.906971 -0.00110473
    outer loop
      vertex 43.9702 368.986 10.54
      vertex 42.5747 368.335 12.9528
      vertex 42.538 368.318 12.9173
    endloop
  endfacet
  facet normal 0.161287 -0.876619 0.453349
    outer loop
      vertex 42.35 368.23 12.7935
      vertex 42.3859 368.247 12.8136
      vertex 42.3515 368.231 12.7949
    endloop
  endfacet
  facet normal 0.427981 -0.903788 -6.69247e-06
    outer loop
      vertex 42.3563 368.233 10.54
      vertex 42.3859 368.247 12.8136
      vertex 42.35 368.23 12.7935
    endloop
  endfacet
  facet normal 0.416071 -0.909332 0.000182508
    outer loop
      vertex 42.3859 368.247 12.8136
      vertex 42.3563 368.233 10.54
      vertex 42.4296 368.267 12.8374
    endloop
  endfacet
  facet normal 0.422815 -0.906216 -7.87733e-05
    outer loop
      vertex 43.9702 368.986 10.54
      vertex 42.4296 368.267 12.8374
      vertex 42.3563 368.233 10.54
    endloop
  endfacet
  facet normal 0.42479 -0.905291 0.00153504
    outer loop
      vertex 42.4296 368.267 12.8374
      vertex 43.9702 368.986 10.54
      vertex 42.538 368.318 12.9173
    endloop
  endfacet
  facet normal 0.422626 -0.906304 -4.27833e-05
    outer loop
      vertex 42.7374 368.411 13.1458
      vertex 43.9702 368.986 10.54
      vertex 45.326 369.618 15.4995
    endloop
  endfacet
  facet normal 0.422497 -0.906364 0
    outer loop
      vertex 45.326 369.618 15.4995
      vertex 43.9702 368.986 10.54
      vertex 43.9702 368.986 2.28878
    endloop
  endfacet
  facet normal 0.422926 -0.906164 1.33102e-05
    outer loop
      vertex 42.4219 368.264 -12.7533
      vertex 42.6618 368.376 -10.46
      vertex 42.4154 368.261 -10.46
    endloop
  endfacet
  facet normal 0.4218 -0.906689 0.000156732
    outer loop
      vertex 42.6618 368.376 -10.46
      vertex 42.4219 368.264 -12.7533
      vertex 42.4262 368.266 -12.7556
    endloop
  endfacet
  facet normal 0.422343 -0.906436 0.000154567
    outer loop
      vertex 42.7943 368.438 13.24
      vertex 45.326 369.618 15.4995
      vertex 42.8136 368.447 13.2834
    endloop
  endfacet
  facet normal 0.415055 -0.909741 0.0100467
    outer loop
      vertex 45.326 369.618 15.4995
      vertex 42.7943 368.438 13.24
      vertex 42.7374 368.411 13.1458
    endloop
  endfacet
  facet normal 0.752591 -0.426469 -0.501728
    outer loop
      vertex 42.3515 368.231 12.7949
      vertex 42.3506 368.23 12.7944
      vertex 42.35 368.23 12.7935
    endloop
  endfacet
  facet normal 0.429577 -0.902973 -0.0101603
    outer loop
      vertex 42.852 368.465 13.369
      vertex 45.326 369.618 15.4995
      vertex 42.8907 368.482 13.4944
    endloop
  endfacet
  facet normal 0.421155 -0.906987 0.00179216
    outer loop
      vertex 45.326 369.618 15.4995
      vertex 42.852 368.465 13.369
      vertex 42.8136 368.447 13.2834
    endloop
  endfacet
  facet normal 0.417142 -0.908802 0.00844955
    outer loop
      vertex 42.9191 368.496 13.6464
      vertex 45.326 369.618 15.4995
      vertex 42.9239 368.499 13.7321
    endloop
  endfacet
  facet normal 0.420877 -0.907114 0.00257579
    outer loop
      vertex 42.8941 368.484 13.5053
      vertex 45.326 369.618 15.4995
      vertex 42.9191 368.496 13.6464
    endloop
  endfacet
  facet normal 0.390236 -0.919515 0.0469932
    outer loop
      vertex 45.326 369.618 15.4995
      vertex 42.8941 368.484 13.5053
      vertex 42.8907 368.482 13.4944
    endloop
  endfacet
  facet normal 0.433746 -0.900786 -0.0211836
    outer loop
      vertex 42.9194 368.496 13.9336
      vertex 45.326 369.618 15.4995
      vertex 42.9129 368.492 13.9706
    endloop
  endfacet
  facet normal 0.426509 -0.904453 -0.00743412
    outer loop
      vertex 42.9275 368.501 13.79
      vertex 45.326 369.618 15.4995
      vertex 42.9194 368.496 13.9336
    endloop
  endfacet
  facet normal 0.419055 -0.907946 0.00530734
    outer loop
      vertex 45.326 369.618 15.4995
      vertex 42.9275 368.501 13.79
      vertex 42.9239 368.499 13.7321
    endloop
  endfacet
  facet normal 0.420841 -0.907127 0.00364689
    outer loop
      vertex 42.894 368.484 14.0747
      vertex 45.326 369.618 15.4995
      vertex 42.8563 368.467 14.1966
    endloop
  endfacet
  facet normal 0.419506 -0.90773 0.00640564
    outer loop
      vertex 45.326 369.618 15.4995
      vertex 42.894 368.484 14.0747
      vertex 42.9129 368.492 13.9706
    endloop
  endfacet
  facet normal 0.41941 -0.907754 0.00886409
    outer loop
      vertex 42.7944 368.437 14.34
      vertex 45.326 369.618 15.4995
      vertex 42.763 368.423 14.392
    endloop
  endfacet
  facet normal 0.42533 -0.905013 -0.0068519
    outer loop
      vertex 42.8519 368.465 14.211
      vertex 45.326 369.618 15.4995
      vertex 42.7944 368.437 14.34
    endloop
  endfacet
  facet normal 0.421234 -0.906948 0.00274524
    outer loop
      vertex 45.326 369.618 15.4995
      vertex 42.8519 368.465 14.211
      vertex 42.8563 368.467 14.1966
    endloop
  endfacet
  facet normal 0.422122 -0.906538 0.00152819
    outer loop
      vertex 42.7291 368.407 14.4479
      vertex 45.326 369.618 15.4995
      vertex 45.264 369.59 16.0155
    endloop
  endfacet
  facet normal 0.423459 -0.905912 -0.00249254
    outer loop
      vertex 45.326 369.618 15.4995
      vertex 42.7291 368.407 14.4479
      vertex 42.763 368.423 14.392
    endloop
  endfacet
  facet normal 0.418396 -0.908207 0.0102693
    outer loop
      vertex 42.6361 368.363 14.5678
      vertex 45.264 369.59 16.0155
      vertex 42.5983 368.346 14.6044
    endloop
  endfacet
  facet normal 0.426749 -0.904333 -0.00817663
    outer loop
      vertex 42.6899 368.389 14.5001
      vertex 45.264 369.59 16.0155
      vertex 42.6361 368.363 14.5678
    endloop
  endfacet
  facet normal 0.422984 -0.906137 -0.000352035
    outer loop
      vertex 42.722 368.404 14.4596
      vertex 45.264 369.59 16.0155
      vertex 42.6899 368.389 14.5001
    endloop
  endfacet
  facet normal 0.413808 -0.910192 0.0177315
    outer loop
      vertex 45.264 369.59 16.0155
      vertex 42.722 368.404 14.4596
      vertex 42.7291 368.407 14.4479
    endloop
  endfacet
  facet normal 0.424516 -0.905413 -0.00361528
    outer loop
      vertex 42.5748 368.335 14.6272
      vertex 45.084 369.504 16.4995
      vertex 42.5473 368.322 14.6538
    endloop
  endfacet
  facet normal 0.423015 -0.906122 -0.0011612
    outer loop
      vertex 42.5983 368.346 14.6044
      vertex 45.084 369.504 16.4995
      vertex 42.5748 368.335 14.6272
    endloop
  endfacet
  facet normal 0.424243 -0.905543 -0.00312572
    outer loop
      vertex 45.084 369.504 16.4995
      vertex 42.5983 368.346 14.6044
      vertex 45.264 369.59 16.0155
    endloop
  endfacet
  facet normal 0.421669 -0.906749 0.00122858
    outer loop
      vertex 42.5382 368.317 14.6627
      vertex 44.796 369.37 16.9115
      vertex 42.4951 368.297 14.6944
    endloop
  endfacet
  facet normal 0.422337 -0.906439 0.00041293
    outer loop
      vertex 44.796 369.37 16.9115
      vertex 42.5382 368.317 14.6627
      vertex 45.084 369.504 16.4995
    endloop
  endfacet
  facet normal 0.447912 -0.893009 -0.0437131
    outer loop
      vertex 45.084 369.504 16.4995
      vertex 42.5382 368.317 14.6627
      vertex 42.5473 368.322 14.6538
    endloop
  endfacet
  facet normal 0.418476 -0.908218 0.00432137
    outer loop
      vertex 42.4951 368.297 14.6944
      vertex 44.42 369.196 17.2315
      vertex 42.4448 368.274 14.7315
    endloop
  endfacet
  facet normal 0.421227 -0.906953 0.00178593
    outer loop
      vertex 44.42 369.196 17.2315
      vertex 42.4951 368.297 14.6944
      vertex 44.796 369.37 16.9115
    endloop
  endfacet
  facet normal 0.423889 -0.905714 -0.000505893
    outer loop
      vertex 42.4297 368.267 14.7426
      vertex 43.982 368.992 17.4315
      vertex 42.3934 368.25 14.7623
    endloop
  endfacet
  facet normal 0.421353 -0.906896 0.00127646
    outer loop
      vertex 42.4448 368.274 14.7315
      vertex 43.982 368.992 17.4315
      vertex 42.4297 368.267 14.7426
    endloop
  endfacet
  facet normal 0.42241 -0.906405 0.000544558
    outer loop
      vertex 43.982 368.992 17.4315
      vertex 42.4448 368.274 14.7315
      vertex 44.42 369.196 17.2315
    endloop
  endfacet
  facet normal 0.431327 -0.902186 -0.00407166
    outer loop
      vertex 42.3859 368.247 14.7664
      vertex 43.514 368.774 17.4995
      vertex 42.3422 368.226 14.7902
    endloop
  endfacet
  facet normal 0.38114 -0.924281 0.0209038
    outer loop
      vertex 42.3934 368.25 14.7623
      vertex 43.514 368.774 17.4995
      vertex 42.3859 368.247 14.7664
    endloop
  endfacet
  facet normal 0.422324 -0.906445 0.000628602
    outer loop
      vertex 43.514 368.774 17.4995
      vertex 42.3934 368.25 14.7623
      vertex 43.982 368.992 17.4315
    endloop
  endfacet
  facet normal 0.422678 -0.90628 0.000446474
    outer loop
      vertex 30.8578 362.872 16.04
      vertex 22.1768 358.824 17.4995
      vertex 21.3893 358.456 16.04
    endloop
  endfacet
  facet normal 0.422629 -0.906303 8.62718e-05
    outer loop
      vertex 22.1768 358.824 17.4995
      vertex 30.8578 362.872 16.04
      vertex 43.514 368.774 17.4995
    endloop
  endfacet
  facet normal 0.422609 -0.906312 0.000298278
    outer loop
      vertex 37.5081 365.973 16.04
      vertex 43.514 368.774 17.4995
      vertex 30.8578 362.872 16.04
    endloop
  endfacet
  facet normal 0.422728 -0.906257 -0.000297626
    outer loop
      vertex 38.9852 366.662 16.04
      vertex 43.514 368.774 17.4995
      vertex 37.5081 365.973 16.04
    endloop
  endfacet
  facet normal 0.422649 -0.906294 0
    outer loop
      vertex 43.514 368.774 17.4995
      vertex 38.9852 366.662 16.04
      vertex 38.9852 366.662 15.9041
    endloop
  endfacet
  facet normal 0.422616 -0.906305 -0.00252485
    outer loop
      vertex 22.1761 358.824 -17.5002
      vertex 43.514 368.774 -17.5005
      vertex 21.0703 358.307 -17.0126
    endloop
  endfacet
  facet normal 0.300923 -0.645311 0.702153
    outer loop
      vertex 43.514 368.774 -17.5005
      vertex 22.1761 358.824 -17.5002
      vertex 22.1768 358.824 -17.5005
    endloop
  endfacet
  facet normal 0.423021 -0.905524 0.0328691
    outer loop
      vertex 43.514 368.774 -17.5005
      vertex 21.2301 358.382 -17.003
      vertex 21.0703 358.307 -17.0126
    endloop
  endfacet
  facet normal 0.422647 -0.906295 0
    outer loop
      vertex 43.514 368.774 -17.5005
      vertex 21.2301 358.382 -16.41
      vertex 21.2301 358.382 -17.003
    endloop
  endfacet
  facet normal 0.422711 -0.906264 -0.000352788
    outer loop
      vertex 21.2301 358.382 -16.41
      vertex 30.7431 362.819 -15.96
      vertex 21.5928 358.551 -15.96
    endloop
  endfacet
  facet normal 0.422672 -0.906282 0.000647152
    outer loop
      vertex 30.7431 362.819 -15.96
      vertex 21.2301 358.382 -16.41
      vertex 43.514 368.774 -17.5005
    endloop
  endfacet
  facet normal 0.42723 -0.904138 -0.0031221
    outer loop
      vertex 43.514 368.774 17.4995
      vertex 41.8823 368.012 14.8865
      vertex 41.931 368.035 14.89
    endloop
  endfacet
  facet normal 0.422555 -0.906337 0.00043861
    outer loop
      vertex 43.514 368.774 17.4995
      vertex 41.8008 367.974 14.8806
      vertex 41.8823 368.012 14.8865
    endloop
  endfacet
  facet normal 0.419983 -0.907529 0.00248508
    outer loop
      vertex 41.8008 367.974 14.8806
      vertex 43.514 368.774 17.4995
      vertex 41.7339 367.943 14.8659
    endloop
  endfacet
  facet normal 0.451975 -0.891768 -0.021636
    outer loop
      vertex 43.514 368.774 17.4995
      vertex 41.931 368.035 14.89
      vertex 41.9369 368.038 14.8896
    endloop
  endfacet
  facet normal 0.421119 -0.907005 0.00130625
    outer loop
      vertex 42.0123 368.073 14.8841
      vertex 43.514 368.774 17.4995
      vertex 41.9369 368.038 14.8896
    endloop
  endfacet
  facet normal 0.427575 -0.903974 -0.00321325
    outer loop
      vertex 42.0609 368.096 14.8806
      vertex 43.514 368.774 17.4995
      vertex 42.0123 368.073 14.8841
    endloop
  endfacet
  facet normal 0.425667 -0.904878 -0.00192071
    outer loop
      vertex 43.514 368.774 17.4995
      vertex 42.0609 368.096 14.8806
      vertex 42.1416 368.134 14.8629
    endloop
  endfacet
  facet normal 0.422483 -0.906371 9.93137e-05
    outer loop
      vertex 42.1888 368.156 14.8525
      vertex 43.514 368.774 17.4995
      vertex 42.1416 368.134 14.8629
    endloop
  endfacet
  facet normal 0.414576 -0.910001 0.00490523
    outer loop
      vertex 42.2351 368.177 14.8352
      vertex 43.514 368.774 17.4995
      vertex 42.1888 368.156 14.8525
    endloop
  endfacet
  facet normal 0.421543 -0.906808 0.00084593
    outer loop
      vertex 42.3126 368.213 14.8063
      vertex 43.514 368.774 17.4995
      vertex 42.2351 368.177 14.8352
    endloop
  endfacet
  facet normal 0.406249 -0.913717 0.00910754
    outer loop
      vertex 43.514 368.774 17.4995
      vertex 42.3126 368.213 14.8063
      vertex 42.3422 368.226 14.7902
    endloop
  endfacet
  facet normal 0.422741 -0.906251 0.000159026
    outer loop
      vertex 42.234 368.176 -12.6365
      vertex 42.4154 368.261 -10.46
      vertex 42.2439 368.181 -10.46
    endloop
  endfacet
  facet normal 0.463838 -0.883529 0.0650476
    outer loop
      vertex 42.3125 368.213 -12.6937
      vertex 42.234 368.176 -12.6365
      vertex 42.2924 368.203 -12.6862
    endloop
  endfacet
  facet normal 0.405656 -0.913389 -0.034115
    outer loop
      vertex 42.3857 368.247 -12.7336
      vertex 42.234 368.176 -12.6365
      vertex 42.3125 368.213 -12.6937
    endloop
  endfacet
  facet normal 0.423919 -0.9057 3.93229e-05
    outer loop
      vertex 42.234 368.176 -12.6365
      vertex 42.3857 368.247 -12.7336
      vertex 42.4154 368.261 -10.46
    endloop
  endfacet
  facet normal 0.425084 -0.905154 2.0748e-05
    outer loop
      vertex 42.4154 368.261 -10.46
      vertex 42.3857 368.247 -12.7336
      vertex 42.4219 368.264 -12.7533
    endloop
  endfacet
  facet normal 0.434142 -0.900844 1.44489e-05
    outer loop
      vertex 42.3563 368.233 10.54
      vertex 42.35 368.23 12.7935
      vertex 42.3397 368.225 10.54
    endloop
  endfacet
  facet normal 0.444987 -0.895537 3.32233e-05
    outer loop
      vertex 42.234 368.176 -12.6365
      vertex 42.2439 368.181 -10.46
      vertex 42.2278 368.173 -10.46
    endloop
  endfacet
  facet normal 0.422336 -0.906439 -8.85121e-05
    outer loop
      vertex 42.3397 368.225 10.54
      vertex 42.162 368.142 12.6335
      vertex 42.168 368.145 10.54
    endloop
  endfacet
  facet normal 0.42389 -0.905714 7.2112e-05
    outer loop
      vertex 42.162 368.142 12.6335
      vertex 42.3397 368.225 10.54
      vertex 42.35 368.23 12.7935
    endloop
  endfacet
  facet normal 0.422598 -0.906317 -4.54136e-05
    outer loop
      vertex 42.234 368.176 -12.6365
      vertex 42.2278 368.173 -10.46
      vertex 41.5887 367.875 -10.46
    endloop
  endfacet
  facet normal 0.422536 -0.906346 -8.78078e-05
    outer loop
      vertex 42.168 368.145 10.54
      vertex 42.162 368.142 12.6335
      vertex 39.757 367.021 10.54
    endloop
  endfacet
  facet normal 0.420656 -0.907215 0.00308995
    outer loop
      vertex 39.757 367.021 10.54
      vertex 41.94 368.04 12.5335
      vertex 39.6923 366.991 10.54
    endloop
  endfacet
  facet normal 0.412082 -0.911032 0.0144298
    outer loop
      vertex 41.94 368.04 12.5335
      vertex 39.757 367.021 10.54
      vertex 42.162 368.142 12.6335
    endloop
  endfacet
  facet normal 0.425794 -0.904812 -0.00398197
    outer loop
      vertex 39.6923 366.991 10.54
      vertex 41.706 367.93 12.4995
      vertex 39.5733 366.935 10.54
    endloop
  endfacet
  facet normal 0.425912 -0.904755 -0.00413111
    outer loop
      vertex 41.706 367.93 12.4995
      vertex 39.6923 366.991 10.54
      vertex 41.94 368.04 12.5335
    endloop
  endfacet
  facet normal 0.418564 -0.908174 0.00493776
    outer loop
      vertex 39.5733 366.935 10.54
      vertex 41.47 367.82 12.5335
      vertex 39.4084 366.859 10.54
    endloop
  endfacet
  facet normal 0.42251 -0.906358 0.000377823
    outer loop
      vertex 41.47 367.82 12.5335
      vertex 39.5733 366.935 10.54
      vertex 41.706 367.93 12.4995
    endloop
  endfacet
  facet normal 0.421459 -0.906847 0.00134838
    outer loop
      vertex 39.4084 366.859 10.54
      vertex 41.25 367.718 12.6335
      vertex 39.2169 366.77 10.54
    endloop
  endfacet
  facet normal 0.421224 -0.906955 0.00159916
    outer loop
      vertex 41.25 367.718 12.6335
      vertex 39.4084 366.859 10.54
      vertex 41.47 367.82 12.5335
    endloop
  endfacet
  facet normal 0.426368 -0.904542 -0.00389859
    outer loop
      vertex 39.2169 366.77 10.54
      vertex 41.062 367.63 12.7935
      vertex 39.0196 366.677 10.54
    endloop
  endfacet
  facet normal 0.423334 -0.905973 -0.000868072
    outer loop
      vertex 41.062 367.63 12.7935
      vertex 39.2169 366.77 10.54
      vertex 41.25 367.718 12.6335
    endloop
  endfacet
  facet normal 0.422598 -0.906317 0.000335442
    outer loop
      vertex 38.9855 366.661 10.7182
      vertex 41.062 367.63 12.7935
      vertex 40.916 367.562 13.0015
    endloop
  endfacet
  facet normal 0.424774 -0.905299 0
    outer loop
      vertex 39.0196 366.677 10.54
      vertex 38.9855 366.661 10.7182
      vertex 38.9855 366.661 10.54
    endloop
  endfacet
  facet normal 0.423179 -0.906046 -0.000372243
    outer loop
      vertex 38.9855 366.661 10.7182
      vertex 39.0196 366.677 10.54
      vertex 41.062 367.63 12.7935
    endloop
  endfacet
  facet normal 0.422913 -0.90617 1.24709e-05
    outer loop
      vertex 38.9855 366.661 10.9261
      vertex 40.916 367.562 13.0015
      vertex 40.826 367.52 13.2435
    endloop
  endfacet
  facet normal 0.422924 -0.906165 0
    outer loop
      vertex 40.916 367.562 13.0015
      vertex 38.9855 366.661 10.9261
      vertex 38.9855 366.661 10.7182
    endloop
  endfacet
  facet normal 0.42251 -0.906358 0.000401953
    outer loop
      vertex 38.9855 366.661 10.9261
      vertex 40.826 367.52 13.2435
      vertex 38.9854 366.662 13.2861
    endloop
  endfacet
  facet normal 0.422496 -0.906365 0
    outer loop
      vertex 38.9854 366.662 13.2861
      vertex 40.796 367.506 13.5055
      vertex 38.9854 366.662 13.4935
    endloop
  endfacet
  facet normal 0.422502 -0.906362 -5.35195e-05
    outer loop
      vertex 40.796 367.506 13.5055
      vertex 38.9854 366.662 13.2861
      vertex 40.826 367.52 13.2435
    endloop
  endfacet
  facet normal 0.422501 -0.906362 5.44322e-05
    outer loop
      vertex 38.9854 366.662 13.6975
      vertex 40.796 367.506 13.5055
      vertex 40.826 367.52 13.7635
    endloop
  endfacet
  facet normal 0.422496 -0.906365 0
    outer loop
      vertex 40.796 367.506 13.5055
      vertex 38.9854 366.662 13.6975
      vertex 38.9854 366.662 13.4935
    endloop
  endfacet
  facet normal 0.422512 -0.906357 0.000169229
    outer loop
      vertex 38.9854 366.662 13.8845
      vertex 40.826 367.52 13.7635
      vertex 40.916 367.562 14.0055
    endloop
  endfacet
  facet normal 0.422503 -0.906362 0
    outer loop
      vertex 40.826 367.52 13.7635
      vertex 38.9854 366.662 13.8845
      vertex 38.9854 366.662 13.6975
    endloop
  endfacet
  facet normal 0.42249 -0.906365 -0.00218463
    outer loop
      vertex 40.916 367.562 14.0055
      vertex 41.0093 367.605 14.209
      vertex 38.9854 366.662 14.0377
    endloop
  endfacet
  facet normal 0.413879 -0.910328 0.00260049
    outer loop
      vertex 41.0093 367.605 14.209
      vertex 40.916 367.562 14.0055
      vertex 40.9705 367.587 14.0831
    endloop
  endfacet
  facet normal 0.42252 -0.906353 0
    outer loop
      vertex 40.916 367.562 14.0055
      vertex 38.9854 366.662 14.0377
      vertex 38.9854 366.662 13.8845
    endloop
  endfacet
  facet normal 0.424987 -0.90457 -0.0337405
    outer loop
      vertex 38.9853 366.662 14.1465
      vertex 41.0674 367.633 14.34
      vertex 41.0772 367.637 14.3562
    endloop
  endfacet
  facet normal 0.422577 -0.906326 0.00101072
    outer loop
      vertex 38.9853 366.662 14.1465
      vertex 41.0098 367.606 14.211
      vertex 41.0674 367.633 14.34
    endloop
  endfacet
  facet normal 0.389928 -0.858922 0.331979
    outer loop
      vertex 38.9853 366.662 14.1465
      vertex 41.0093 367.605 14.209
      vertex 41.0098 367.606 14.211
    endloop
  endfacet
  facet normal 0.422312 -0.906451 0.000388154
    outer loop
      vertex 41.0093 367.605 14.209
      vertex 38.9853 366.662 14.1465
      vertex 38.9854 366.662 14.0377
    endloop
  endfacet
  facet normal 0.422673 -0.906282 -8.5223e-05
    outer loop
      vertex 38.9852 366.662 15.9041
      vertex 41.5687 367.867 14.8136
      vertex 43.514 368.774 17.4995
    endloop
  endfacet
  facet normal 0.420767 -0.907152 -0.0055617
    outer loop
      vertex 38.9852 366.662 15.9041
      vertex 41.5492 367.858 14.8063
      vertex 41.5687 367.867 14.8136
    endloop
  endfacet
  facet normal 0.424046 -0.905633 0.00374972
    outer loop
      vertex 38.9852 366.662 15.9041
      vertex 41.4323 367.803 14.7426
      vertex 41.5492 367.858 14.8063
    endloop
  endfacet
  facet normal 0.423813 -0.905744 0.00314952
    outer loop
      vertex 38.9852 366.662 15.9041
      vertex 41.3239 367.752 14.6627
      vertex 41.4323 367.803 14.7426
    endloop
  endfacet
  facet normal 0.419779 -0.907606 -0.006085
    outer loop
      vertex 38.9852 366.662 15.9041
      vertex 41.2625 367.724 14.6033
      vertex 41.3239 367.752 14.6627
    endloop
  endfacet
  facet normal 0.421778 -0.906697 -0.00184254
    outer loop
      vertex 38.9852 366.662 15.9041
      vertex 41.2258 367.707 14.5678
      vertex 41.2625 367.724 14.6033
    endloop
  endfacet
  facet normal 0.422896 -0.906178 0.000438094
    outer loop
      vertex 38.9852 366.662 15.9041
      vertex 41.1937 367.692 14.5274
      vertex 41.2258 367.707 14.5678
    endloop
  endfacet
  facet normal 0.42204 -0.906576 -0.0012327
    outer loop
      vertex 38.9852 366.662 15.9041
      vertex 41.1398 367.667 14.4596
      vertex 41.1937 367.692 14.5274
    endloop
  endfacet
  facet normal 0.425457 -0.904965 0.00498406
    outer loop
      vertex 38.9852 366.662 15.9041
      vertex 41.0772 367.637 14.3562
      vertex 41.1398 367.667 14.4596
    endloop
  endfacet
  facet normal 0.422449 -0.906387 2.40356e-05
    outer loop
      vertex 41.0772 367.637 14.3562
      vertex 38.9852 366.662 15.9041
      vertex 38.9853 366.662 14.1465
    endloop
  endfacet
  facet normal 0.415475 -0.909584 0.00618049
    outer loop
      vertex 43.514 368.774 17.4995
      vertex 41.6728 367.915 14.8525
      vertex 41.7339 367.943 14.8659
    endloop
  endfacet
  facet normal 0.417287 -0.908763 0.00465366
    outer loop
      vertex 41.6728 367.915 14.8525
      vertex 43.514 368.774 17.4995
      vertex 41.5687 367.867 14.8136
    endloop
  endfacet
  facet normal 0.427521 -0.903983 0.00637288
    outer loop
      vertex 41.542 367.852 -12.5345
      vertex 39.5277 366.914 -10.46
      vertex 39.367 366.838 -10.46
    endloop
  endfacet
  facet normal 0.427928 -0.903787 0.00685628
    outer loop
      vertex 39.5277 366.914 -10.46
      vertex 41.542 367.852 -12.5345
      vertex 41.778 367.964 -12.5005
    endloop
  endfacet
  facet normal 0.423229 -0.906023 0.000523145
    outer loop
      vertex 41.778 367.964 -12.5005
      vertex 39.6433 366.968 -10.46
      vertex 39.5277 366.914 -10.46
    endloop
  endfacet
  facet normal 0.418375 -0.908257 -0.00564473
    outer loop
      vertex 39.6433 366.968 -10.46
      vertex 41.778 367.964 -12.5005
      vertex 42.012 368.072 -12.5345
    endloop
  endfacet
  facet normal 0.418293 -0.908294 -0.00575814
    outer loop
      vertex 42.012 368.072 -12.5345
      vertex 39.7041 366.996 -10.46
      vertex 39.6433 366.968 -10.46
    endloop
  endfacet
  facet normal 0.42596 -0.90473 0.00461983
    outer loop
      vertex 39.7041 366.996 -10.46
      vertex 42.012 368.072 -12.5345
      vertex 42.234 368.176 -12.6365
    endloop
  endfacet
  facet normal 0.423895 -0.905711 0.000547429
    outer loop
      vertex 43.514 368.774 -17.5005
      vertex 41.8824 368.012 -14.8065
      vertex 41.8012 367.974 -14.8006
    endloop
  endfacet
  facet normal 0.428726 -0.903425 0.00411987
    outer loop
      vertex 41.8824 368.012 -14.8065
      vertex 43.514 368.774 -17.5005
      vertex 41.9309 368.035 -14.81
    endloop
  endfacet
  facet normal 0.436789 -0.899502 0.0105676
    outer loop
      vertex 43.514 368.774 -17.5005
      vertex 41.8012 367.974 -14.8006
      vertex 41.7453 367.947 -14.7883
    endloop
  endfacet
  facet normal 0.426117 -0.904665 0.00224458
    outer loop
      vertex 41.95 368.044 -14.8086
      vertex 41.9309 368.035 -14.81
      vertex 43.514 368.774 -17.5005
    endloop
  endfacet
  facet normal 0.414372 -0.910079 -0.00727682
    outer loop
      vertex 41.6731 367.914 -14.7725
      vertex 43.514 368.774 -17.5005
      vertex 41.7453 367.947 -14.7883
    endloop
  endfacet
  facet normal 0.402261 -0.915365 -0.017116
    outer loop
      vertex 43.514 368.774 -17.5005
      vertex 41.6731 367.914 -14.7725
      vertex 41.5723 367.869 -14.7349
    endloop
  endfacet
  facet normal 0.422596 -0.906318 0
    outer loop
      vertex 38.9852 366.662 -15.9185
      vertex 41.1277 367.661 -14.3598
      vertex 38.9852 366.662 -14.1536
    endloop
  endfacet
  facet normal 0.430197 -0.902644 -0.012803
    outer loop
      vertex 41.1277 367.661 -14.3598
      vertex 38.9852 366.662 -15.9185
      vertex 41.1397 367.667 -14.3796
    endloop
  endfacet
  facet normal 0.422256 -0.906476 0.000817884
    outer loop
      vertex 41.1397 367.667 -14.3796
      vertex 38.9852 366.662 -15.9185
      vertex 41.1935 367.692 -14.4474
    endloop
  endfacet
  facet normal 0.422553 -0.906338 0.000275382
    outer loop
      vertex 41.1935 367.692 -14.4474
      vertex 38.9852 366.662 -15.9185
      vertex 41.2257 367.707 -14.4878
    endloop
  endfacet
  facet normal 0.422126 -0.906537 0.00108934
    outer loop
      vertex 41.2257 367.707 -14.4878
      vertex 38.9852 366.662 -15.9185
      vertex 41.2623 367.724 -14.5233
    endloop
  endfacet
  facet normal 0.424381 -0.905477 -0.00339813
    outer loop
      vertex 41.2623 367.724 -14.5233
      vertex 38.9852 366.662 -15.9185
      vertex 41.3237 367.753 -14.5827
    endloop
  endfacet
  facet normal 0.421068 -0.907022 0.00366313
    outer loop
      vertex 41.3237 367.753 -14.5827
      vertex 38.9852 366.662 -15.9185
      vertex 41.4321 367.803 -14.6626
    endloop
  endfacet
  facet normal 0.423978 -0.905667 -0.00323764
    outer loop
      vertex 41.4321 367.803 -14.6626
      vertex 38.9852 366.662 -15.9185
      vertex 41.5491 367.858 -14.7263
    endloop
  endfacet
  facet normal 0.425895 -0.904735 -0.00829409
    outer loop
      vertex 41.5491 367.858 -14.7263
      vertex 38.9852 366.662 -15.9185
      vertex 41.5723 367.869 -14.7349
    endloop
  endfacet
  facet normal 0.422712 -0.906264 0.000221114
    outer loop
      vertex 41.5723 367.869 -14.7349
      vertex 38.9852 366.662 -15.9185
      vertex 43.514 368.774 -17.5005
    endloop
  endfacet
  facet normal 0.423083 -0.906046 0.00901422
    outer loop
      vertex 38.9852 366.662 -14.1536
      vertex 41.0444 367.623 -14.2094
      vertex 38.985 366.663 -14.0437
    endloop
  endfacet
  facet normal 0.422725 -0.906228 -0.00736489
    outer loop
      vertex 38.9852 366.662 -14.1536
      vertex 41.0671 367.634 -14.26
      vertex 41.0444 367.623 -14.2094
    endloop
  endfacet
  facet normal 0.423522 -0.905805 0.0121114
    outer loop
      vertex 41.0671 367.634 -14.26
      vertex 38.9852 366.662 -14.1536
      vertex 41.1277 367.661 -14.3598
    endloop
  endfacet
  facet normal 0.422442 -0.906366 -0.00656195
    outer loop
      vertex 38.985 366.663 -14.0437
      vertex 40.9723 367.589 -14.0096
      vertex 38.9852 366.662 -13.8927
    endloop
  endfacet
  facet normal 0.422427 -0.906381 -0.005295
    outer loop
      vertex 38.985 366.663 -14.0437
      vertex 41.0094 367.607 -14.131
      vertex 40.9723 367.589 -14.0096
    endloop
  endfacet
  facet normal 0.422752 -0.906238 0.00378197
    outer loop
      vertex 41.0094 367.607 -14.131
      vertex 38.985 366.663 -14.0437
      vertex 41.0444 367.623 -14.2094
    endloop
  endfacet
  facet normal 0.422525 -0.906333 -0.00574129
    outer loop
      vertex 38.9852 366.662 -13.8927
      vertex 40.896 367.552 -13.7665
      vertex 38.9856 366.661 -13.7054
    endloop
  endfacet
  facet normal 0.422337 -0.906436 -0.00216923
    outer loop
      vertex 40.9678 367.586 -13.9947
      vertex 40.896 367.552 -13.7665
      vertex 38.9852 366.662 -13.8927
    endloop
  endfacet
  facet normal 0.436145 -0.899871 0.00315344
    outer loop
      vertex 40.896 367.552 -13.7665
      vertex 40.9678 367.586 -13.9947
      vertex 40.9549 367.58 -13.9227
    endloop
  endfacet
  facet normal 0.419414 -0.906081 -0.0557636
    outer loop
      vertex 40.9678 367.586 -13.9947
      vertex 38.9852 366.662 -13.8927
      vertex 40.9723 367.589 -14.0096
    endloop
  endfacet
  facet normal 0.42268 -0.906279 0
    outer loop
      vertex 38.9856 366.661 -13.7054
      vertex 40.866 367.538 -13.5065
      vertex 38.9856 366.661 -13.5014
    endloop
  endfacet
  facet normal 0.422682 -0.906278 -2.85689e-05
    outer loop
      vertex 40.866 367.538 -13.5065
      vertex 38.9856 366.661 -13.7054
      vertex 40.896 367.552 -13.7665
    endloop
  endfacet
  facet normal 0.42268 -0.906279 0
    outer loop
      vertex 40.866 367.538 -13.5065
      vertex 38.9856 366.661 -13.2972
      vertex 38.9856 366.661 -13.5014
    endloop
  endfacet
  facet normal 0.422682 -0.906278 2.85509e-05
    outer loop
      vertex 38.9856 366.661 -13.2972
      vertex 40.866 367.538 -13.5065
      vertex 40.896 367.552 -13.2465
    endloop
  endfacet
  facet normal 0.422683 -0.906278 0
    outer loop
      vertex 40.896 367.552 -13.2465
      vertex 38.9856 366.661 -10.8767
      vertex 38.9856 366.661 -13.2972
    endloop
  endfacet
  facet normal 0.427254 -0.904119 0.00478979
    outer loop
      vertex 38.9856 366.661 -10.8767
      vertex 40.988 367.596 -13.0025
      vertex 38.9854 366.662 -10.6701
    endloop
  endfacet
  facet normal 0.42549 -0.904959 0.00275869
    outer loop
      vertex 40.988 367.596 -13.0025
      vertex 38.9856 366.661 -10.8767
      vertex 40.896 367.552 -13.2465
    endloop
  endfacet
  facet normal 0.423303 -0.905988 0.00040488
    outer loop
      vertex 38.9854 366.662 -10.6701
      vertex 41.132 367.664 -12.7965
      vertex 38.9852 366.662 -10.461
    endloop
  endfacet
  facet normal 0.424626 -0.905367 0.00203332
    outer loop
      vertex 41.132 367.664 -12.7965
      vertex 38.9854 366.662 -10.6701
      vertex 40.988 367.596 -13.0025
    endloop
  endfacet
  facet normal 0.42191 -0.906638 0
    outer loop
      vertex 38.9852 366.662 -10.461
      vertex 39.1786 366.752 -10.46
      vertex 38.9852 366.662 -10.46
    endloop
  endfacet
  facet normal 0.421915 -0.906635 -0.0011483
    outer loop
      vertex 41.132 367.664 -12.7965
      vertex 39.1786 366.752 -10.46
      vertex 38.9852 366.662 -10.461
    endloop
  endfacet
  facet normal 0.421416 -0.906866 -0.0016553
    outer loop
      vertex 39.1786 366.752 -10.46
      vertex 41.132 367.664 -12.7965
      vertex 41.322 367.752 -12.6365
    endloop
  endfacet
  facet normal 0.415241 -0.909667 -0.00902362
    outer loop
      vertex 41.322 367.752 -12.6365
      vertex 39.367 366.838 -10.46
      vertex 39.1786 366.752 -10.46
    endloop
  endfacet
  facet normal 0.416663 -0.90903 -0.00747875
    outer loop
      vertex 39.367 366.838 -10.46
      vertex 41.322 367.752 -12.6365
      vertex 41.542 367.852 -12.5345
    endloop
  endfacet
  facet normal 0.409528 -0.912194 0.0137275
    outer loop
      vertex 19.9535 357.785 -10.5429
      vertex 19.9532 357.786 -10.4675
      vertex 18.835 357.264 -11.7956
    endloop
  endfacet
  facet normal 0.43309 -0.901273 -0.0118529
    outer loop
      vertex 19.9532 357.786 -10.6299
      vertex 19.9535 357.785 -10.5429
      vertex 18.835 357.264 -11.7956
    endloop
  endfacet
  facet normal 0.423057 -0.906095 0.0037773
    outer loop
      vertex 19.9534 357.786 -13.9799
      vertex 19.9532 357.786 -13.9575
      vertex 19.1957 357.432 -14.0347
    endloop
  endfacet
  facet normal 0.423631 -0.905815 -0.00596664
    outer loop
      vertex 19.9532 357.786 -13.9941
      vertex 19.9534 357.786 -13.9799
      vertex 19.1957 357.432 -14.0347
    endloop
  endfacet
  facet normal 0.4226 -0.906316 -8.56832e-05
    outer loop
      vertex 43.514 368.774 -17.5005
      vertex 37.1212 365.793 -15.96
      vertex 30.7431 362.819 -15.96
    endloop
  endfacet
  facet normal 0.422539 -0.906344 -0.00039164
    outer loop
      vertex 37.1212 365.793 -15.96
      vertex 43.514 368.774 -17.5005
      vertex 38.9852 366.662 -15.96
    endloop
  endfacet
  facet normal 0.422649 -0.906294 0
    outer loop
      vertex 38.9852 366.662 -15.9185
      vertex 38.9852 366.662 -15.96
      vertex 43.514 368.774 -17.5005
    endloop
  endfacet
  facet normal 0.424251 -0.905544 0.00119507
    outer loop
      vertex 19.9533 357.786 10.5497
      vertex 19.9532 357.786 10.5852
      vertex 19.7092 357.672 10.8239
    endloop
  endfacet
  facet normal 0.426864 -0.904307 0.00403525
    outer loop
      vertex 19.8856 357.754 10.54
      vertex 19.9533 357.786 10.5497
      vertex 19.7092 357.672 10.8239
    endloop
  endfacet
  facet normal 0.42734 -0.904091 0
    outer loop
      vertex 19.9533 357.786 10.5497
      vertex 19.8856 357.754 10.54
      vertex 19.9533 357.786 10.54
    endloop
  endfacet
  facet normal 0.422696 -0.906272 -1.01413e-05
    outer loop
      vertex 42.234 368.176 -12.6365
      vertex 41.5887 367.875 -10.46
      vertex 39.7041 366.996 -10.46
    endloop
  endfacet
  facet normal 0.965591 -0 0.260066
    outer loop
      vertex 12.498 190 17.5615
      vertex 12.7 220 16.8115
      vertex 12.498 220 17.5615
    endloop
  endfacet
  facet normal 0.965591 0 0.260066
    outer loop
      vertex 12.7 220 16.8115
      vertex 12.498 190 17.5615
      vertex 12.7 190 16.8115
    endloop
  endfacet
  facet normal 0.708394 -0 0.705818
    outer loop
      vertex 11.95 190 18.1115
      vertex 12.498 220 17.5615
      vertex 11.95 220 18.1115
    endloop
  endfacet
  facet normal 0.708394 0 0.705818
    outer loop
      vertex 12.498 220 17.5615
      vertex 11.95 190 18.1115
      vertex 12.498 190 17.5615
    endloop
  endfacet
  facet normal 0.257663 0 0.966235
    outer loop
      vertex 11.2 220 18.3115
      vertex 11.95 190 18.1115
      vertex 11.95 220 18.1115
    endloop
  endfacet
  facet normal 0.257663 0 0.966235
    outer loop
      vertex 11.95 190 18.1115
      vertex 11.2 220 18.3115
      vertex 11.2 190 18.3115
    endloop
  endfacet
  facet normal 0 0 1
    outer loop
      vertex 11.2 357.6 18.3115
      vertex 11.1695 356.996 18.3115
      vertex 11.2 357.01 18.3115
    endloop
  endfacet
  facet normal 0 0 1
    outer loop
      vertex 11.2 357.6 18.3115
      vertex 11.0622 356.946 18.3115
      vertex 11.1695 356.996 18.3115
    endloop
  endfacet
  facet normal 0 0 1
    outer loop
      vertex 11.2 357.6 18.3115
      vertex 11.0577 356.943 18.3115
      vertex 11.0622 356.946 18.3115
    endloop
  endfacet
  facet normal 0 0 1
    outer loop
      vertex 11.2 220 18.3115
      vertex -8.452 198.748 18.3115
      vertex 8.448 198.748 18.3115
    endloop
  endfacet
  facet normal -0 0 1
    outer loop
      vertex -11.2 357.6 18.3115
      vertex 11.0577 356.943 18.3115
      vertex 11.2 357.6 18.3115
    endloop
  endfacet
  facet normal 0 0 1
    outer loop
      vertex -11.2 288.8 18.3115
      vertex 11.0577 356.943 18.3115
      vertex -11.2 357.6 18.3115
    endloop
  endfacet
  facet normal 0 0 1
    outer loop
      vertex 11.2 288.8 18.3115
      vertex -11.2 288.8 18.3115
      vertex -11.2 220 18.3115
    endloop
  endfacet
  facet normal 0 0 1
    outer loop
      vertex 11.2 288.8 18.3115
      vertex -11.2 220 18.3115
      vertex -8.452 198.748 18.3115
    endloop
  endfacet
  facet normal 0 0 1
    outer loop
      vertex -11.2 190 18.3115
      vertex -8.452 198.748 18.3115
      vertex -11.2 220 18.3115
    endloop
  endfacet
  facet normal 0 0 1
    outer loop
      vertex -8.452 198.748 18.3115
      vertex -11.2 190 18.3115
      vertex -8.452 190 18.3115
    endloop
  endfacet
  facet normal 0 0 1
    outer loop
      vertex -11.2 288.8 18.3115
      vertex 11.2 356.639 18.3115
      vertex 11.0577 356.943 18.3115
    endloop
  endfacet
  facet normal 0 0 1
    outer loop
      vertex 11.2 356.639 18.3115
      vertex -11.2 288.8 18.3115
      vertex 11.2 288.8 18.3115
    endloop
  endfacet
  facet normal 0 0 1
    outer loop
      vertex -8.452 198.748 18.3115
      vertex 11.2 220 18.3115
      vertex 11.2 288.8 18.3115
    endloop
  endfacet
  facet normal 0 0 1
    outer loop
      vertex 11.2 220 18.3115
      vertex 8.448 198.748 18.3115
      vertex 11.2 190 18.3115
    endloop
  endfacet
  facet normal 0 0 1
    outer loop
      vertex 11.2 190 18.3115
      vertex 8.448 198.748 18.3115
      vertex 8.448 190 18.3115
    endloop
  endfacet
  facet normal -0.257663 0 0.966235
    outer loop
      vertex -11.95 220 18.1115
      vertex -11.2 190 18.3115
      vertex -11.2 220 18.3115
    endloop
  endfacet
  facet normal -0.257663 0 0.966235
    outer loop
      vertex -11.2 190 18.3115
      vertex -11.95 220 18.1115
      vertex -11.95 190 18.1115
    endloop
  endfacet
  facet normal -0.707107 0 0.707107
    outer loop
      vertex -11.95 288.8 18.1115
      vertex -11.95 357.6 18.1115
      vertex -12.088 323.2 17.9735
    endloop
  endfacet
  facet normal -0.707107 -3.64388e-17 0.707107
    outer loop
      vertex -12.088 254.4 17.9735
      vertex -12.362 254.4 17.6995
      vertex -12.5 220 17.5615
    endloop
  endfacet
  facet normal -0.707107 0 0.707107
    outer loop
      vertex -12.362 254.4 17.6995
      vertex -12.5 288.8 17.5615
      vertex -12.5 220 17.5615
    endloop
  endfacet
  facet normal -0.707107 3.64388e-17 0.707107
    outer loop
      vertex -12.088 323.2 17.9735
      vertex -11.95 357.6 18.1115
      vertex -12.362 323.2 17.6995
    endloop
  endfacet
  facet normal -0.707107 1.79591e-17 0.707107
    outer loop
      vertex -12.362 254.4 17.6995
      vertex -12.226 288.8 17.8355
      vertex -12.5 288.8 17.5615
    endloop
  endfacet
  facet normal -0.707107 0 0.707107
    outer loop
      vertex -12.226 288.8 17.8355
      vertex -12.362 254.4 17.6995
      vertex -12.088 254.4 17.9735
    endloop
  endfacet
  facet normal -0.707107 -3.64388e-17 0.707107
    outer loop
      vertex -12.5 288.8 17.5615
      vertex -12.088 323.2 17.9735
      vertex -12.362 323.2 17.6995
    endloop
  endfacet
  facet normal -0.707107 1.82194e-17 0.707107
    outer loop
      vertex -12.088 323.2 17.9735
      vertex -12.5 288.8 17.5615
      vertex -12.226 288.8 17.8355
    endloop
  endfacet
  facet normal -0.707107 -1.86042e-17 0.707107
    outer loop
      vertex -11.95 288.8 18.1115
      vertex -12.088 323.2 17.9735
      vertex -12.226 288.8 17.8355
    endloop
  endfacet
  facet normal -0.707107 1.80874e-17 0.707107
    outer loop
      vertex -12.088 254.4 17.9735
      vertex -11.95 288.8 18.1115
      vertex -12.226 288.8 17.8355
    endloop
  endfacet
  facet normal -0.707107 3.65656e-17 0.707107
    outer loop
      vertex -12.362 323.2 17.6995
      vertex -11.95 357.6 18.1115
      vertex -12.5 357.6 17.5615
    endloop
  endfacet
  facet normal -0.707107 -3.63063e-17 0.707107
    outer loop
      vertex -11.95 220 18.1115
      vertex -12.088 254.4 17.9735
      vertex -12.5 220 17.5615
    endloop
  endfacet
  facet normal -0.707107 0 0.707107
    outer loop
      vertex -11.95 220 18.1115
      vertex -11.95 288.8 18.1115
      vertex -12.088 254.4 17.9735
    endloop
  endfacet
  facet normal -0.707107 0 0.707107
    outer loop
      vertex -12.362 323.2 17.6995
      vertex -12.5 357.6 17.5615
      vertex -12.5 288.8 17.5615
    endloop
  endfacet
  facet normal -0.707107 0 0.707107
    outer loop
      vertex -12.5 190 17.5615
      vertex -11.95 220 18.1115
      vertex -12.5 220 17.5615
    endloop
  endfacet
  facet normal -0.707107 0 0.707107
    outer loop
      vertex -11.95 220 18.1115
      vertex -12.5 190 17.5615
      vertex -11.95 190 18.1115
    endloop
  endfacet
  facet normal -0.966235 0 0.257663
    outer loop
      vertex -12.7 190 16.8115
      vertex -12.5 220 17.5615
      vertex -12.7 220 16.8115
    endloop
  endfacet
  facet normal -0.966235 0 0.257663
    outer loop
      vertex -12.5 220 17.5615
      vertex -12.7 190 16.8115
      vertex -12.5 190 17.5615
    endloop
  endfacet
  facet normal -1 0 0
    outer loop
      vertex -12.7 195.342 12.9675
      vertex -12.7 220 16.8115
      vertex -12.7 195.342 -12.9705
    endloop
  endfacet
  facet normal -1 0 0
    outer loop
      vertex -12.7 220 16.8115
      vertex -12.7 195.342 12.9675
      vertex -12.7 195.886 14.0995
    endloop
  endfacet
  facet normal -1 0 0
    outer loop
      vertex -12.7 193.998 -11.6265
      vertex -12.7 195.342 12.9675
      vertex -12.7 195.342 -12.9705
    endloop
  endfacet
  facet normal -1 0 0
    outer loop
      vertex -12.7 193.998 -11.6265
      vertex -12.7 193.998 11.6255
      vertex -12.7 195.342 12.9675
    endloop
  endfacet
  facet normal -1 0 0
    outer loop
      vertex -12.7 192.656 -12.9705
      vertex -12.7 193.998 11.6255
      vertex -12.7 193.998 -11.6265
    endloop
  endfacet
  facet normal -1 0 0
    outer loop
      vertex -12.7 192.656 -12.9705
      vertex -12.7 192.656 12.9675
      vertex -12.7 193.998 11.6255
    endloop
  endfacet
  facet normal -1 0 0
    outer loop
      vertex -12.7 190 -16.8125
      vertex -12.7 192.656 -12.9705
      vertex -12.7 192.11 -14.1005
    endloop
  endfacet
  facet normal -1 -0 0
    outer loop
      vertex -12.7 192.656 -12.9705
      vertex -12.7 190 -16.8125
      vertex -12.7 192.656 12.9675
    endloop
  endfacet
  facet normal -1 0 0
    outer loop
      vertex -12.7 357.6 -16.8125
      vertex -12.7 288.8 16.8115
      vertex -12.7 357.6 16.8115
    endloop
  endfacet
  facet normal -1 0 0
    outer loop
      vertex -12.7 220 -16.8125
      vertex -12.7 288.8 16.8115
      vertex -12.7 357.6 -16.8125
    endloop
  endfacet
  facet normal -1 0 0
    outer loop
      vertex -12.7 220 -16.8125
      vertex -12.7 220 16.8115
      vertex -12.7 288.8 16.8115
    endloop
  endfacet
  facet normal -1 0 0
    outer loop
      vertex -12.7 195.342 -12.9705
      vertex -12.7 220 -16.8125
      vertex -12.7 195.886 -14.1005
    endloop
  endfacet
  facet normal -1 0 0
    outer loop
      vertex -12.7 220 -16.8125
      vertex -12.7 195.608 -15.3245
      vertex -12.7 195.886 -14.1005
    endloop
  endfacet
  facet normal -1 0 0
    outer loop
      vertex -12.7 220 -16.8125
      vertex -12.7 194.626 -16.1065
      vertex -12.7 195.608 -15.3245
    endloop
  endfacet
  facet normal -1 0 0
    outer loop
      vertex -12.7 190 -16.8125
      vertex -12.7 194.626 -16.1065
      vertex -12.7 220 -16.8125
    endloop
  endfacet
  facet normal -1 0 0
    outer loop
      vertex -12.7 190 16.8115
      vertex -12.7 192.656 12.9675
      vertex -12.7 190 -16.8125
    endloop
  endfacet
  facet normal -1 -0 0
    outer loop
      vertex -12.7 192.39 -15.3245
      vertex -12.7 190 -16.8125
      vertex -12.7 192.11 -14.1005
    endloop
  endfacet
  facet normal -1 -0 0
    outer loop
      vertex -12.7 193.372 -16.1065
      vertex -12.7 190 -16.8125
      vertex -12.7 192.39 -15.3245
    endloop
  endfacet
  facet normal -1 -0 0
    outer loop
      vertex -12.7 194.626 -16.1065
      vertex -12.7 190 -16.8125
      vertex -12.7 193.372 -16.1065
    endloop
  endfacet
  facet normal -1 0 0
    outer loop
      vertex -12.7 220 -16.8125
      vertex -12.7 195.342 -12.9705
      vertex -12.7 220 16.8115
    endloop
  endfacet
  facet normal -1 0 0
    outer loop
      vertex -12.7 195.608 15.3235
      vertex -12.7 220 16.8115
      vertex -12.7 195.886 14.0995
    endloop
  endfacet
  facet normal -1 0 0
    outer loop
      vertex -12.7 194.626 16.1055
      vertex -12.7 220 16.8115
      vertex -12.7 195.608 15.3235
    endloop
  endfacet
  facet normal -1 0 0
    outer loop
      vertex -12.7 190 16.8115
      vertex -12.7 194.626 16.1055
      vertex -12.7 193.372 16.1055
    endloop
  endfacet
  facet normal -1 0 0
    outer loop
      vertex -12.7 194.626 16.1055
      vertex -12.7 190 16.8115
      vertex -12.7 220 16.8115
    endloop
  endfacet
  facet normal -1 0 0
    outer loop
      vertex -12.7 192.39 15.3235
      vertex -12.7 190 16.8115
      vertex -12.7 193.372 16.1055
    endloop
  endfacet
  facet normal -1 0 0
    outer loop
      vertex -12.7 192.11 14.0995
      vertex -12.7 190 16.8115
      vertex -12.7 192.39 15.3235
    endloop
  endfacet
  facet normal -1 0 0
    outer loop
      vertex -12.7 192.656 12.9675
      vertex -12.7 190 16.8115
      vertex -12.7 192.11 14.0995
    endloop
  endfacet
  facet normal 1 -0 0
    outer loop
      vertex 12.7 195.342 -12.9705
      vertex 12.7 220 -16.8125
      vertex 12.7 195.342 12.9675
    endloop
  endfacet
  facet normal 1 0 0
    outer loop
      vertex 12.7 220 -16.8125
      vertex 12.7 195.342 -12.9705
      vertex 12.7 195.886 -14.1005
    endloop
  endfacet
  facet normal 1 -0 0
    outer loop
      vertex 12.7 193.998 11.6255
      vertex 12.7 195.342 -12.9705
      vertex 12.7 195.342 12.9675
    endloop
  endfacet
  facet normal 1 0 0
    outer loop
      vertex 12.7 193.998 11.6255
      vertex 12.7 193.998 -11.6265
      vertex 12.7 195.342 -12.9705
    endloop
  endfacet
  facet normal 1 0 0
    outer loop
      vertex 12.7 192.656 12.9675
      vertex 12.7 193.998 -11.6265
      vertex 12.7 193.998 11.6255
    endloop
  endfacet
  facet normal 1 0 0
    outer loop
      vertex 12.7 192.656 12.9675
      vertex 12.7 192.656 -12.9705
      vertex 12.7 193.998 -11.6265
    endloop
  endfacet
  facet normal 1 0 0
    outer loop
      vertex 12.7 190 16.8115
      vertex 12.7 192.656 12.9675
      vertex 12.7 192.11 14.0995
    endloop
  endfacet
  facet normal 1 0 0
    outer loop
      vertex 12.7 192.656 12.9675
      vertex 12.7 190 16.8115
      vertex 12.7 192.656 -12.9705
    endloop
  endfacet
  facet normal 1 -0 0
    outer loop
      vertex 12.7 323.2 16.8115
      vertex 12.7 354.399 -16.8125
      vertex 12.7 354.399 16.8115
    endloop
  endfacet
  facet normal 1 0 0
    outer loop
      vertex 12.7 323.2 16.8115
      vertex 12.7 323.2 -16.8125
      vertex 12.7 354.399 -16.8125
    endloop
  endfacet
  facet normal 1 -0 0
    outer loop
      vertex 12.7 288.8 16.8115
      vertex 12.7 323.2 -16.8125
      vertex 12.7 323.2 16.8115
    endloop
  endfacet
  facet normal 1 0 0
    outer loop
      vertex 12.7 288.8 16.8115
      vertex 12.7 288.8 -16.8125
      vertex 12.7 323.2 -16.8125
    endloop
  endfacet
  facet normal 1 -0 0
    outer loop
      vertex 12.7 220 16.8115
      vertex 12.7 288.8 -16.8125
      vertex 12.7 288.8 16.8115
    endloop
  endfacet
  facet normal 1 0 0
    outer loop
      vertex 12.7 220 16.8115
      vertex 12.7 220 -16.8125
      vertex 12.7 288.8 -16.8125
    endloop
  endfacet
  facet normal 1 0 0
    outer loop
      vertex 12.7 195.342 12.9675
      vertex 12.7 220 16.8115
      vertex 12.7 195.886 14.0995
    endloop
  endfacet
  facet normal 1 0 0
    outer loop
      vertex 12.7 220 16.8115
      vertex 12.7 195.608 15.3235
      vertex 12.7 195.886 14.0995
    endloop
  endfacet
  facet normal 1 0 0
    outer loop
      vertex 12.7 220 16.8115
      vertex 12.7 194.626 16.1055
      vertex 12.7 195.608 15.3235
    endloop
  endfacet
  facet normal 1 -0 0
    outer loop
      vertex 12.7 190 16.8115
      vertex 12.7 194.626 16.1055
      vertex 12.7 220 16.8115
    endloop
  endfacet
  facet normal 1 0 0
    outer loop
      vertex 12.7 190 -16.8125
      vertex 12.7 192.656 -12.9705
      vertex 12.7 190 16.8115
    endloop
  endfacet
  facet normal 1 0 0
    outer loop
      vertex 12.7 192.39 15.3235
      vertex 12.7 190 16.8115
      vertex 12.7 192.11 14.0995
    endloop
  endfacet
  facet normal 1 0 0
    outer loop
      vertex 12.7 193.372 16.1055
      vertex 12.7 190 16.8115
      vertex 12.7 192.39 15.3235
    endloop
  endfacet
  facet normal 1 0 0
    outer loop
      vertex 12.7 194.626 16.1055
      vertex 12.7 190 16.8115
      vertex 12.7 193.372 16.1055
    endloop
  endfacet
  facet normal 1 0 0
    outer loop
      vertex 12.7 220 16.8115
      vertex 12.7 195.342 12.9675
      vertex 12.7 220 -16.8125
    endloop
  endfacet
  facet normal 1 -0 0
    outer loop
      vertex 12.7 195.608 -15.3245
      vertex 12.7 220 -16.8125
      vertex 12.7 195.886 -14.1005
    endloop
  endfacet
  facet normal 1 -0 0
    outer loop
      vertex 12.7 194.626 -16.1065
      vertex 12.7 220 -16.8125
      vertex 12.7 195.608 -15.3245
    endloop
  endfacet
  facet normal 1 0 0
    outer loop
      vertex 12.7 190 -16.8125
      vertex 12.7 194.626 -16.1065
      vertex 12.7 193.372 -16.1065
    endloop
  endfacet
  facet normal 1 0 0
    outer loop
      vertex 12.7 194.626 -16.1065
      vertex 12.7 190 -16.8125
      vertex 12.7 220 -16.8125
    endloop
  endfacet
  facet normal 1 0 0
    outer loop
      vertex 12.7 192.39 -15.3245
      vertex 12.7 190 -16.8125
      vertex 12.7 193.372 -16.1065
    endloop
  endfacet
  facet normal 1 0 0
    outer loop
      vertex 12.7 192.11 -14.1005
      vertex 12.7 190 -16.8125
      vertex 12.7 192.39 -15.3245
    endloop
  endfacet
  facet normal 1 0 0
    outer loop
      vertex 12.7 192.656 -12.9705
      vertex 12.7 190 -16.8125
      vertex 12.7 192.11 -14.1005
    endloop
  endfacet
  facet normal 0.257663 0 -0.966235
    outer loop
      vertex 11.2 190 -18.3125
      vertex 11.95 220 -18.1125
      vertex 11.95 190 -18.1125
    endloop
  endfacet
  facet normal 0.257663 0 -0.966235
    outer loop
      vertex 11.95 220 -18.1125
      vertex 11.2 190 -18.3125
      vertex 11.2 220 -18.3125
    endloop
  endfacet
  facet normal 0 -0.383378 -0.923592
    outer loop
      vertex -7.92 198.218 -18.0925
      vertex 8.448 198.748 -18.3125
      vertex 7.92 198.218 -18.0925
    endloop
  endfacet
  facet normal -0 -0.383378 -0.923592
    outer loop
      vertex 8.448 198.748 -18.3125
      vertex -7.92 198.218 -18.0925
      vertex -8.452 198.748 -18.3125
    endloop
  endfacet
  facet normal 0 -0.830992 -0.556284
    outer loop
      vertex -7.92 198.218 -18.0925
      vertex 7.756 198.056 -17.8505
      vertex -7.758 198.056 -17.8505
    endloop
  endfacet
  facet normal 0 -0.830992 -0.556284
    outer loop
      vertex 7.756 198.056 -17.8505
      vertex -7.92 198.218 -18.0925
      vertex 7.92 198.218 -18.0925
    endloop
  endfacet
  facet normal 0 -0.980318 -0.197425
    outer loop
      vertex -7.758 198.056 -17.8505
      vertex 7.698 197.998 -17.5625
      vertex -7.702 197.998 -17.5625
    endloop
  endfacet
  facet normal 0 -0.980318 -0.197425
    outer loop
      vertex 7.698 197.998 -17.5625
      vertex -7.758 198.056 -17.8505
      vertex 7.756 198.056 -17.8505
    endloop
  endfacet
  facet normal 0.981615 0 -0.19087
    outer loop
      vertex -7.702 197.998 -17.5625
      vertex -7.702 190.75 -17.5625
      vertex -7.758 198.056 -17.8505
    endloop
  endfacet
  facet normal 0.927456 -0.00762829 -0.373854
    outer loop
      vertex -7.758 198.056 -17.8505
      vertex -7.702 190.75 -17.5625
      vertex -7.92 190.22 -18.0925
    endloop
  endfacet
  facet normal 0.830992 0 -0.556284
    outer loop
      vertex -7.92 198.218 -18.0925
      vertex -7.758 198.056 -17.8505
      vertex -7.92 190.22 -18.0925
    endloop
  endfacet
  facet normal 0.557836 0 -0.829951
    outer loop
      vertex -7.92 198.218 -18.0925
      vertex -7.92 190.22 -18.0925
      vertex -8.164 190.056 -18.2565
    endloop
  endfacet
  facet normal 0.388016 0.00691874 -0.921626
    outer loop
      vertex -7.92 198.218 -18.0925
      vertex -8.164 190.056 -18.2565
      vertex -8.452 198.748 -18.3125
    endloop
  endfacet
  facet normal 0.19087 0 -0.981615
    outer loop
      vertex -8.452 198.748 -18.3125
      vertex -8.164 190.056 -18.2565
      vertex -8.452 190 -18.3125
    endloop
  endfacet
  facet normal -0.192155 -0.981365 0
    outer loop
      vertex 8.448 190 -18.3125
      vertex 8.448 190 -9.5645
      vertex 8.162 190.056 -18.2565
    endloop
  endfacet
  facet normal -0.192155 -0.981365 0
    outer loop
      vertex 8.448 190 9.5615
      vertex 8.448 190 18.3115
      vertex 8.162 190.056 18.2555
    endloop
  endfacet
  facet normal -0.390516 -0.92057 0.00691849
    outer loop
      vertex 8.162 190.056 -18.2565
      vertex 8.448 190 -9.5645
      vertex 7.92 190.22 -10.0945
    endloop
  endfacet
  facet normal -0.560999 -0.827816 0
    outer loop
      vertex 8.162 190.056 18.2555
      vertex 7.92 190.22 18.0915
      vertex 7.92 190.22 10.0915
    endloop
  endfacet
  facet normal -0.560999 -0.827816 0
    outer loop
      vertex 8.162 190.056 -18.2565
      vertex 7.92 190.22 -10.0945
      vertex 7.92 190.22 -18.0925
    endloop
  endfacet
  facet normal -0.827816 -0.560999 0
    outer loop
      vertex 7.92 190.22 10.0915
      vertex 7.92 190.22 18.0915
      vertex 7.756 190.462 10.2555
    endloop
  endfacet
  facet normal -0.827816 -0.560999 0
    outer loop
      vertex 7.92 190.22 -18.0925
      vertex 7.92 190.22 -10.0945
      vertex 7.756 190.462 -10.2565
    endloop
  endfacet
  facet normal -0.925024 -0.379833 -0.00762943
    outer loop
      vertex 7.92 190.22 -18.0925
      vertex 7.756 190.462 -10.2565
      vertex 7.698 190.75 -17.5625
    endloop
  endfacet
  facet normal -0.980318 -0.197425 0
    outer loop
      vertex 7.756 190.462 10.2555
      vertex 7.698 190.75 17.5615
      vertex 7.698 190.75 10.3115
    endloop
  endfacet
  facet normal -0.980318 -0.197425 0
    outer loop
      vertex 7.756 190.462 -10.2565
      vertex 7.698 190.75 -10.3145
      vertex 7.698 190.75 -17.5625
    endloop
  endfacet
  facet normal 0.981615 -0.19087 0
    outer loop
      vertex -7.702 190.75 10.3115
      vertex -7.702 190.75 17.5615
      vertex -7.758 190.462 10.2555
    endloop
  endfacet
  facet normal 0.981615 -0.19087 0
    outer loop
      vertex -7.702 190.75 -17.5625
      vertex -7.702 190.75 -10.3145
      vertex -7.758 190.462 -10.2565
    endloop
  endfacet
  facet normal 0.927456 -0.373854 -0.00762829
    outer loop
      vertex -7.702 190.75 -17.5625
      vertex -7.758 190.462 -10.2565
      vertex -7.92 190.22 -18.0925
    endloop
  endfacet
  facet normal 0.830992 -0.556284 0
    outer loop
      vertex -7.758 190.462 10.2555
      vertex -7.92 190.22 18.0915
      vertex -7.92 190.22 10.0915
    endloop
  endfacet
  facet normal 0.830992 -0.556284 0
    outer loop
      vertex -7.758 190.462 -10.2565
      vertex -7.92 190.22 -10.0945
      vertex -7.92 190.22 -18.0925
    endloop
  endfacet
  facet normal 0.557836 -0.829951 0
    outer loop
      vertex -7.92 190.22 10.0915
      vertex -7.92 190.22 18.0915
      vertex -8.164 190.056 18.2555
    endloop
  endfacet
  facet normal 0.557836 -0.829951 0
    outer loop
      vertex -7.92 190.22 -18.0925
      vertex -7.92 190.22 -10.0945
      vertex -8.164 190.056 -18.2565
    endloop
  endfacet
  facet normal 0.388016 -0.921626 0.00691874
    outer loop
      vertex -8.164 190.056 -18.2565
      vertex -7.92 190.22 -10.0945
      vertex -8.452 190 -9.5645
    endloop
  endfacet
  facet normal 0.19087 -0.981615 0
    outer loop
      vertex -8.164 190.056 18.2555
      vertex -8.452 190 18.3115
      vertex -8.452 190 9.5615
    endloop
  endfacet
  facet normal 0.19087 -0.981615 0
    outer loop
      vertex -8.164 190.056 -18.2565
      vertex -8.452 190 -9.5645
      vertex -8.452 190 -18.3125
    endloop
  endfacet
  facet normal 0 -0.923592 -0.383378
    outer loop
      vertex -7.92 190.22 -10.0945
      vertex 8.448 190 -9.5645
      vertex -8.452 190 -9.5645
    endloop
  endfacet
  facet normal 0 -0.923592 -0.383378
    outer loop
      vertex 8.448 190 -9.5645
      vertex -7.92 190.22 -10.0945
      vertex 7.92 190.22 -10.0945
    endloop
  endfacet
  facet normal 0 -0.556284 -0.830992
    outer loop
      vertex 7.92 190.22 -10.0945
      vertex -7.758 190.462 -10.2565
      vertex 7.756 190.462 -10.2565
    endloop
  endfacet
  facet normal 0 -0.556284 -0.830992
    outer loop
      vertex -7.758 190.462 -10.2565
      vertex 7.92 190.22 -10.0945
      vertex -7.92 190.22 -10.0945
    endloop
  endfacet
  facet normal 0 -0.197425 -0.980318
    outer loop
      vertex 7.756 190.462 -10.2565
      vertex -7.702 190.75 -10.3145
      vertex 7.698 190.75 -10.3145
    endloop
  endfacet
  facet normal 0 -0.197425 -0.980318
    outer loop
      vertex -7.702 190.75 -10.3145
      vertex 7.756 190.462 -10.2565
      vertex -7.758 190.462 -10.2565
    endloop
  endfacet
  facet normal -0.192155 -0 -0.981365
    outer loop
      vertex 8.448 198.748 -18.3125
      vertex 8.448 190 -18.3125
      vertex 8.162 190.056 -18.2565
    endloop
  endfacet
  facet normal -0.390516 0.00691849 -0.92057
    outer loop
      vertex 8.448 198.748 -18.3125
      vertex 8.162 190.056 -18.2565
      vertex 7.92 198.218 -18.0925
    endloop
  endfacet
  facet normal -0.560999 -0 -0.827816
    outer loop
      vertex 7.92 198.218 -18.0925
      vertex 8.162 190.056 -18.2565
      vertex 7.92 190.22 -18.0925
    endloop
  endfacet
  facet normal -0.827816 -0 -0.560999
    outer loop
      vertex 7.92 198.218 -18.0925
      vertex 7.92 190.22 -18.0925
      vertex 7.756 198.056 -17.8505
    endloop
  endfacet
  facet normal -0.925024 -0.00762943 -0.379833
    outer loop
      vertex 7.756 198.056 -17.8505
      vertex 7.92 190.22 -18.0925
      vertex 7.698 190.75 -17.5625
    endloop
  endfacet
  facet normal -0.980318 -0 -0.197425
    outer loop
      vertex 7.698 197.998 -17.5625
      vertex 7.756 198.056 -17.8505
      vertex 7.698 190.75 -17.5625
    endloop
  endfacet
  facet normal 0 -1 0
    outer loop
      vertex -12.7 190 16.8115
      vertex -11.2 190 18.3115
      vertex -11.95 190 18.1115
    endloop
  endfacet
  facet normal 0 -1 0
    outer loop
      vertex -12.7 190 16.8115
      vertex -11.95 190 18.1115
      vertex -12.5 190 17.5615
    endloop
  endfacet
  facet normal 0 -1 -0
    outer loop
      vertex -11.2 190 18.3115
      vertex -12.7 190 16.8115
      vertex -8.452 190 18.3115
    endloop
  endfacet
  facet normal 0 -1 0
    outer loop
      vertex -12.7 190 16.8115
      vertex -8.452 190 9.5615
      vertex -8.452 190 18.3115
    endloop
  endfacet
  facet normal 0 -1 0
    outer loop
      vertex -8.452 190 9.5615
      vertex -8.452 190 -9.5645
      vertex 8.448 190 9.5615
    endloop
  endfacet
  facet normal 0 -1 0
    outer loop
      vertex -12.7 190 16.8115
      vertex -8.452 190 -9.5645
      vertex -8.452 190 9.5615
    endloop
  endfacet
  facet normal 0 -1 0
    outer loop
      vertex -12.7 190 -16.8125
      vertex -8.452 190 -9.5645
      vertex -12.7 190 16.8115
    endloop
  endfacet
  facet normal 0 -1 0
    outer loop
      vertex -11.2 190 -18.3125
      vertex -12.7 190 -16.8125
      vertex -12.5 190 -17.5625
    endloop
  endfacet
  facet normal 0 -1 0
    outer loop
      vertex -11.2 190 -18.3125
      vertex -12.5 190 -17.5625
      vertex -11.95 190 -18.1125
    endloop
  endfacet
  facet normal 0 -1 0
    outer loop
      vertex -12.7 190 -16.8125
      vertex -11.2 190 -18.3125
      vertex -8.452 190 -18.3125
    endloop
  endfacet
  facet normal 0 -1 0
    outer loop
      vertex -12.7 190 -16.8125
      vertex -8.452 190 -18.3125
      vertex -8.452 190 -9.5645
    endloop
  endfacet
  facet normal 0 -1 0
    outer loop
      vertex 12.7 190 16.8115
      vertex 11.2 190 18.3115
      vertex 8.448 190 18.3115
    endloop
  endfacet
  facet normal 0 -1 0
    outer loop
      vertex 11.2 190 18.3115
      vertex 12.7 190 16.8115
      vertex 11.95 190 18.1115
    endloop
  endfacet
  facet normal 0 -1 0
    outer loop
      vertex 11.95 190 18.1115
      vertex 12.7 190 16.8115
      vertex 12.498 190 17.5615
    endloop
  endfacet
  facet normal 0 -1 0
    outer loop
      vertex 8.448 190 9.5615
      vertex 12.7 190 16.8115
      vertex 8.448 190 18.3115
    endloop
  endfacet
  facet normal 0 -1 0
    outer loop
      vertex 8.448 190 -9.5645
      vertex 8.448 190 9.5615
      vertex -8.452 190 -9.5645
    endloop
  endfacet
  facet normal 0 -1 0
    outer loop
      vertex 8.448 190 -9.5645
      vertex 12.7 190 16.8115
      vertex 8.448 190 9.5615
    endloop
  endfacet
  facet normal 0 -1 0
    outer loop
      vertex 8.448 190 -9.5645
      vertex 12.7 190 -16.8125
      vertex 12.7 190 16.8115
    endloop
  endfacet
  facet normal 0 -1 0
    outer loop
      vertex 8.448 190 -18.3125
      vertex 12.7 190 -16.8125
      vertex 8.448 190 -9.5645
    endloop
  endfacet
  facet normal 0 -1 0
    outer loop
      vertex 11.2 190 -18.3125
      vertex 12.7 190 -16.8125
      vertex 8.448 190 -18.3125
    endloop
  endfacet
  facet normal 0 -1 0
    outer loop
      vertex 12.7 190 -16.8125
      vertex 11.2 190 -18.3125
      vertex 12.498 190 -17.5625
    endloop
  endfacet
  facet normal 0 -1 0
    outer loop
      vertex 12.498 190 -17.5625
      vertex 11.2 190 -18.3125
      vertex 11.95 190 -18.1125
    endloop
  endfacet
  facet normal 0 -1 0
    outer loop
      vertex -7.702 197.998 10.3115
      vertex 7.698 197.998 17.5615
      vertex -7.702 197.998 17.5615
    endloop
  endfacet
  facet normal 0 -1 -0
    outer loop
      vertex 7.698 197.998 17.5615
      vertex -7.702 197.998 10.3115
      vertex 7.698 197.998 10.3115
    endloop
  endfacet
  facet normal 0 -1 0
    outer loop
      vertex -7.702 197.998 -17.5625
      vertex 7.698 197.998 -10.3145
      vertex -7.702 197.998 -10.3145
    endloop
  endfacet
  facet normal 0 -1 -0
    outer loop
      vertex 7.698 197.998 -10.3145
      vertex -7.702 197.998 -17.5625
      vertex 7.698 197.998 -17.5625
    endloop
  endfacet
  facet normal -1 0 0
    outer loop
      vertex 7.698 197.998 10.3115
      vertex 7.698 195.066 14.1915
      vertex 7.698 197.998 17.5615
    endloop
  endfacet
  facet normal -1 0 0
    outer loop
      vertex 7.698 197.998 10.3115
      vertex 7.698 194.758 13.5515
      vertex 7.698 195.066 14.1915
    endloop
  endfacet
  facet normal -1 0 0
    outer loop
      vertex 7.698 197.998 10.3115
      vertex 7.698 193.998 12.7915
      vertex 7.698 194.758 13.5515
    endloop
  endfacet
  facet normal -1 -0 0
    outer loop
      vertex 7.698 193.238 13.5515
      vertex 7.698 190.75 10.3115
      vertex 7.698 192.932 14.1915
    endloop
  endfacet
  facet normal -1 -0 0
    outer loop
      vertex 7.698 193.998 12.7915
      vertex 7.698 190.75 10.3115
      vertex 7.698 193.238 13.5515
    endloop
  endfacet
  facet normal -1 0 0
    outer loop
      vertex 7.698 190.75 10.3115
      vertex 7.698 193.998 12.7915
      vertex 7.698 197.998 10.3115
    endloop
  endfacet
  facet normal -1 0 0
    outer loop
      vertex 7.698 194.908 14.8835
      vertex 7.698 197.998 17.5615
      vertex 7.698 195.066 14.1915
    endloop
  endfacet
  facet normal -1 0 0
    outer loop
      vertex 7.698 194.354 15.3275
      vertex 7.698 197.998 17.5615
      vertex 7.698 194.908 14.8835
    endloop
  endfacet
  facet normal -1 0 0
    outer loop
      vertex 7.698 190.75 17.5615
      vertex 7.698 194.354 15.3275
      vertex 7.698 193.644 15.3275
    endloop
  endfacet
  facet normal -1 0 0
    outer loop
      vertex 7.698 190.75 17.5615
      vertex 7.698 192.932 14.1915
      vertex 7.698 190.75 10.3115
    endloop
  endfacet
  facet normal -1 0 0
    outer loop
      vertex 7.698 194.354 15.3275
      vertex 7.698 190.75 17.5615
      vertex 7.698 197.998 17.5615
    endloop
  endfacet
  facet normal -1 0 0
    outer loop
      vertex 7.698 193.088 14.8835
      vertex 7.698 190.75 17.5615
      vertex 7.698 193.644 15.3275
    endloop
  endfacet
  facet normal -1 0 0
    outer loop
      vertex 7.698 192.932 14.1915
      vertex 7.698 190.75 17.5615
      vertex 7.698 193.088 14.8835
    endloop
  endfacet
  facet normal -1 0 0
    outer loop
      vertex 7.698 197.998 -17.5625
      vertex 7.698 195.066 -14.1925
      vertex 7.698 197.998 -10.3145
    endloop
  endfacet
  facet normal -1 0 0
    outer loop
      vertex 7.698 197.998 -17.5625
      vertex 7.698 194.908 -14.8845
      vertex 7.698 195.066 -14.1925
    endloop
  endfacet
  facet normal -1 0 0
    outer loop
      vertex 7.698 197.998 -17.5625
      vertex 7.698 194.354 -15.3285
      vertex 7.698 194.908 -14.8845
    endloop
  endfacet
  facet normal -1 0 0
    outer loop
      vertex 7.698 190.75 -17.5625
      vertex 7.698 194.354 -15.3285
      vertex 7.698 197.998 -17.5625
    endloop
  endfacet
  facet normal -1 -0 0
    outer loop
      vertex 7.698 193.088 -14.8845
      vertex 7.698 190.75 -17.5625
      vertex 7.698 192.932 -14.1925
    endloop
  endfacet
  facet normal -1 -0 0
    outer loop
      vertex 7.698 193.644 -15.3285
      vertex 7.698 190.75 -17.5625
      vertex 7.698 193.088 -14.8845
    endloop
  endfacet
  facet normal -1 -0 0
    outer loop
      vertex 7.698 194.354 -15.3285
      vertex 7.698 190.75 -17.5625
      vertex 7.698 193.644 -15.3285
    endloop
  endfacet
  facet normal -1 0 0
    outer loop
      vertex 7.698 194.758 -13.5545
      vertex 7.698 197.998 -10.3145
      vertex 7.698 195.066 -14.1925
    endloop
  endfacet
  facet normal -1 0 0
    outer loop
      vertex 7.698 193.998 -12.7945
      vertex 7.698 197.998 -10.3145
      vertex 7.698 194.758 -13.5545
    endloop
  endfacet
  facet normal -1 0 0
    outer loop
      vertex 7.698 190.75 -10.3145
      vertex 7.698 192.932 -14.1925
      vertex 7.698 190.75 -17.5625
    endloop
  endfacet
  facet normal -1 0 0
    outer loop
      vertex 7.698 193.998 -12.7945
      vertex 7.698 190.75 -10.3145
      vertex 7.698 197.998 -10.3145
    endloop
  endfacet
  facet normal -1 0 0
    outer loop
      vertex 7.698 193.238 -13.5545
      vertex 7.698 190.75 -10.3145
      vertex 7.698 193.998 -12.7945
    endloop
  endfacet
  facet normal -1 0 0
    outer loop
      vertex 7.698 192.932 -14.1925
      vertex 7.698 190.75 -10.3145
      vertex 7.698 193.238 -13.5545
    endloop
  endfacet
  facet normal 0.19087 0 0.981615
    outer loop
      vertex -8.164 190.056 18.2555
      vertex -8.452 198.748 18.3115
      vertex -8.452 190 18.3115
    endloop
  endfacet
  facet normal 0.388016 0.00691874 0.921626
    outer loop
      vertex -8.164 190.056 18.2555
      vertex -7.92 198.218 18.0915
      vertex -8.452 198.748 18.3115
    endloop
  endfacet
  facet normal 0.557836 -0 0.829951
    outer loop
      vertex -7.92 190.22 18.0915
      vertex -7.92 198.218 18.0915
      vertex -8.164 190.056 18.2555
    endloop
  endfacet
  facet normal 0.830992 0 0.556284
    outer loop
      vertex -7.758 198.056 17.8495
      vertex -7.92 198.218 18.0915
      vertex -7.92 190.22 18.0915
    endloop
  endfacet
  facet normal 0.927456 -0.00762829 0.373854
    outer loop
      vertex -7.702 190.75 17.5615
      vertex -7.758 198.056 17.8495
      vertex -7.92 190.22 18.0915
    endloop
  endfacet
  facet normal 0.981615 -0 0.19087
    outer loop
      vertex -7.702 190.75 17.5615
      vertex -7.702 197.998 17.5615
      vertex -7.758 198.056 17.8495
    endloop
  endfacet
  facet normal 0.388015 -0.921627 -0.00691709
    outer loop
      vertex -7.92 190.22 10.0915
      vertex -8.164 190.056 18.2555
      vertex -8.452 190 9.5615
    endloop
  endfacet
  facet normal 0.927456 -0.373854 0.00762829
    outer loop
      vertex -7.758 190.462 10.2555
      vertex -7.702 190.75 17.5615
      vertex -7.92 190.22 18.0915
    endloop
  endfacet
  facet normal 0 -0.980318 0.197425
    outer loop
      vertex -7.702 197.998 17.5615
      vertex 7.756 198.056 17.8495
      vertex -7.758 198.056 17.8495
    endloop
  endfacet
  facet normal 0 -0.980318 0.197425
    outer loop
      vertex 7.756 198.056 17.8495
      vertex -7.702 197.998 17.5615
      vertex 7.698 197.998 17.5615
    endloop
  endfacet
  facet normal 0 -0.830992 0.556284
    outer loop
      vertex -7.758 198.056 17.8495
      vertex 7.92 198.218 18.0915
      vertex -7.92 198.218 18.0915
    endloop
  endfacet
  facet normal 0 -0.830992 0.556284
    outer loop
      vertex 7.92 198.218 18.0915
      vertex -7.758 198.056 17.8495
      vertex 7.756 198.056 17.8495
    endloop
  endfacet
  facet normal 0 -0.383378 0.923592
    outer loop
      vertex 8.448 198.748 18.3115
      vertex -7.92 198.218 18.0915
      vertex 7.92 198.218 18.0915
    endloop
  endfacet
  facet normal 0 -0.383378 0.923592
    outer loop
      vertex -7.92 198.218 18.0915
      vertex 8.448 198.748 18.3115
      vertex -8.452 198.748 18.3115
    endloop
  endfacet
  facet normal -0.980318 0 0.197425
    outer loop
      vertex 7.756 198.056 17.8495
      vertex 7.698 197.998 17.5615
      vertex 7.698 190.75 17.5615
    endloop
  endfacet
  facet normal -0.925024 -0.00762943 0.379833
    outer loop
      vertex 7.92 190.22 18.0915
      vertex 7.756 198.056 17.8495
      vertex 7.698 190.75 17.5615
    endloop
  endfacet
  facet normal -0.827816 0 0.560999
    outer loop
      vertex 7.92 190.22 18.0915
      vertex 7.92 198.218 18.0915
      vertex 7.756 198.056 17.8495
    endloop
  endfacet
  facet normal -0.560999 0 0.827816
    outer loop
      vertex 8.162 190.056 18.2555
      vertex 7.92 198.218 18.0915
      vertex 7.92 190.22 18.0915
    endloop
  endfacet
  facet normal -0.390516 0.00691849 0.92057
    outer loop
      vertex 8.162 190.056 18.2555
      vertex 8.448 198.748 18.3115
      vertex 7.92 198.218 18.0915
    endloop
  endfacet
  facet normal -0.192155 0 0.981365
    outer loop
      vertex 8.448 190 18.3115
      vertex 8.448 198.748 18.3115
      vertex 8.162 190.056 18.2555
    endloop
  endfacet
  facet normal -0.390514 -0.920571 -0.00691685
    outer loop
      vertex 8.448 190 9.5615
      vertex 8.162 190.056 18.2555
      vertex 7.92 190.22 10.0915
    endloop
  endfacet
  facet normal -0.925024 -0.379833 0.00762943
    outer loop
      vertex 7.756 190.462 10.2555
      vertex 7.92 190.22 18.0915
      vertex 7.698 190.75 17.5615
    endloop
  endfacet
  facet normal 0 -0.923592 0.383378
    outer loop
      vertex -8.452 190 9.5615
      vertex 7.92 190.22 10.0915
      vertex -7.92 190.22 10.0915
    endloop
  endfacet
  facet normal 0 -0.923592 0.383378
    outer loop
      vertex 7.92 190.22 10.0915
      vertex -8.452 190 9.5615
      vertex 8.448 190 9.5615
    endloop
  endfacet
  facet normal 0 -0.560999 0.827816
    outer loop
      vertex -7.758 190.462 10.2555
      vertex 7.92 190.22 10.0915
      vertex 7.756 190.462 10.2555
    endloop
  endfacet
  facet normal 0 -0.560999 0.827816
    outer loop
      vertex 7.92 190.22 10.0915
      vertex -7.758 190.462 10.2555
      vertex -7.92 190.22 10.0915
    endloop
  endfacet
  facet normal 0 -0.19087 0.981615
    outer loop
      vertex -7.702 190.75 10.3115
      vertex 7.756 190.462 10.2555
      vertex 7.698 190.75 10.3115
    endloop
  endfacet
  facet normal 0 -0.19087 0.981615
    outer loop
      vertex 7.756 190.462 10.2555
      vertex -7.702 190.75 10.3115
      vertex -7.758 190.462 10.2555
    endloop
  endfacet
  facet normal 0 0 -1
    outer loop
      vertex -8.452 190 -18.3125
      vertex -11.2 190 -18.3125
      vertex -8.452 198.748 -18.3125
    endloop
  endfacet
  facet normal 0 0 -1
    outer loop
      vertex 8.448 198.748 -18.3125
      vertex 11.2 220 -18.3125
      vertex 11.2 190 -18.3125
    endloop
  endfacet
  facet normal 0 0 -1
    outer loop
      vertex -11.2 220 -18.3125
      vertex 11.2 220 -18.3125
      vertex 8.448 198.748 -18.3125
    endloop
  endfacet
  facet normal 0 0 -1
    outer loop
      vertex 11.2 220 -18.3125
      vertex -11.2 220 -18.3125
      vertex 11.2 288.8 -18.3125
    endloop
  endfacet
  facet normal 0 0 -1
    outer loop
      vertex 8.448 198.748 -18.3125
      vertex 11.2 190 -18.3125
      vertex 8.448 190 -18.3125
    endloop
  endfacet
  facet normal 0 0 -1
    outer loop
      vertex 11.1146 356.97 -18.3125
      vertex 11.2 357.6 -18.3125
      vertex 11.2 357.01 -18.3125
    endloop
  endfacet
  facet normal 0 0 -1
    outer loop
      vertex 11.1117 356.969 -18.3125
      vertex 11.2 357.6 -18.3125
      vertex 11.1146 356.97 -18.3125
    endloop
  endfacet
  facet normal 0 0 -1
    outer loop
      vertex 11.2 288.8 -18.3125
      vertex -11.2 288.8 -18.3125
      vertex 11.2 356.779 -18.3125
    endloop
  endfacet
  facet normal 0 0 -1
    outer loop
      vertex -11.2 220 -18.3125
      vertex 8.448 198.748 -18.3125
      vertex -8.452 198.748 -18.3125
    endloop
  endfacet
  facet normal 0 0 -1
    outer loop
      vertex -11.2 220 -18.3125
      vertex -8.452 198.748 -18.3125
      vertex -11.2 190 -18.3125
    endloop
  endfacet
  facet normal -0 0 -1
    outer loop
      vertex 11.2 288.8 -18.3125
      vertex -11.2 220 -18.3125
      vertex -11.2 288.8 -18.3125
    endloop
  endfacet
  facet normal 0 0 -1
    outer loop
      vertex -11.2 357.6 -18.3125
      vertex 11.2 356.779 -18.3125
      vertex -11.2 288.8 -18.3125
    endloop
  endfacet
  facet normal 0 0 -1
    outer loop
      vertex 11.2 356.779 -18.3125
      vertex -11.2 357.6 -18.3125
      vertex 11.1117 356.969 -18.3125
    endloop
  endfacet
  facet normal 0 0 -1
    outer loop
      vertex 11.1117 356.969 -18.3125
      vertex -11.2 357.6 -18.3125
      vertex 11.2 357.6 -18.3125
    endloop
  endfacet
  facet normal -0.707107 0 -0.707107
    outer loop
      vertex -12.5 190 -17.5625
      vertex -11.95 220 -18.1125
      vertex -11.95 190 -18.1125
    endloop
  endfacet
  facet normal -0.707107 0 -0.707107
    outer loop
      vertex -11.95 220 -18.1125
      vertex -12.5 190 -17.5625
      vertex -12.5 220 -17.5625
    endloop
  endfacet
  facet normal 0.965591 0 -0.260066
    outer loop
      vertex 12.7 190 -16.8125
      vertex 12.498 220 -17.5625
      vertex 12.7 220 -16.8125
    endloop
  endfacet
  facet normal 0.965591 0 -0.260066
    outer loop
      vertex 12.498 220 -17.5625
      vertex 12.7 190 -16.8125
      vertex 12.498 190 -17.5625
    endloop
  endfacet
  facet normal 0 0.707633 -0.70658
    outer loop
      vertex 12.7 192.656 -12.9705
      vertex 10.6 193.998 -11.6265
      vertex 12.7 193.998 -11.6265
    endloop
  endfacet
  facet normal 0 0.707633 -0.70658
    outer loop
      vertex 10.6 193.998 -11.6265
      vertex 12.7 192.656 -12.9705
      vertex 10.6 192.656 -12.9705
    endloop
  endfacet
  facet normal 0 0.707633 -0.70658
    outer loop
      vertex -10.6 192.656 -12.9705
      vertex -12.7 193.998 -11.6265
      vertex -10.6 193.998 -11.6265
    endloop
  endfacet
  facet normal 0 0.707633 -0.70658
    outer loop
      vertex -12.7 193.998 -11.6265
      vertex -10.6 192.656 -12.9705
      vertex -12.7 192.656 -12.9705
    endloop
  endfacet
  facet normal 0 -0.707107 -0.707107
    outer loop
      vertex 10.6 195.342 -12.9705
      vertex 12.7 193.998 -11.6265
      vertex 10.6 193.998 -11.6265
    endloop
  endfacet
  facet normal 0 -0.707107 -0.707107
    outer loop
      vertex 12.7 193.998 -11.6265
      vertex 10.6 195.342 -12.9705
      vertex 12.7 195.342 -12.9705
    endloop
  endfacet
  facet normal 0 -0.707107 -0.707107
    outer loop
      vertex -12.7 195.342 -12.9705
      vertex -10.6 193.998 -11.6265
      vertex -12.7 193.998 -11.6265
    endloop
  endfacet
  facet normal 0 -0.707107 -0.707107
    outer loop
      vertex -10.6 193.998 -11.6265
      vertex -12.7 195.342 -12.9705
      vertex -10.6 195.342 -12.9705
    endloop
  endfacet
  facet normal 0 0.900401 -0.435061
    outer loop
      vertex 12.7 192.11 -14.1005
      vertex 10.6 192.656 -12.9705
      vertex 12.7 192.656 -12.9705
    endloop
  endfacet
  facet normal 0 0.900401 -0.435061
    outer loop
      vertex 10.6 192.656 -12.9705
      vertex 12.7 192.11 -14.1005
      vertex 10.6 192.11 -14.1005
    endloop
  endfacet
  facet normal 0 0.900401 -0.435061
    outer loop
      vertex -10.6 192.11 -14.1005
      vertex -12.7 192.656 -12.9705
      vertex -10.6 192.656 -12.9705
    endloop
  endfacet
  facet normal 0 0.900401 -0.435061
    outer loop
      vertex -12.7 192.656 -12.9705
      vertex -10.6 192.11 -14.1005
      vertex -12.7 192.11 -14.1005
    endloop
  endfacet
  facet normal 0 0.974819 0.222998
    outer loop
      vertex 12.7 192.39 -15.3245
      vertex 10.6 192.11 -14.1005
      vertex 12.7 192.11 -14.1005
    endloop
  endfacet
  facet normal 0 0.974819 0.222998
    outer loop
      vertex 10.6 192.11 -14.1005
      vertex 12.7 192.39 -15.3245
      vertex 10.6 192.39 -15.3245
    endloop
  endfacet
  facet normal 0 0.974819 0.222998
    outer loop
      vertex -10.6 192.39 -15.3245
      vertex -12.7 192.11 -14.1005
      vertex -10.6 192.11 -14.1005
    endloop
  endfacet
  facet normal 0 0.974819 0.222998
    outer loop
      vertex -12.7 192.11 -14.1005
      vertex -10.6 192.39 -15.3245
      vertex -12.7 192.39 -15.3245
    endloop
  endfacet
  facet normal -0 0.622945 0.782266
    outer loop
      vertex 10.6 193.372 -16.1065
      vertex 12.7 192.39 -15.3245
      vertex 12.7 193.372 -16.1065
    endloop
  endfacet
  facet normal 0 0.622945 0.782266
    outer loop
      vertex 12.7 192.39 -15.3245
      vertex 10.6 193.372 -16.1065
      vertex 10.6 192.39 -15.3245
    endloop
  endfacet
  facet normal -0 0.622945 0.782266
    outer loop
      vertex -12.7 193.372 -16.1065
      vertex -10.6 192.39 -15.3245
      vertex -10.6 193.372 -16.1065
    endloop
  endfacet
  facet normal 0 0.622945 0.782266
    outer loop
      vertex -10.6 192.39 -15.3245
      vertex -12.7 193.372 -16.1065
      vertex -12.7 192.39 -15.3245
    endloop
  endfacet
  facet normal -0 0 1
    outer loop
      vertex 10.6 194.626 -16.1065
      vertex 12.7 193.372 -16.1065
      vertex 12.7 194.626 -16.1065
    endloop
  endfacet
  facet normal 0 0 1
    outer loop
      vertex 12.7 193.372 -16.1065
      vertex 10.6 194.626 -16.1065
      vertex 10.6 193.372 -16.1065
    endloop
  endfacet
  facet normal -0 0 1
    outer loop
      vertex -12.7 194.626 -16.1065
      vertex -10.6 193.372 -16.1065
      vertex -10.6 194.626 -16.1065
    endloop
  endfacet
  facet normal 0 0 1
    outer loop
      vertex -10.6 193.372 -16.1065
      vertex -12.7 194.626 -16.1065
      vertex -12.7 193.372 -16.1065
    endloop
  endfacet
  facet normal 0 -0.622945 0.782266
    outer loop
      vertex 10.6 195.608 -15.3245
      vertex 12.7 194.626 -16.1065
      vertex 12.7 195.608 -15.3245
    endloop
  endfacet
  facet normal 0 -0.622945 0.782266
    outer loop
      vertex 12.7 194.626 -16.1065
      vertex 10.6 195.608 -15.3245
      vertex 10.6 194.626 -16.1065
    endloop
  endfacet
  facet normal 0 -0.622945 0.782266
    outer loop
      vertex -12.7 195.608 -15.3245
      vertex -10.6 194.626 -16.1065
      vertex -10.6 195.608 -15.3245
    endloop
  endfacet
  facet normal 0 -0.622945 0.782266
    outer loop
      vertex -10.6 194.626 -16.1065
      vertex -12.7 195.608 -15.3245
      vertex -12.7 194.626 -16.1065
    endloop
  endfacet
  facet normal 0 -0.975164 0.221483
    outer loop
      vertex 10.6 195.608 -15.3245
      vertex 12.7 195.886 -14.1005
      vertex 10.6 195.886 -14.1005
    endloop
  endfacet
  facet normal 0 -0.975164 0.221483
    outer loop
      vertex 12.7 195.886 -14.1005
      vertex 10.6 195.608 -15.3245
      vertex 12.7 195.608 -15.3245
    endloop
  endfacet
  facet normal 0 -0.975164 0.221483
    outer loop
      vertex -12.7 195.608 -15.3245
      vertex -10.6 195.886 -14.1005
      vertex -12.7 195.886 -14.1005
    endloop
  endfacet
  facet normal 0 -0.975164 0.221483
    outer loop
      vertex -10.6 195.886 -14.1005
      vertex -12.7 195.608 -15.3245
      vertex -10.6 195.608 -15.3245
    endloop
  endfacet
  facet normal 0 -0.901025 -0.433768
    outer loop
      vertex 10.6 195.886 -14.1005
      vertex 12.7 195.342 -12.9705
      vertex 10.6 195.342 -12.9705
    endloop
  endfacet
  facet normal 0 -0.901025 -0.433768
    outer loop
      vertex 12.7 195.342 -12.9705
      vertex 10.6 195.886 -14.1005
      vertex 12.7 195.886 -14.1005
    endloop
  endfacet
  facet normal 0 -0.901025 -0.433768
    outer loop
      vertex -12.7 195.886 -14.1005
      vertex -10.6 195.342 -12.9705
      vertex -12.7 195.342 -12.9705
    endloop
  endfacet
  facet normal 0 -0.901025 -0.433768
    outer loop
      vertex -10.6 195.342 -12.9705
      vertex -12.7 195.886 -14.1005
      vertex -10.6 195.886 -14.1005
    endloop
  endfacet
  facet normal -1 0 0
    outer loop
      vertex -10.6 195.342 12.9675
      vertex -10.6 194.758 13.5515
      vertex -10.6 195.066 14.1915
    endloop
  endfacet
  facet normal -1 0 0
    outer loop
      vertex -10.6 193.998 12.7915
      vertex -10.6 195.342 12.9675
      vertex -10.6 193.998 11.6255
    endloop
  endfacet
  facet normal -1 -0 0
    outer loop
      vertex -10.6 195.342 12.9675
      vertex -10.6 193.998 12.7915
      vertex -10.6 194.758 13.5515
    endloop
  endfacet
  facet normal -1 0 0
    outer loop
      vertex -10.6 192.656 12.9675
      vertex -10.6 193.998 12.7915
      vertex -10.6 193.998 11.6255
    endloop
  endfacet
  facet normal -1 0 0
    outer loop
      vertex -10.6 193.998 12.7915
      vertex -10.6 192.656 12.9675
      vertex -10.6 193.238 13.5515
    endloop
  endfacet
  facet normal -1 -0 0
    outer loop
      vertex -10.6 193.238 13.5515
      vertex -10.6 192.656 12.9675
      vertex -10.6 192.932 14.1915
    endloop
  endfacet
  facet normal -1 0 0
    outer loop
      vertex -10.6 195.066 14.1915
      vertex -10.6 195.886 14.0995
      vertex -10.6 195.342 12.9675
    endloop
  endfacet
  facet normal -1 0 0
    outer loop
      vertex -10.6 195.886 14.0995
      vertex -10.6 195.066 14.1915
      vertex -10.6 195.608 15.3235
    endloop
  endfacet
  facet normal -1 0 0
    outer loop
      vertex -10.6 194.908 14.8835
      vertex -10.6 195.608 15.3235
      vertex -10.6 195.066 14.1915
    endloop
  endfacet
  facet normal -1 0 0
    outer loop
      vertex -10.6 194.908 14.8835
      vertex -10.6 194.626 16.1055
      vertex -10.6 195.608 15.3235
    endloop
  endfacet
  facet normal -1 0 0
    outer loop
      vertex -10.6 194.354 15.3275
      vertex -10.6 194.626 16.1055
      vertex -10.6 194.908 14.8835
    endloop
  endfacet
  facet normal -1 0 0
    outer loop
      vertex -10.6 193.644 15.3275
      vertex -10.6 194.626 16.1055
      vertex -10.6 194.354 15.3275
    endloop
  endfacet
  facet normal -1 0 0
    outer loop
      vertex -10.6 193.644 15.3275
      vertex -10.6 193.372 16.1055
      vertex -10.6 194.626 16.1055
    endloop
  endfacet
  facet normal -1 0 0
    outer loop
      vertex -10.6 193.088 14.8835
      vertex -10.6 193.372 16.1055
      vertex -10.6 193.644 15.3275
    endloop
  endfacet
  facet normal -1 0 0
    outer loop
      vertex -10.6 192.11 14.0995
      vertex -10.6 192.932 14.1915
      vertex -10.6 192.656 12.9675
    endloop
  endfacet
  facet normal -1 0 0
    outer loop
      vertex -10.6 193.088 14.8835
      vertex -10.6 192.39 15.3235
      vertex -10.6 193.372 16.1055
    endloop
  endfacet
  facet normal -1 -0 0
    outer loop
      vertex -10.6 192.932 14.1915
      vertex -10.6 192.11 14.0995
      vertex -10.6 193.088 14.8835
    endloop
  endfacet
  facet normal -1 -0 0
    outer loop
      vertex -10.6 193.088 14.8835
      vertex -10.6 192.11 14.0995
      vertex -10.6 192.39 15.3235
    endloop
  endfacet
  facet normal -1 0 0
    outer loop
      vertex -10.6 195.066 -14.1925
      vertex -10.6 195.886 -14.1005
      vertex -10.6 195.608 -15.3245
    endloop
  endfacet
  facet normal -1 -0 0
    outer loop
      vertex -10.6 195.886 -14.1005
      vertex -10.6 195.066 -14.1925
      vertex -10.6 195.342 -12.9705
    endloop
  endfacet
  facet normal -1 0 0
    outer loop
      vertex -10.6 195.608 -15.3245
      vertex -10.6 194.908 -14.8845
      vertex -10.6 195.066 -14.1925
    endloop
  endfacet
  facet normal -1 0 0
    outer loop
      vertex -10.6 194.626 -16.1065
      vertex -10.6 194.908 -14.8845
      vertex -10.6 195.608 -15.3245
    endloop
  endfacet
  facet normal -1 0 0
    outer loop
      vertex -10.6 194.626 -16.1065
      vertex -10.6 194.354 -15.3285
      vertex -10.6 194.908 -14.8845
    endloop
  endfacet
  facet normal -1 0 0
    outer loop
      vertex -10.6 194.626 -16.1065
      vertex -10.6 193.644 -15.3285
      vertex -10.6 194.354 -15.3285
    endloop
  endfacet
  facet normal -1 0 0
    outer loop
      vertex -10.6 193.372 -16.1065
      vertex -10.6 193.644 -15.3285
      vertex -10.6 194.626 -16.1065
    endloop
  endfacet
  facet normal -1 0 0
    outer loop
      vertex -10.6 193.372 -16.1065
      vertex -10.6 193.088 -14.8845
      vertex -10.6 193.644 -15.3285
    endloop
  endfacet
  facet normal -1 0 0
    outer loop
      vertex -10.6 192.11 -14.1005
      vertex -10.6 192.932 -14.1925
      vertex -10.6 193.088 -14.8845
    endloop
  endfacet
  facet normal -1 0 0
    outer loop
      vertex -10.6 192.39 -15.3245
      vertex -10.6 193.088 -14.8845
      vertex -10.6 193.372 -16.1065
    endloop
  endfacet
  facet normal -1 0 0
    outer loop
      vertex -10.6 192.11 -14.1005
      vertex -10.6 193.088 -14.8845
      vertex -10.6 192.39 -15.3245
    endloop
  endfacet
  facet normal -1 0 0
    outer loop
      vertex -10.6 192.932 -14.1925
      vertex -10.6 192.11 -14.1005
      vertex -10.6 192.656 -12.9705
    endloop
  endfacet
  facet normal -1 0 0
    outer loop
      vertex -10.6 194.758 -13.5545
      vertex -10.6 195.342 -12.9705
      vertex -10.6 195.066 -14.1925
    endloop
  endfacet
  facet normal -1 0 0
    outer loop
      vertex -10.6 193.998 -12.7945
      vertex -10.6 195.342 -12.9705
      vertex -10.6 194.758 -13.5545
    endloop
  endfacet
  facet normal -1 0 0
    outer loop
      vertex -10.6 193.998 -12.7945
      vertex -10.6 193.998 -11.6265
      vertex -10.6 195.342 -12.9705
    endloop
  endfacet
  facet normal -1 0 0
    outer loop
      vertex -10.6 192.656 -12.9705
      vertex -10.6 193.998 -12.7945
      vertex -10.6 193.238 -13.5545
    endloop
  endfacet
  facet normal -1 0 0
    outer loop
      vertex -10.6 192.656 -12.9705
      vertex -10.6 193.238 -13.5545
      vertex -10.6 192.932 -14.1925
    endloop
  endfacet
  facet normal -1 -0 0
    outer loop
      vertex -10.6 193.998 -12.7945
      vertex -10.6 192.656 -12.9705
      vertex -10.6 193.998 -11.6265
    endloop
  endfacet
  facet normal 0 0.707107 -0.707107
    outer loop
      vertex 10.6 193.238 -13.5545
      vertex 7.698 193.998 -12.7945
      vertex 10.6 193.998 -12.7945
    endloop
  endfacet
  facet normal 0 0.707107 -0.707107
    outer loop
      vertex 7.698 193.998 -12.7945
      vertex 10.6 193.238 -13.5545
      vertex 7.698 193.238 -13.5545
    endloop
  endfacet
  facet normal 0 0.707107 -0.707107
    outer loop
      vertex -7.702 193.238 -13.5545
      vertex -10.6 193.998 -12.7945
      vertex -7.702 193.998 -12.7945
    endloop
  endfacet
  facet normal 0 0.707107 -0.707107
    outer loop
      vertex -10.6 193.998 -12.7945
      vertex -7.702 193.238 -13.5545
      vertex -10.6 193.238 -13.5545
    endloop
  endfacet
  facet normal 1 -0 0
    outer loop
      vertex 10.6 195.066 14.1915
      vertex 10.6 195.886 14.0995
      vertex 10.6 195.608 15.3235
    endloop
  endfacet
  facet normal 1 0 0
    outer loop
      vertex 10.6 195.886 14.0995
      vertex 10.6 195.066 14.1915
      vertex 10.6 195.342 12.9675
    endloop
  endfacet
  facet normal 1 0 0
    outer loop
      vertex 10.6 195.608 15.3235
      vertex 10.6 194.908 14.8835
      vertex 10.6 195.066 14.1915
    endloop
  endfacet
  facet normal 1 0 0
    outer loop
      vertex 10.6 194.626 16.1055
      vertex 10.6 194.908 14.8835
      vertex 10.6 195.608 15.3235
    endloop
  endfacet
  facet normal 1 0 0
    outer loop
      vertex 10.6 194.626 16.1055
      vertex 10.6 194.354 15.3275
      vertex 10.6 194.908 14.8835
    endloop
  endfacet
  facet normal 1 0 0
    outer loop
      vertex 10.6 194.626 16.1055
      vertex 10.6 193.644 15.3275
      vertex 10.6 194.354 15.3275
    endloop
  endfacet
  facet normal 1 -0 0
    outer loop
      vertex 10.6 193.372 16.1055
      vertex 10.6 193.644 15.3275
      vertex 10.6 194.626 16.1055
    endloop
  endfacet
  facet normal 1 0 0
    outer loop
      vertex 10.6 193.372 16.1055
      vertex 10.6 193.088 14.8835
      vertex 10.6 193.644 15.3275
    endloop
  endfacet
  facet normal 1 0 0
    outer loop
      vertex 10.6 192.11 14.0995
      vertex 10.6 192.932 14.1915
      vertex 10.6 193.088 14.8835
    endloop
  endfacet
  facet normal 1 -0 0
    outer loop
      vertex 10.6 192.39 15.3235
      vertex 10.6 193.088 14.8835
      vertex 10.6 193.372 16.1055
    endloop
  endfacet
  facet normal 1 0 0
    outer loop
      vertex 10.6 192.11 14.0995
      vertex 10.6 193.088 14.8835
      vertex 10.6 192.39 15.3235
    endloop
  endfacet
  facet normal 1 0 0
    outer loop
      vertex 10.6 192.932 14.1915
      vertex 10.6 192.11 14.0995
      vertex 10.6 192.656 12.9675
    endloop
  endfacet
  facet normal 1 -0 0
    outer loop
      vertex 10.6 194.758 13.5515
      vertex 10.6 195.342 12.9675
      vertex 10.6 195.066 14.1915
    endloop
  endfacet
  facet normal 1 0 0
    outer loop
      vertex 10.6 193.998 12.7915
      vertex 10.6 195.342 12.9675
      vertex 10.6 194.758 13.5515
    endloop
  endfacet
  facet normal 1 -0 0
    outer loop
      vertex 10.6 193.998 12.7915
      vertex 10.6 193.998 11.6255
      vertex 10.6 195.342 12.9675
    endloop
  endfacet
  facet normal 1 -0 0
    outer loop
      vertex 10.6 192.656 12.9675
      vertex 10.6 193.998 12.7915
      vertex 10.6 193.238 13.5515
    endloop
  endfacet
  facet normal 1 0 0
    outer loop
      vertex 10.6 192.656 12.9675
      vertex 10.6 193.238 13.5515
      vertex 10.6 192.932 14.1915
    endloop
  endfacet
  facet normal 1 0 0
    outer loop
      vertex 10.6 193.998 12.7915
      vertex 10.6 192.656 12.9675
      vertex 10.6 193.998 11.6255
    endloop
  endfacet
  facet normal 1 0 0
    outer loop
      vertex 10.6 195.342 -12.9705
      vertex 10.6 194.758 -13.5545
      vertex 10.6 195.066 -14.1925
    endloop
  endfacet
  facet normal 1 -0 0
    outer loop
      vertex 10.6 193.998 -12.7945
      vertex 10.6 195.342 -12.9705
      vertex 10.6 193.998 -11.6265
    endloop
  endfacet
  facet normal 1 0 0
    outer loop
      vertex 10.6 195.342 -12.9705
      vertex 10.6 193.998 -12.7945
      vertex 10.6 194.758 -13.5545
    endloop
  endfacet
  facet normal 1 0 0
    outer loop
      vertex 10.6 192.656 -12.9705
      vertex 10.6 193.998 -12.7945
      vertex 10.6 193.998 -11.6265
    endloop
  endfacet
  facet normal 1 0 0
    outer loop
      vertex 10.6 193.998 -12.7945
      vertex 10.6 192.656 -12.9705
      vertex 10.6 193.238 -13.5545
    endloop
  endfacet
  facet normal 1 0 0
    outer loop
      vertex 10.6 193.238 -13.5545
      vertex 10.6 192.656 -12.9705
      vertex 10.6 192.932 -14.1925
    endloop
  endfacet
  facet normal 1 0 0
    outer loop
      vertex 10.6 195.066 -14.1925
      vertex 10.6 195.886 -14.1005
      vertex 10.6 195.342 -12.9705
    endloop
  endfacet
  facet normal 1 0 0
    outer loop
      vertex 10.6 195.886 -14.1005
      vertex 10.6 195.066 -14.1925
      vertex 10.6 195.608 -15.3245
    endloop
  endfacet
  facet normal 1 -0 0
    outer loop
      vertex 10.6 194.908 -14.8845
      vertex 10.6 195.608 -15.3245
      vertex 10.6 195.066 -14.1925
    endloop
  endfacet
  facet normal 1 0 0
    outer loop
      vertex 10.6 194.908 -14.8845
      vertex 10.6 194.626 -16.1065
      vertex 10.6 195.608 -15.3245
    endloop
  endfacet
  facet normal 1 -0 0
    outer loop
      vertex 10.6 194.354 -15.3285
      vertex 10.6 194.626 -16.1065
      vertex 10.6 194.908 -14.8845
    endloop
  endfacet
  facet normal 1 -0 0
    outer loop
      vertex 10.6 193.644 -15.3285
      vertex 10.6 194.626 -16.1065
      vertex 10.6 194.354 -15.3285
    endloop
  endfacet
  facet normal 1 0 0
    outer loop
      vertex 10.6 193.644 -15.3285
      vertex 10.6 193.372 -16.1065
      vertex 10.6 194.626 -16.1065
    endloop
  endfacet
  facet normal 1 0 0
    outer loop
      vertex 10.6 193.088 -14.8845
      vertex 10.6 193.372 -16.1065
      vertex 10.6 193.644 -15.3285
    endloop
  endfacet
  facet normal 1 -0 0
    outer loop
      vertex 10.6 192.11 -14.1005
      vertex 10.6 192.932 -14.1925
      vertex 10.6 192.656 -12.9705
    endloop
  endfacet
  facet normal 1 0 0
    outer loop
      vertex 10.6 193.088 -14.8845
      vertex 10.6 192.39 -15.3245
      vertex 10.6 193.372 -16.1065
    endloop
  endfacet
  facet normal 1 0 0
    outer loop
      vertex 10.6 192.932 -14.1925
      vertex 10.6 192.11 -14.1005
      vertex 10.6 193.088 -14.8845
    endloop
  endfacet
  facet normal 1 0 0
    outer loop
      vertex 10.6 193.088 -14.8845
      vertex 10.6 192.11 -14.1005
      vertex 10.6 192.39 -15.3245
    endloop
  endfacet
  facet normal 0 -0.707107 -0.707107
    outer loop
      vertex -10.6 194.758 -13.5545
      vertex -7.702 193.998 -12.7945
      vertex -10.6 193.998 -12.7945
    endloop
  endfacet
  facet normal 0 -0.707107 -0.707107
    outer loop
      vertex -7.702 193.998 -12.7945
      vertex -10.6 194.758 -13.5545
      vertex -7.702 194.758 -13.5545
    endloop
  endfacet
  facet normal 0 -0.707107 -0.707107
    outer loop
      vertex 7.698 194.758 -13.5545
      vertex 10.6 193.998 -12.7945
      vertex 7.698 193.998 -12.7945
    endloop
  endfacet
  facet normal 0 -0.707107 -0.707107
    outer loop
      vertex 10.6 193.998 -12.7945
      vertex 7.698 194.758 -13.5545
      vertex 10.6 194.758 -13.5545
    endloop
  endfacet
  facet normal 0 0.901655 -0.432455
    outer loop
      vertex -7.702 192.932 -14.1925
      vertex -10.6 193.238 -13.5545
      vertex -7.702 193.238 -13.5545
    endloop
  endfacet
  facet normal 0 0.901655 -0.432455
    outer loop
      vertex -10.6 193.238 -13.5545
      vertex -7.702 192.932 -14.1925
      vertex -10.6 192.932 -14.1925
    endloop
  endfacet
  facet normal 0 0.901655 -0.432455
    outer loop
      vertex 10.6 192.932 -14.1925
      vertex 7.698 193.238 -13.5545
      vertex 10.6 193.238 -13.5545
    endloop
  endfacet
  facet normal 0 0.901655 -0.432455
    outer loop
      vertex 7.698 193.238 -13.5545
      vertex 10.6 192.932 -14.1925
      vertex 7.698 192.932 -14.1925
    endloop
  endfacet
  facet normal 0 0.975519 0.219915
    outer loop
      vertex -7.702 193.088 -14.8845
      vertex -10.6 192.932 -14.1925
      vertex -7.702 192.932 -14.1925
    endloop
  endfacet
  facet normal 0 0.975519 0.219915
    outer loop
      vertex -10.6 192.932 -14.1925
      vertex -7.702 193.088 -14.8845
      vertex -10.6 193.088 -14.8845
    endloop
  endfacet
  facet normal 0 0.975519 0.219915
    outer loop
      vertex 10.6 193.088 -14.8845
      vertex 7.698 192.932 -14.1925
      vertex 10.6 192.932 -14.1925
    endloop
  endfacet
  facet normal 0 0.975519 0.219915
    outer loop
      vertex 7.698 192.932 -14.1925
      vertex 10.6 193.088 -14.8845
      vertex 7.698 193.088 -14.8845
    endloop
  endfacet
  facet normal -0 0.624009 0.781417
    outer loop
      vertex -10.6 193.644 -15.3285
      vertex -7.702 193.088 -14.8845
      vertex -7.702 193.644 -15.3285
    endloop
  endfacet
  facet normal 0 0.624009 0.781417
    outer loop
      vertex -7.702 193.088 -14.8845
      vertex -10.6 193.644 -15.3285
      vertex -10.6 193.088 -14.8845
    endloop
  endfacet
  facet normal -0 0.624009 0.781417
    outer loop
      vertex 7.698 193.644 -15.3285
      vertex 10.6 193.088 -14.8845
      vertex 10.6 193.644 -15.3285
    endloop
  endfacet
  facet normal 0 0.624009 0.781417
    outer loop
      vertex 10.6 193.088 -14.8845
      vertex 7.698 193.644 -15.3285
      vertex 7.698 193.088 -14.8845
    endloop
  endfacet
  facet normal -0 0 1
    outer loop
      vertex -10.6 194.354 -15.3285
      vertex -7.702 193.644 -15.3285
      vertex -7.702 194.354 -15.3285
    endloop
  endfacet
  facet normal 0 0 1
    outer loop
      vertex -7.702 193.644 -15.3285
      vertex -10.6 194.354 -15.3285
      vertex -10.6 193.644 -15.3285
    endloop
  endfacet
  facet normal -0 0 1
    outer loop
      vertex 7.698 194.354 -15.3285
      vertex 10.6 193.644 -15.3285
      vertex 10.6 194.354 -15.3285
    endloop
  endfacet
  facet normal 0 0 1
    outer loop
      vertex 10.6 193.644 -15.3285
      vertex 7.698 194.354 -15.3285
      vertex 7.698 193.644 -15.3285
    endloop
  endfacet
  facet normal 0 -0.625382 0.780319
    outer loop
      vertex -10.6 194.908 -14.8845
      vertex -7.702 194.354 -15.3285
      vertex -7.702 194.908 -14.8845
    endloop
  endfacet
  facet normal 0 -0.625382 0.780319
    outer loop
      vertex -7.702 194.354 -15.3285
      vertex -10.6 194.908 -14.8845
      vertex -10.6 194.354 -15.3285
    endloop
  endfacet
  facet normal 0 -0.625382 0.780319
    outer loop
      vertex 7.698 194.908 -14.8845
      vertex 10.6 194.354 -15.3285
      vertex 10.6 194.908 -14.8845
    endloop
  endfacet
  facet normal 0 -0.625382 0.780319
    outer loop
      vertex 10.6 194.354 -15.3285
      vertex 7.698 194.908 -14.8845
      vertex 7.698 194.354 -15.3285
    endloop
  endfacet
  facet normal 0 -0.974911 0.222595
    outer loop
      vertex -10.6 194.908 -14.8845
      vertex -7.702 195.066 -14.1925
      vertex -10.6 195.066 -14.1925
    endloop
  endfacet
  facet normal 0 -0.974911 0.222595
    outer loop
      vertex -7.702 195.066 -14.1925
      vertex -10.6 194.908 -14.8845
      vertex -7.702 194.908 -14.8845
    endloop
  endfacet
  facet normal 0 -0.974911 0.222595
    outer loop
      vertex 7.698 194.908 -14.8845
      vertex 10.6 195.066 -14.1925
      vertex 7.698 195.066 -14.1925
    endloop
  endfacet
  facet normal 0 -0.974911 0.222595
    outer loop
      vertex 10.6 195.066 -14.1925
      vertex 7.698 194.908 -14.8845
      vertex 10.6 194.908 -14.8845
    endloop
  endfacet
  facet normal 0 -0.900552 -0.434749
    outer loop
      vertex -10.6 195.066 -14.1925
      vertex -7.702 194.758 -13.5545
      vertex -10.6 194.758 -13.5545
    endloop
  endfacet
  facet normal 0 -0.900552 -0.434749
    outer loop
      vertex -7.702 194.758 -13.5545
      vertex -10.6 195.066 -14.1925
      vertex -7.702 195.066 -14.1925
    endloop
  endfacet
  facet normal 0 -0.900552 -0.434749
    outer loop
      vertex 7.698 195.066 -14.1925
      vertex 10.6 194.758 -13.5545
      vertex 7.698 194.758 -13.5545
    endloop
  endfacet
  facet normal 0 -0.900552 -0.434749
    outer loop
      vertex 10.6 194.758 -13.5545
      vertex 7.698 195.066 -14.1925
      vertex 10.6 195.066 -14.1925
    endloop
  endfacet
  facet normal 1 0 0
    outer loop
      vertex -7.702 197.998 17.5615
      vertex -7.702 195.066 14.1915
      vertex -7.702 197.998 10.3115
    endloop
  endfacet
  facet normal 1 0 0
    outer loop
      vertex -7.702 197.998 17.5615
      vertex -7.702 194.908 14.8835
      vertex -7.702 195.066 14.1915
    endloop
  endfacet
  facet normal 1 0 0
    outer loop
      vertex -7.702 197.998 17.5615
      vertex -7.702 194.354 15.3275
      vertex -7.702 194.908 14.8835
    endloop
  endfacet
  facet normal 1 -0 0
    outer loop
      vertex -7.702 190.75 17.5615
      vertex -7.702 194.354 15.3275
      vertex -7.702 197.998 17.5615
    endloop
  endfacet
  facet normal 1 0 0
    outer loop
      vertex -7.702 193.088 14.8835
      vertex -7.702 190.75 17.5615
      vertex -7.702 192.932 14.1915
    endloop
  endfacet
  facet normal 1 0 0
    outer loop
      vertex -7.702 193.644 15.3275
      vertex -7.702 190.75 17.5615
      vertex -7.702 193.088 14.8835
    endloop
  endfacet
  facet normal 1 0 0
    outer loop
      vertex -7.702 194.354 15.3275
      vertex -7.702 190.75 17.5615
      vertex -7.702 193.644 15.3275
    endloop
  endfacet
  facet normal 1 -0 0
    outer loop
      vertex -7.702 194.758 13.5515
      vertex -7.702 197.998 10.3115
      vertex -7.702 195.066 14.1915
    endloop
  endfacet
  facet normal 1 -0 0
    outer loop
      vertex -7.702 193.998 12.7915
      vertex -7.702 197.998 10.3115
      vertex -7.702 194.758 13.5515
    endloop
  endfacet
  facet normal 1 0 0
    outer loop
      vertex -7.702 190.75 10.3115
      vertex -7.702 192.932 14.1915
      vertex -7.702 190.75 17.5615
    endloop
  endfacet
  facet normal 1 0 0
    outer loop
      vertex -7.702 193.998 12.7915
      vertex -7.702 190.75 10.3115
      vertex -7.702 197.998 10.3115
    endloop
  endfacet
  facet normal 1 0 0
    outer loop
      vertex -7.702 193.238 13.5515
      vertex -7.702 190.75 10.3115
      vertex -7.702 193.998 12.7915
    endloop
  endfacet
  facet normal 1 0 0
    outer loop
      vertex -7.702 192.932 14.1915
      vertex -7.702 190.75 10.3115
      vertex -7.702 193.238 13.5515
    endloop
  endfacet
  facet normal 1 0 0
    outer loop
      vertex -7.702 197.998 -10.3145
      vertex -7.702 195.066 -14.1925
      vertex -7.702 197.998 -17.5625
    endloop
  endfacet
  facet normal 1 0 0
    outer loop
      vertex -7.702 197.998 -10.3145
      vertex -7.702 194.758 -13.5545
      vertex -7.702 195.066 -14.1925
    endloop
  endfacet
  facet normal 1 0 0
    outer loop
      vertex -7.702 197.998 -10.3145
      vertex -7.702 193.998 -12.7945
      vertex -7.702 194.758 -13.5545
    endloop
  endfacet
  facet normal 1 0 0
    outer loop
      vertex -7.702 193.238 -13.5545
      vertex -7.702 190.75 -10.3145
      vertex -7.702 192.932 -14.1925
    endloop
  endfacet
  facet normal 1 0 0
    outer loop
      vertex -7.702 193.998 -12.7945
      vertex -7.702 190.75 -10.3145
      vertex -7.702 193.238 -13.5545
    endloop
  endfacet
  facet normal 1 -0 0
    outer loop
      vertex -7.702 190.75 -10.3145
      vertex -7.702 193.998 -12.7945
      vertex -7.702 197.998 -10.3145
    endloop
  endfacet
  facet normal 1 -0 0
    outer loop
      vertex -7.702 194.908 -14.8845
      vertex -7.702 197.998 -17.5625
      vertex -7.702 195.066 -14.1925
    endloop
  endfacet
  facet normal 1 -0 0
    outer loop
      vertex -7.702 194.354 -15.3285
      vertex -7.702 197.998 -17.5625
      vertex -7.702 194.908 -14.8845
    endloop
  endfacet
  facet normal 1 0 0
    outer loop
      vertex -7.702 190.75 -17.5625
      vertex -7.702 194.354 -15.3285
      vertex -7.702 193.644 -15.3285
    endloop
  endfacet
  facet normal 1 0 0
    outer loop
      vertex -7.702 190.75 -17.5625
      vertex -7.702 192.932 -14.1925
      vertex -7.702 190.75 -10.3145
    endloop
  endfacet
  facet normal 1 0 0
    outer loop
      vertex -7.702 194.354 -15.3285
      vertex -7.702 190.75 -17.5625
      vertex -7.702 197.998 -17.5625
    endloop
  endfacet
  facet normal 1 0 0
    outer loop
      vertex -7.702 193.088 -14.8845
      vertex -7.702 190.75 -17.5625
      vertex -7.702 193.644 -15.3285
    endloop
  endfacet
  facet normal 1 0 0
    outer loop
      vertex -7.702 192.932 -14.1925
      vertex -7.702 190.75 -17.5625
      vertex -7.702 193.088 -14.8845
    endloop
  endfacet
  facet normal 0 0 -1
    outer loop
      vertex -7.702 190.75 -10.3145
      vertex 7.698 197.998 -10.3145
      vertex 7.698 190.75 -10.3145
    endloop
  endfacet
  facet normal -0 0 -1
    outer loop
      vertex 7.698 197.998 -10.3145
      vertex -7.702 190.75 -10.3145
      vertex -7.702 197.998 -10.3145
    endloop
  endfacet
  facet normal 0 0.707107 0.707107
    outer loop
      vertex 12.7 193.998 11.6255
      vertex 10.6 192.656 12.9675
      vertex 12.7 192.656 12.9675
    endloop
  endfacet
  facet normal 0 0.707107 0.707107
    outer loop
      vertex 10.6 192.656 12.9675
      vertex 12.7 193.998 11.6255
      vertex 10.6 193.998 11.6255
    endloop
  endfacet
  facet normal 0 0.707107 0.707107
    outer loop
      vertex -10.6 193.998 11.6255
      vertex -12.7 192.656 12.9675
      vertex -10.6 192.656 12.9675
    endloop
  endfacet
  facet normal 0 0.707107 0.707107
    outer loop
      vertex -12.7 192.656 12.9675
      vertex -10.6 193.998 11.6255
      vertex -12.7 193.998 11.6255
    endloop
  endfacet
  facet normal 0 -0.70658 0.707633
    outer loop
      vertex 10.6 195.342 12.9675
      vertex 12.7 193.998 11.6255
      vertex 12.7 195.342 12.9675
    endloop
  endfacet
  facet normal 0 -0.70658 0.707633
    outer loop
      vertex 12.7 193.998 11.6255
      vertex 10.6 195.342 12.9675
      vertex 10.6 193.998 11.6255
    endloop
  endfacet
  facet normal 0 -0.70658 0.707633
    outer loop
      vertex -12.7 195.342 12.9675
      vertex -10.6 193.998 11.6255
      vertex -10.6 195.342 12.9675
    endloop
  endfacet
  facet normal 0 -0.70658 0.707633
    outer loop
      vertex -10.6 193.998 11.6255
      vertex -12.7 195.342 12.9675
      vertex -12.7 193.998 11.6255
    endloop
  endfacet
  facet normal 0 -0.901324 0.433145
    outer loop
      vertex 10.6 195.342 12.9675
      vertex 12.7 195.886 14.0995
      vertex 10.6 195.886 14.0995
    endloop
  endfacet
  facet normal 0 -0.901324 0.433145
    outer loop
      vertex 12.7 195.886 14.0995
      vertex 10.6 195.342 12.9675
      vertex 12.7 195.342 12.9675
    endloop
  endfacet
  facet normal 0 -0.901324 0.433145
    outer loop
      vertex -12.7 195.342 12.9675
      vertex -10.6 195.886 14.0995
      vertex -12.7 195.886 14.0995
    endloop
  endfacet
  facet normal 0 -0.901324 0.433145
    outer loop
      vertex -10.6 195.886 14.0995
      vertex -12.7 195.342 12.9675
      vertex -10.6 195.342 12.9675
    endloop
  endfacet
  facet normal 0 -0.975164 -0.221483
    outer loop
      vertex 10.6 195.886 14.0995
      vertex 12.7 195.608 15.3235
      vertex 10.6 195.608 15.3235
    endloop
  endfacet
  facet normal 0 -0.975164 -0.221483
    outer loop
      vertex 12.7 195.608 15.3235
      vertex 10.6 195.886 14.0995
      vertex 12.7 195.886 14.0995
    endloop
  endfacet
  facet normal 0 -0.975164 -0.221483
    outer loop
      vertex -12.7 195.886 14.0995
      vertex -10.6 195.608 15.3235
      vertex -12.7 195.608 15.3235
    endloop
  endfacet
  facet normal 0 -0.975164 -0.221483
    outer loop
      vertex -10.6 195.608 15.3235
      vertex -12.7 195.886 14.0995
      vertex -10.6 195.886 14.0995
    endloop
  endfacet
  facet normal 0 -0.622945 -0.782266
    outer loop
      vertex 10.6 194.626 16.1055
      vertex 12.7 195.608 15.3235
      vertex 12.7 194.626 16.1055
    endloop
  endfacet
  facet normal -0 -0.622945 -0.782266
    outer loop
      vertex 12.7 195.608 15.3235
      vertex 10.6 194.626 16.1055
      vertex 10.6 195.608 15.3235
    endloop
  endfacet
  facet normal 0 -0.622945 -0.782266
    outer loop
      vertex -12.7 194.626 16.1055
      vertex -10.6 195.608 15.3235
      vertex -10.6 194.626 16.1055
    endloop
  endfacet
  facet normal -0 -0.622945 -0.782266
    outer loop
      vertex -10.6 195.608 15.3235
      vertex -12.7 194.626 16.1055
      vertex -12.7 195.608 15.3235
    endloop
  endfacet
  facet normal 0 0 -1
    outer loop
      vertex 10.6 193.372 16.1055
      vertex 12.7 194.626 16.1055
      vertex 12.7 193.372 16.1055
    endloop
  endfacet
  facet normal -0 0 -1
    outer loop
      vertex 12.7 194.626 16.1055
      vertex 10.6 193.372 16.1055
      vertex 10.6 194.626 16.1055
    endloop
  endfacet
  facet normal 0 0 -1
    outer loop
      vertex -12.7 193.372 16.1055
      vertex -10.6 194.626 16.1055
      vertex -10.6 193.372 16.1055
    endloop
  endfacet
  facet normal -0 0 -1
    outer loop
      vertex -10.6 194.626 16.1055
      vertex -12.7 193.372 16.1055
      vertex -12.7 194.626 16.1055
    endloop
  endfacet
  facet normal 0 0.622945 -0.782266
    outer loop
      vertex 10.6 192.39 15.3235
      vertex 12.7 193.372 16.1055
      vertex 12.7 192.39 15.3235
    endloop
  endfacet
  facet normal 0 0.622945 -0.782266
    outer loop
      vertex 12.7 193.372 16.1055
      vertex 10.6 192.39 15.3235
      vertex 10.6 193.372 16.1055
    endloop
  endfacet
  facet normal 0 0.622945 -0.782266
    outer loop
      vertex -12.7 192.39 15.3235
      vertex -10.6 193.372 16.1055
      vertex -10.6 192.39 15.3235
    endloop
  endfacet
  facet normal 0 0.622945 -0.782266
    outer loop
      vertex -10.6 193.372 16.1055
      vertex -12.7 192.39 15.3235
      vertex -12.7 193.372 16.1055
    endloop
  endfacet
  facet normal 0 0.974819 -0.222998
    outer loop
      vertex 12.7 192.11 14.0995
      vertex 10.6 192.39 15.3235
      vertex 12.7 192.39 15.3235
    endloop
  endfacet
  facet normal 0 0.974819 -0.222998
    outer loop
      vertex 10.6 192.39 15.3235
      vertex 12.7 192.11 14.0995
      vertex 10.6 192.11 14.0995
    endloop
  endfacet
  facet normal 0 0.974819 -0.222998
    outer loop
      vertex -10.6 192.11 14.0995
      vertex -12.7 192.39 15.3235
      vertex -10.6 192.39 15.3235
    endloop
  endfacet
  facet normal 0 0.974819 -0.222998
    outer loop
      vertex -12.7 192.39 15.3235
      vertex -10.6 192.11 14.0995
      vertex -12.7 192.11 14.0995
    endloop
  endfacet
  facet normal 0 0.900702 0.434438
    outer loop
      vertex 12.7 192.656 12.9675
      vertex 10.6 192.11 14.0995
      vertex 12.7 192.11 14.0995
    endloop
  endfacet
  facet normal 0 0.900702 0.434438
    outer loop
      vertex 10.6 192.11 14.0995
      vertex 12.7 192.656 12.9675
      vertex 10.6 192.656 12.9675
    endloop
  endfacet
  facet normal 0 0.900702 0.434438
    outer loop
      vertex -10.6 192.656 12.9675
      vertex -12.7 192.11 14.0995
      vertex -10.6 192.11 14.0995
    endloop
  endfacet
  facet normal 0 0.900702 0.434438
    outer loop
      vertex -12.7 192.11 14.0995
      vertex -10.6 192.656 12.9675
      vertex -12.7 192.656 12.9675
    endloop
  endfacet
  facet normal 0 -0.707107 0.707107
    outer loop
      vertex 7.698 193.998 12.7915
      vertex 10.6 194.758 13.5515
      vertex 7.698 194.758 13.5515
    endloop
  endfacet
  facet normal 0 -0.707107 0.707107
    outer loop
      vertex 10.6 194.758 13.5515
      vertex 7.698 193.998 12.7915
      vertex 10.6 193.998 12.7915
    endloop
  endfacet
  facet normal 0 -0.707107 0.707107
    outer loop
      vertex -10.6 193.998 12.7915
      vertex -7.702 194.758 13.5515
      vertex -10.6 194.758 13.5515
    endloop
  endfacet
  facet normal 0 -0.707107 0.707107
    outer loop
      vertex -7.702 194.758 13.5515
      vertex -10.6 193.998 12.7915
      vertex -7.702 193.998 12.7915
    endloop
  endfacet
  facet normal 0 -0.901083 0.433646
    outer loop
      vertex -10.6 194.758 13.5515
      vertex -7.702 195.066 14.1915
      vertex -10.6 195.066 14.1915
    endloop
  endfacet
  facet normal 0 -0.901083 0.433646
    outer loop
      vertex -7.702 195.066 14.1915
      vertex -10.6 194.758 13.5515
      vertex -7.702 194.758 13.5515
    endloop
  endfacet
  facet normal 0 -0.901083 0.433646
    outer loop
      vertex 7.698 194.758 13.5515
      vertex 10.6 195.066 14.1915
      vertex 7.698 195.066 14.1915
    endloop
  endfacet
  facet normal 0 -0.901083 0.433646
    outer loop
      vertex 10.6 195.066 14.1915
      vertex 7.698 194.758 13.5515
      vertex 10.6 194.758 13.5515
    endloop
  endfacet
  facet normal 0 -0.974911 -0.222595
    outer loop
      vertex -10.6 195.066 14.1915
      vertex -7.702 194.908 14.8835
      vertex -10.6 194.908 14.8835
    endloop
  endfacet
  facet normal 0 -0.974911 -0.222595
    outer loop
      vertex -7.702 194.908 14.8835
      vertex -10.6 195.066 14.1915
      vertex -7.702 195.066 14.1915
    endloop
  endfacet
  facet normal 0 -0.974911 -0.222595
    outer loop
      vertex 7.698 195.066 14.1915
      vertex 10.6 194.908 14.8835
      vertex 7.698 194.908 14.8835
    endloop
  endfacet
  facet normal 0 -0.974911 -0.222595
    outer loop
      vertex 10.6 194.908 14.8835
      vertex 7.698 195.066 14.1915
      vertex 10.6 195.066 14.1915
    endloop
  endfacet
  facet normal 0 -0.625382 -0.780319
    outer loop
      vertex -10.6 194.354 15.3275
      vertex -7.702 194.908 14.8835
      vertex -7.702 194.354 15.3275
    endloop
  endfacet
  facet normal -0 -0.625382 -0.780319
    outer loop
      vertex -7.702 194.908 14.8835
      vertex -10.6 194.354 15.3275
      vertex -10.6 194.908 14.8835
    endloop
  endfacet
  facet normal 0 -0.625382 -0.780319
    outer loop
      vertex 7.698 194.354 15.3275
      vertex 10.6 194.908 14.8835
      vertex 10.6 194.354 15.3275
    endloop
  endfacet
  facet normal -0 -0.625382 -0.780319
    outer loop
      vertex 10.6 194.908 14.8835
      vertex 7.698 194.354 15.3275
      vertex 7.698 194.908 14.8835
    endloop
  endfacet
  facet normal 0 0 -1
    outer loop
      vertex -10.6 193.644 15.3275
      vertex -7.702 194.354 15.3275
      vertex -7.702 193.644 15.3275
    endloop
  endfacet
  facet normal -0 0 -1
    outer loop
      vertex -7.702 194.354 15.3275
      vertex -10.6 193.644 15.3275
      vertex -10.6 194.354 15.3275
    endloop
  endfacet
  facet normal 0 0 -1
    outer loop
      vertex 7.698 193.644 15.3275
      vertex 10.6 194.354 15.3275
      vertex 10.6 193.644 15.3275
    endloop
  endfacet
  facet normal -0 0 -1
    outer loop
      vertex 10.6 194.354 15.3275
      vertex 7.698 193.644 15.3275
      vertex 7.698 194.354 15.3275
    endloop
  endfacet
  facet normal 0 0.624009 -0.781417
    outer loop
      vertex -10.6 193.088 14.8835
      vertex -7.702 193.644 15.3275
      vertex -7.702 193.088 14.8835
    endloop
  endfacet
  facet normal 0 0.624009 -0.781417
    outer loop
      vertex -7.702 193.644 15.3275
      vertex -10.6 193.088 14.8835
      vertex -10.6 193.644 15.3275
    endloop
  endfacet
  facet normal 0 0.624009 -0.781417
    outer loop
      vertex 7.698 193.088 14.8835
      vertex 10.6 193.644 15.3275
      vertex 10.6 193.088 14.8835
    endloop
  endfacet
  facet normal 0 0.624009 -0.781417
    outer loop
      vertex 10.6 193.644 15.3275
      vertex 7.698 193.088 14.8835
      vertex 7.698 193.644 15.3275
    endloop
  endfacet
  facet normal 0 0.975519 -0.219915
    outer loop
      vertex -7.702 192.932 14.1915
      vertex -10.6 193.088 14.8835
      vertex -7.702 193.088 14.8835
    endloop
  endfacet
  facet normal 0 0.975519 -0.219915
    outer loop
      vertex -10.6 193.088 14.8835
      vertex -7.702 192.932 14.1915
      vertex -10.6 192.932 14.1915
    endloop
  endfacet
  facet normal 0 0.975519 -0.219915
    outer loop
      vertex 10.6 192.932 14.1915
      vertex 7.698 193.088 14.8835
      vertex 10.6 193.088 14.8835
    endloop
  endfacet
  facet normal 0 0.975519 -0.219915
    outer loop
      vertex 7.698 193.088 14.8835
      vertex 10.6 192.932 14.1915
      vertex 7.698 192.932 14.1915
    endloop
  endfacet
  facet normal 0 0.902182 0.431356
    outer loop
      vertex -7.702 193.238 13.5515
      vertex -10.6 192.932 14.1915
      vertex -7.702 192.932 14.1915
    endloop
  endfacet
  facet normal 0 0.902182 0.431356
    outer loop
      vertex -10.6 192.932 14.1915
      vertex -7.702 193.238 13.5515
      vertex -10.6 193.238 13.5515
    endloop
  endfacet
  facet normal 0 0.902182 0.431356
    outer loop
      vertex 10.6 193.238 13.5515
      vertex 7.698 192.932 14.1915
      vertex 10.6 192.932 14.1915
    endloop
  endfacet
  facet normal 0 0.902182 0.431356
    outer loop
      vertex 7.698 192.932 14.1915
      vertex 10.6 193.238 13.5515
      vertex 7.698 193.238 13.5515
    endloop
  endfacet
  facet normal 0 0.707107 0.707107
    outer loop
      vertex -7.702 193.998 12.7915
      vertex -10.6 193.238 13.5515
      vertex -7.702 193.238 13.5515
    endloop
  endfacet
  facet normal 0 0.707107 0.707107
    outer loop
      vertex -10.6 193.238 13.5515
      vertex -7.702 193.998 12.7915
      vertex -10.6 193.998 12.7915
    endloop
  endfacet
  facet normal 0 0.707107 0.707107
    outer loop
      vertex 10.6 193.998 12.7915
      vertex 7.698 193.238 13.5515
      vertex 10.6 193.238 13.5515
    endloop
  endfacet
  facet normal 0 0.707107 0.707107
    outer loop
      vertex 7.698 193.238 13.5515
      vertex 10.6 193.998 12.7915
      vertex 7.698 193.998 12.7915
    endloop
  endfacet
  facet normal -0 0 1
    outer loop
      vertex -7.702 197.998 10.3115
      vertex 7.698 190.75 10.3115
      vertex 7.698 197.998 10.3115
    endloop
  endfacet
  facet normal 0 0 1
    outer loop
      vertex 7.698 190.75 10.3115
      vertex -7.702 197.998 10.3115
      vertex -7.702 190.75 10.3115
    endloop
  endfacet
  facet normal -0.966235 0 -0.257663
    outer loop
      vertex -12.5 190 -17.5625
      vertex -12.7 220 -16.8125
      vertex -12.5 220 -17.5625
    endloop
  endfacet
  facet normal -0.966235 -0 -0.257663
    outer loop
      vertex -12.7 220 -16.8125
      vertex -12.5 190 -17.5625
      vertex -12.7 190 -16.8125
    endloop
  endfacet
  facet normal 0.708394 0 -0.705818
    outer loop
      vertex 12.498 190 -17.5625
      vertex 11.95 220 -18.1125
      vertex 12.498 220 -17.5625
    endloop
  endfacet
  facet normal 0.708394 0 -0.705818
    outer loop
      vertex 11.95 220 -18.1125
      vertex 12.498 190 -17.5625
      vertex 11.95 190 -18.1125
    endloop
  endfacet
  facet normal -0.257663 0 -0.966235
    outer loop
      vertex -11.95 190 -18.1125
      vertex -11.2 220 -18.3125
      vertex -11.2 190 -18.3125
    endloop
  endfacet
  facet normal -0.257663 0 -0.966235
    outer loop
      vertex -11.2 220 -18.3125
      vertex -11.95 190 -18.1125
      vertex -11.95 220 -18.1125
    endloop
  endfacet
  facet normal 0 1 -0
    outer loop
      vertex 12.4638 357.6 -17.5968
      vertex 12.452 357.6 -17.5005
      vertex 12.4638 357.6 -17.5005
    endloop
  endfacet
  facet normal 0 1 0
    outer loop
      vertex 12.452 357.6 -17.5005
      vertex 12.4638 357.6 -17.5968
      vertex 11.95 357.6 -18.1125
    endloop
  endfacet
  facet normal 0 1 0
    outer loop
      vertex 12.452 357.6 -17.5005
      vertex 11.95 357.6 -18.1125
      vertex 11.2 357.6 -18.3125
    endloop
  endfacet
  facet normal 0 1 0
    outer loop
      vertex 12.452 357.6 -17.5005
      vertex 11.2 357.6 -18.3125
      vertex -11.2 357.6 -18.3125
    endloop
  endfacet
  facet normal 0 1 0
    outer loop
      vertex 12.452 357.6 -17.5005
      vertex -11.2 357.6 -18.3125
      vertex -12.5 357.6 -17.5625
    endloop
  endfacet
  facet normal 0 1 0
    outer loop
      vertex -12.5 357.6 -17.5625
      vertex -11.2 357.6 -18.3125
      vertex -11.95 357.6 -18.1125
    endloop
  endfacet
  facet normal 0 1 0
    outer loop
      vertex 12.452 357.6 17.4995
      vertex 11.2 357.6 18.3115
      vertex 11.95 357.6 18.1115
    endloop
  endfacet
  facet normal 0 1 -0
    outer loop
      vertex 12.452 357.6 14.6415
      vertex 11.2 357.6 18.3115
      vertex 12.452 357.6 14.8075
    endloop
  endfacet
  facet normal 0 1 -0
    outer loop
      vertex 12.452 357.6 17.4995
      vertex 11.95 357.6 18.1115
      vertex 12.4638 357.6 17.5958
    endloop
  endfacet
  facet normal 0 1 0
    outer loop
      vertex 11.2 357.6 18.3115
      vertex 12.452 357.6 17.4995
      vertex 12.452 357.6 15.6995
    endloop
  endfacet
  facet normal 0 1 0
    outer loop
      vertex 12.452 357.6 17.4995
      vertex 12.4638 357.6 17.5958
      vertex 12.4638 357.6 17.4995
    endloop
  endfacet
  facet normal 0 1 0
    outer loop
      vertex 11.2 357.6 18.3115
      vertex 12.452 357.6 15.6995
      vertex 12.45 357.6 15.6295
    endloop
  endfacet
  facet normal 0 1 0
    outer loop
      vertex 11.2 357.6 18.3115
      vertex 12.45 357.6 15.6295
      vertex 12.452 357.6 15.3655
    endloop
  endfacet
  facet normal 0 1 0
    outer loop
      vertex 11.2 357.6 18.3115
      vertex 12.452 357.6 15.3655
      vertex 12.452 357.6 15.1875
    endloop
  endfacet
  facet normal 0 1 0
    outer loop
      vertex 11.2 357.6 18.3115
      vertex 12.452 357.6 15.1875
      vertex 12.452 357.6 14.9955
    endloop
  endfacet
  facet normal 0 1 -0
    outer loop
      vertex 12.452 357.6 15.3655
      vertex 12.45 357.6 15.6295
      vertex 12.454 357.6 15.5155
    endloop
  endfacet
  facet normal 0 1 0
    outer loop
      vertex 11.2 357.6 18.3115
      vertex 12.452 357.6 14.9955
      vertex 12.452 357.6 14.8075
    endloop
  endfacet
  facet normal 0 1 -0
    outer loop
      vertex 12.452 357.6 14.5095
      vertex 11.2 357.6 18.3115
      vertex 12.452 357.6 14.6415
    endloop
  endfacet
  facet normal 0 1 -0
    outer loop
      vertex 12.452 357.6 14.4235
      vertex 11.2 357.6 18.3115
      vertex 12.452 357.6 14.5095
    endloop
  endfacet
  facet normal 0 1 0
    outer loop
      vertex 11.2 357.6 18.3115
      vertex 12.452 357.6 14.4235
      vertex -11.2 357.6 18.3115
    endloop
  endfacet
  facet normal 0 1 -0
    outer loop
      vertex 12.452 357.6 2.3495
      vertex -11.2 357.6 18.3115
      vertex 12.452 357.6 14.4235
    endloop
  endfacet
  facet normal 0 1 0
    outer loop
      vertex -11.2 357.6 18.3115
      vertex -12.7 357.6 16.8115
      vertex -11.95 357.6 18.1115
    endloop
  endfacet
  facet normal 0 1 0
    outer loop
      vertex -11.95 357.6 18.1115
      vertex -12.7 357.6 16.8115
      vertex -12.5 357.6 17.5615
    endloop
  endfacet
  facet normal 0 1 0
    outer loop
      vertex -11.2 357.6 18.3115
      vertex 12.452 357.6 2.3495
      vertex -12.7 357.6 16.8115
    endloop
  endfacet
  facet normal 0 1 0
    outer loop
      vertex -12.7 357.6 -16.8125
      vertex 12.452 357.6 2.3495
      vertex 12.452 357.6 -14.4445
    endloop
  endfacet
  facet normal 0 1 0
    outer loop
      vertex -12.5 357.6 -17.5625
      vertex 12.452 357.6 -14.4445
      vertex 12.45 357.6 -14.5265
    endloop
  endfacet
  facet normal 0 1 0
    outer loop
      vertex -12.5 357.6 -17.5625
      vertex 12.45 357.6 -14.5265
      vertex 12.452 357.6 -14.6465
    endloop
  endfacet
  facet normal 0 1 0
    outer loop
      vertex -12.5 357.6 -17.5625
      vertex 12.452 357.6 -14.6465
      vertex 12.452 357.6 -14.8005
    endloop
  endfacet
  facet normal 0 1 0
    outer loop
      vertex -12.5 357.6 -17.5625
      vertex 12.452 357.6 -14.8005
      vertex 12.452 357.6 -14.9725
    endloop
  endfacet
  facet normal 0 1 0
    outer loop
      vertex -12.5 357.6 -17.5625
      vertex 12.452 357.6 -14.9725
      vertex 12.45 357.6 -15.1485
    endloop
  endfacet
  facet normal 0 1 0
    outer loop
      vertex -12.5 357.6 -17.5625
      vertex 12.45 357.6 -15.1485
      vertex 12.452 357.6 -15.3125
    endloop
  endfacet
  facet normal 0 1 0
    outer loop
      vertex -12.5 357.6 -17.5625
      vertex 12.452 357.6 -15.3125
      vertex 12.452 357.6 -15.4525
    endloop
  endfacet
  facet normal 0 1 0
    outer loop
      vertex 12.45 357.6 -15.6265
      vertex 12.452 357.6 -15.4525
      vertex 12.454 357.6 -15.5585
    endloop
  endfacet
  facet normal 0 1 0
    outer loop
      vertex 12.452 357.6 -15.4525
      vertex 12.45 357.6 -15.6265
      vertex -12.5 357.6 -17.5625
    endloop
  endfacet
  facet normal 0 1 0
    outer loop
      vertex -12.5 357.6 -17.5625
      vertex 12.45 357.6 -15.6265
      vertex 12.452 357.6 -15.6525
    endloop
  endfacet
  facet normal 0 1 0
    outer loop
      vertex 12.452 357.6 2.3495
      vertex -12.7 357.6 -16.8125
      vertex -12.7 357.6 16.8115
    endloop
  endfacet
  facet normal 0 1 0
    outer loop
      vertex -12.5 357.6 -17.5625
      vertex 12.452 357.6 -15.6525
      vertex 12.452 357.6 -17.5005
    endloop
  endfacet
  facet normal 0 1 0
    outer loop
      vertex 12.452 357.6 -14.4445
      vertex -12.5 357.6 -17.5625
      vertex -12.7 357.6 -16.8125
    endloop
  endfacet
  facet normal -0.966405 -1.49432e-05 0.257023
    outer loop
      vertex -12.65 254.4 16.9975
      vertex -12.6 288.8 17.1875
      vertex -12.7 288.8 16.8115
    endloop
  endfacet
  facet normal -0.966063 7.50889e-06 0.258306
    outer loop
      vertex -12.5 288.8 17.5615
      vertex -12.55 323.2 17.3735
      vertex -12.6 288.8 17.1875
    endloop
  endfacet
  facet normal -0.966063 7.50889e-06 -0.258306
    outer loop
      vertex -12.5 288.8 -17.5625
      vertex -12.55 254.4 -17.3765
      vertex -12.6 288.8 -17.1885
    endloop
  endfacet
  facet normal -0.709673 -2.063e-05 -0.704531
    outer loop
      vertex -12.226 288.8 -17.8385
      vertex -12.362 254.4 -17.7005
      vertex -12.5 288.8 -17.5625
    endloop
  endfacet
  facet normal -0.707107 -4.11109e-05 -0.707107
    outer loop
      vertex -12.226 288.8 -17.8385
      vertex -12.088 254.4 -17.9745
      vertex -12.362 254.4 -17.7005
    endloop
  endfacet
  facet normal -0.704531 -2.063e-05 -0.709673
    outer loop
      vertex -11.95 288.8 -18.1125
      vertex -12.088 254.4 -17.9745
      vertex -12.226 288.8 -17.8385
    endloop
  endfacet
  facet normal -0.704531 2.063e-05 -0.709673
    outer loop
      vertex -12.088 323.2 -17.9745
      vertex -11.95 288.8 -18.1125
      vertex -12.226 288.8 -17.8385
    endloop
  endfacet
  facet normal -0.707107 4.11109e-05 -0.707107
    outer loop
      vertex -12.088 323.2 -17.9745
      vertex -12.226 288.8 -17.8385
      vertex -12.362 323.2 -17.7005
    endloop
  endfacet
  facet normal -0.709673 2.063e-05 -0.704531
    outer loop
      vertex -12.362 323.2 -17.7005
      vertex -12.226 288.8 -17.8385
      vertex -12.5 288.8 -17.5625
    endloop
  endfacet
  facet normal -0.258306 -7.50889e-06 -0.966063
    outer loop
      vertex -11.764 323.2 -18.1625
      vertex -11.576 288.8 -18.2125
      vertex -11.95 288.8 -18.1125
    endloop
  endfacet
  facet normal 0.257023 -1.49432e-05 -0.966405
    outer loop
      vertex 11.95 288.8 -18.1125
      vertex 11.76 254.4 -18.1625
      vertex 11.574 288.8 -18.2125
    endloop
  endfacet
  facet normal 0.258306 7.50889e-06 -0.966063
    outer loop
      vertex 11.574 288.8 -18.2125
      vertex 11.386 323.2 -18.2625
      vertex 11.76 323.2 -18.1625
    endloop
  endfacet
  facet normal 0.258306 7.50889e-06 -0.966063
    outer loop
      vertex 11.386 323.2 -18.2625
      vertex 11.574 288.8 -18.2125
      vertex 11.2 288.8 -18.3125
    endloop
  endfacet
  facet normal 0.259601 0 -0.965716
    outer loop
      vertex 11.2 288.8 -18.3125
      vertex 11.386 254.4 -18.2625
      vertex 11.2 220 -18.3125
    endloop
  endfacet
  facet normal 0.270746 0 -0.962651
    outer loop
      vertex 11.2 357.6 -18.3125
      vertex 11.2032 357.011 -18.3116
      vertex 11.2 357.01 -18.3125
    endloop
  endfacet
  facet normal 0.259601 0 -0.965716
    outer loop
      vertex 11.2 356.779 -18.3125
      vertex 11.386 323.2 -18.2625
      vertex 11.2 288.8 -18.3125
    endloop
  endfacet
  facet normal 0.257634 -1.16826e-05 -0.966243
    outer loop
      vertex 11.386 323.2 -18.2625
      vertex 11.2 356.779 -18.3125
      vertex 11.2045 356.767 -18.3113
    endloop
  endfacet
  facet normal 0.258306 -7.50889e-06 -0.966063
    outer loop
      vertex 11.386 254.4 -18.2625
      vertex 11.574 288.8 -18.2125
      vertex 11.76 254.4 -18.1625
    endloop
  endfacet
  facet normal 0.258306 -7.50889e-06 -0.966063
    outer loop
      vertex 11.574 288.8 -18.2125
      vertex 11.386 254.4 -18.2625
      vertex 11.2 288.8 -18.3125
    endloop
  endfacet
  facet normal 0.707107 1.82194e-17 -0.707107
    outer loop
      vertex 12.222 288.8 -17.8385
      vertex 12.36 254.4 -17.7005
      vertex 12.086 254.4 -17.9745
    endloop
  endfacet
  facet normal 0.707107 -5.46582e-17 -0.707107
    outer loop
      vertex 12.36 254.4 -17.7005
      vertex 12.498 220 -17.5625
      vertex 12.086 254.4 -17.9745
    endloop
  endfacet
  facet normal 0.707107 0 -0.707107
    outer loop
      vertex 12.498 220 -17.5625
      vertex 12.36 254.4 -17.7005
      vertex 12.498 288.8 -17.5625
    endloop
  endfacet
  facet normal 0.707107 -3.82427e-16 -0.707107
    outer loop
      vertex 12.498 354.305 -17.5625
      vertex 12.36 323.2 -17.7005
      vertex 12.4848 354.299 -17.5757
    endloop
  endfacet
  facet normal 0.707107 0 -0.707107
    outer loop
      vertex 12.36 323.2 -17.7005
      vertex 12.498 354.305 -17.5625
      vertex 12.498 288.8 -17.5625
    endloop
  endfacet
  facet normal 0.707107 -1.82194e-17 -0.707107
    outer loop
      vertex 12.36 323.2 -17.7005
      vertex 12.222 288.8 -17.8385
      vertex 12.086 323.2 -17.9745
    endloop
  endfacet
  facet normal 0.707107 3.61748e-17 -0.707107
    outer loop
      vertex 12.498 288.8 -17.5625
      vertex 12.36 254.4 -17.7005
      vertex 12.222 288.8 -17.8385
    endloop
  endfacet
  facet normal 0.707107 -3.64332e-17 -0.707107
    outer loop
      vertex 12.36 323.2 -17.7005
      vertex 12.498 288.8 -17.5625
      vertex 12.222 288.8 -17.8385
    endloop
  endfacet
  facet normal 0.709692 2.048e-05 -0.704512
    outer loop
      vertex 12.086 323.2 -17.9745
      vertex 12.222 288.8 -17.8385
      vertex 11.95 288.8 -18.1125
    endloop
  endfacet
  facet normal 0.965118 2.80558e-05 -0.261814
    outer loop
      vertex 12.598 288.8 -17.1885
      vertex 12.65 254.4 -17.0005
      vertex 12.548 254.4 -17.3765
    endloop
  endfacet
  facet normal 0.965118 2.80558e-05 -0.261814
    outer loop
      vertex 12.7 288.8 -16.8125
      vertex 12.65 254.4 -17.0005
      vertex 12.598 288.8 -17.1885
    endloop
  endfacet
  facet normal 0.965716 0 -0.259601
    outer loop
      vertex 12.498 288.8 -17.5625
      vertex 12.548 254.4 -17.3765
      vertex 12.498 220 -17.5625
    endloop
  endfacet
  facet normal 0.965511 -4.87948e-06 -0.260362
    outer loop
      vertex 12.548 323.2 -17.3765
      vertex 12.498 354.305 -17.5625
      vertex 12.5028 354.307 -17.5447
    endloop
  endfacet
  facet normal 0.965716 0 -0.259601
    outer loop
      vertex 12.498 354.305 -17.5625
      vertex 12.548 323.2 -17.3765
      vertex 12.498 288.8 -17.5625
    endloop
  endfacet
  facet normal 0.966063 -7.50889e-06 -0.258306
    outer loop
      vertex 12.548 323.2 -17.3765
      vertex 12.598 288.8 -17.1885
      vertex 12.498 288.8 -17.5625
    endloop
  endfacet
  facet normal 0.966063 7.50889e-06 -0.258306
    outer loop
      vertex 12.598 288.8 -17.1885
      vertex 12.548 254.4 -17.3765
      vertex 12.498 288.8 -17.5625
    endloop
  endfacet
  facet normal 0.966405 0 0.257023
    outer loop
      vertex 12.548 254.4 17.3735
      vertex 12.498 288.8 17.5615
      vertex 12.498 220 17.5615
    endloop
  endfacet
  facet normal 0.966063 7.50889e-06 0.258306
    outer loop
      vertex 12.598 288.8 17.1875
      vertex 12.548 323.2 17.3735
      vertex 12.498 288.8 17.5615
    endloop
  endfacet
  facet normal 0.966063 -7.50889e-06 0.258306
    outer loop
      vertex 12.548 254.4 17.3735
      vertex 12.598 288.8 17.1875
      vertex 12.498 288.8 17.5615
    endloop
  endfacet
  facet normal 0.966235 -4.13904e-06 0.257662
    outer loop
      vertex 12.498 354.305 17.5615
      vertex 12.548 323.2 17.3735
      vertex 12.5028 354.307 17.5435
    endloop
  endfacet
  facet normal 0.966405 0 0.257023
    outer loop
      vertex 12.548 323.2 17.3735
      vertex 12.498 354.305 17.5615
      vertex 12.498 288.8 17.5615
    endloop
  endfacet
  facet normal 0.965118 -1.2834e-05 0.261814
    outer loop
      vertex 12.598 288.8 17.1875
      vertex 12.65 323.2 16.9975
      vertex 12.548 323.2 17.3735
    endloop
  endfacet
  facet normal 0.965118 -1.2834e-05 0.261814
    outer loop
      vertex 12.7 288.8 16.8115
      vertex 12.65 323.2 16.9975
      vertex 12.598 288.8 17.1875
    endloop
  endfacet
  facet normal 0.707107 -4.11109e-05 0.707107
    outer loop
      vertex 12.222 288.8 17.8355
      vertex 12.36 323.2 17.6995
      vertex 12.086 323.2 17.9735
    endloop
  endfacet
  facet normal 0.704531 -2.063e-05 0.709673
    outer loop
      vertex 12.498 288.8 17.5615
      vertex 12.36 323.2 17.6995
      vertex 12.222 288.8 17.8355
    endloop
  endfacet
  facet normal 0.258306 -7.50889e-06 0.966063
    outer loop
      vertex 11.574 288.8 18.2115
      vertex 11.386 254.4 18.2615
      vertex 11.76 254.4 18.1615
    endloop
  endfacet
  facet normal 0.258306 -7.50889e-06 0.966063
    outer loop
      vertex 11.386 254.4 18.2615
      vertex 11.574 288.8 18.2115
      vertex 11.2 288.8 18.3115
    endloop
  endfacet
  facet normal 0.257023 1.49432e-05 0.966405
    outer loop
      vertex 11.95 288.8 18.1115
      vertex 11.76 323.2 18.1615
      vertex 11.574 288.8 18.2115
    endloop
  endfacet
  facet normal -0.259601 0 0.965716
    outer loop
      vertex -11.764 254.4 18.1615
      vertex -11.95 288.8 18.1115
      vertex -11.95 220 18.1115
    endloop
  endfacet
  facet normal -0.258306 7.50889e-06 0.966063
    outer loop
      vertex -11.764 254.4 18.1615
      vertex -11.576 288.8 18.2115
      vertex -11.95 288.8 18.1115
    endloop
  endfacet
  facet normal -0.258306 -7.50889e-06 0.966063
    outer loop
      vertex -11.576 288.8 18.2115
      vertex -11.764 323.2 18.1615
      vertex -11.95 288.8 18.1115
    endloop
  endfacet
  facet normal -0.259601 0 0.965716
    outer loop
      vertex -11.764 323.2 18.1615
      vertex -11.95 357.6 18.1115
      vertex -11.95 288.8 18.1115
    endloop
  endfacet
  facet normal -0.257023 -4.99004e-17 0.966405
    outer loop
      vertex -11.388 323.2 18.2615
      vertex -11.576 288.8 18.2115
      vertex -11.2 288.8 18.3115
    endloop
  endfacet
  facet normal -0.257023 6.61018e-18 0.966405
    outer loop
      vertex -11.576 288.8 18.2115
      vertex -11.388 323.2 18.2615
      vertex -11.764 323.2 18.1615
    endloop
  endfacet
  facet normal -0.966405 1.49432e-05 0.257023
    outer loop
      vertex -12.55 254.4 17.3735
      vertex -12.65 254.4 16.9975
      vertex -12.7 220 16.8115
    endloop
  endfacet
  facet normal -0.966405 3.81058e-17 0.257023
    outer loop
      vertex -12.55 323.2 17.3735
      vertex -12.5 357.6 17.5615
      vertex -12.65 323.2 16.9975
    endloop
  endfacet
  facet normal -0.966405 -1.49432e-05 -0.257023
    outer loop
      vertex -12.55 254.4 -17.3765
      vertex -12.5 220 -17.5625
      vertex -12.65 254.4 -17.0005
    endloop
  endfacet
  facet normal -0.966405 1.14058e-17 -0.257023
    outer loop
      vertex -12.55 323.2 -17.3765
      vertex -12.65 323.2 -17.0005
      vertex -12.7 357.6 -16.8125
    endloop
  endfacet
  facet normal -0.257023 4.32902e-17 -0.966405
    outer loop
      vertex -11.388 254.4 -18.2625
      vertex -11.2 220 -18.3125
      vertex -11.764 254.4 -18.1625
    endloop
  endfacet
  facet normal -0.257023 1.49432e-05 -0.966405
    outer loop
      vertex -11.388 323.2 -18.2625
      vertex -11.764 323.2 -18.1625
      vertex -11.95 357.6 -18.1125
    endloop
  endfacet
  facet normal 0.258306 2.25267e-05 -0.966063
    outer loop
      vertex 11.76 254.4 -18.1625
      vertex 11.95 220 -18.1125
      vertex 11.386 254.4 -18.2625
    endloop
  endfacet
  facet normal 0.26055 -5.96876e-05 -0.96546
    outer loop
      vertex 11.2095 357.014 -18.3099
      vertex 11.2032 357.011 -18.3116
      vertex 11.2 357.6 -18.3125
    endloop
  endfacet
  facet normal 0.258306 -8.94852e-06 -0.966063
    outer loop
      vertex 11.386 323.2 -18.2625
      vertex 11.214 356.742 -18.3088
      vertex 11.76 323.2 -18.1625
    endloop
  endfacet
  facet normal 0.254419 -3.03035e-05 -0.967094
    outer loop
      vertex 11.214 356.742 -18.3088
      vertex 11.386 323.2 -18.2625
      vertex 11.2045 356.767 -18.3113
    endloop
  endfacet
  facet normal 0.965118 -2.80558e-05 -0.261814
    outer loop
      vertex 12.65 254.4 -17.0005
      vertex 12.7 220 -16.8125
      vertex 12.548 254.4 -17.3765
    endloop
  endfacet
  facet normal 0.965118 -2.80558e-05 -0.261814
    outer loop
      vertex 12.65 323.2 -17.0005
      vertex 12.598 288.8 -17.1885
      vertex 12.548 323.2 -17.3765
    endloop
  endfacet
  facet normal 0.965382 4.94996e-06 -0.260842
    outer loop
      vertex 12.65 323.2 -17.0005
      vertex 12.5028 354.307 -17.5447
      vertex 12.5125 354.312 -17.5088
    endloop
  endfacet
  facet normal 0.965118 -1.33015e-05 -0.261814
    outer loop
      vertex 12.5028 354.307 -17.5447
      vertex 12.65 323.2 -17.0005
      vertex 12.548 323.2 -17.3765
    endloop
  endfacet
  facet normal 0.965118 -2.80558e-05 -0.261814
    outer loop
      vertex 12.65 323.2 -17.0005
      vertex 12.7 288.8 -16.8125
      vertex 12.598 288.8 -17.1885
    endloop
  endfacet
  facet normal 0.965118 1.2834e-05 0.261814
    outer loop
      vertex 12.65 254.4 16.9975
      vertex 12.598 288.8 17.1875
      vertex 12.548 254.4 17.3735
    endloop
  endfacet
  facet normal 0.965118 2.80558e-05 0.261814
    outer loop
      vertex 12.65 254.4 16.9975
      vertex 12.548 254.4 17.3735
      vertex 12.498 220 17.5615
    endloop
  endfacet
  facet normal 0.965118 1.2834e-05 0.261814
    outer loop
      vertex 12.65 254.4 16.9975
      vertex 12.7 288.8 16.8115
      vertex 12.598 288.8 17.1875
    endloop
  endfacet
  facet normal 0.965118 1.00227e-05 0.261814
    outer loop
      vertex 12.65 323.2 16.9975
      vertex 12.686 354.393 16.8636
      vertex 12.548 323.2 17.3735
    endloop
  endfacet
  facet normal 0.999999 -0.0011541 0
    outer loop
      vertex 12.686 354.393 16.8636
      vertex 12.65 323.2 16.9975
      vertex 12.686 354.393 16.8635
    endloop
  endfacet
  facet normal 0.963517 3.77756e-05 0.267649
    outer loop
      vertex 12.696 354.398 16.8275
      vertex 12.686 354.393 16.8635
      vertex 12.65 323.2 16.9975
    endloop
  endfacet
  facet normal 0.258306 7.50889e-06 0.966063
    outer loop
      vertex 11.76 254.4 18.1615
      vertex 11.386 254.4 18.2615
      vertex 11.2 220 18.3115
    endloop
  endfacet
  facet normal 0.250874 0.000253408 0.96802
    outer loop
      vertex 11.9487 357.359 18.1119
      vertex 11.95 357.6 18.1115
      vertex 11.946 357.358 18.1126
    endloop
  endfacet
  facet normal 0.259965 -5.24478e-05 0.965618
    outer loop
      vertex 11.386 323.2 18.2615
      vertex 11.9343 354.757 18.1156
      vertex 11.9046 354.833 18.1236
    endloop
  endfacet
  facet normal 0.258306 -2.15603e-05 0.966063
    outer loop
      vertex 11.9343 354.757 18.1156
      vertex 11.386 323.2 18.2615
      vertex 11.76 323.2 18.1615
    endloop
  endfacet
  facet normal -0.257023 -1.49432e-05 0.966405
    outer loop
      vertex -11.388 254.4 18.2615
      vertex -11.764 254.4 18.1615
      vertex -11.95 220 18.1115
    endloop
  endfacet
  facet normal -0.257023 4.97708e-17 0.966405
    outer loop
      vertex -11.576 288.8 18.2115
      vertex -11.388 254.4 18.2615
      vertex -11.2 288.8 18.3115
    endloop
  endfacet
  facet normal -0.257023 -6.48057e-18 0.966405
    outer loop
      vertex -11.388 254.4 18.2615
      vertex -11.576 288.8 18.2115
      vertex -11.764 254.4 18.1615
    endloop
  endfacet
  facet normal -0.257023 1.06281e-16 0.966405
    outer loop
      vertex -11.388 323.2 18.2615
      vertex -11.2 357.6 18.3115
      vertex -11.764 323.2 18.1615
    endloop
  endfacet
  facet normal -0.707107 -3.65656e-17 -0.707107
    outer loop
      vertex -12.362 254.4 -17.7005
      vertex -11.95 220 -18.1125
      vertex -12.5 220 -17.5625
    endloop
  endfacet
  facet normal -0.707107 7.33982e-17 -0.707107
    outer loop
      vertex -12.088 254.4 -17.9745
      vertex -11.95 220 -18.1125
      vertex -12.362 254.4 -17.7005
    endloop
  endfacet
  facet normal -0.707107 -3.6825e-17 -0.707107
    outer loop
      vertex -11.95 357.6 -18.1125
      vertex -12.088 323.2 -17.9745
      vertex -12.5 357.6 -17.5625
    endloop
  endfacet
  facet normal 0.707107 -0.000295861 -0.707107
    outer loop
      vertex 11.9528 357.361 -18.1096
      vertex 11.9509 357.361 -18.1115
      vertex 11.95 357.6 -18.1125
    endloop
  endfacet
  facet normal 0.707107 -4.26292e-05 -0.707107
    outer loop
      vertex 12.086 323.2 -17.9745
      vertex 11.9844 354.716 -18.078
      vertex 12.36 323.2 -17.7005
    endloop
  endfacet
  facet normal 0.707026 -4.31535e-05 -0.707187
    outer loop
      vertex 11.9844 354.716 -18.078
      vertex 12.086 323.2 -17.9745
      vertex 11.9611 354.803 -18.1013
    endloop
  endfacet
  facet normal 0.710101 -1.87897e-05 0.7041
    outer loop
      vertex 11.95 354.716 18.1115
      vertex 12.086 323.2 17.9735
      vertex 11.9616 354.673 18.0998
    endloop
  endfacet
  facet normal 0.712249 -0 0.701927
    outer loop
      vertex 11.95 288.8 18.1115
      vertex 12.086 323.2 17.9735
      vertex 11.95 354.716 18.1115
    endloop
  endfacet
  facet normal 0.712249 -5.46568e-17 0.701927
    outer loop
      vertex 11.95 288.8 18.1115
      vertex 12.222 288.8 17.8355
      vertex 12.086 323.2 17.9735
    endloop
  endfacet
  facet normal 0.712249 0 0.701927
    outer loop
      vertex 12.222 288.8 17.8355
      vertex 11.95 288.8 18.1115
      vertex 11.95 220 18.1115
    endloop
  endfacet
  facet normal 0.743294 0 0.668965
    outer loop
      vertex 11.9509 357.361 18.1105
      vertex 11.95 357.6 18.1115
      vertex 11.95 357.36 18.1115
    endloop
  endfacet
  facet normal 0.707107 4.11109e-05 0.707107
    outer loop
      vertex 12.36 254.4 17.6995
      vertex 12.222 288.8 17.8355
      vertex 11.95 220 18.1115
    endloop
  endfacet
  facet normal 0.707107 2.59214e-17 0.707107
    outer loop
      vertex 12.36 323.2 17.6995
      vertex 12.4583 354.287 17.6012
      vertex 12.086 323.2 17.9735
    endloop
  endfacet
  facet normal 0.707107 1.90491e-16 0.707107
    outer loop
      vertex 12.4583 354.287 17.6012
      vertex 12.36 323.2 17.6995
      vertex 12.4848 354.299 17.5747
    endloop
  endfacet
  facet normal -0.965716 0 0.259601
    outer loop
      vertex -12.65 254.4 16.9975
      vertex -12.7 288.8 16.8115
      vertex -12.7 220 16.8115
    endloop
  endfacet
  facet normal -0.965716 0 0.259601
    outer loop
      vertex -12.65 323.2 16.9975
      vertex -12.7 357.6 16.8115
      vertex -12.7 288.8 16.8115
    endloop
  endfacet
  facet normal -0.966405 0 0.257023
    outer loop
      vertex -12.5 288.8 17.5615
      vertex -12.5 357.6 17.5615
      vertex -12.55 323.2 17.3735
    endloop
  endfacet
  facet normal -0.966405 0 0.257023
    outer loop
      vertex -12.5 220 17.5615
      vertex -12.5 288.8 17.5615
      vertex -12.55 254.4 17.3735
    endloop
  endfacet
  facet normal 0.901523 -0.00105647 0.432731
    outer loop
      vertex -12.6 288.8 -17.1885
      vertex -12.7 357.6 -16.8125
      vertex -12.65 323.2 -17.0005
    endloop
  endfacet
  facet normal -0.966405 5.83251e-18 -0.257023
    outer loop
      vertex -12.65 254.4 -17.0005
      vertex -12.7 357.6 -16.8125
      vertex -12.6 288.8 -17.1885
    endloop
  endfacet
  facet normal -0.966405 -0 -0.257023
    outer loop
      vertex -12.7 357.6 -16.8125
      vertex -12.65 254.4 -17.0005
      vertex -12.7 220 -16.8125
    endloop
  endfacet
  facet normal -0.965716 -0 -0.259601
    outer loop
      vertex -12.5 288.8 -17.5625
      vertex -12.5 220 -17.5625
      vertex -12.55 254.4 -17.3765
    endloop
  endfacet
  facet normal -0.965716 -0 -0.259601
    outer loop
      vertex -12.5 357.6 -17.5625
      vertex -12.5 288.8 -17.5625
      vertex -12.55 323.2 -17.3765
    endloop
  endfacet
  facet normal -0.707107 -0 -0.707107
    outer loop
      vertex -12.5 288.8 -17.5625
      vertex -12.362 254.4 -17.7005
      vertex -12.5 220 -17.5625
    endloop
  endfacet
  facet normal -0.707107 7.33982e-17 -0.707107
    outer loop
      vertex -12.362 323.2 -17.7005
      vertex -12.5 357.6 -17.5625
      vertex -12.088 323.2 -17.9745
    endloop
  endfacet
  facet normal -0.707107 -0 -0.707107
    outer loop
      vertex -12.5 357.6 -17.5625
      vertex -12.362 323.2 -17.7005
      vertex -12.5 288.8 -17.5625
    endloop
  endfacet
  facet normal -0.707107 -0 -0.707107
    outer loop
      vertex -11.95 288.8 -18.1125
      vertex -11.95 220 -18.1125
      vertex -12.088 254.4 -17.9745
    endloop
  endfacet
  facet normal -0.707107 -0 -0.707107
    outer loop
      vertex -11.95 357.6 -18.1125
      vertex -11.95 288.8 -18.1125
      vertex -12.088 323.2 -17.9745
    endloop
  endfacet
  facet normal -0.259601 -0 -0.965716
    outer loop
      vertex -11.95 288.8 -18.1125
      vertex -11.764 254.4 -18.1625
      vertex -11.95 220 -18.1125
    endloop
  endfacet
  facet normal -0.259601 -0 -0.965716
    outer loop
      vertex -11.95 357.6 -18.1125
      vertex -11.764 323.2 -18.1625
      vertex -11.95 288.8 -18.1125
    endloop
  endfacet
  facet normal -0.257023 -0 -0.966405
    outer loop
      vertex -11.2 357.6 -18.3125
      vertex -11.2 288.8 -18.3125
      vertex -11.388 323.2 -18.2625
    endloop
  endfacet
  facet normal -0.257023 -0 -0.966405
    outer loop
      vertex -11.2 288.8 -18.3125
      vertex -11.2 220 -18.3125
      vertex -11.388 254.4 -18.2625
    endloop
  endfacet
  facet normal 0.22486 0 -0.974391
    outer loop
      vertex 11.95 357.6 -18.1125
      vertex 11.95 357.36 -18.1125
      vertex 11.9487 357.359 -18.1128
    endloop
  endfacet
  facet normal 0.254493 0 -0.967075
    outer loop
      vertex 11.76 323.2 -18.1625
      vertex 11.95 354.844 -18.1125
      vertex 11.95 288.8 -18.1125
    endloop
  endfacet
  facet normal 0.251678 1.80685e-05 -0.967811
    outer loop
      vertex 11.95 354.844 -18.1125
      vertex 11.76 323.2 -18.1625
      vertex 11.935 354.883 -18.1164
    endloop
  endfacet
  facet normal 0.254493 0 -0.967075
    outer loop
      vertex 11.95 288.8 -18.1125
      vertex 11.95 220 -18.1125
      vertex 11.76 254.4 -18.1625
    endloop
  endfacet
  facet normal 0.712249 0 -0.701927
    outer loop
      vertex 11.95 288.8 -18.1125
      vertex 12.086 254.4 -17.9745
      vertex 11.95 220 -18.1125
    endloop
  endfacet
  facet normal 0.743294 0 -0.668965
    outer loop
      vertex 11.95 357.6 -18.1125
      vertex 11.9509 357.361 -18.1115
      vertex 11.95 357.36 -18.1125
    endloop
  endfacet
  facet normal 0.710238 -1.75139e-05 -0.703961
    outer loop
      vertex 12.086 323.2 -17.9745
      vertex 11.95 354.844 -18.1125
      vertex 11.9611 354.803 -18.1013
    endloop
  endfacet
  facet normal 0.712249 0 -0.701927
    outer loop
      vertex 11.95 354.844 -18.1125
      vertex 12.086 323.2 -17.9745
      vertex 11.95 288.8 -18.1125
    endloop
  endfacet
  facet normal 0.966405 0 -0.257023
    outer loop
      vertex 12.7 288.8 -16.8125
      vertex 12.7 220 -16.8125
      vertex 12.65 254.4 -17.0005
    endloop
  endfacet
  facet normal 0.966405 0 -0.257023
    outer loop
      vertex 12.7 323.2 -16.8125
      vertex 12.7 288.8 -16.8125
      vertex 12.65 323.2 -17.0005
    endloop
  endfacet
  facet normal 0.976187 0 -0.21693
    outer loop
      vertex 12.7 354.399 -16.8125
      vertex 12.7 323.2 -16.8125
      vertex 12.696 354.398 -16.8305
    endloop
  endfacet
  facet normal 0.966405 -2.43858e-05 -0.257023
    outer loop
      vertex 12.696 354.398 -16.8305
      vertex 12.7 323.2 -16.8125
      vertex 12.65 323.2 -17.0005
    endloop
  endfacet
  facet normal 0.965716 -0 0.259601
    outer loop
      vertex 12.7 220 16.8115
      vertex 12.7 288.8 16.8115
      vertex 12.65 254.4 16.9975
    endloop
  endfacet
  facet normal 0.965716 -0 0.259601
    outer loop
      vertex 12.7 288.8 16.8115
      vertex 12.7 323.2 16.8115
      vertex 12.65 323.2 16.9975
    endloop
  endfacet
  facet normal 0.965716 -9.31961e-06 0.259601
    outer loop
      vertex 12.696 354.398 16.8275
      vertex 12.65 323.2 16.9975
      vertex 12.7 323.2 16.8115
    endloop
  endfacet
  facet normal 0.970143 -0 0.242536
    outer loop
      vertex 12.7 323.2 16.8115
      vertex 12.7 354.399 16.8115
      vertex 12.696 354.398 16.8275
    endloop
  endfacet
  facet normal 0.707107 -0 0.707107
    outer loop
      vertex 12.498 220 17.5615
      vertex 12.498 288.8 17.5615
      vertex 12.36 254.4 17.6995
    endloop
  endfacet
  facet normal 0.707107 -3.83176e-16 0.707107
    outer loop
      vertex 12.36 323.2 17.6995
      vertex 12.498 354.305 17.5615
      vertex 12.4848 354.299 17.5747
    endloop
  endfacet
  facet normal 0.707107 0 0.707107
    outer loop
      vertex 12.498 354.305 17.5615
      vertex 12.36 323.2 17.6995
      vertex 12.498 288.8 17.5615
    endloop
  endfacet
  facet normal 0.254493 -0 0.967075
    outer loop
      vertex 11.95 220 18.1115
      vertex 11.95 288.8 18.1115
      vertex 11.76 254.4 18.1615
    endloop
  endfacet
  facet normal 0.294086 -0 0.955779
    outer loop
      vertex 11.95 357.36 18.1115
      vertex 11.95 357.6 18.1115
      vertex 11.9487 357.359 18.1119
    endloop
  endfacet
  facet normal 0.252701 1.15507e-05 0.967544
    outer loop
      vertex 11.76 323.2 18.1615
      vertex 11.95 354.716 18.1115
      vertex 11.9343 354.757 18.1156
    endloop
  endfacet
  facet normal 0.254493 0 0.967075
    outer loop
      vertex 11.95 354.716 18.1115
      vertex 11.76 323.2 18.1615
      vertex 11.95 288.8 18.1115
    endloop
  endfacet
  facet normal 0.259601 0 0.965716
    outer loop
      vertex 11.386 254.4 18.2615
      vertex 11.2 288.8 18.3115
      vertex 11.2 220 18.3115
    endloop
  endfacet
  facet normal 0.255328 -2.54694e-05 0.966854
    outer loop
      vertex 11.2 356.639 18.3115
      vertex 11.386 323.2 18.2615
      vertex 11.2053 356.625 18.3101
    endloop
  endfacet
  facet normal 0.259601 0 0.965716
    outer loop
      vertex 11.386 323.2 18.2615
      vertex 11.2 356.639 18.3115
      vertex 11.2 288.8 18.3115
    endloop
  endfacet
  facet normal 0.270746 0 0.962651
    outer loop
      vertex 11.2032 357.011 18.3106
      vertex 11.2 357.6 18.3115
      vertex 11.2 357.01 18.3115
    endloop
  endfacet
  facet normal -0.257023 0 0.966405
    outer loop
      vertex -11.2 220 18.3115
      vertex -11.2 288.8 18.3115
      vertex -11.388 254.4 18.2615
    endloop
  endfacet
  facet normal -0.257023 0 0.966405
    outer loop
      vertex -11.2 288.8 18.3115
      vertex -11.2 357.6 18.3115
      vertex -11.388 323.2 18.2615
    endloop
  endfacet
  facet normal -0.966235 -3.7451e-06 -0.257663
    outer loop
      vertex -12.65 254.4 -17.0005
      vertex -12.5 220 -17.5625
      vertex -12.7 220 -16.8125
    endloop
  endfacet
  facet normal -0.257663 -1.12353e-05 -0.966235
    outer loop
      vertex -11.764 254.4 -18.1625
      vertex -11.2 220 -18.3125
      vertex -11.95 220 -18.1125
    endloop
  endfacet
  facet normal -0.258306 7.50889e-06 -0.966063
    outer loop
      vertex -11.576 288.8 -18.2125
      vertex -11.764 254.4 -18.1625
      vertex -11.95 288.8 -18.1125
    endloop
  endfacet
  facet normal 0.257663 1.12353e-05 -0.966235
    outer loop
      vertex 11.386 254.4 -18.2625
      vertex 11.95 220 -18.1125
      vertex 11.2 220 -18.3125
    endloop
  endfacet
  facet normal 0.965591 2.69467e-06 -0.260066
    outer loop
      vertex 12.548 254.4 -17.3765
      vertex 12.7 220 -16.8125
      vertex 12.498 220 -17.5625
    endloop
  endfacet
  facet normal 0.965591 -2.69467e-06 0.260066
    outer loop
      vertex 12.7 220 16.8115
      vertex 12.65 254.4 16.9975
      vertex 12.498 220 17.5615
    endloop
  endfacet
  facet normal 0.257663 1.87255e-05 0.966235
    outer loop
      vertex 11.95 220 18.1115
      vertex 11.76 254.4 18.1615
      vertex 11.2 220 18.3115
    endloop
  endfacet
  facet normal 0.257023 -1.49432e-05 0.966405
    outer loop
      vertex 11.76 254.4 18.1615
      vertex 11.95 288.8 18.1115
      vertex 11.574 288.8 18.2115
    endloop
  endfacet
  facet normal -0.257663 -3.7451e-06 0.966235
    outer loop
      vertex -11.2 220 18.3115
      vertex -11.388 254.4 18.2615
      vertex -11.95 220 18.1115
    endloop
  endfacet
  facet normal -0.966235 3.7451e-06 0.257663
    outer loop
      vertex -12.5 220 17.5615
      vertex -12.55 254.4 17.3735
      vertex -12.7 220 16.8115
    endloop
  endfacet
  facet normal -0.966063 -7.50889e-06 0.258306
    outer loop
      vertex -12.55 254.4 17.3735
      vertex -12.5 288.8 17.5615
      vertex -12.6 288.8 17.1875
    endloop
  endfacet
  facet normal -0.966405 1.49432e-05 0.257023
    outer loop
      vertex -12.6 288.8 17.1875
      vertex -12.65 323.2 16.9975
      vertex -12.7 288.8 16.8115
    endloop
  endfacet
  facet normal -0.966235 -1.12353e-05 0.257663
    outer loop
      vertex -12.65 323.2 16.9975
      vertex -12.5 357.6 17.5615
      vertex -12.7 357.6 16.8115
    endloop
  endfacet
  facet normal -0.966405 -1.49432e-05 0.257023
    outer loop
      vertex -12.55 254.4 17.3735
      vertex -12.6 288.8 17.1875
      vertex -12.65 254.4 16.9975
    endloop
  endfacet
  facet normal -0.966405 1.49432e-05 0.257023
    outer loop
      vertex -12.6 288.8 17.1875
      vertex -12.55 323.2 17.3735
      vertex -12.65 323.2 16.9975
    endloop
  endfacet
  facet normal -0.966063 -7.50889e-06 -0.258306
    outer loop
      vertex -12.55 323.2 -17.3765
      vertex -12.5 288.8 -17.5625
      vertex -12.6 288.8 -17.1885
    endloop
  endfacet
  facet normal -0.966235 1.12353e-05 -0.257663
    outer loop
      vertex -12.5 357.6 -17.5625
      vertex -12.55 323.2 -17.3765
      vertex -12.7 357.6 -16.8125
    endloop
  endfacet
  facet normal -0.966405 1.1665e-17 -0.257023
    outer loop
      vertex -12.6 288.8 -17.1885
      vertex -12.55 254.4 -17.3765
      vertex -12.65 254.4 -17.0005
    endloop
  endfacet
  facet normal -0.966405 -1.1665e-17 -0.257023
    outer loop
      vertex -12.55 323.2 -17.3765
      vertex -12.6 288.8 -17.1885
      vertex -12.65 323.2 -17.0005
    endloop
  endfacet
  facet normal -0.257663 3.7451e-06 -0.966235
    outer loop
      vertex -11.2 357.6 -18.3125
      vertex -11.388 323.2 -18.2625
      vertex -11.95 357.6 -18.1125
    endloop
  endfacet
  facet normal -0.257023 0 -0.966405
    outer loop
      vertex -11.388 254.4 -18.2625
      vertex -11.576 288.8 -18.2125
      vertex -11.2 288.8 -18.3125
    endloop
  endfacet
  facet normal -0.257023 4.32902e-17 -0.966405
    outer loop
      vertex -11.576 288.8 -18.2125
      vertex -11.388 254.4 -18.2625
      vertex -11.764 254.4 -18.1625
    endloop
  endfacet
  facet normal -0.257023 0 -0.966405
    outer loop
      vertex -11.576 288.8 -18.2125
      vertex -11.388 323.2 -18.2625
      vertex -11.2 288.8 -18.3125
    endloop
  endfacet
  facet normal -0.257023 -4.32902e-17 -0.966405
    outer loop
      vertex -11.388 323.2 -18.2625
      vertex -11.576 288.8 -18.2125
      vertex -11.764 323.2 -18.1625
    endloop
  endfacet
  facet normal 0.257023 1.49432e-05 -0.966405
    outer loop
      vertex 11.76 323.2 -18.1625
      vertex 11.95 288.8 -18.1125
      vertex 11.574 288.8 -18.2125
    endloop
  endfacet
  facet normal 0.257748 9.83779e-05 -0.966212
    outer loop
      vertex 11.2 357.6 -18.3125
      vertex 11.9487 357.359 -18.1128
      vertex 11.3404 357.076 -18.2751
    endloop
  endfacet
  facet normal 0.257454 1.38024e-05 -0.966291
    outer loop
      vertex 11.2 357.6 -18.3125
      vertex 11.3404 357.076 -18.2751
      vertex 11.2218 357.02 -18.3067
    endloop
  endfacet
  facet normal 0.251877 -0.000210475 -0.967759
    outer loop
      vertex 11.2 357.6 -18.3125
      vertex 11.2218 357.02 -18.3067
      vertex 11.2095 357.014 -18.3099
    endloop
  endfacet
  facet normal 0.257663 -0.000187099 -0.966235
    outer loop
      vertex 11.9487 357.359 -18.1128
      vertex 11.2 357.6 -18.3125
      vertex 11.95 357.6 -18.1125
    endloop
  endfacet
  facet normal 0.257969 -1.90907e-05 -0.966153
    outer loop
      vertex 11.76 323.2 -18.1625
      vertex 11.7811 355.277 -18.1575
      vertex 11.935 354.883 -18.1164
    endloop
  endfacet
  facet normal 0.257717 -1.89147e-05 -0.96622
    outer loop
      vertex 11.76 323.2 -18.1625
      vertex 11.2983 356.515 -18.2863
      vertex 11.7811 355.277 -18.1575
    endloop
  endfacet
  facet normal 0.257833 -1.71857e-05 -0.966189
    outer loop
      vertex 11.2983 356.515 -18.2863
      vertex 11.76 323.2 -18.1625
      vertex 11.214 356.742 -18.3088
    endloop
  endfacet
  facet normal 0.965019 5.75728e-06 -0.262179
    outer loop
      vertex 12.696 354.398 -16.8305
      vertex 12.65 323.2 -17.0005
      vertex 12.514 354.313 -17.5004
    endloop
  endfacet
  facet normal 0.984396 0.00147575 -0.175961
    outer loop
      vertex 12.514 354.313 -17.5004
      vertex 12.65 323.2 -17.0005
      vertex 12.5125 354.312 -17.5088
    endloop
  endfacet
  facet normal 0.969095 5.99968e-05 0.246687
    outer loop
      vertex 12.548 323.2 17.3735
      vertex 12.514 354.313 17.4995
      vertex 12.5028 354.307 17.5435
    endloop
  endfacet
  facet normal 0.965312 -2.50656e-06 0.2611
    outer loop
      vertex 12.548 323.2 17.3735
      vertex 12.686 354.393 16.8636
      vertex 12.514 354.313 17.4995
    endloop
  endfacet
  facet normal 0.258306 7.50889e-06 0.966063
    outer loop
      vertex 11.386 323.2 18.2615
      vertex 11.574 288.8 18.2115
      vertex 11.76 323.2 18.1615
    endloop
  endfacet
  facet normal 0.258306 7.50889e-06 0.966063
    outer loop
      vertex 11.574 288.8 18.2115
      vertex 11.386 323.2 18.2615
      vertex 11.2 288.8 18.3115
    endloop
  endfacet
  facet normal 0.257663 0.00013309 0.966235
    outer loop
      vertex 11.2 357.6 18.3115
      vertex 11.946 357.358 18.1126
      vertex 11.95 357.6 18.1115
    endloop
  endfacet
  facet normal 0.257609 -4.34436e-05 0.966249
    outer loop
      vertex 11.946 357.358 18.1126
      vertex 11.2 357.6 18.3115
      vertex 11.2813 357.048 18.2898
    endloop
  endfacet
  facet normal 0.257389 -7.81523e-05 0.966308
    outer loop
      vertex 11.2813 357.048 18.2898
      vertex 11.2 357.6 18.3115
      vertex 11.2032 357.011 18.3106
    endloop
  endfacet
  facet normal 0.257655 -1.18805e-05 0.966237
    outer loop
      vertex 11.6155 355.574 18.2007
      vertex 11.386 323.2 18.2615
      vertex 11.9046 354.833 18.1236
    endloop
  endfacet
  facet normal 0.257663 -1.19441e-05 0.966235
    outer loop
      vertex 11.386 323.2 18.2615
      vertex 11.6155 355.574 18.2007
      vertex 11.2053 356.625 18.3101
    endloop
  endfacet
  facet normal -0.257663 1.12353e-05 0.966235
    outer loop
      vertex -11.764 323.2 18.1615
      vertex -11.2 357.6 18.3115
      vertex -11.95 357.6 18.1115
    endloop
  endfacet
  facet normal 0.708394 3.08518e-05 -0.705818
    outer loop
      vertex 12.086 254.4 -17.9745
      vertex 12.498 220 -17.5625
      vertex 11.95 220 -18.1125
    endloop
  endfacet
  facet normal 0.709692 -2.048e-05 -0.704512
    outer loop
      vertex 12.222 288.8 -17.8385
      vertex 12.086 254.4 -17.9745
      vertex 11.95 288.8 -18.1125
    endloop
  endfacet
  facet normal 0.708394 1.03339e-05 0.705818
    outer loop
      vertex 12.498 220 17.5615
      vertex 12.36 254.4 17.6995
      vertex 11.95 220 18.1115
    endloop
  endfacet
  facet normal 0.704531 2.063e-05 0.709673
    outer loop
      vertex 12.36 254.4 17.6995
      vertex 12.498 288.8 17.5615
      vertex 12.222 288.8 17.8355
    endloop
  endfacet
  facet normal 0.70841 -0.000576294 -0.7058
    outer loop
      vertex 12.3734 357.558 -17.6875
      vertex 11.95 357.6 -18.1125
      vertex 12.4638 357.6 -17.5968
    endloop
  endfacet
  facet normal 0.708426 -0.000264368 -0.705785
    outer loop
      vertex 11.95 357.6 -18.1125
      vertex 12.3734 357.558 -17.6875
      vertex 11.9528 357.361 -18.1096
    endloop
  endfacet
  facet normal -0.718988 0.503292 0.479326
    outer loop
      vertex 12.4848 354.299 -17.5757
      vertex 12.4403 354.278 -17.6204
      vertex 12.4573 354.286 -17.6033
    endloop
  endfacet
  facet normal -0.677752 -0.110994 0.726865
    outer loop
      vertex 12.4848 354.299 -17.5757
      vertex 12.429 354.273 -17.6317
      vertex 12.4403 354.278 -17.6204
    endloop
  endfacet
  facet normal 0.670169 0.134034 -0.730006
    outer loop
      vertex 12.4848 354.299 -17.5757
      vertex 12.1891 354.161 -17.8725
      vertex 12.429 354.273 -17.6317
    endloop
  endfacet
  facet normal -0.731338 0.125372 0.670393
    outer loop
      vertex 12.1891 354.161 -17.8725
      vertex 12.1437 354.14 -17.9181
      vertex 12.1592 354.147 -17.9025
    endloop
  endfacet
  facet normal 0.708661 -7.89051e-06 -0.705549
    outer loop
      vertex 12.1891 354.161 -17.8725
      vertex 12.36 323.2 -17.7005
      vertex 12.1437 354.14 -17.9181
    endloop
  endfacet
  facet normal 0.708421 -1.0556e-05 -0.70579
    outer loop
      vertex 12.36 323.2 -17.7005
      vertex 12.1891 354.161 -17.8725
      vertex 12.4848 354.299 -17.5757
    endloop
  endfacet
  facet normal -0.555346 0.0830242 0.827465
    outer loop
      vertex 12.1437 354.14 -17.9181
      vertex 12.1019 354.278 -17.96
      vertex 12.1138 354.238 -17.948
    endloop
  endfacet
  facet normal 0.708593 -7.0689e-06 -0.705617
    outer loop
      vertex 12.1019 354.278 -17.96
      vertex 12.36 323.2 -17.7005
      vertex 11.9844 354.716 -18.078
    endloop
  endfacet
  facet normal 0.707921 -1.82856e-05 -0.706292
    outer loop
      vertex 12.36 323.2 -17.7005
      vertex 12.1019 354.278 -17.96
      vertex 12.1437 354.14 -17.9181
    endloop
  endfacet
  facet normal 0.708411 -0.000172239 0.705801
    outer loop
      vertex 11.95 357.6 18.1115
      vertex 12.2964 357.522 17.7638
      vertex 12.4638 357.6 17.5958
    endloop
  endfacet
  facet normal 0.708398 -0.000285587 0.705813
    outer loop
      vertex 12.2964 357.522 17.7638
      vertex 11.95 357.6 18.1115
      vertex 11.9509 357.361 18.1105
    endloop
  endfacet
  facet normal 0.708067 -3.17127e-05 0.706146
    outer loop
      vertex 12.049 354.359 18.012
      vertex 12.086 323.2 17.9735
      vertex 12.1187 354.128 17.9421
    endloop
  endfacet
  facet normal 0.70832 -3.10992e-05 0.705892
    outer loop
      vertex 12.0211 354.451 18.04
      vertex 12.086 323.2 17.9735
      vertex 12.049 354.359 18.012
    endloop
  endfacet
  facet normal 0.708829 -2.89527e-05 0.70538
    outer loop
      vertex 12.086 323.2 17.9735
      vertex 12.0211 354.451 18.04
      vertex 11.9616 354.673 18.0998
    endloop
  endfacet
  facet normal 0.687797 0.0779826 0.721702
    outer loop
      vertex 12.1558 354.145 17.9048
      vertex 12.3617 354.241 17.6982
      vertex 12.3525 354.237 17.7074
    endloop
  endfacet
  facet normal 0.673679 0.12713 0.728008
    outer loop
      vertex 12.1187 354.128 17.9421
      vertex 12.1558 354.145 17.9048
      vertex 12.1314 354.134 17.9293
    endloop
  endfacet
  facet normal -0.735681 0.163115 -0.657394
    outer loop
      vertex 12.1187 354.128 17.9421
      vertex 12.3617 354.241 17.6982
      vertex 12.1558 354.145 17.9048
    endloop
  endfacet
  facet normal 0.708395 -3.08752e-05 0.705817
    outer loop
      vertex 12.3757 354.248 17.6841
      vertex 12.086 323.2 17.9735
      vertex 12.4583 354.287 17.6012
    endloop
  endfacet
  facet normal 0.709632 -5.40182e-05 0.704572
    outer loop
      vertex 12.3617 354.241 17.6982
      vertex 12.086 323.2 17.9735
      vertex 12.3757 354.248 17.6841
    endloop
  endfacet
  facet normal 0.70842 -3.24464e-05 0.705791
    outer loop
      vertex 12.086 323.2 17.9735
      vertex 12.3617 354.241 17.6982
      vertex 12.1187 354.128 17.9421
    endloop
  endfacet
  facet normal 0.858114 0.400674 -0.321093
    outer loop
      vertex 46.9296 370.381 -17.6081
      vertex 45.6605 373.099 -17.6081
      vertex 45.7748 373.152 -17.2365
    endloop
  endfacet
  facet normal -0.431417 0.902153 0.0003277
    outer loop
      vertex 45.8441 373.185 -16.8516
      vertex 45.7748 373.152 -17.2365
      vertex 45.8674 373.196 -16.46
    endloop
  endfacet
  facet normal 0.888598 0.414908 -0.195562
    outer loop
      vertex 47.0439 370.434 -17.2365
      vertex 45.7748 373.152 -17.2365
      vertex 45.8441 373.185 -16.8516
    endloop
  endfacet
  facet normal 0.858114 0.400674 -0.321093
    outer loop
      vertex 46.9296 370.381 -17.6081
      vertex 45.7748 373.152 -17.2365
      vertex 47.0439 370.434 -17.2365
    endloop
  endfacet
  facet normal -0.421228 0.906925 -0.007432
    outer loop
      vertex 43.5039 372.092 -19.4343
      vertex 43.1491 371.927 -19.46
      vertex 44.1893 372.412 -19.2316
    endloop
  endfacet
  facet normal -0.59735 -0.278917 -0.751916
    outer loop
      vertex 12.5944 354.35 -18.5813
      vertex 11.3253 357.068 -18.5813
      vertex 12.8618 354.475 -18.8401
    endloop
  endfacet
  facet normal 0.423048 -0.906107 0.000230029
    outer loop
      vertex 13.4763 354.762 19.3116
      vertex 12.8618 354.475 18.9201
      vertex 44.773 369.374 19.5143
    endloop
  endfacet
  facet normal 0.418726 -0.908113 0
    outer loop
      vertex 47.0439 370.434 17.3165
      vertex 47.1133 370.466 -16.8516
      vertex 47.1133 370.466 16.9316
    endloop
  endfacet
  facet normal 0.418726 -0.908113 0
    outer loop
      vertex 47.1133 370.466 -16.8516
      vertex 47.0439 370.434 17.3165
      vertex 47.0439 370.434 -17.2365
    endloop
  endfacet
  facet normal 0.597445 0.278984 0.751816
    outer loop
      vertex 45.0712 372.824 18.6613
      vertex 44.8039 372.699 18.9201
      vertex 46.3404 370.106 18.6613
    endloop
  endfacet
  facet normal 0.422978 -0.90614 0.000373859
    outer loop
      vertex 46.3404 370.106 -18.5813
      vertex 44.773 369.374 -19.4343
      vertex 45.7774 369.843 -19.0581
    endloop
  endfacet
  facet normal 0.415465 -0.909593 0.00538032
    outer loop
      vertex 12.1558 354.145 17.9048
      vertex 12.36 354.241 18.3663
      vertex 12.1314 354.134 17.9293
    endloop
  endfacet
  facet normal 0.419917 -0.907558 0.00298703
    outer loop
      vertex 12.36 354.241 18.3663
      vertex 12.1558 354.145 17.9048
      vertex 12.8618 354.475 18.9201
    endloop
  endfacet
  facet normal 0.419667 -0.907676 -0.0018454
    outer loop
      vertex 46.7724 370.307 18.04
      vertex 46.3404 370.106 18.6613
      vertex 47.0439 370.434 17.3165
    endloop
  endfacet
  facet normal 0.422929 -0.906163 0.000273409
    outer loop
      vertex 44.415 369.207 17.2315
      vertex 47.0439 370.434 17.3165
      vertex 44.1621 369.089 17.347
    endloop
  endfacet
  facet normal 0.37086 -0.824228 0.427916
    outer loop
      vertex 44.4165 369.207 17.2302
      vertex 47.0439 370.434 17.3165
      vertex 44.415 369.207 17.2315
    endloop
  endfacet
  facet normal 0.423163 -0.906053 -0.00106242
    outer loop
      vertex 44.7904 369.382 16.9115
      vertex 47.0439 370.434 17.3165
      vertex 44.4165 369.207 17.2302
    endloop
  endfacet
  facet normal 0.44179 -0.880812 -0.17027
    outer loop
      vertex 44.7917 369.383 16.9097
      vertex 47.0439 370.434 17.3165
      vertex 44.7904 369.382 16.9115
    endloop
  endfacet
  facet normal 0.42266 -0.906287 0.00145816
    outer loop
      vertex 45.0783 369.516 16.4995
      vertex 47.0439 370.434 17.3165
      vertex 44.7917 369.383 16.9097
    endloop
  endfacet
  facet normal 0.484046 -0.849447 -0.210096
    outer loop
      vertex 45.0791 369.517 16.4973
      vertex 47.0439 370.434 17.3165
      vertex 45.0783 369.516 16.4995
    endloop
  endfacet
  facet normal 0.422942 -0.906157 -6.20386e-05
    outer loop
      vertex 45.259 369.601 16.0155
      vertex 47.0439 370.434 17.3165
      vertex 45.0791 369.517 16.4973
    endloop
  endfacet
  facet normal 0.387124 -0.920197 0.0580686
    outer loop
      vertex 45.2593 369.601 16.0135
      vertex 47.0439 370.434 17.3165
      vertex 45.259 369.601 16.0155
    endloop
  endfacet
  facet normal 0.423339 -0.905971 -0.000627356
    outer loop
      vertex 45.3206 369.63 15.4995
      vertex 47.0439 370.434 17.3165
      vertex 45.2593 369.601 16.0135
    endloop
  endfacet
  facet normal 0.422796 -0.906225 0
    outer loop
      vertex 47.0439 370.434 -17.2365
      vertex 45.3206 369.63 15.4995
      vertex 45.3206 369.63 -15.5005
    endloop
  endfacet
  facet normal 0.422308 -0.906452 -0.0010645
    outer loop
      vertex 47.0439 370.434 -17.2365
      vertex 45.3204 369.629 -15.5027
      vertex 45.259 369.601 -16.0185
    endloop
  endfacet
  facet normal 0.423055 -0.906104 0.000415234
    outer loop
      vertex 47.0439 370.434 -17.2365
      vertex 45.077 369.516 -16.5044
      vertex 44.7904 369.382 -16.9145
    endloop
  endfacet
  facet normal 0.422796 -0.906225 0
    outer loop
      vertex 45.3206 369.63 15.4995
      vertex 47.0439 370.434 -17.2365
      vertex 47.0439 370.434 17.3165
    endloop
  endfacet
  facet normal 0.621006 -0.733282 0.276855
    outer loop
      vertex 45.3204 369.629 -15.5027
      vertex 47.0439 370.434 -17.2365
      vertex 45.3206 369.63 -15.5005
    endloop
  endfacet
  facet normal 0.536035 -0.812256 0.230016
    outer loop
      vertex 45.2583 369.6 -16.0204
      vertex 47.0439 370.434 -17.2365
      vertex 45.259 369.601 -16.0185
    endloop
  endfacet
  facet normal 0.423125 -0.906071 -0.000108755
    outer loop
      vertex 45.0783 369.516 -16.5025
      vertex 47.0439 370.434 -17.2365
      vertex 45.2583 369.6 -16.0204
    endloop
  endfacet
  facet normal 0.339133 -0.911673 -0.232038
    outer loop
      vertex 45.077 369.516 -16.5044
      vertex 47.0439 370.434 -17.2365
      vertex 45.0783 369.516 -16.5025
    endloop
  endfacet
  facet normal 0.435096 -0.889707 0.138252
    outer loop
      vertex 44.7888 369.381 -16.9159
      vertex 47.0439 370.434 -17.2365
      vertex 44.7904 369.382 -16.9145
    endloop
  endfacet
  facet normal 0.422934 -0.906159 -0.00133021
    outer loop
      vertex 44.415 369.207 -17.2325
      vertex 47.0439 370.434 -17.2365
      vertex 44.7888 369.381 -16.9159
    endloop
  endfacet
  facet normal 0.412171 -0.882355 0.227079
    outer loop
      vertex 44.4133 369.206 -17.2333
      vertex 47.0439 370.434 -17.2365
      vertex 44.415 369.207 -17.2325
    endloop
  endfacet
  facet normal 0.422965 -0.90603 0.0144855
    outer loop
      vertex 47.0439 370.434 -17.2365
      vertex 44.4133 369.206 -17.2333
      vertex 44.3437 369.173 -17.2651
    endloop
  endfacet
  facet normal 0.423092 -0.906087 -4.59616e-05
    outer loop
      vertex 12.5028 354.307 17.5435
      vertex 17.0084 356.411 14.89
      vertex 19.9532 357.786 16.04
    endloop
  endfacet
  facet normal 0.425859 -0.904756 0.00784581
    outer loop
      vertex 12.696 354.398 16.8275
      vertex 16.9596 356.388 14.8865
      vertex 17.0084 356.411 14.89
    endloop
  endfacet
  facet normal 0.423366 -0.905958 0.0011379
    outer loop
      vertex 12.696 354.398 16.8275
      vertex 16.8783 356.35 14.8806
      vertex 16.9596 356.388 14.8865
    endloop
  endfacet
  facet normal 0.424135 -0.905593 0.00315559
    outer loop
      vertex 12.696 354.398 16.8275
      vertex 16.7504 356.29 14.8525
      vertex 16.8783 356.35 14.8806
    endloop
  endfacet
  facet normal 0.420873 -0.907106 -0.00499191
    outer loop
      vertex 12.696 354.398 16.8275
      vertex 16.627 356.233 14.8063
      vertex 16.7504 356.29 14.8525
    endloop
  endfacet
  facet normal 0.424251 -0.905541 0.00262831
    outer loop
      vertex 12.7 354.399 16.8115
      vertex 16.51 356.178 14.7426
      vertex 16.627 356.233 14.8063
    endloop
  endfacet
  facet normal 0.421284 -0.90692 -0.00402025
    outer loop
      vertex 12.7 354.399 16.8115
      vertex 16.4016 356.128 14.6627
      vertex 16.51 356.178 14.7426
    endloop
  endfacet
  facet normal 0.425082 -0.905146 0.00394951
    outer loop
      vertex 12.7 354.399 16.8115
      vertex 16.3404 356.099 14.6034
      vertex 16.4016 356.128 14.6627
    endloop
  endfacet
  facet normal 0.421676 -0.906742 -0.00289495
    outer loop
      vertex 12.7 354.399 16.8115
      vertex 16.3036 356.082 14.5678
      vertex 16.3404 356.099 14.6034
    endloop
  endfacet
  facet normal 0.422864 -0.906193 -0.000574681
    outer loop
      vertex 12.7 354.399 16.8115
      vertex 16.2714 356.067 14.5272
      vertex 16.3036 356.082 14.5678
    endloop
  endfacet
  facet normal 0.422573 -0.906328 -0.00112793
    outer loop
      vertex 12.7 354.399 16.8115
      vertex 16.2176 356.042 14.4596
      vertex 16.2714 356.067 14.5272
    endloop
  endfacet
  facet normal 0.423735 -0.905786 0.000988883
    outer loop
      vertex 12.7 354.399 16.8115
      vertex 16.1452 356.008 14.34
      vertex 16.2176 356.042 14.4596
    endloop
  endfacet
  facet normal 0.423318 -0.905981 0.000279494
    outer loop
      vertex 12.7 354.399 16.8115
      vertex 16.0875 355.981 14.211
      vertex 16.1452 356.008 14.34
    endloop
  endfacet
  facet normal 0.424604 -0.905376 0.00232295
    outer loop
      vertex 12.7 354.399 16.8115
      vertex 16.0456 355.961 14.0747
      vertex 16.0875 355.981 14.211
    endloop
  endfacet
  facet normal 0.419804 -0.907602 -0.00481504
    outer loop
      vertex 12.7 354.399 16.8115
      vertex 16.0202 355.95 13.9336
      vertex 16.0456 355.961 14.0747
    endloop
  endfacet
  facet normal 0.423363 -0.90596 0.000175863
    outer loop
      vertex 12.7 354.399 16.8115
      vertex 16.0117 355.946 13.79
      vertex 16.0202 355.95 13.9336
    endloop
  endfacet
  facet normal 0.423085 -0.90609 -0.00019597
    outer loop
      vertex 12.7 354.399 16.8115
      vertex 16.0202 355.95 13.6464
      vertex 16.0117 355.946 13.79
    endloop
  endfacet
  facet normal 0.423276 -0.906001 4.89963e-05
    outer loop
      vertex 14.9696 355.459 10.54
      vertex 16.0202 355.95 13.6464
      vertex 12.7 354.399 16.8115
    endloop
  endfacet
  facet normal 0.414478 -0.910052 0.00366517
    outer loop
      vertex 16.0202 355.95 13.6464
      vertex 14.9696 355.459 10.54
      vertex 16.0456 355.961 13.5053
    endloop
  endfacet
  facet normal 0.426463 -0.904503 -0.00162334
    outer loop
      vertex 16.0456 355.961 13.5053
      vertex 14.9696 355.459 10.54
      vertex 16.0875 355.981 13.369
    endloop
  endfacet
  facet normal 0.423485 -0.905903 -0.000188286
    outer loop
      vertex 16.0875 355.981 13.369
      vertex 14.9696 355.459 10.54
      vertex 16.1452 356.008 13.24
    endloop
  endfacet
  facet normal 0.424262 -0.905539 -0.000600313
    outer loop
      vertex 16.1452 356.008 13.24
      vertex 14.9696 355.459 10.54
      vertex 16.2176 356.042 13.1204
    endloop
  endfacet
  facet normal 0.422103 -0.906548 0.000671441
    outer loop
      vertex 16.2176 356.042 13.1204
      vertex 14.9696 355.459 10.54
      vertex 16.2714 356.067 13.0527
    endloop
  endfacet
  facet normal 0.420668 -0.907213 0.00162747
    outer loop
      vertex 14.9696 355.459 10.54
      vertex 16.3404 356.099 12.9766
      vertex 16.3036 356.082 13.0122
    endloop
  endfacet
  facet normal 0.426124 -0.904658 -0.00351026
    outer loop
      vertex 14.9696 355.459 10.54
      vertex 17.0084 356.411 12.69
      vertex 16.9596 356.388 12.6935
    endloop
  endfacet
  facet normal 0.423408 -0.905939 -0.000447586
    outer loop
      vertex 14.9696 355.459 10.54
      vertex 16.9596 356.388 12.6935
      vertex 16.8783 356.35 12.6994
    endloop
  endfacet
  facet normal 0.424427 -0.905461 -0.00154588
    outer loop
      vertex 14.9696 355.459 10.54
      vertex 16.8783 356.35 12.6994
      vertex 16.7504 356.29 12.7275
    endloop
  endfacet
  facet normal 0.420163 -0.907445 0.00267897
    outer loop
      vertex 14.9696 355.459 10.54
      vertex 16.7504 356.29 12.7275
      vertex 16.627 356.233 12.7737
    endloop
  endfacet
  facet normal 0.424765 -0.905302 -0.00147792
    outer loop
      vertex 14.9696 355.459 10.54
      vertex 16.627 356.233 12.7737
      vertex 16.51 356.178 12.8374
    endloop
  endfacet
  facet normal 0.423071 -0.906097 2.21355e-05
    outer loop
      vertex 17.0084 356.411 12.69
      vertex 14.9696 355.459 10.54
      vertex 19.7092 357.672 10.8239
    endloop
  endfacet
  facet normal 0.420207 -0.907425 0.00224249
    outer loop
      vertex 16.4016 356.128 12.9173
      vertex 14.9696 355.459 10.54
      vertex 16.51 356.178 12.8374
    endloop
  endfacet
  facet normal 0.426393 -0.904535 -0.00229737
    outer loop
      vertex 16.3404 356.099 12.9766
      vertex 14.9696 355.459 10.54
      vertex 16.4016 356.128 12.9173
    endloop
  endfacet
  facet normal 0.422624 -0.906305 0.000343175
    outer loop
      vertex 16.2714 356.067 13.0527
      vertex 14.9696 355.459 10.54
      vertex 16.3036 356.082 13.0122
    endloop
  endfacet
  facet normal 0.423165 -0.906053 0
    outer loop
      vertex 12.7 354.399 16.8115
      vertex 14.9696 355.459 -10.46
      vertex 14.9696 355.459 10.54
    endloop
  endfacet
  facet normal 0.423083 -0.906091 -8.33385e-05
    outer loop
      vertex 18.835 357.264 -11.7956
      vertex 19.9532 357.786 -10.46
      vertex 14.9696 355.459 -10.46
    endloop
  endfacet
  facet normal 0.423001 -0.906129 0
    outer loop
      vertex 19.9532 357.786 -10.46
      vertex 18.835 357.264 -11.7956
      vertex 19.9532 357.786 -10.4675
    endloop
  endfacet
  facet normal 0.423114 -0.906076 2.80859e-05
    outer loop
      vertex 14.9696 355.459 -10.46
      vertex 17.0084 356.411 -12.61
      vertex 18.835 357.264 -11.7956
    endloop
  endfacet
  facet normal 0.426124 -0.904658 0.00351026
    outer loop
      vertex 14.9696 355.459 -10.46
      vertex 16.9596 356.388 -12.6135
      vertex 17.0084 356.411 -12.61
    endloop
  endfacet
  facet normal 0.423408 -0.905939 0.000447586
    outer loop
      vertex 14.9696 355.459 -10.46
      vertex 16.8783 356.35 -12.6194
      vertex 16.9596 356.388 -12.6135
    endloop
  endfacet
  facet normal 0.424427 -0.905461 0.00154588
    outer loop
      vertex 14.9696 355.459 -10.46
      vertex 16.7504 356.29 -12.6475
      vertex 16.8783 356.35 -12.6194
    endloop
  endfacet
  facet normal 0.420163 -0.907445 -0.00267897
    outer loop
      vertex 14.9696 355.459 -10.46
      vertex 16.627 356.233 -12.6937
      vertex 16.7504 356.29 -12.6475
    endloop
  endfacet
  facet normal 0.424765 -0.905302 0.00147792
    outer loop
      vertex 14.9696 355.459 -10.46
      vertex 16.51 356.178 -12.7574
      vertex 16.627 356.233 -12.6937
    endloop
  endfacet
  facet normal 0.420207 -0.907425 -0.00224249
    outer loop
      vertex 14.9696 355.459 -10.46
      vertex 16.4016 356.128 -12.8373
      vertex 16.51 356.178 -12.7574
    endloop
  endfacet
  facet normal 0.426393 -0.904535 0.00229737
    outer loop
      vertex 14.9696 355.459 -10.46
      vertex 16.3404 356.099 -12.8966
      vertex 16.4016 356.128 -12.8373
    endloop
  endfacet
  facet normal 0.420668 -0.907213 -0.00162747
    outer loop
      vertex 14.9696 355.459 -10.46
      vertex 16.3036 356.082 -12.9322
      vertex 16.3404 356.099 -12.8966
    endloop
  endfacet
  facet normal 0.422624 -0.906305 -0.000343175
    outer loop
      vertex 14.9696 355.459 -10.46
      vertex 16.2714 356.067 -12.9727
      vertex 16.3036 356.082 -12.9322
    endloop
  endfacet
  facet normal 0.422103 -0.906548 -0.000671441
    outer loop
      vertex 14.9696 355.459 -10.46
      vertex 16.2176 356.042 -13.0404
      vertex 16.2714 356.067 -12.9727
    endloop
  endfacet
  facet normal 0.424262 -0.905539 0.000600313
    outer loop
      vertex 14.9696 355.459 -10.46
      vertex 16.1452 356.008 -13.16
      vertex 16.2176 356.042 -13.0404
    endloop
  endfacet
  facet normal 0.423485 -0.905903 0.000188286
    outer loop
      vertex 14.9696 355.459 -10.46
      vertex 16.0875 355.981 -13.289
      vertex 16.1452 356.008 -13.16
    endloop
  endfacet
  facet normal 0.426463 -0.904503 0.00162334
    outer loop
      vertex 14.9696 355.459 -10.46
      vertex 16.0456 355.961 -13.4253
      vertex 16.0875 355.981 -13.289
    endloop
  endfacet
  facet normal 0.414478 -0.910052 -0.00366517
    outer loop
      vertex 14.9696 355.459 -10.46
      vertex 16.0202 355.95 -13.5664
      vertex 16.0456 355.961 -13.4253
    endloop
  endfacet
  facet normal 0.423277 -0.906 -4.86924e-05
    outer loop
      vertex 12.7 354.399 -16.8125
      vertex 16.0202 355.95 -13.5664
      vertex 14.9696 355.459 -10.46
    endloop
  endfacet
  facet normal 0.42308 -0.906092 0.000196271
    outer loop
      vertex 16.0202 355.95 -13.5664
      vertex 12.7 354.399 -16.8125
      vertex 16.0117 355.946 -13.71
    endloop
  endfacet
  facet normal 0.423366 -0.905959 -0.000175621
    outer loop
      vertex 16.0117 355.946 -13.71
      vertex 12.7 354.399 -16.8125
      vertex 16.0202 355.95 -13.8536
    endloop
  endfacet
  facet normal 0.42256 -0.906334 0.0011146
    outer loop
      vertex 12.7 354.399 -16.8125
      vertex 16.2714 356.067 -14.4472
      vertex 16.2176 356.042 -14.3796
    endloop
  endfacet
  facet normal 0.421644 -0.906757 0.00285464
    outer loop
      vertex 12.7 354.399 -16.8125
      vertex 16.3404 356.099 -14.5234
      vertex 16.3036 356.082 -14.4878
    endloop
  endfacet
  facet normal 0.425983 -0.904712 -0.00582455
    outer loop
      vertex 12.498 354.305 -17.5625
      vertex 17.0084 356.411 -14.81
      vertex 16.9596 356.388 -14.8065
    endloop
  endfacet
  facet normal 0.423393 -0.905946 -0.00069795
    outer loop
      vertex 12.498 354.305 -17.5625
      vertex 16.9596 356.388 -14.8065
      vertex 16.8783 356.35 -14.8006
    endloop
  endfacet
  facet normal 0.424257 -0.905538 -0.00248616
    outer loop
      vertex 12.5125 354.312 -17.5088
      vertex 16.8783 356.35 -14.8006
      vertex 16.7504 356.29 -14.7725
    endloop
  endfacet
  facet normal 0.422819 -0.906214 -0.000458253
    outer loop
      vertex 19.9532 357.786 -15.96
      vertex 21.2301 358.382 -16.41
      vertex 21.5928 358.551 -15.96
    endloop
  endfacet
  facet normal 0.423165 -0.906053 0
    outer loop
      vertex 12.7 354.399 -16.8125
      vertex 14.9696 355.459 -10.46
      vertex 12.7 354.399 16.8115
    endloop
  endfacet
  facet normal 0.419721 -0.907641 0.00479702
    outer loop
      vertex 16.0202 355.95 -13.8536
      vertex 12.7 354.399 -16.8125
      vertex 16.0456 355.961 -13.9947
    endloop
  endfacet
  facet normal 0.424641 -0.905359 -0.00230917
    outer loop
      vertex 12.7 354.399 -16.8125
      vertex 16.0875 355.981 -14.131
      vertex 16.0456 355.961 -13.9947
    endloop
  endfacet
  facet normal 0.423322 -0.905979 -0.000277286
    outer loop
      vertex 12.7 354.399 -16.8125
      vertex 16.1452 356.008 -14.26
      vertex 16.0875 355.981 -14.131
    endloop
  endfacet
  facet normal 0.423748 -0.905779 -0.00097916
    outer loop
      vertex 12.7 354.399 -16.8125
      vertex 16.2176 356.042 -14.3796
      vertex 16.1452 356.008 -14.26
    endloop
  endfacet
  facet normal 0.422857 -0.906196 0.000567905
    outer loop
      vertex 16.2714 356.067 -14.4472
      vertex 12.7 354.399 -16.8125
      vertex 16.3036 356.082 -14.4878
    endloop
  endfacet
  facet normal 0.425126 -0.905126 -0.00389442
    outer loop
      vertex 16.3404 356.099 -14.5234
      vertex 12.7 354.399 -16.8125
      vertex 16.4016 356.128 -14.5827
    endloop
  endfacet
  facet normal 0.421244 -0.906939 0.00395465
    outer loop
      vertex 12.7 354.399 -16.8125
      vertex 16.51 356.178 -14.6626
      vertex 16.4016 356.128 -14.5827
    endloop
  endfacet
  facet normal 0.424273 -0.905531 -0.00257788
    outer loop
      vertex 12.7 354.399 -16.8125
      vertex 16.627 356.233 -14.7263
      vertex 16.51 356.178 -14.6626
    endloop
  endfacet
  facet normal 0.443865 -0.894757 -0.0489279
    outer loop
      vertex 12.696 354.398 -16.8305
      vertex 16.627 356.233 -14.7263
      vertex 12.7 354.399 -16.8125
    endloop
  endfacet
  facet normal 0.420837 -0.907123 0.00487614
    outer loop
      vertex 16.627 356.233 -14.7263
      vertex 12.696 354.398 -16.8305
      vertex 16.7504 356.29 -14.7725
    endloop
  endfacet
  facet normal 0.422831 -0.906209 0.000108366
    outer loop
      vertex 12.514 354.313 -17.5004
      vertex 16.7504 356.29 -14.7725
      vertex 12.696 354.398 -16.8305
    endloop
  endfacet
  facet normal 0.41562 -0.909425 0.0143626
    outer loop
      vertex 16.8783 356.35 -14.8006
      vertex 12.5125 354.312 -17.5088
      vertex 12.5028 354.307 -17.5447
    endloop
  endfacet
  facet normal 0.423116 -0.906076 0.000567206
    outer loop
      vertex 19.9532 357.786 -15.96
      vertex 21.0703 358.307 -17.0126
      vertex 21.2301 358.382 -16.41
    endloop
  endfacet
  facet normal 0.424869 -0.905255 0
    outer loop
      vertex 21.2301 358.382 -16.41
      vertex 21.0703 358.307 -17.0126
      vertex 21.2301 358.382 -17.003
    endloop
  endfacet
  facet normal 0.43059 -0.902428 -0.0147178
    outer loop
      vertex 16.8783 356.35 -14.8006
      vertex 12.5028 354.307 -17.5447
      vertex 12.498 354.305 -17.5625
    endloop
  endfacet
  facet normal 0.402989 -0.91446 0.036902
    outer loop
      vertex 16.7504 356.29 -14.7725
      vertex 12.514 354.313 -17.5004
      vertex 12.5125 354.312 -17.5088
    endloop
  endfacet
  facet normal 0.423076 -0.906094 -3.49008e-06
    outer loop
      vertex 17.0084 356.411 -14.81
      vertex 12.498 354.305 -17.5625
      vertex 19.9532 357.786 -15.96
    endloop
  endfacet
  facet normal 0.423002 -0.906129 0.000419889
    outer loop
      vertex 19.9532 357.786 -15.96
      vertex 12.498 354.305 -17.5625
      vertex 21.0703 358.307 -17.0126
    endloop
  endfacet
  facet normal 0.423621 -0.905761 -0.0119114
    outer loop
      vertex 12.4848 354.299 -17.5757
      vertex 21.0703 358.307 -17.0126
      vertex 12.498 354.305 -17.5625
    endloop
  endfacet
  facet normal 0.422696 -0.906254 0.00569389
    outer loop
      vertex 12.4573 354.286 -17.6033
      vertex 21.0703 358.307 -17.0126
      vertex 12.4848 354.299 -17.5757
    endloop
  endfacet
  facet normal 0.423092 -0.906086 -0.00121347
    outer loop
      vertex 21.0703 358.307 -17.0126
      vertex 12.4573 354.286 -17.6033
      vertex 22.1761 358.824 -17.5002
    endloop
  endfacet
  facet normal 0.413962 -0.910101 -0.0187326
    outer loop
      vertex 17.0084 356.411 14.89
      vertex 12.5028 354.307 17.5435
      vertex 12.514 354.313 17.4995
    endloop
  endfacet
  facet normal 0.423221 -0.906026 0.000490404
    outer loop
      vertex 17.0084 356.411 14.89
      vertex 12.514 354.313 17.4995
      vertex 12.686 354.393 16.8636
    endloop
  endfacet
  facet normal 0.423037 -0.906112 0
    outer loop
      vertex 17.0084 356.411 14.89
      vertex 12.686 354.393 16.8636
      vertex 12.686 354.393 16.8635
    endloop
  endfacet
  facet normal 0.419428 -0.907738 -0.009567
    outer loop
      vertex 17.0084 356.411 14.89
      vertex 12.686 354.393 16.8635
      vertex 12.696 354.398 16.8275
    endloop
  endfacet
  facet normal 0.445651 -0.89348 0.0555703
    outer loop
      vertex 16.627 356.233 14.8063
      vertex 12.696 354.398 16.8275
      vertex 12.7 354.399 16.8115
    endloop
  endfacet
  facet normal 0.423075 -0.906095 -0.000152271
    outer loop
      vertex 12.5028 354.307 17.5435
      vertex 19.9532 357.786 16.04
      vertex 22.1768 358.824 17.4995
    endloop
  endfacet
  facet normal 0.422792 -0.906227 0.000371745
    outer loop
      vertex 22.1768 358.824 17.4995
      vertex 19.9532 357.786 16.04
      vertex 21.3893 358.456 16.04
    endloop
  endfacet
  facet normal -0.668616 -0.137351 -0.730813
    outer loop
      vertex 12.4848 354.299 17.5747
      vertex 12.3757 354.248 17.6841
      vertex 12.4583 354.287 17.6012
    endloop
  endfacet
  facet normal 0.423089 -0.906018 0.0112626
    outer loop
      vertex 22.1768 358.824 17.4995
      vertex 12.4848 354.299 17.5747
      vertex 12.498 354.305 17.5615
    endloop
  endfacet
  facet normal 0.423089 -0.906006 0.0121564
    outer loop
      vertex 22.1768 358.824 17.4995
      vertex 12.498 354.305 17.5615
      vertex 12.5028 354.307 17.5435
    endloop
  endfacet
  facet normal 0.423041 -0.906111 -0.000529232
    outer loop
      vertex 12.4848 354.299 17.5747
      vertex 22.1768 358.824 17.4995
      vertex 12.3757 354.248 17.6841
    endloop
  endfacet
  facet normal 0.423056 -0.906104 0.000433573
    outer loop
      vertex 12.3757 354.248 17.6841
      vertex 22.1768 358.824 17.4995
      vertex 29.7845 362.376 17.4995
    endloop
  endfacet
  facet normal 0.423378 -0.905953 -0.000938889
    outer loop
      vertex 17.0897 356.449 14.8841
      vertex 19.9532 357.786 16.04
      vertex 17.0084 356.411 14.89
    endloop
  endfacet
  facet normal 0.425826 -0.904766 -0.00837482
    outer loop
      vertex 17.1385 356.472 14.8806
      vertex 19.9532 357.786 16.04
      vertex 17.0897 356.449 14.8841
    endloop
  endfacet
  facet normal 0.420305 -0.907348 0.00795415
    outer loop
      vertex 17.2664 356.531 14.8525
      vertex 19.9532 357.786 16.04
      vertex 17.1385 356.472 14.8806
    endloop
  endfacet
  facet normal 0.426431 -0.904476 -0.00894198
    outer loop
      vertex 17.3127 356.553 14.8352
      vertex 19.9532 357.786 16.04
      vertex 17.2664 356.531 14.8525
    endloop
  endfacet
  facet normal 0.423089 -0.906088 3.37372e-05
    outer loop
      vertex 17.3898 356.589 14.8063
      vertex 19.9532 357.786 16.04
      vertex 17.3127 356.553 14.8352
    endloop
  endfacet
  facet normal 0.422459 -0.906381 0.00162737
    outer loop
      vertex 17.4629 356.623 14.7665
      vertex 19.9532 357.786 16.04
      vertex 17.3898 356.589 14.8063
    endloop
  endfacet
  facet normal 0.427579 -0.903915 -0.0106379
    outer loop
      vertex 17.5067 356.644 14.7426
      vertex 19.9532 357.786 16.04
      vertex 17.4629 356.623 14.7665
    endloop
  endfacet
  facet normal 0.419981 -0.907507 0.00685283
    outer loop
      vertex 17.5745 356.675 14.6927
      vertex 19.9532 357.786 16.04
      vertex 17.5067 356.644 14.7426
    endloop
  endfacet
  facet normal 0.423476 -0.905907 -0.000637419
    outer loop
      vertex 17.6151 356.694 14.6627
      vertex 19.9532 357.786 16.04
      vertex 17.5745 356.675 14.6927
    endloop
  endfacet
  facet normal 0.421731 -0.906716 0.00296481
    outer loop
      vertex 17.6519 356.711 14.6271
      vertex 19.9532 357.786 16.04
      vertex 17.6151 356.694 14.6627
    endloop
  endfacet
  facet normal 0.424943 -0.905214 -0.00340939
    outer loop
      vertex 17.7132 356.74 14.5678
      vertex 19.9532 357.786 16.04
      vertex 17.6519 356.711 14.6271
    endloop
  endfacet
  facet normal 0.422746 -0.906248 0.000669224
    outer loop
      vertex 17.7669 356.765 14.5002
      vertex 19.9532 357.786 16.04
      vertex 17.7132 356.74 14.5678
    endloop
  endfacet
  facet normal 0.422823 -0.906212 0.000535165
    outer loop
      vertex 17.7991 356.78 14.4596
      vertex 19.9532 357.786 16.04
      vertex 17.7669 356.765 14.5002
    endloop
  endfacet
  facet normal 0.423592 -0.905853 -0.000740824
    outer loop
      vertex 17.8716 356.814 14.34
      vertex 19.9532 357.786 16.04
      vertex 17.7991 356.78 14.4596
    endloop
  endfacet
  facet normal 0.423453 -0.905918 -0.000533989
    outer loop
      vertex 17.9292 356.841 14.211
      vertex 19.9532 357.786 16.04
      vertex 17.8716 356.814 14.34
    endloop
  endfacet
  facet normal 0.420878 -0.907112 0.0029323
    outer loop
      vertex 17.9711 356.86 14.0747
      vertex 19.9532 357.786 16.04
      vertex 17.9292 356.841 14.211
    endloop
  endfacet
  facet normal 0.423653 -0.905824 -0.000472977
    outer loop
      vertex 17.9966 356.872 13.9336
      vertex 19.9532 357.786 16.04
      vertex 17.9711 356.86 14.0747
    endloop
  endfacet
  facet normal 0.423389 -0.905948 -0.000173992
    outer loop
      vertex 18.0051 356.876 13.79
      vertex 19.9532 357.786 16.04
      vertex 17.9966 356.872 13.9336
    endloop
  endfacet
  facet normal 0.423035 -0.906113 0.000199564
    outer loop
      vertex 17.9966 356.872 13.6464
      vertex 19.9532 357.786 16.04
      vertex 18.0051 356.876 13.79
    endloop
  endfacet
  facet normal 0.423818 -0.905747 0.00043667
    outer loop
      vertex 19.7092 357.672 10.8239
      vertex 17.9966 356.872 13.6464
      vertex 17.9711 356.86 13.5053
    endloop
  endfacet
  facet normal 0.419974 -0.907533 -0.00259563
    outer loop
      vertex 19.7092 357.672 10.8239
      vertex 17.9711 356.86 13.5053
      vertex 17.9292 356.841 13.369
    endloop
  endfacet
  facet normal 0.423574 -0.905861 0.000468078
    outer loop
      vertex 19.7092 357.672 10.8239
      vertex 17.9292 356.841 13.369
      vertex 17.8716 356.814 13.24
    endloop
  endfacet
  facet normal 0.423746 -0.905781 0.000627027
    outer loop
      vertex 19.7092 357.672 10.8239
      vertex 17.8716 356.814 13.24
      vertex 17.7991 356.78 13.1204
    endloop
  endfacet
  facet normal 0.421233 -0.90695 -0.00233757
    outer loop
      vertex 19.7092 357.672 10.8239
      vertex 17.6519 356.711 12.9529
      vertex 17.6151 356.694 12.9173
    endloop
  endfacet
  facet normal 0.419002 -0.90797 -0.00523551
    outer loop
      vertex 19.7092 357.672 10.8239
      vertex 17.5745 356.675 12.8873
      vertex 17.5067 356.644 12.8374
    endloop
  endfacet
  facet normal 0.422262 -0.906473 -0.0011877
    outer loop
      vertex 19.7092 357.672 10.8239
      vertex 17.4629 356.623 12.8135
      vertex 17.3898 356.589 12.7737
    endloop
  endfacet
  facet normal 0.427236 -0.904118 0.00633243
    outer loop
      vertex 19.7092 357.672 10.8239
      vertex 17.3127 356.553 12.7448
      vertex 17.2664 356.531 12.7275
    endloop
  endfacet
  facet normal 0.423399 -0.905943 0.000600365
    outer loop
      vertex 19.7092 357.672 10.8239
      vertex 17.0897 356.449 12.6959
      vertex 17.0084 356.411 12.69
    endloop
  endfacet
  facet normal 0.426028 -0.904696 0.00509489
    outer loop
      vertex 17.0897 356.449 12.6959
      vertex 19.7092 357.672 10.8239
      vertex 17.1385 356.472 12.6994
    endloop
  endfacet
  facet normal 0.419825 -0.90759 -0.0052595
    outer loop
      vertex 19.7092 357.672 10.8239
      vertex 17.2664 356.531 12.7275
      vertex 17.1385 356.472 12.6994
    endloop
  endfacet
  facet normal 0.42308 -0.906093 -3.75176e-06
    outer loop
      vertex 17.3127 356.553 12.7448
      vertex 19.7092 357.672 10.8239
      vertex 17.3898 356.589 12.7737
    endloop
  endfacet
  facet normal 0.428823 -0.903354 0.00786476
    outer loop
      vertex 17.4629 356.623 12.8135
      vertex 19.7092 357.672 10.8239
      vertex 17.5067 356.644 12.8374
    endloop
  endfacet
  facet normal 0.423561 -0.905867 0.000497012
    outer loop
      vertex 17.5745 356.675 12.8873
      vertex 19.7092 357.672 10.8239
      vertex 17.6151 356.694 12.9173
    endloop
  endfacet
  facet normal 0.425508 -0.90495 0.00269651
    outer loop
      vertex 17.6519 356.711 12.9529
      vertex 19.7092 357.672 10.8239
      vertex 17.7132 356.74 13.0122
    endloop
  endfacet
  facet normal 0.422605 -0.906314 -0.000532785
    outer loop
      vertex 19.7092 357.672 10.8239
      vertex 17.7669 356.765 13.0798
      vertex 17.7132 356.74 13.0122
    endloop
  endfacet
  facet normal 0.422708 -0.906266 -0.000424128
    outer loop
      vertex 19.7092 357.672 10.8239
      vertex 17.7991 356.78 13.1204
      vertex 17.7669 356.765 13.0798
    endloop
  endfacet
  facet normal 0.423232 -0.906021 3.42755e-06
    outer loop
      vertex 17.9966 356.872 13.6464
      vertex 19.7092 357.672 10.8239
      vertex 19.9532 357.786 16.04
    endloop
  endfacet
  facet normal 0.423292 -0.905993 0
    outer loop
      vertex 19.9532 357.786 16.04
      vertex 19.7092 357.672 10.8239
      vertex 19.9532 357.786 10.5852
    endloop
  endfacet
  facet normal 0.423016 -0.906121 0.0011206
    outer loop
      vertex 19.7092 357.672 10.8239
      vertex 14.9696 355.459 10.54
      vertex 19.8856 357.754 10.54
    endloop
  endfacet
  facet normal 0.423391 -0.905947 -0.000728404
    outer loop
      vertex 17.0897 356.449 -12.6159
      vertex 18.835 357.264 -11.7956
      vertex 17.0084 356.411 -12.61
    endloop
  endfacet
  facet normal 0.425896 -0.904743 -0.00725337
    outer loop
      vertex 17.1385 356.472 -12.6194
      vertex 18.835 357.264 -11.7956
      vertex 17.0897 356.449 -12.6159
    endloop
  endfacet
  facet normal 0.42016 -0.907422 0.00713495
    outer loop
      vertex 17.2664 356.531 -12.6475
      vertex 18.835 357.264 -11.7956
      vertex 17.1385 356.472 -12.6194
    endloop
  endfacet
  facet normal 0.426796 -0.904314 -0.00775964
    outer loop
      vertex 17.3127 356.553 -12.6648
      vertex 18.835 357.264 -11.7956
      vertex 17.2664 356.531 -12.6475
    endloop
  endfacet
  facet normal 0.423117 -0.906075 0.00012488
    outer loop
      vertex 17.3898 356.589 -12.6937
      vertex 18.835 357.264 -11.7956
      vertex 17.3127 356.553 -12.6648
    endloop
  endfacet
  facet normal 0.422408 -0.906405 0.00151374
    outer loop
      vertex 17.4629 356.623 -12.7335
      vertex 18.835 357.264 -11.7956
      vertex 17.3898 356.589 -12.6937
    endloop
  endfacet
  facet normal 0.428301 -0.903591 -0.00903063
    outer loop
      vertex 17.5067 356.644 -12.7574
      vertex 18.835 357.264 -11.7956
      vertex 17.4629 356.623 -12.7335
    endloop
  endfacet
  facet normal 0.419421 -0.907772 0.00592814
    outer loop
      vertex 17.5745 356.675 -12.8073
      vertex 18.835 357.264 -11.7956
      vertex 17.5067 356.644 -12.7574
    endloop
  endfacet
  facet normal 0.423611 -0.905844 -0.000414513
    outer loop
      vertex 17.6151 356.694 -12.8373
      vertex 18.835 357.264 -11.7956
      vertex 17.5745 356.675 -12.8073
    endloop
  endfacet
  facet normal 0.42147 -0.906838 0.00263635
    outer loop
      vertex 17.6519 356.711 -12.8729
      vertex 18.835 357.264 -11.7956
      vertex 17.6151 356.694 -12.8373
    endloop
  endfacet
  facet normal 0.425481 -0.904963 -0.00273091
    outer loop
      vertex 17.7132 356.74 -12.9322
      vertex 18.835 357.264 -11.7956
      vertex 17.6519 356.711 -12.8729
    endloop
  endfacet
  facet normal 0.422696 -0.906271 0.000621092
    outer loop
      vertex 17.7669 356.765 -12.9998
      vertex 18.835 357.264 -11.7956
      vertex 17.7132 356.74 -12.9322
    endloop
  endfacet
  facet normal 0.422798 -0.906224 0.000510812
    outer loop
      vertex 17.7991 356.78 -13.0404
      vertex 18.835 357.264 -11.7956
      vertex 17.7669 356.765 -12.9998
    endloop
  endfacet
  facet normal 0.423847 -0.905734 -0.000552386
    outer loop
      vertex 17.8716 356.814 -13.16
      vertex 18.835 357.264 -11.7956
      vertex 17.7991 356.78 -13.0404
    endloop
  endfacet
  facet normal 0.423681 -0.905811 -0.00040989
    outer loop
      vertex 17.9292 356.841 -13.289
      vertex 18.835 357.264 -11.7956
      vertex 17.8716 356.814 -13.16
    endloop
  endfacet
  facet normal 0.422934 -0.90616 0.00014181
    outer loop
      vertex 18.835 357.264 -11.7956
      vertex 17.9292 356.841 -13.289
      vertex 19.1957 357.432 -14.0347
    endloop
  endfacet
  facet normal 0.425025 -0.90517 0.00447786
    outer loop
      vertex 19.1957 357.432 -14.0347
      vertex 17.9292 356.841 -13.289
      vertex 17.9711 356.86 -13.4253
    endloop
  endfacet
  facet normal 0.422944 -0.906156 -0.000629261
    outer loop
      vertex 19.1957 357.432 -14.0347
      vertex 17.9711 356.86 -13.4253
      vertex 17.9966 356.872 -13.5664
    endloop
  endfacet
  facet normal 0.423083 -0.906091 -0.000196074
    outer loop
      vertex 19.1957 357.432 -14.0347
      vertex 17.9966 356.872 -13.5664
      vertex 18.0051 356.876 -13.71
    endloop
  endfacet
  facet normal 0.42317 -0.90605 0.000189836
    outer loop
      vertex 19.1957 357.432 -14.0347
      vertex 18.0051 356.876 -13.71
      vertex 17.9966 356.872 -13.8536
    endloop
  endfacet
  facet normal 0.423358 -0.905963 0.000224814
    outer loop
      vertex 19.9532 357.786 -13.9575
      vertex 18.835 357.264 -11.7956
      vertex 19.1957 357.432 -14.0347
    endloop
  endfacet
  facet normal 0.423217 -0.906028 0.000569229
    outer loop
      vertex 19.1957 357.432 -14.0347
      vertex 17.9966 356.872 -13.8536
      vertex 17.9711 356.86 -13.9947
    endloop
  endfacet
  facet normal 0.423001 -0.906129 0
    outer loop
      vertex 18.835 357.264 -11.7956
      vertex 19.9532 357.786 -13.9575
      vertex 19.9532 357.786 -10.6299
    endloop
  endfacet
  facet normal 0.423098 -0.906076 -0.0037589
    outer loop
      vertex 19.1957 357.432 -14.0347
      vertex 17.9711 356.86 -13.9947
      vertex 17.9292 356.841 -14.131
    endloop
  endfacet
  facet normal 0.422811 -0.906218 0.000883644
    outer loop
      vertex 17.8716 356.814 -14.26
      vertex 19.1957 357.432 -14.0347
      vertex 17.9292 356.841 -14.131
    endloop
  endfacet
  facet normal 0.422743 -0.906249 0.00136804
    outer loop
      vertex 17.7991 356.78 -14.3796
      vertex 19.1957 357.432 -14.0347
      vertex 17.8716 356.814 -14.26
    endloop
  endfacet
  facet normal 0.423203 -0.906034 -0.000902136
    outer loop
      vertex 17.7669 356.765 -14.4202
      vertex 19.1957 357.432 -14.0347
      vertex 17.7991 356.78 -14.3796
    endloop
  endfacet
  facet normal 0.423262 -0.906007 -0.00116884
    outer loop
      vertex 17.7132 356.74 -14.4878
      vertex 19.1957 357.432 -14.0347
      vertex 17.7669 356.765 -14.4202
    endloop
  endfacet
  facet normal 0.423013 -0.906124 -0.000174283
    outer loop
      vertex 19.1957 357.432 -14.0347
      vertex 17.7132 356.74 -14.4878
      vertex 19.9532 357.786 -15.96
    endloop
  endfacet
  facet normal 0.424943 -0.905214 0.00340939
    outer loop
      vertex 19.9532 357.786 -15.96
      vertex 17.7132 356.74 -14.4878
      vertex 17.6519 356.711 -14.5471
    endloop
  endfacet
  facet normal 0.421731 -0.906716 -0.00296481
    outer loop
      vertex 19.9532 357.786 -15.96
      vertex 17.6519 356.711 -14.5471
      vertex 17.6151 356.694 -14.5827
    endloop
  endfacet
  facet normal 0.423476 -0.905907 0.000637419
    outer loop
      vertex 19.9532 357.786 -15.96
      vertex 17.6151 356.694 -14.5827
      vertex 17.5745 356.675 -14.6127
    endloop
  endfacet
  facet normal 0.419981 -0.907507 -0.00685283
    outer loop
      vertex 19.9532 357.786 -15.96
      vertex 17.5745 356.675 -14.6127
      vertex 17.5067 356.644 -14.6626
    endloop
  endfacet
  facet normal 0.427579 -0.903915 0.0106379
    outer loop
      vertex 19.9532 357.786 -15.96
      vertex 17.5067 356.644 -14.6626
      vertex 17.4629 356.623 -14.6865
    endloop
  endfacet
  facet normal 0.422459 -0.906381 -0.00162737
    outer loop
      vertex 19.9532 357.786 -15.96
      vertex 17.4629 356.623 -14.6865
      vertex 17.3898 356.589 -14.7263
    endloop
  endfacet
  facet normal 0.423089 -0.906088 -3.37372e-05
    outer loop
      vertex 19.9532 357.786 -15.96
      vertex 17.3898 356.589 -14.7263
      vertex 17.3127 356.553 -14.7552
    endloop
  endfacet
  facet normal 0.426431 -0.904476 0.00894198
    outer loop
      vertex 19.9532 357.786 -15.96
      vertex 17.3127 356.553 -14.7552
      vertex 17.2664 356.531 -14.7725
    endloop
  endfacet
  facet normal 0.423378 -0.905953 0.000938889
    outer loop
      vertex 19.9532 357.786 -15.96
      vertex 17.0897 356.449 -14.8041
      vertex 17.0084 356.411 -14.81
    endloop
  endfacet
  facet normal 0.423376 -0.905954 0
    outer loop
      vertex 19.1957 357.432 -14.0347
      vertex 19.9532 357.786 -15.96
      vertex 19.9532 357.786 -13.9941
    endloop
  endfacet
  facet normal 0.420305 -0.907348 -0.00795415
    outer loop
      vertex 17.1385 356.472 -14.8006
      vertex 19.9532 357.786 -15.96
      vertex 17.2664 356.531 -14.7725
    endloop
  endfacet
  facet normal 0.425826 -0.904766 0.00837482
    outer loop
      vertex 17.0897 356.449 -14.8041
      vertex 19.9532 357.786 -15.96
      vertex 17.1385 356.472 -14.8006
    endloop
  endfacet
  facet normal 0.426325 -0.90457 0.000123104
    outer loop
      vertex 41.7736 367.973 -12.5005
      vertex 41.8776 368.022 -12.6135
      vertex 41.9264 368.045 -12.61
    endloop
  endfacet
  facet normal 0.423306 -0.905984 0.00213796
    outer loop
      vertex 41.5369 367.863 -12.5345
      vertex 41.7963 367.984 -12.6194
      vertex 41.8776 368.022 -12.6135
    endloop
  endfacet
  facet normal 0.423191 -0.90604 0.00116222
    outer loop
      vertex 41.545 367.867 -12.6937
      vertex 41.536 367.863 -12.5349
      vertex 41.3179 367.761 -12.6365
    endloop
  endfacet
  facet normal 0.697678 -0.608038 0.378862
    outer loop
      vertex 41.428 367.812 -12.7574
      vertex 41.3179 367.761 -12.6365
      vertex 41.3173 367.76 -12.637
    endloop
  endfacet
  facet normal 0.42391 -0.905694 0.00439675
    outer loop
      vertex 41.5369 367.863 -12.5345
      vertex 41.6684 367.924 -12.6475
      vertex 41.7963 367.984 -12.6194
    endloop
  endfacet
  facet normal 0.419784 -0.907623 -0.00144625
    outer loop
      vertex 41.5369 367.863 -12.5345
      vertex 41.545 367.867 -12.6937
      vertex 41.6684 367.924 -12.6475
    endloop
  endfacet
  facet normal 0.423731 -0.90578 0.00378859
    outer loop
      vertex 41.3179 367.761 -12.6365
      vertex 41.428 367.812 -12.7574
      vertex 41.545 367.867 -12.6937
    endloop
  endfacet
  facet normal 0.424794 -0.905281 -0.00416144
    outer loop
      vertex 41.3196 367.762 -12.8373
      vertex 41.3173 367.76 -12.637
      vertex 41.1282 367.672 -12.7965
    endloop
  endfacet
  facet normal 0.290287 -0.937167 -0.193525
    outer loop
      vertex 41.2584 367.733 -12.8966
      vertex 41.1282 367.672 -12.7965
      vertex 41.1278 367.672 -12.7971
    endloop
  endfacet
  facet normal 0.421403 -0.906864 -0.00421618
    outer loop
      vertex 41.3173 367.76 -12.637
      vertex 41.3196 367.762 -12.8373
      vertex 41.428 367.812 -12.7574
    endloop
  endfacet
  facet normal 0.426008 -0.904715 0.00278334
    outer loop
      vertex 41.1282 367.672 -12.7965
      vertex 41.2584 367.733 -12.8966
      vertex 41.3196 367.762 -12.8373
    endloop
  endfacet
  facet normal 0.421508 -0.906821 -0.00268414
    outer loop
      vertex 41.1278 367.672 -12.7971
      vertex 41.2216 367.716 -12.9322
      vertex 41.2584 367.733 -12.8966
    endloop
  endfacet
  facet normal 0.423394 -0.905945 -0.00108947
    outer loop
      vertex 41.1278 367.672 -12.7971
      vertex 41.1894 367.701 -12.9727
      vertex 41.2216 367.716 -12.9322
    endloop
  endfacet
  facet normal 0.423378 -0.905953 -0.00109656
    outer loop
      vertex 40.9839 367.605 -13.0025
      vertex 41.1894 367.701 -12.9727
      vertex 41.1278 367.672 -12.7971
    endloop
  endfacet
  facet normal 0.389019 -0.909606 -0.145882
    outer loop
      vertex 41.1357 367.676 -13.0404
      vertex 40.9839 367.605 -13.0025
      vertex 40.9836 367.605 -13.0033
    endloop
  endfacet
  facet normal 0.423402 -0.905941 -0.00130239
    outer loop
      vertex 40.9839 367.605 -13.0025
      vertex 41.1357 367.676 -13.0404
      vertex 41.1894 367.701 -12.9727
    endloop
  endfacet
  facet normal 0.423191 -0.90604 0.00103704
    outer loop
      vertex 40.9836 367.605 -13.0033
      vertex 41.0632 367.642 -13.16
      vertex 41.1357 367.676 -13.0404
    endloop
  endfacet
  facet normal 0.422169 -0.906517 0.000405093
    outer loop
      vertex 40.8915 367.562 -13.2465
      vertex 41.0632 367.642 -13.16
      vertex 40.9836 367.605 -13.0033
    endloop
  endfacet
  facet normal 0.406942 -0.912334 -0.0452157
    outer loop
      vertex 41.0056 367.615 -13.289
      vertex 40.8915 367.562 -13.2465
      vertex 40.8914 367.562 -13.2474
    endloop
  endfacet
  facet normal 0.421726 -0.906722 0.00147362
    outer loop
      vertex 40.8915 367.562 -13.2465
      vertex 41.0056 367.615 -13.289
      vertex 41.0632 367.642 -13.16
    endloop
  endfacet
  facet normal 0.421879 -0.906647 0.0030374
    outer loop
      vertex 40.8914 367.562 -13.2474
      vertex 40.9636 367.595 -13.4253
      vertex 41.0056 367.615 -13.289
    endloop
  endfacet
  facet normal 0.417557 -0.90865 0.00091144
    outer loop
      vertex 40.8615 367.548 -13.5065
      vertex 40.9636 367.595 -13.4253
      vertex 40.8914 367.562 -13.2474
    endloop
  endfacet
  facet normal 0.446436 -0.893439 0.049604
    outer loop
      vertex 40.9382 367.583 -13.5664
      vertex 40.8615 367.548 -13.5065
      vertex 40.8616 367.548 -13.5074
    endloop
  endfacet
  facet normal 0.416636 -0.90907 0.00231248
    outer loop
      vertex 40.8615 367.548 -13.5065
      vertex 40.9382 367.583 -13.5664
      vertex 40.9636 367.595 -13.4253
    endloop
  endfacet
  facet normal 0.41604 -0.909346 0.000703678
    outer loop
      vertex 40.8616 367.548 -13.5074
      vertex 40.9297 367.579 -13.71
      vertex 40.9382 367.583 -13.5664
    endloop
  endfacet
  facet normal 0.409156 -0.912462 -0.00208685
    outer loop
      vertex 40.8915 367.562 -13.7665
      vertex 40.9297 367.579 -13.71
      vertex 40.8616 367.548 -13.5074
    endloop
  endfacet
  facet normal 0.284366 -0.954019 0.0947885
    outer loop
      vertex 40.8918 367.562 -13.7674
      vertex 40.9297 367.579 -13.71
      vertex 40.8915 367.562 -13.7665
    endloop
  endfacet
  facet normal 0.410639 -0.911797 -0.00109163
    outer loop
      vertex 40.8918 367.562 -13.7674
      vertex 40.9382 367.583 -13.8536
      vertex 40.9297 367.579 -13.71
    endloop
  endfacet
  facet normal 0.401739 -0.915728 -0.00683977
    outer loop
      vertex 40.9382 367.583 -13.8536
      vertex 40.8918 367.562 -13.7674
      vertex 40.9507 367.589 -13.9227
    endloop
  endfacet
  facet normal 0.0452594 -0.93105 -0.362075
    outer loop
      vertex 41.8776 368.022 -12.6135
      vertex 41.7736 367.973 -12.5005
      vertex 41.7728 367.973 -12.5006
    endloop
  endfacet
  facet normal 0.422722 -0.906259 -0.000933705
    outer loop
      vertex 41.8776 368.022 -12.6135
      vertex 41.7728 367.973 -12.5006
      vertex 41.5369 367.863 -12.5345
    endloop
  endfacet
  facet normal 0.42384 -0.905728 -0.00410684
    outer loop
      vertex 41.7736 367.973 -12.5005
      vertex 41.9264 368.045 -12.61
      vertex 42.0062 368.082 -12.5344
    endloop
  endfacet
  facet normal 0.0109161 -0.999639 -0.0245611
    outer loop
      vertex 41.545 367.867 -12.6937
      vertex 41.5369 367.863 -12.5345
      vertex 41.536 367.863 -12.5349
    endloop
  endfacet
  facet normal 0.423234 -0.906014 -0.00332716
    outer loop
      vertex 42.0077 368.083 -12.6159
      vertex 42.0062 368.082 -12.5344
      vertex 41.9264 368.045 -12.61
    endloop
  endfacet
  facet normal -0.00136602 -0.999923 -0.0122941
    outer loop
      vertex 42.0062 368.082 -12.5344
      vertex 42.0077 368.083 -12.6159
      vertex 42.0071 368.082 -12.5345
    endloop
  endfacet
  facet normal 0.425851 -0.904758 -0.00797602
    outer loop
      vertex 42.0565 368.106 -12.6194
      vertex 42.0071 368.082 -12.5345
      vertex 42.0077 368.083 -12.6159
    endloop
  endfacet
  facet normal 0.416134 -0.909181 -0.0148801
    outer loop
      vertex 42.1844 368.165 -12.6475
      vertex 42.0071 368.082 -12.5345
      vertex 42.0565 368.106 -12.6194
    endloop
  endfacet
  facet normal 0.428767 -0.903368 0.00921037
    outer loop
      vertex 42.0071 368.082 -12.5345
      vertex 42.1844 368.165 -12.6475
      vertex 42.2284 368.186 -12.6361
    endloop
  endfacet
  facet normal 0.430092 -0.90278 0.00301155
    outer loop
      vertex 42.2307 368.187 -12.6648
      vertex 42.2284 368.186 -12.6361
      vertex 42.1844 368.165 -12.6475
    endloop
  endfacet
  facet normal -0.0160453 -0.999219 -0.0361019
    outer loop
      vertex 42.2284 368.186 -12.6361
      vertex 42.2307 368.187 -12.6648
      vertex 42.2293 368.186 -12.6365
    endloop
  endfacet
  facet normal 0.411899 -0.911153 -0.0118196
    outer loop
      vertex 42.2293 368.186 -12.6365
      vertex 42.2307 368.187 -12.6648
      vertex 42.2876 368.213 -12.6862
    endloop
  endfacet
  facet normal 0.460208 -0.887047 -0.0368444
    outer loop
      vertex 40.9118 367.571 14.0055
      vertex 40.9636 367.595 14.0747
      vertex 40.9662 367.596 14.0831
    endloop
  endfacet
  facet normal 0.218659 -0.97235 -0.0819972
    outer loop
      vertex 40.9382 367.583 13.9336
      vertex 40.9118 367.571 14.0055
      vertex 40.9115 367.571 14.0047
    endloop
  endfacet
  facet normal 0.418229 -0.908339 0.00196352
    outer loop
      vertex 40.9118 367.571 14.0055
      vertex 40.9382 367.583 13.9336
      vertex 40.9636 367.595 14.0747
    endloop
  endfacet
  facet normal 0.416993 -0.908904 0.00319095
    outer loop
      vertex 40.8218 367.529 13.7635
      vertex 40.9382 367.583 13.9336
      vertex 40.9115 367.571 14.0047
    endloop
  endfacet
  facet normal 0.420365 -0.907355 0.000392198
    outer loop
      vertex 40.9382 367.583 13.9336
      vertex 40.8218 367.529 13.7635
      vertex 40.9297 367.579 13.79
    endloop
  endfacet
  facet normal 0.429592 -0.901761 -0.0477324
    outer loop
      vertex 40.8217 367.529 13.7626
      vertex 40.9297 367.579 13.79
      vertex 40.8218 367.529 13.7635
    endloop
  endfacet
  facet normal 0.420208 -0.907428 -0.000403514
    outer loop
      vertex 40.8217 367.529 13.7626
      vertex 40.9382 367.583 13.6464
      vertex 40.9297 367.579 13.79
    endloop
  endfacet
  facet normal 0.420905 -0.907105 0.000445051
    outer loop
      vertex 40.7918 367.515 13.5055
      vertex 40.9382 367.583 13.6464
      vertex 40.8217 367.529 13.7626
    endloop
  endfacet
  facet normal 0.422133 -0.906533 -0.00110718
    outer loop
      vertex 40.7918 367.515 13.5055
      vertex 40.9636 367.595 13.5053
      vertex 40.9382 367.583 13.6464
    endloop
  endfacet
  facet normal 0.421715 -0.905517 0.0468573
    outer loop
      vertex 40.7919 367.515 13.5046
      vertex 40.9636 367.595 13.5053
      vertex 40.7918 367.515 13.5055
    endloop
  endfacet
  facet normal 0.422344 -0.906431 -0.00286256
    outer loop
      vertex 40.7919 367.515 13.5046
      vertex 41.0056 367.615 13.369
      vertex 40.9636 367.595 13.5053
    endloop
  endfacet
  facet normal 0.42382 -0.905746 -3.15087e-05
    outer loop
      vertex 40.8218 367.529 13.2435
      vertex 41.0056 367.615 13.369
      vertex 40.7919 367.515 13.5046
    endloop
  endfacet
  facet normal 0.346129 -0.929165 0.129798
    outer loop
      vertex 40.8221 367.529 13.2427
      vertex 41.0056 367.615 13.369
      vertex 40.8218 367.529 13.2435
    endloop
  endfacet
  facet normal 0.424386 -0.905482 -2.63337e-05
    outer loop
      vertex 40.8221 367.529 13.2427
      vertex 41.0632 367.642 13.24
      vertex 41.0056 367.615 13.369
    endloop
  endfacet
  facet normal 0.424387 -0.905481 0.000154793
    outer loop
      vertex 40.9118 367.571 13.0015
      vertex 41.0632 367.642 13.24
      vertex 40.8221 367.529 13.2427
    endloop
  endfacet
  facet normal 0.42459 -0.905386 -2.55768e-06
    outer loop
      vertex 41.0632 367.642 13.24
      vertex 40.9118 367.571 13.0015
      vertex 41.1357 367.676 13.1204
    endloop
  endfacet
  facet normal 0.313712 -0.922699 0.22408
    outer loop
      vertex 40.9123 367.571 13.0008
      vertex 41.1357 367.676 13.1204
      vertex 40.9118 367.571 13.0015
    endloop
  endfacet
  facet normal 0.424381 -0.905481 0.00224829
    outer loop
      vertex 41.1357 367.676 13.1204
      vertex 40.9123 367.571 13.0008
      vertex 41.1894 367.701 13.0527
    endloop
  endfacet
  facet normal 0.4246 -0.905381 0.000824731
    outer loop
      vertex 41.0577 367.639 12.7935
      vertex 41.1894 367.701 13.0527
      vertex 40.9123 367.571 13.0008
    endloop
  endfacet
  facet normal 0.423698 -0.905802 0.00138386
    outer loop
      vertex 41.1894 367.701 13.0527
      vertex 41.0577 367.639 12.7935
      vertex 41.2216 367.716 13.0122
    endloop
  endfacet
  facet normal 0.42183 -0.90667 0.00308906
    outer loop
      vertex 41.2216 367.716 13.0122
      vertex 41.0577 367.639 12.7935
      vertex 41.2584 367.733 12.9766
    endloop
  endfacet
  facet normal 0.211083 -0.944078 0.253299
    outer loop
      vertex 41.0583 367.639 12.793
      vertex 41.2584 367.733 12.9766
      vertex 41.0577 367.639 12.7935
    endloop
  endfacet
  facet normal 0.42666 -0.90441 -0.00196132
    outer loop
      vertex 41.2584 367.733 12.9766
      vertex 41.0583 367.639 12.793
      vertex 41.3196 367.762 12.9173
    endloop
  endfacet
  facet normal 0.425528 -0.904945 0.000948343
    outer loop
      vertex 41.2458 367.727 12.6335
      vertex 41.3196 367.762 12.9173
      vertex 41.0583 367.639 12.793
    endloop
  endfacet
  facet normal 0.420408 -0.907331 0.00257395
    outer loop
      vertex 41.3196 367.762 12.9173
      vertex 41.2458 367.727 12.6335
      vertex 41.428 367.812 12.8374
    endloop
  endfacet
  facet normal 0.122753 -0.950207 0.286424
    outer loop
      vertex 41.2465 367.727 12.6332
      vertex 41.428 367.812 12.8374
      vertex 41.2458 367.727 12.6335
    endloop
  endfacet
  facet normal 0.425171 -0.905112 -0.00114552
    outer loop
      vertex 41.4655 367.83 12.5335
      vertex 41.428 367.812 12.8374
      vertex 41.2465 367.727 12.6332
    endloop
  endfacet
  facet normal 0.426462 -0.904503 0.00222419
    outer loop
      vertex 41.9357 368.049 12.5335
      vertex 41.9264 368.045 12.69
      vertex 41.8776 368.022 12.6935
    endloop
  endfacet
  facet normal 0.423488 -0.905901 0.00090839
    outer loop
      vertex 41.9357 368.049 12.5335
      vertex 41.8776 368.022 12.6935
      vertex 41.7963 367.984 12.6994
    endloop
  endfacet
  facet normal 0.0163269 -0.98901 0.146942
    outer loop
      vertex 41.4664 367.83 12.5334
      vertex 41.545 367.867 12.7737
      vertex 41.4655 367.83 12.5335
    endloop
  endfacet
  facet normal 0.424895 -0.905242 -0.00118725
    outer loop
      vertex 41.428 367.812 12.8374
      vertex 41.4655 367.83 12.5335
      vertex 41.545 367.867 12.7737
    endloop
  endfacet
  facet normal 0.420057 -0.907495 0.00233388
    outer loop
      vertex 41.545 367.867 12.7737
      vertex 41.4664 367.83 12.5334
      vertex 41.6684 367.924 12.7275
    endloop
  endfacet
  facet normal 0.421563 -0.90679 0.00403732
    outer loop
      vertex 41.9264 368.045 12.69
      vertex 41.9365 368.049 12.5338
      vertex 42.1571 368.152 12.6335
    endloop
  endfacet
  facet normal 0.454533 -0.6702 0.586712
    outer loop
      vertex 41.9264 368.045 12.69
      vertex 42.1571 368.152 12.6335
      vertex 42.1578 368.153 12.6341
    endloop
  endfacet
  facet normal 0.423673 -0.905812 -0.00224462
    outer loop
      vertex 41.7014 367.94 12.4995
      vertex 41.6684 367.924 12.7275
      vertex 41.4664 367.83 12.5334
    endloop
  endfacet
  facet normal 0.0076554 -0.997594 -0.0688986
    outer loop
      vertex 41.7023 367.94 12.4996
      vertex 41.6684 367.924 12.7275
      vertex 41.7014 367.94 12.4995
    endloop
  endfacet
  facet normal 0.423082 -0.906091 0.000492183
    outer loop
      vertex 41.9357 368.049 12.5335
      vertex 41.7963 367.984 12.6994
      vertex 41.7023 367.94 12.4996
    endloop
  endfacet
  facet normal 0.00937239 -0.999644 -0.024993
    outer loop
      vertex 41.9264 368.045 12.69
      vertex 41.9357 368.049 12.5335
      vertex 41.9365 368.049 12.5338
    endloop
  endfacet
  facet normal 0.424634 -0.905365 -0.000398163
    outer loop
      vertex 41.6684 367.924 12.7275
      vertex 41.7023 367.94 12.4996
      vertex 41.7963 367.984 12.6994
    endloop
  endfacet
  facet normal 0.691714 0.207514 -0.691714
    outer loop
      vertex 42.3458 368.241 12.7944
      vertex 42.3452 368.24 12.7935
      vertex 42.3457 368.241 12.7943
    endloop
  endfacet
  facet normal -0.128078 -0.619897 0.77416
    outer loop
      vertex 42.3078 368.223 12.7737
      vertex 42.3452 368.24 12.7935
      vertex 42.3458 368.241 12.7944
    endloop
  endfacet
  facet normal 0.431271 -0.902196 -0.0069108
    outer loop
      vertex 42.1578 368.153 12.6341
      vertex 42.2307 368.187 12.7448
      vertex 42.1844 368.165 12.7275
    endloop
  endfacet
  facet normal 0.423317 -0.90598 0.00196221
    outer loop
      vertex 42.1578 368.153 12.6341
      vertex 42.0077 368.083 12.6959
      vertex 41.9264 368.045 12.69
    endloop
  endfacet
  facet normal 0.401474 -0.915453 0.0276542
    outer loop
      vertex 42.3078 368.223 12.7737
      vertex 42.1578 368.153 12.6341
      vertex 42.3452 368.24 12.7935
    endloop
  endfacet
  facet normal 0.423209 -0.906032 -0.000422842
    outer loop
      vertex 42.2307 368.187 12.7448
      vertex 42.1578 368.153 12.6341
      vertex 42.3078 368.223 12.7737
    endloop
  endfacet
  facet normal 0.419384 -0.907804 -0.00280487
    outer loop
      vertex 42.0565 368.106 12.6994
      vertex 42.1578 368.153 12.6341
      vertex 42.1844 368.165 12.7275
    endloop
  endfacet
  facet normal 0.42577 -0.904784 0.00927475
    outer loop
      vertex 42.0077 368.083 12.6959
      vertex 42.1578 368.153 12.6341
      vertex 42.0565 368.106 12.6994
    endloop
  endfacet
  facet normal -0.423025 0.906036 -0.0121666
    outer loop
      vertex 43.1491 371.927 19.54
      vertex 12.8926 357.8 19.5143
      vertex 13.2474 357.966 19.54
    endloop
  endfacet
  facet normal 0.812765 0.3795 -0.442033
    outer loop
      vertex 46.9296 370.381 -17.6081
      vertex 45.5032 373.026 -17.96
      vertex 45.6605 373.099 -17.6081
    endloop
  endfacet
  facet normal -0.808518 -0.376272 -0.452459
    outer loop
      vertex 12.1138 354.238 -17.948
      vertex 12.1019 354.278 -17.96
      vertex 12.1624 354.148 -17.96
    endloop
  endfacet
  facet normal 0.0593206 0.0276982 -0.997855
    outer loop
      vertex 44.4182 369.208 -19.46
      vertex 43.5039 372.092 -19.4343
      vertex 44.773 369.374 -19.4343
    endloop
  endfacet
  facet normal 0.0593884 0.0277197 -0.99785
    outer loop
      vertex 43.5039 372.092 -19.4343
      vertex 44.4182 369.208 -19.46
      vertex 43.1491 371.927 -19.46
    endloop
  endfacet
  facet normal 0.405969 -0.913862 0.0066998
    outer loop
      vertex 12.1624 354.148 -17.96
      vertex 12.1592 354.147 -17.9025
      vertex 12.1437 354.14 -17.9181
    endloop
  endfacet
  facet normal 0.43757 -0.899142 0.00871444
    outer loop
      vertex 12.1592 354.147 -17.9025
      vertex 12.1624 354.148 -17.96
      vertex 12.36 354.241 -18.2863
    endloop
  endfacet
  facet normal 0.423004 -0.906128 3.17283e-05
    outer loop
      vertex 12.8618 354.475 -18.8401
      vertex 12.429 354.273 -17.6317
      vertex 12.1891 354.161 -17.8725
    endloop
  endfacet
  facet normal 0.423052 -0.906105 5.26286e-05
    outer loop
      vertex 12.429 354.273 -17.6317
      vertex 12.8618 354.475 -18.8401
      vertex 44.773 369.374 -19.4343
    endloop
  endfacet
  facet normal 0.858114 0.400674 0.321093
    outer loop
      vertex 47.0439 370.434 17.3165
      vertex 45.7748 373.152 17.3165
      vertex 46.9296 370.381 17.6881
    endloop
  endfacet
  facet normal -0.429176 0.903221 0
    outer loop
      vertex 45.8674 373.196 -16.46
      vertex 45.7748 373.152 17.3165
      vertex 45.8674 373.196 16.54
    endloop
  endfacet
  facet normal -0.429176 0.903221 0
    outer loop
      vertex 45.7748 373.152 17.3165
      vertex 45.8674 373.196 -16.46
      vertex 45.7748 373.152 -17.2365
    endloop
  endfacet
  facet normal -0.424438 0.905453 0.00253997
    outer loop
      vertex 12.2072 357.48 19.3116
      vertex 11.5926 357.193 18.9201
      vertex 11.8883 357.331 19.1381
    endloop
  endfacet
  facet normal 0.423042 -0.906109 0.00121897
    outer loop
      vertex 14.5166 355.248 19.54
      vertex 13.4763 354.762 19.3116
      vertex 44.773 369.374 19.5143
    endloop
  endfacet
  facet normal 0.904198 0.422037 0.0656543
    outer loop
      vertex 45.8674 373.196 16.54
      vertex 45.8441 373.185 16.9316
      vertex 47.1365 370.477 16.54
    endloop
  endfacet
  facet normal 0.888791 0.414878 -0.194747
    outer loop
      vertex 47.0439 370.434 -17.2365
      vertex 45.8441 373.185 -16.8516
      vertex 47.1133 370.466 -16.8516
    endloop
  endfacet
  facet normal 0.419667 -0.907676 0.0018454
    outer loop
      vertex 47.0439 370.434 -17.2365
      vertex 46.3404 370.106 -18.5813
      vertex 46.7724 370.307 -17.96
    endloop
  endfacet
  facet normal 0.812502 0.379267 -0.442714
    outer loop
      vertex 46.7724 370.307 -17.96
      vertex 45.5032 373.026 -17.96
      vertex 46.9296 370.381 -17.6081
    endloop
  endfacet
  facet normal 0.429496 -0.903037 0.00760284
    outer loop
      vertex 12.8618 354.475 -18.8401
      vertex 12.36 354.241 -18.2863
      vertex 12.5944 354.35 -18.5813
    endloop
  endfacet
  facet normal 0.421546 -0.906804 0.00243035
    outer loop
      vertex 46.3404 370.106 -18.5813
      vertex 45.7774 369.843 -19.0581
      vertex 46.073 369.981 -18.8401
    endloop
  endfacet
  facet normal -0.42677 0.904356 0.00271168
    outer loop
      vertex 45.5032 373.026 -17.96
      vertex 45.0712 372.824 -18.5813
      vertex 45.7748 373.152 -17.2365
    endloop
  endfacet
  facet normal 0.423767 -0.905762 -0.00412009
    outer loop
      vertex 12.1314 354.134 17.9293
      vertex 12.1624 354.148 18.04
      vertex 12.1187 354.128 17.9421
    endloop
  endfacet
  facet normal 0.437838 -0.89901 -0.0089144
    outer loop
      vertex 12.1624 354.148 18.04
      vertex 12.1314 354.134 17.9293
      vertex 12.36 354.241 18.3663
    endloop
  endfacet
  facet normal 0.705346 0.0705346 -0.705346
    outer loop
      vertex 11.9528 357.361 -18.1096
      vertex 11.95 357.36 -18.1125
      vertex 11.9509 357.361 -18.1115
    endloop
  endfacet
  facet normal -0.424074 0.905628 -0.000102242
    outer loop
      vertex 12.2072 357.48 -19.2316
      vertex 11.9528 357.361 -18.1096
      vertex 12.3734 357.558 -17.6875
    endloop
  endfacet
  facet normal -0.6012 0.797361 -0.052672
    outer loop
      vertex 12.2072 357.48 -19.2316
      vertex 11.9487 357.359 -18.1128
      vertex 11.95 357.36 -18.1125
    endloop
  endfacet
  facet normal -0.423049 0.906107 -0.000236793
    outer loop
      vertex 12.2072 357.48 -19.2316
      vertex 12.3734 357.558 -17.6875
      vertex 44.1893 372.412 -19.2316
    endloop
  endfacet
  facet normal -0.353667 0.935179 0.0189959
    outer loop
      vertex 11.9528 357.361 -18.1096
      vertex 12.2072 357.48 -19.2316
      vertex 11.95 357.36 -18.1125
    endloop
  endfacet
  facet normal -0.42194 0.906624 0.000563157
    outer loop
      vertex 11.9487 357.359 -18.1128
      vertex 12.2072 357.48 -19.2316
      vertex 11.3404 357.076 -18.2751
    endloop
  endfacet
  facet normal 0.904198 0.422037 -0.0656543
    outer loop
      vertex 47.1365 370.477 -16.46
      vertex 45.8441 373.185 -16.8516
      vertex 45.8674 373.196 -16.46
    endloop
  endfacet
  facet normal 0.906153 0.422949 0
    outer loop
      vertex 47.1365 370.477 16.54
      vertex 45.8674 373.196 -16.46
      vertex 45.8674 373.196 16.54
    endloop
  endfacet
  facet normal 0.906153 0.422949 0
    outer loop
      vertex 45.8674 373.196 -16.46
      vertex 47.1365 370.477 16.54
      vertex 47.1365 370.477 -16.46
    endloop
  endfacet
  facet normal -0.42677 0.904356 -0.00271168
    outer loop
      vertex 45.7748 373.152 17.3165
      vertex 45.0712 372.824 18.6613
      vertex 45.5032 373.026 18.04
    endloop
  endfacet
  facet normal 0.812502 0.379267 0.442714
    outer loop
      vertex 46.9296 370.381 17.6881
      vertex 45.5032 373.026 18.04
      vertex 46.7724 370.307 18.04
    endloop
  endfacet
  facet normal 0 0 1
    outer loop
      vertex 43.1491 371.927 19.54
      vertex 14.5166 355.248 19.54
      vertex 44.4182 369.208 19.54
    endloop
  endfacet
  facet normal 0 -0 1
    outer loop
      vertex 14.5166 355.248 19.54
      vertex 43.1491 371.927 19.54
      vertex 13.2474 357.966 19.54
    endloop
  endfacet
  facet normal -0.424675 0.905321 -0.00675702
    outer loop
      vertex 44.1893 372.412 19.3116
      vertex 43.5039 372.092 19.5143
      vertex 43.8526 372.255 19.4378
    endloop
  endfacet
  facet normal 0.422999 -0.906043 -0.0125655
    outer loop
      vertex 44.4182 369.208 19.54
      vertex 14.5166 355.248 19.54
      vertex 44.773 369.374 19.5143
    endloop
  endfacet
  facet normal -0.503435 -0.235066 0.831443
    outer loop
      vertex 13.1574 354.613 19.1381
      vertex 11.8883 357.331 19.1381
      vertex 12.8618 354.475 18.9201
    endloop
  endfacet
  facet normal 0.437332 -0.899278 -0.0062577
    outer loop
      vertex 47.0439 370.434 -17.2365
      vertex 46.7724 370.307 -17.96
      vertex 46.9296 370.381 -17.6081
    endloop
  endfacet
  facet normal 0.753492 0.351722 -0.555465
    outer loop
      vertex 46.5748 370.215 -18.2863
      vertex 45.5032 373.026 -17.96
      vertex 46.7724 370.307 -17.96
    endloop
  endfacet
  facet normal 0.681358 0.318168 -0.659182
    outer loop
      vertex 46.3404 370.106 -18.5813
      vertex 45.0712 372.824 -18.5813
      vertex 45.3057 372.933 -18.2863
    endloop
  endfacet
  facet normal 0.753098 0.35164 -0.556051
    outer loop
      vertex 46.5748 370.215 -18.2863
      vertex 45.3057 372.933 -18.2863
      vertex 45.5032 373.026 -17.96
    endloop
  endfacet
  facet normal 0.422598 -0.905817 -0.0300955
    outer loop
      vertex 29.7845 362.376 17.4995
      vertex 12.3617 354.241 17.6982
      vertex 12.3757 354.248 17.6841
    endloop
  endfacet
  facet normal 0.42307 -0.906097 -0.000154119
    outer loop
      vertex 12.3617 354.241 17.6982
      vertex 29.7845 362.376 17.4995
      vertex 46.3404 370.106 18.6613
    endloop
  endfacet
  facet normal 0.423051 -0.906106 0.000185806
    outer loop
      vertex 43.5094 368.784 17.4995
      vertex 46.3404 370.106 18.6613
      vertex 29.7845 362.376 17.4995
    endloop
  endfacet
  facet normal 0.479883 -0.855074 -0.196368
    outer loop
      vertex 43.5111 368.785 17.4993
      vertex 46.3404 370.106 18.6613
      vertex 43.5094 368.784 17.4995
    endloop
  endfacet
  facet normal 0.422324 -0.906442 0.00217516
    outer loop
      vertex 43.9772 369.002 17.4315
      vertex 46.3404 370.106 18.6613
      vertex 43.5111 368.785 17.4993
    endloop
  endfacet
  facet normal 0.466099 -0.878203 -0.107293
    outer loop
      vertex 43.9789 369.003 17.4307
      vertex 46.3404 370.106 18.6613
      vertex 43.9772 369.002 17.4315
    endloop
  endfacet
  facet normal 0.424122 -0.905602 -0.0021819
    outer loop
      vertex 44.1621 369.089 17.347
      vertex 46.3404 370.106 18.6613
      vertex 43.9789 369.003 17.4307
    endloop
  endfacet
  facet normal 0.422929 -0.906163 0.000229739
    outer loop
      vertex 46.3404 370.106 18.6613
      vertex 44.1621 369.089 17.347
      vertex 47.0439 370.434 17.3165
    endloop
  endfacet
  facet normal 0.429496 -0.903037 -0.00760284
    outer loop
      vertex 12.5944 354.35 18.6613
      vertex 12.36 354.241 18.3663
      vertex 12.8618 354.475 18.9201
    endloop
  endfacet
  facet normal 0.421633 -0.906347 0.0275693
    outer loop
      vertex 12.3617 354.241 17.6982
      vertex 44.773 369.374 19.5143
      vertex 12.3525 354.237 17.7074
    endloop
  endfacet
  facet normal 0.42307 -0.906097 -0.000166621
    outer loop
      vertex 44.773 369.374 19.5143
      vertex 12.3617 354.241 17.6982
      vertex 46.3404 370.106 18.6613
    endloop
  endfacet
  facet normal -0.423047 0.906104 -0.00259846
    outer loop
      vertex 44.1893 372.412 19.3116
      vertex 12.2072 357.48 19.3116
      vertex 43.1491 371.927 19.54
    endloop
  endfacet
  facet normal -0.406868 0.913379 -0.0140598
    outer loop
      vertex 45.3057 372.933 -18.2863
      vertex 45.0712 372.824 -18.5813
      vertex 45.5032 373.026 -17.96
    endloop
  endfacet
  facet normal 0.291439 0.136091 -0.946859
    outer loop
      vertex 45.1218 369.537 -19.3578
      vertex 44.1893 372.412 -19.2316
      vertex 45.4585 369.694 -19.2316
    endloop
  endfacet
  facet normal 0.291439 0.136091 -0.946859
    outer loop
      vertex 44.1893 372.412 -19.2316
      vertex 45.1218 369.537 -19.3578
      vertex 43.8526 372.255 -19.3578
    endloop
  endfacet
  facet normal -0.423025 0.906036 0.0121666
    outer loop
      vertex 13.2474 357.966 -19.46
      vertex 12.8926 357.8 -19.4343
      vertex 43.1491 371.927 -19.46
    endloop
  endfacet
  facet normal 0 0 -1
    outer loop
      vertex 14.5166 355.248 -19.46
      vertex 43.1491 371.927 -19.46
      vertex 44.4182 369.208 -19.46
    endloop
  endfacet
  facet normal 0 0 -1
    outer loop
      vertex 43.1491 371.927 -19.46
      vertex 14.5166 355.248 -19.46
      vertex 13.2474 357.966 -19.46
    endloop
  endfacet
  facet normal -0.503331 -0.235036 -0.831514
    outer loop
      vertex 12.8618 354.475 -18.8401
      vertex 11.5926 357.193 -18.8401
      vertex 11.8883 357.331 -19.0581
    endloop
  endfacet
  facet normal -0.423427 0.90593 -0.000271591
    outer loop
      vertex 45.0712 372.824 18.6613
      vertex 44.1893 372.412 19.3116
      vertex 44.5082 372.561 19.1381
    endloop
  endfacet
  facet normal -0.423022 0.906119 -0.000451639
    outer loop
      vertex 21.8779 361.995 17.4995
      vertex 12.2964 357.522 17.7638
      vertex 44.1893 372.412 19.3116
    endloop
  endfacet
  facet normal -0.423031 0.906115 -0.000823779
    outer loop
      vertex 12.2964 357.522 17.7638
      vertex 21.8779 361.995 17.4995
      vertex 12.4638 357.6 17.5958
    endloop
  endfacet
  facet normal -0.423053 0.906105 2.86517e-06
    outer loop
      vertex 44.1893 372.412 19.3116
      vertex 37.7124 369.388 16.04
      vertex 21.8779 361.995 17.4995
    endloop
  endfacet
  facet normal -0.42306 0.906102 1.90895e-05
    outer loop
      vertex 44.1893 372.412 19.3116
      vertex 40.6573 370.763 14.89
      vertex 37.7124 369.388 16.04
    endloop
  endfacet
  facet normal -0.427977 0.903777 0.00481397
    outer loop
      vertex 44.1893 372.412 19.3116
      vertex 40.6995 370.783 14.8869
      vertex 40.6573 370.763 14.89
    endloop
  endfacet
  facet normal -0.42273 0.906256 -0.000236645
    outer loop
      vertex 44.1893 372.412 19.3116
      vertex 40.7874 370.824 14.8806
      vertex 40.6995 370.783 14.8869
    endloop
  endfacet
  facet normal -0.42469 0.905337 0.00159709
    outer loop
      vertex 44.1893 372.412 19.3116
      vertex 40.9152 370.884 14.8525
      vertex 40.7874 370.824 14.8806
    endloop
  endfacet
  facet normal -0.416411 0.909158 -0.00579088
    outer loop
      vertex 44.1893 372.412 19.3116
      vertex 40.9986 370.922 14.8213
      vertex 40.9152 370.884 14.8525
    endloop
  endfacet
  facet normal -0.427121 0.904188 0.00346844
    outer loop
      vertex 44.1893 372.412 19.3116
      vertex 41.0387 370.941 14.8063
      vertex 40.9986 370.922 14.8213
    endloop
  endfacet
  facet normal -0.4267 0.904388 0.00310925
    outer loop
      vertex 44.1893 372.412 19.3116
      vertex 41.0767 370.959 14.7856
      vertex 41.0387 370.941 14.8063
    endloop
  endfacet
  facet normal -0.424148 0.905592 0.000967491
    outer loop
      vertex 44.1893 372.412 19.3116
      vertex 41.1556 370.996 14.7426
      vertex 41.0767 370.959 14.7856
    endloop
  endfacet
  facet normal -0.420197 0.90743 -0.00222579
    outer loop
      vertex 44.1893 372.412 19.3116
      vertex 41.264 371.046 14.6627
      vertex 41.1556 370.996 14.7426
    endloop
  endfacet
  facet normal -0.423713 0.905796 0.000466552
    outer loop
      vertex 44.1893 372.412 19.3116
      vertex 41.3302 371.077 14.5986
      vertex 41.264 371.046 14.6627
    endloop
  endfacet
  facet normal -0.425311 0.905046 0.00164894
    outer loop
      vertex 44.1893 372.412 19.3116
      vertex 41.362 371.092 14.5678
      vertex 41.3302 371.077 14.5986
    endloop
  endfacet
  facet normal -0.421937 0.906625 -0.00080128
    outer loop
      vertex 44.1893 372.412 19.3116
      vertex 41.39 371.105 14.5327
      vertex 41.362 371.092 14.5678
    endloop
  endfacet
  facet normal -0.422468 0.906378 -0.000423085
    outer loop
      vertex 44.1893 372.412 19.3116
      vertex 41.448 371.132 14.4596
      vertex 41.39 371.105 14.5327
    endloop
  endfacet
  facet normal -0.424114 0.905609 0.000709665
    outer loop
      vertex 44.1893 372.412 19.3116
      vertex 41.5204 371.166 14.34
      vertex 41.448 371.132 14.4596
    endloop
  endfacet
  facet normal -0.423393 0.905946 0.000238418
    outer loop
      vertex 44.1893 372.412 19.3116
      vertex 41.5781 371.193 14.211
      vertex 41.5204 371.166 14.34
    endloop
  endfacet
  facet normal -0.425932 0.904753 0.00182326
    outer loop
      vertex 44.1893 372.412 19.3116
      vertex 41.62 371.213 14.0747
      vertex 41.5781 371.193 14.211
    endloop
  endfacet
  facet normal -0.415772 0.909459 -0.00423903
    outer loop
      vertex 44.1893 372.412 19.3116
      vertex 41.6455 371.224 13.9336
      vertex 41.62 371.213 14.0747
    endloop
  endfacet
  facet normal -0.423442 0.905923 0.000170163
    outer loop
      vertex 44.1893 372.412 19.3116
      vertex 41.654 371.228 13.79
      vertex 41.6455 371.224 13.9336
    endloop
  endfacet
  facet normal -0.423249 0.906013 6.23574e-05
    outer loop
      vertex 42.696 371.715 10.54
      vertex 41.654 371.228 13.79
      vertex 44.1893 372.412 19.3116
    endloop
  endfacet
  facet normal -0.423782 0.905764 -0.000145633
    outer loop
      vertex 41.654 371.228 13.79
      vertex 42.696 371.715 10.54
      vertex 41.6455 371.224 13.6464
    endloop
  endfacet
  facet normal -0.41403 0.910255 0.00386212
    outer loop
      vertex 41.6455 371.224 13.6464
      vertex 42.696 371.715 10.54
      vertex 41.62 371.213 13.5053
    endloop
  endfacet
  facet normal -0.427929 0.903795 -0.00558388
    outer loop
      vertex 40.6995 370.783 12.6931
      vertex 42.696 371.715 10.54
      vertex 40.6573 370.763 12.69
    endloop
  endfacet
  facet normal -0.422734 0.906254 0.000297691
    outer loop
      vertex 40.7874 370.824 12.6994
      vertex 42.696 371.715 10.54
      vertex 40.6995 370.783 12.6931
    endloop
  endfacet
  facet normal -0.424658 0.905352 -0.00177498
    outer loop
      vertex 40.9152 370.884 12.7275
      vertex 42.696 371.715 10.54
      vertex 40.7874 370.824 12.6994
    endloop
  endfacet
  facet normal -0.416551 0.909091 0.00624527
    outer loop
      vertex 40.9986 370.922 12.7587
      vertex 42.696 371.715 10.54
      vertex 40.9152 370.884 12.7275
    endloop
  endfacet
  facet normal -0.427091 0.904202 -0.00356605
    outer loop
      vertex 41.0387 370.941 12.7737
      vertex 42.696 371.715 10.54
      vertex 40.9986 370.922 12.7587
    endloop
  endfacet
  facet normal -0.426668 0.904403 -0.00318246
    outer loop
      vertex 41.0767 370.959 12.7944
      vertex 42.696 371.715 10.54
      vertex 41.0387 370.941 12.7737
    endloop
  endfacet
  facet normal -0.424146 0.905593 -0.000972178
    outer loop
      vertex 41.1556 370.996 12.8374
      vertex 42.696 371.715 10.54
      vertex 41.0767 370.959 12.7944
    endloop
  endfacet
  facet normal -0.420207 0.907425 0.00224249
    outer loop
      vertex 41.264 371.046 12.9173
      vertex 42.696 371.715 10.54
      vertex 41.1556 370.996 12.8374
    endloop
  endfacet
  facet normal -0.423783 0.905764 -0.000379
    outer loop
      vertex 41.3302 371.077 12.9813
      vertex 42.696 371.715 10.54
      vertex 41.264 371.046 12.9173
    endloop
  endfacet
  facet normal -0.425426 0.904992 -0.0014998
    outer loop
      vertex 41.362 371.092 13.0122
      vertex 42.696 371.715 10.54
      vertex 41.3302 371.077 12.9813
    endloop
  endfacet
  facet normal -0.421933 0.906627 0.000796897
    outer loop
      vertex 41.39 371.105 13.0473
      vertex 42.696 371.715 10.54
      vertex 41.362 371.092 13.0122
    endloop
  endfacet
  facet normal -0.422489 0.906368 0.000443981
    outer loop
      vertex 41.448 371.132 13.1204
      vertex 42.696 371.715 10.54
      vertex 41.39 371.105 13.0473
    endloop
  endfacet
  facet normal -0.424262 0.905539 -0.000600313
    outer loop
      vertex 41.5204 371.166 13.24
      vertex 42.696 371.715 10.54
      vertex 41.448 371.132 13.1204
    endloop
  endfacet
  facet normal -0.423485 0.905903 -0.000188286
    outer loop
      vertex 41.5781 371.193 13.369
      vertex 42.696 371.715 10.54
      vertex 41.5204 371.166 13.24
    endloop
  endfacet
  facet normal -0.426463 0.904503 -0.00162334
    outer loop
      vertex 41.62 371.213 13.5053
      vertex 42.696 371.715 10.54
      vertex 41.5781 371.193 13.369
    endloop
  endfacet
  facet normal -0.422949 0.906154 0
    outer loop
      vertex 44.1893 372.412 19.3116
      vertex 42.696 371.715 -10.46
      vertex 42.696 371.715 10.54
    endloop
  endfacet
  facet normal -0.422687 0.906276 -0.000484721
    outer loop
      vertex 40.5694 370.722 -12.6164
      vertex 42.696 371.715 -10.46
      vertex 40.6573 370.763 -12.61
    endloop
  endfacet
  facet normal -0.427929 0.903795 0.00558388
    outer loop
      vertex 42.696 371.715 -10.46
      vertex 40.6995 370.783 -12.6131
      vertex 40.6573 370.763 -12.61
    endloop
  endfacet
  facet normal -0.422734 0.906254 -0.000297691
    outer loop
      vertex 42.696 371.715 -10.46
      vertex 40.7874 370.824 -12.6194
      vertex 40.6995 370.783 -12.6131
    endloop
  endfacet
  facet normal -0.424658 0.905352 0.00177498
    outer loop
      vertex 42.696 371.715 -10.46
      vertex 40.9152 370.884 -12.6475
      vertex 40.7874 370.824 -12.6194
    endloop
  endfacet
  facet normal -0.416551 0.909091 -0.00624527
    outer loop
      vertex 42.696 371.715 -10.46
      vertex 40.9986 370.922 -12.6787
      vertex 40.9152 370.884 -12.6475
    endloop
  endfacet
  facet normal -0.427091 0.904202 0.00356605
    outer loop
      vertex 42.696 371.715 -10.46
      vertex 41.0387 370.941 -12.6937
      vertex 40.9986 370.922 -12.6787
    endloop
  endfacet
  facet normal -0.426668 0.904403 0.00318246
    outer loop
      vertex 42.696 371.715 -10.46
      vertex 41.0767 370.959 -12.7144
      vertex 41.0387 370.941 -12.6937
    endloop
  endfacet
  facet normal -0.424146 0.905593 0.000972178
    outer loop
      vertex 42.696 371.715 -10.46
      vertex 41.1556 370.996 -12.7574
      vertex 41.0767 370.959 -12.7144
    endloop
  endfacet
  facet normal -0.420207 0.907425 -0.00224249
    outer loop
      vertex 42.696 371.715 -10.46
      vertex 41.264 371.046 -12.8373
      vertex 41.1556 370.996 -12.7574
    endloop
  endfacet
  facet normal -0.423783 0.905764 0.000379
    outer loop
      vertex 42.696 371.715 -10.46
      vertex 41.3302 371.077 -12.9013
      vertex 41.264 371.046 -12.8373
    endloop
  endfacet
  facet normal -0.425426 0.904992 0.0014998
    outer loop
      vertex 42.696 371.715 -10.46
      vertex 41.362 371.092 -12.9322
      vertex 41.3302 371.077 -12.9013
    endloop
  endfacet
  facet normal -0.421933 0.906627 -0.000796897
    outer loop
      vertex 42.696 371.715 -10.46
      vertex 41.39 371.105 -12.9673
      vertex 41.362 371.092 -12.9322
    endloop
  endfacet
  facet normal -0.422489 0.906368 -0.000443981
    outer loop
      vertex 42.696 371.715 -10.46
      vertex 41.448 371.132 -13.0404
      vertex 41.39 371.105 -12.9673
    endloop
  endfacet
  facet normal -0.424262 0.905539 0.000600313
    outer loop
      vertex 42.696 371.715 -10.46
      vertex 41.5204 371.166 -13.16
      vertex 41.448 371.132 -13.0404
    endloop
  endfacet
  facet normal -0.423485 0.905903 0.000188286
    outer loop
      vertex 42.696 371.715 -10.46
      vertex 41.5781 371.193 -13.289
      vertex 41.5204 371.166 -13.16
    endloop
  endfacet
  facet normal -0.426463 0.904503 0.00162334
    outer loop
      vertex 42.696 371.715 -10.46
      vertex 41.62 371.213 -13.4253
      vertex 41.5781 371.193 -13.289
    endloop
  endfacet
  facet normal -0.41403 0.910255 -0.00386212
    outer loop
      vertex 42.696 371.715 -10.46
      vertex 41.6455 371.224 -13.5664
      vertex 41.62 371.213 -13.4253
    endloop
  endfacet
  facet normal -0.423782 0.905764 0.000145633
    outer loop
      vertex 42.696 371.715 -10.46
      vertex 41.654 371.228 -13.71
      vertex 41.6455 371.224 -13.5664
    endloop
  endfacet
  facet normal -0.423249 0.906013 -6.23574e-05
    outer loop
      vertex 44.1893 372.412 -19.2316
      vertex 41.654 371.228 -13.71
      vertex 42.696 371.715 -10.46
    endloop
  endfacet
  facet normal -0.423442 0.905923 -0.000170163
    outer loop
      vertex 41.654 371.228 -13.71
      vertex 44.1893 372.412 -19.2316
      vertex 41.6455 371.224 -13.8536
    endloop
  endfacet
  facet normal -0.427977 0.903777 -0.00481397
    outer loop
      vertex 44.1893 372.412 -19.2316
      vertex 40.6573 370.763 -14.81
      vertex 40.6995 370.783 -14.8069
    endloop
  endfacet
  facet normal -0.42273 0.906256 0.000236645
    outer loop
      vertex 44.1893 372.412 -19.2316
      vertex 40.6995 370.783 -14.8069
      vertex 40.7874 370.824 -14.8006
    endloop
  endfacet
  facet normal -0.42469 0.905337 -0.00159709
    outer loop
      vertex 44.1893 372.412 -19.2316
      vertex 40.7874 370.824 -14.8006
      vertex 40.9152 370.884 -14.7725
    endloop
  endfacet
  facet normal -0.423041 0.90611 -0.000147807
    outer loop
      vertex 21.8779 361.995 -17.5005
      vertex 22.0787 362.089 -15.96
      vertex 37.7124 369.388 -15.96
    endloop
  endfacet
  facet normal -0.423972 0.905675 0
    outer loop
      vertex 22.0787 362.089 -15.96
      vertex 21.8779 361.995 -17.5005
      vertex 21.8779 361.995 -16.2372
    endloop
  endfacet
  facet normal -0.423024 0.906118 0
    outer loop
      vertex 21.8779 361.995 -17.5005
      vertex 12.4638 357.6 -17.5968
      vertex 12.4638 357.6 -17.5005
    endloop
  endfacet
  facet normal -0.42304 0.906108 0.00205397
    outer loop
      vertex 21.8779 361.995 -17.5005
      vertex 12.3734 357.558 -17.6875
      vertex 12.4638 357.6 -17.5968
    endloop
  endfacet
  facet normal -0.423017 0.906122 0.000557706
    outer loop
      vertex 21.8779 361.995 -17.5005
      vertex 44.1893 372.412 -19.2316
      vertex 12.3734 357.558 -17.6875
    endloop
  endfacet
  facet normal -0.423053 0.906105 -2.84084e-06
    outer loop
      vertex 37.7124 369.388 -15.96
      vertex 44.1893 372.412 -19.2316
      vertex 21.8779 361.995 -17.5005
    endloop
  endfacet
  facet normal -0.42306 0.906102 -1.90895e-05
    outer loop
      vertex 40.6573 370.763 -14.81
      vertex 44.1893 372.412 -19.2316
      vertex 37.7124 369.388 -15.96
    endloop
  endfacet
  facet normal -0.416411 0.909158 0.00579088
    outer loop
      vertex 40.9986 370.922 -14.7413
      vertex 44.1893 372.412 -19.2316
      vertex 40.9152 370.884 -14.7725
    endloop
  endfacet
  facet normal -0.427121 0.904188 -0.00346844
    outer loop
      vertex 41.0387 370.941 -14.7263
      vertex 44.1893 372.412 -19.2316
      vertex 40.9986 370.922 -14.7413
    endloop
  endfacet
  facet normal -0.4267 0.904388 -0.00310925
    outer loop
      vertex 41.0767 370.959 -14.7056
      vertex 44.1893 372.412 -19.2316
      vertex 41.0387 370.941 -14.7263
    endloop
  endfacet
  facet normal -0.424148 0.905592 -0.000967491
    outer loop
      vertex 41.1556 370.996 -14.6626
      vertex 44.1893 372.412 -19.2316
      vertex 41.0767 370.959 -14.7056
    endloop
  endfacet
  facet normal -0.420197 0.90743 0.00222579
    outer loop
      vertex 41.264 371.046 -14.5827
      vertex 44.1893 372.412 -19.2316
      vertex 41.1556 370.996 -14.6626
    endloop
  endfacet
  facet normal -0.423713 0.905796 -0.000466828
    outer loop
      vertex 41.3302 371.077 -14.5187
      vertex 44.1893 372.412 -19.2316
      vertex 41.264 371.046 -14.5827
    endloop
  endfacet
  facet normal -0.425309 0.905047 -0.00164698
    outer loop
      vertex 41.362 371.092 -14.4878
      vertex 44.1893 372.412 -19.2316
      vertex 41.3302 371.077 -14.5187
    endloop
  endfacet
  facet normal -0.421937 0.906625 0.00080128
    outer loop
      vertex 41.39 371.105 -14.4527
      vertex 44.1893 372.412 -19.2316
      vertex 41.362 371.092 -14.4878
    endloop
  endfacet
  facet normal -0.422468 0.906378 0.000423085
    outer loop
      vertex 41.448 371.132 -14.3796
      vertex 44.1893 372.412 -19.2316
      vertex 41.39 371.105 -14.4527
    endloop
  endfacet
  facet normal -0.424114 0.905609 -0.000709665
    outer loop
      vertex 41.5204 371.166 -14.26
      vertex 44.1893 372.412 -19.2316
      vertex 41.448 371.132 -14.3796
    endloop
  endfacet
  facet normal -0.423393 0.905946 -0.000238418
    outer loop
      vertex 41.5781 371.193 -14.131
      vertex 44.1893 372.412 -19.2316
      vertex 41.5204 371.166 -14.26
    endloop
  endfacet
  facet normal -0.425932 0.904753 -0.00182326
    outer loop
      vertex 41.62 371.213 -13.9947
      vertex 44.1893 372.412 -19.2316
      vertex 41.5781 371.193 -14.131
    endloop
  endfacet
  facet normal -0.415772 0.909459 0.00423903
    outer loop
      vertex 41.6455 371.224 -13.8536
      vertex 44.1893 372.412 -19.2316
      vertex 41.62 371.213 -13.9947
    endloop
  endfacet
  facet normal -0.422949 0.906154 0
    outer loop
      vertex 44.1893 372.412 -19.2316
      vertex 42.696 371.715 -10.46
      vertex 44.1893 372.412 19.3116
    endloop
  endfacet
  facet normal -0.423024 0.906118 0
    outer loop
      vertex 12.4638 357.6 17.5958
      vertex 21.8779 361.995 17.4995
      vertex 12.4638 357.6 17.4995
    endloop
  endfacet
  facet normal -0.423036 0.906113 0.000220233
    outer loop
      vertex 21.8779 361.995 17.4995
      vertex 37.7124 369.388 16.04
      vertex 21.4766 361.808 16.04
    endloop
  endfacet
  facet normal -0.422771 0.906236 0.000918837
    outer loop
      vertex 40.5694 370.722 14.8836
      vertex 37.7124 369.388 16.04
      vertex 40.6573 370.763 14.89
    endloop
  endfacet
  facet normal -0.427459 0.903937 -0.0133169
    outer loop
      vertex 40.5272 370.702 14.8806
      vertex 37.7124 369.388 16.04
      vertex 40.5694 370.722 14.8836
    endloop
  endfacet
  facet normal -0.420301 0.90735 0.00793052
    outer loop
      vertex 40.3993 370.643 14.8525
      vertex 37.7124 369.388 16.04
      vertex 40.5272 370.702 14.8806
    endloop
  endfacet
  facet normal -0.42422 0.905555 -0.0028348
    outer loop
      vertex 40.2758 370.585 14.8063
      vertex 37.7124 369.388 16.04
      vertex 40.3993 370.643 14.8525
    endloop
  endfacet
  facet normal -0.42433 0.905502 -0.00311455
    outer loop
      vertex 40.1589 370.53 14.7426
      vertex 37.7124 369.388 16.04
      vertex 40.2758 370.585 14.8063
    endloop
  endfacet
  facet normal -0.421248 0.906937 0.00396057
    outer loop
      vertex 40.0505 370.48 14.6627
      vertex 37.7124 369.388 16.04
      vertex 40.1589 370.53 14.7426
    endloop
  endfacet
  facet normal -0.424061 0.905632 -0.00184876
    outer loop
      vertex 40.0186 370.465 14.6319
      vertex 37.7124 369.388 16.04
      vertex 40.0505 370.48 14.6627
    endloop
  endfacet
  facet normal -0.423705 0.9058 -0.00113741
    outer loop
      vertex 39.9525 370.434 14.5678
      vertex 37.7124 369.388 16.04
      vertex 40.0186 370.465 14.6319
    endloop
  endfacet
  facet normal -0.422522 0.906352 0.00105496
    outer loop
      vertex 39.8944 370.407 14.4948
      vertex 37.7124 369.388 16.04
      vertex 39.9525 370.434 14.5678
    endloop
  endfacet
  facet normal -0.422854 0.906198 0.000484394
    outer loop
      vertex 39.8665 370.394 14.4596
      vertex 37.7124 369.388 16.04
      vertex 39.8944 370.407 14.4948
    endloop
  endfacet
  facet normal -0.423739 0.905784 -0.000985999
    outer loop
      vertex 39.7941 370.36 14.34
      vertex 37.7124 369.388 16.04
      vertex 39.8665 370.394 14.4596
    endloop
  endfacet
  facet normal -0.42328 0.905999 -0.000300246
    outer loop
      vertex 39.7364 370.333 14.211
      vertex 37.7124 369.388 16.04
      vertex 39.7941 370.36 14.34
    endloop
  endfacet
  facet normal -0.420878 0.907112 0.0029323
    outer loop
      vertex 39.6945 370.314 14.0747
      vertex 37.7124 369.388 16.04
      vertex 39.7364 370.333 14.211
    endloop
  endfacet
  facet normal -0.42386 0.905727 -0.000727675
    outer loop
      vertex 39.6691 370.302 13.9336
      vertex 37.7124 369.388 16.04
      vertex 39.6945 370.314 14.0747
    endloop
  endfacet
  facet normal -0.423128 0.90607 0.000101786
    outer loop
      vertex 39.6605 370.298 13.79
      vertex 37.7124 369.388 16.04
      vertex 39.6691 370.302 13.9336
    endloop
  endfacet
  facet normal -0.423335 0.905973 -0.000116901
    outer loop
      vertex 39.6691 370.302 13.6464
      vertex 37.7124 369.388 16.04
      vertex 39.6605 370.298 13.79
    endloop
  endfacet
  facet normal -0.424098 0.905616 0.000675527
    outer loop
      vertex 37.7124 369.388 10.54
      vertex 39.6691 370.302 13.6464
      vertex 39.6945 370.314 13.5053
    endloop
  endfacet
  facet normal -0.420044 0.9075 -0.00262191
    outer loop
      vertex 37.7124 369.388 10.54
      vertex 39.6945 370.314 13.5053
      vertex 39.7364 370.333 13.369
    endloop
  endfacet
  facet normal -0.423355 0.905964 0.000259408
    outer loop
      vertex 37.7124 369.388 10.54
      vertex 39.7364 370.333 13.369
      vertex 39.7941 370.36 13.24
    endloop
  endfacet
  facet normal -0.423957 0.905682 0.00082529
    outer loop
      vertex 37.7124 369.388 10.54
      vertex 39.7941 370.36 13.24
      vertex 39.8665 370.394 13.1204
    endloop
  endfacet
  facet normal -0.422316 0.906448 -0.000855507
    outer loop
      vertex 37.7124 369.388 10.54
      vertex 39.8944 370.407 13.0852
      vertex 39.9525 370.434 13.0122
    endloop
  endfacet
  facet normal -0.424377 0.905485 0.00144964
    outer loop
      vertex 37.7124 369.388 10.54
      vertex 40.0186 370.465 12.9481
      vertex 40.0505 370.48 12.9173
    endloop
  endfacet
  facet normal -0.422687 0.906276 0.000484721
    outer loop
      vertex 42.696 371.715 10.54
      vertex 40.5694 370.722 12.6964
      vertex 40.6573 370.763 12.69
    endloop
  endfacet
  facet normal -0.42865 0.903446 -0.00669842
    outer loop
      vertex 40.5694 370.722 12.6964
      vertex 42.696 371.715 10.54
      vertex 40.5272 370.702 12.6994
    endloop
  endfacet
  facet normal -0.423083 0.906091 0.000133806
    outer loop
      vertex 37.7124 369.388 10.54
      vertex 40.5272 370.702 12.6994
      vertex 42.696 371.715 10.54
    endloop
  endfacet
  facet normal -0.419792 0.907606 -0.00507701
    outer loop
      vertex 40.5272 370.702 12.6994
      vertex 37.7124 369.388 10.54
      vertex 40.3993 370.643 12.7275
    endloop
  endfacet
  facet normal -0.424493 0.905429 0.00194661
    outer loop
      vertex 40.3993 370.643 12.7275
      vertex 37.7124 369.388 10.54
      vertex 40.2758 370.585 12.7737
    endloop
  endfacet
  facet normal -0.424715 0.905325 0.00225623
    outer loop
      vertex 40.2758 370.585 12.7737
      vertex 37.7124 369.388 10.54
      vertex 40.1589 370.53 12.8374
    endloop
  endfacet
  facet normal -0.423218 0.906028 0
    outer loop
      vertex 39.6691 370.302 13.6464
      vertex 37.7124 369.388 10.54
      vertex 37.7124 369.388 16.04
    endloop
  endfacet
  facet normal -0.422759 0.906242 -0.000392985
    outer loop
      vertex 39.8944 370.407 13.0852
      vertex 37.7124 369.388 10.54
      vertex 39.8665 370.394 13.1204
    endloop
  endfacet
  facet normal -0.4239 0.905709 0.000892425
    outer loop
      vertex 40.0186 370.465 12.9481
      vertex 37.7124 369.388 10.54
      vertex 39.9525 370.434 13.0122
    endloop
  endfacet
  facet normal -0.420664 0.907212 -0.00299565
    outer loop
      vertex 40.1589 370.53 12.8374
      vertex 37.7124 369.388 10.54
      vertex 40.0505 370.48 12.9173
    endloop
  endfacet
  facet normal -0.42865 0.903446 0.00669842
    outer loop
      vertex 40.5272 370.702 -12.6194
      vertex 42.696 371.715 -10.46
      vertex 40.5694 370.722 -12.6164
    endloop
  endfacet
  facet normal -0.423083 0.906091 -0.000133806
    outer loop
      vertex 42.696 371.715 -10.46
      vertex 40.5272 370.702 -12.6194
      vertex 37.7124 369.388 -10.46
    endloop
  endfacet
  facet normal -0.419792 0.907606 0.00507701
    outer loop
      vertex 40.3993 370.643 -12.6475
      vertex 37.7124 369.388 -10.46
      vertex 40.5272 370.702 -12.6194
    endloop
  endfacet
  facet normal -0.424493 0.905429 -0.00194661
    outer loop
      vertex 40.2758 370.585 -12.6937
      vertex 37.7124 369.388 -10.46
      vertex 40.3993 370.643 -12.6475
    endloop
  endfacet
  facet normal -0.424715 0.905325 -0.00225623
    outer loop
      vertex 40.1589 370.53 -12.7574
      vertex 37.7124 369.388 -10.46
      vertex 40.2758 370.585 -12.6937
    endloop
  endfacet
  facet normal -0.420664 0.907212 0.00299565
    outer loop
      vertex 40.0505 370.48 -12.8373
      vertex 37.7124 369.388 -10.46
      vertex 40.1589 370.53 -12.7574
    endloop
  endfacet
  facet normal -0.424377 0.905485 -0.00144964
    outer loop
      vertex 40.0186 370.465 -12.8681
      vertex 37.7124 369.388 -10.46
      vertex 40.0505 370.48 -12.8373
    endloop
  endfacet
  facet normal -0.4239 0.905709 -0.000892425
    outer loop
      vertex 39.9525 370.434 -12.9322
      vertex 37.7124 369.388 -10.46
      vertex 40.0186 370.465 -12.8681
    endloop
  endfacet
  facet normal -0.422316 0.906448 0.000855507
    outer loop
      vertex 39.8944 370.407 -13.0052
      vertex 37.7124 369.388 -10.46
      vertex 39.9525 370.434 -12.9322
    endloop
  endfacet
  facet normal -0.422759 0.906242 0.000392985
    outer loop
      vertex 39.8665 370.394 -13.0404
      vertex 37.7124 369.388 -10.46
      vertex 39.8944 370.407 -13.0052
    endloop
  endfacet
  facet normal -0.423957 0.905682 -0.00082529
    outer loop
      vertex 39.7941 370.36 -13.16
      vertex 37.7124 369.388 -10.46
      vertex 39.8665 370.394 -13.0404
    endloop
  endfacet
  facet normal -0.423355 0.905964 -0.000259408
    outer loop
      vertex 39.7364 370.333 -13.289
      vertex 37.7124 369.388 -10.46
      vertex 39.7941 370.36 -13.16
    endloop
  endfacet
  facet normal -0.420044 0.9075 0.00262191
    outer loop
      vertex 39.6945 370.314 -13.4253
      vertex 37.7124 369.388 -10.46
      vertex 39.7364 370.333 -13.289
    endloop
  endfacet
  facet normal -0.424098 0.905616 -0.000675527
    outer loop
      vertex 39.6691 370.302 -13.5664
      vertex 37.7124 369.388 -10.46
      vertex 39.6945 370.314 -13.4253
    endloop
  endfacet
  facet normal -0.423335 0.905973 0.000116901
    outer loop
      vertex 37.7124 369.388 -15.96
      vertex 39.6691 370.302 -13.5664
      vertex 39.6605 370.298 -13.71
    endloop
  endfacet
  facet normal -0.423128 0.90607 -0.000101786
    outer loop
      vertex 37.7124 369.388 -15.96
      vertex 39.6605 370.298 -13.71
      vertex 39.6691 370.302 -13.8536
    endloop
  endfacet
  facet normal -0.42386 0.905727 0.000727675
    outer loop
      vertex 37.7124 369.388 -15.96
      vertex 39.6691 370.302 -13.8536
      vertex 39.6945 370.314 -13.9947
    endloop
  endfacet
  facet normal -0.420878 0.907112 -0.0029323
    outer loop
      vertex 37.7124 369.388 -15.96
      vertex 39.6945 370.314 -13.9947
      vertex 39.7364 370.333 -14.131
    endloop
  endfacet
  facet normal -0.42328 0.905999 0.000300246
    outer loop
      vertex 37.7124 369.388 -15.96
      vertex 39.7364 370.333 -14.131
      vertex 39.7941 370.36 -14.26
    endloop
  endfacet
  facet normal -0.422522 0.906352 -0.00105496
    outer loop
      vertex 37.7124 369.388 -15.96
      vertex 39.8944 370.407 -14.4148
      vertex 39.9525 370.434 -14.4878
    endloop
  endfacet
  facet normal -0.424061 0.905632 0.00184876
    outer loop
      vertex 37.7124 369.388 -15.96
      vertex 40.0186 370.465 -14.5519
      vertex 40.0505 370.48 -14.5827
    endloop
  endfacet
  facet normal -0.422771 0.906236 -0.000918837
    outer loop
      vertex 37.7124 369.388 -15.96
      vertex 40.5694 370.722 -14.8036
      vertex 40.6573 370.763 -14.81
    endloop
  endfacet
  facet normal -0.423218 0.906028 0
    outer loop
      vertex 39.6691 370.302 -13.5664
      vertex 37.7124 369.388 -15.96
      vertex 37.7124 369.388 -10.46
    endloop
  endfacet
  facet normal -0.423739 0.905784 0.000985999
    outer loop
      vertex 39.8665 370.394 -14.3796
      vertex 37.7124 369.388 -15.96
      vertex 39.7941 370.36 -14.26
    endloop
  endfacet
  facet normal -0.422854 0.906198 -0.000484394
    outer loop
      vertex 39.8944 370.407 -14.4148
      vertex 37.7124 369.388 -15.96
      vertex 39.8665 370.394 -14.3796
    endloop
  endfacet
  facet normal -0.423705 0.9058 0.00113741
    outer loop
      vertex 40.0186 370.465 -14.5519
      vertex 37.7124 369.388 -15.96
      vertex 39.9525 370.434 -14.4878
    endloop
  endfacet
  facet normal -0.421248 0.906937 -0.00396057
    outer loop
      vertex 40.1589 370.53 -14.6626
      vertex 37.7124 369.388 -15.96
      vertex 40.0505 370.48 -14.5827
    endloop
  endfacet
  facet normal -0.42433 0.905502 0.00311455
    outer loop
      vertex 40.2758 370.585 -14.7263
      vertex 37.7124 369.388 -15.96
      vertex 40.1589 370.53 -14.6626
    endloop
  endfacet
  facet normal -0.42422 0.905555 0.0028348
    outer loop
      vertex 40.3993 370.643 -14.7725
      vertex 37.7124 369.388 -15.96
      vertex 40.2758 370.585 -14.7263
    endloop
  endfacet
  facet normal -0.420301 0.90735 -0.00793052
    outer loop
      vertex 40.5272 370.702 -14.8006
      vertex 37.7124 369.388 -15.96
      vertex 40.3993 370.643 -14.7725
    endloop
  endfacet
  facet normal -0.427459 0.903937 0.0133169
    outer loop
      vertex 40.5694 370.722 -14.8036
      vertex 37.7124 369.388 -15.96
      vertex 40.5272 370.702 -14.8006
    endloop
  endfacet
  facet normal -0.427087 0.904192 0.00582853
    outer loop
      vertex 15.8545 359.183 -12.5385
      vertex 15.7815 359.149 -12.6131
      vertex 15.7392 359.129 -12.61
    endloop
  endfacet
  facet normal -0.423036 0.906112 0.00127124
    outer loop
      vertex 16.0774 359.287 -12.5085
      vertex 15.8693 359.19 -12.6194
      vertex 15.7815 359.149 -12.6131
    endloop
  endfacet
  facet normal -0.422067 0.906563 -0.00176348
    outer loop
      vertex 16.2728 359.378 -12.7834
      vertex 16.2997 359.391 -12.5386
      vertex 16.5063 359.487 -12.6345
    endloop
  endfacet
  facet normal -0.424054 0.90563 0.00360322
    outer loop
      vertex 16.0774 359.287 -12.5085
      vertex 15.9972 359.25 -12.6475
      vertex 15.8693 359.19 -12.6194
    endloop
  endfacet
  facet normal -0.423111 0.906073 0.00294068
    outer loop
      vertex 16.0774 359.287 -12.5085
      vertex 16.0805 359.289 -12.6787
      vertex 15.9972 359.25 -12.6475
    endloop
  endfacet
  facet normal -0.407635 0.913139 0.00330558
    outer loop
      vertex 16.0774 359.287 -12.5085
      vertex 16.1207 359.307 -12.6937
      vertex 16.0805 359.289 -12.6787
    endloop
  endfacet
  facet normal -0.426827 0.904329 0.00282629
    outer loop
      vertex 16.2997 359.391 -12.5386
      vertex 16.1587 359.325 -12.7144
      vertex 16.1207 359.307 -12.6937
    endloop
  endfacet
  facet normal -0.424386 0.905481 0.000436078
    outer loop
      vertex 16.2997 359.391 -12.5386
      vertex 16.2376 359.362 -12.7574
      vertex 16.1587 359.325 -12.7144
    endloop
  endfacet
  facet normal -0.415427 0.909623 -0.00265573
    outer loop
      vertex 16.2997 359.391 -12.5386
      vertex 16.2728 359.378 -12.7834
      vertex 16.2376 359.362 -12.7574
    endloop
  endfacet
  facet normal -0.42559 0.904916 0.000868455
    outer loop
      vertex 16.4122 359.443 -12.9013
      vertex 16.5063 359.487 -12.6345
      vertex 16.6846 359.571 -12.7845
    endloop
  endfacet
  facet normal -0.238135 0.941586 -0.238135
    outer loop
      vertex 16.472 359.471 -12.9673
      vertex 16.6846 359.571 -12.7845
      vertex 16.6847 359.571 -12.7846
    endloop
  endfacet
  facet normal -0.426881 0.904277 0.00745827
    outer loop
      vertex 16.5063 359.487 -12.6345
      vertex 16.346 359.413 -12.8373
      vertex 16.2728 359.378 -12.7834
    endloop
  endfacet
  facet normal -0.415528 0.909574 -0.00344865
    outer loop
      vertex 16.5063 359.487 -12.6345
      vertex 16.4122 359.443 -12.9013
      vertex 16.346 359.413 -12.8373
    endloop
  endfacet
  facet normal -0.425693 0.904867 0.00116359
    outer loop
      vertex 16.6846 359.571 -12.7845
      vertex 16.444 359.458 -12.9322
      vertex 16.4122 359.443 -12.9013
    endloop
  endfacet
  facet normal -0.423796 0.905754 -0.00260625
    outer loop
      vertex 16.6846 359.571 -12.7845
      vertex 16.472 359.471 -12.9673
      vertex 16.444 359.458 -12.9322
    endloop
  endfacet
  facet normal -0.423189 0.906038 -0.0026324
    outer loop
      vertex 16.53 359.498 -13.0404
      vertex 16.6847 359.571 -12.7846
      vertex 16.8208 359.634 -12.9805
    endloop
  endfacet
  facet normal -0.240998 0.940128 -0.240998
    outer loop
      vertex 16.6024 359.532 -13.16
      vertex 16.8208 359.634 -12.9805
      vertex 16.8209 359.634 -12.9806
    endloop
  endfacet
  facet normal -0.424076 0.905624 -0.00197786
    outer loop
      vertex 16.6847 359.571 -12.7846
      vertex 16.53 359.498 -13.0404
      vertex 16.472 359.471 -12.9673
    endloop
  endfacet
  facet normal -0.423795 0.905758 0.000944741
    outer loop
      vertex 16.8208 359.634 -12.9805
      vertex 16.6024 359.532 -13.16
      vertex 16.53 359.498 -13.0404
    endloop
  endfacet
  facet normal -0.422795 0.906225 -0.000302971
    outer loop
      vertex 16.9068 359.674 -13.2085
      vertex 16.6024 359.532 -13.16
      vertex 16.8209 359.634 -12.9806
    endloop
  endfacet
  facet normal -0.422503 0.906361 0
    outer loop
      vertex 16.6601 359.559 -13.289
      vertex 16.9068 359.674 -13.2085
      vertex 16.9068 359.674 -13.2087
    endloop
  endfacet
  facet normal -0.422672 0.906282 0.000631207
    outer loop
      vertex 16.9068 359.674 -13.2085
      vertex 16.6601 359.559 -13.289
      vertex 16.6024 359.532 -13.16
    endloop
  endfacet
  facet normal -0.423258 0.906005 0.00282899
    outer loop
      vertex 16.9068 359.674 -13.2087
      vertex 16.702 359.579 -13.4253
      vertex 16.6601 359.559 -13.289
    endloop
  endfacet
  facet normal -0.421038 0.907043 0.000274485
    outer loop
      vertex 16.9368 359.688 -13.4545
      vertex 16.702 359.579 -13.4253
      vertex 16.9068 359.674 -13.2087
    endloop
  endfacet
  facet normal -0.421066 0.90703 0
    outer loop
      vertex 16.9368 359.688 -13.4546
      vertex 16.702 359.579 -13.4253
      vertex 16.9368 359.688 -13.4545
    endloop
  endfacet
  facet normal -0.420925 0.907095 0.00137243
    outer loop
      vertex 16.9368 359.688 -13.4546
      vertex 16.7274 359.591 -13.5664
      vertex 16.702 359.579 -13.4253
    endloop
  endfacet
  facet normal -0.420143 0.907458 -0.00040719
    outer loop
      vertex 16.9068 359.674 -13.7005
      vertex 16.7274 359.591 -13.5664
      vertex 16.9368 359.688 -13.4546
    endloop
  endfacet
  facet normal -0.402623 0.822064 0.402623
    outer loop
      vertex 16.736 359.595 -13.71
      vertex 16.9068 359.674 -13.7005
      vertex 16.9067 359.674 -13.7006
    endloop
  endfacet
  facet normal -0.419806 0.907614 0.000140152
    outer loop
      vertex 16.9068 359.674 -13.7005
      vertex 16.736 359.595 -13.71
      vertex 16.7274 359.591 -13.5664
    endloop
  endfacet
  facet normal -0.419996 0.907526 -0.000126295
    outer loop
      vertex 16.9067 359.674 -13.7006
      vertex 16.7274 359.591 -13.8536
      vertex 16.736 359.595 -13.71
    endloop
  endfacet
  facet normal -0.419111 0.907934 -0.0013855
    outer loop
      vertex 16.8208 359.634 -13.9285
      vertex 16.7274 359.591 -13.8536
      vertex 16.9067 359.674 -13.7006
    endloop
  endfacet
  facet normal -0.240291 0.940489 0.240291
    outer loop
      vertex 16.8207 359.634 -13.9286
      vertex 16.7274 359.591 -13.8536
      vertex 16.8208 359.634 -13.9285
    endloop
  endfacet
  facet normal -0.419658 0.907681 -0.00165037
    outer loop
      vertex 16.8207 359.634 -13.9286
      vertex 16.702 359.579 -13.9947
      vertex 16.7274 359.591 -13.8536
    endloop
  endfacet
  facet normal -0.420631 0.907232 0.000470889
    outer loop
      vertex 16.6846 359.571 -14.1245
      vertex 16.702 359.579 -13.9947
      vertex 16.8207 359.634 -13.9286
    endloop
  endfacet
  facet normal -0.439867 0.898063 0
    outer loop
      vertex 16.6601 359.559 -14.131
      vertex 16.6846 359.571 -14.1245
      vertex 16.6846 359.571 -14.1246
    endloop
  endfacet
  facet normal -0.440666 0.897663 0.00374636
    outer loop
      vertex 16.6846 359.571 -14.1245
      vertex 16.6601 359.559 -14.131
      vertex 16.702 359.579 -13.9947
    endloop
  endfacet
  facet normal -0.439829 0.898082 -0.000182957
    outer loop
      vertex 16.6601 359.559 -14.131
      vertex 16.6846 359.571 -14.1246
      vertex 16.6499 359.554 -14.1537
    endloop
  endfacet
  facet normal -0.160299 0.933553 -0.320599
    outer loop
      vertex 16.1207 359.307 -12.6937
      vertex 16.2995 359.391 -12.5385
      vertex 16.2997 359.391 -12.5386
    endloop
  endfacet
  facet normal -0.424222 0.905557 -0.00139128
    outer loop
      vertex 16.2995 359.391 -12.5385
      vertex 16.1207 359.307 -12.6937
      vertex 16.0774 359.287 -12.5085
    endloop
  endfacet
  facet normal -0.422911 0.906171 0.000841003
    outer loop
      vertex 15.7815 359.149 -12.6131
      vertex 15.8545 359.183 -12.5385
      vertex 16.0774 359.287 -12.5085
    endloop
  endfacet
  facet normal -0.427998 0.903747 0.0076342
    outer loop
      vertex 15.8545 359.183 -12.5385
      vertex 15.7392 359.129 -12.61
      vertex 15.6948 359.108 -12.6132
    endloop
  endfacet
  facet normal -0.422865 0.906193 0
    outer loop
      vertex 18.6841 360.504 -14.094
      vertex 17.9662 360.169 -14.1469
      vertex 18.6841 360.504 -14.0333
    endloop
  endfacet
  facet normal -0.17676 0.968252 -0.17676
    outer loop
      vertex 16.6601 359.559 14.211
      vertex 16.6789 359.568 14.2415
      vertex 16.6791 359.568 14.2413
    endloop
  endfacet
  facet normal -0.431013 0.902346 -0.000592508
    outer loop
      vertex 16.6789 359.568 14.2415
      vertex 16.6601 359.559 14.211
      vertex 16.6265 359.543 14.2861
    endloop
  endfacet
  facet normal -0.42897 0.903318 0.000678787
    outer loop
      vertex 16.6791 359.568 14.2413
      vertex 16.702 359.579 14.0747
      vertex 16.6601 359.559 14.211
    endloop
  endfacet
  facet normal -0.420114 0.907469 0.00217019
    outer loop
      vertex 16.8249 359.636 14.0315
      vertex 16.702 359.579 14.0747
      vertex 16.6791 359.568 14.2413
    endloop
  endfacet
  facet normal -0.419058 0.907959 0
    outer loop
      vertex 16.7274 359.591 13.9336
      vertex 16.8249 359.636 14.0315
      vertex 16.8249 359.636 14.0313
    endloop
  endfacet
  facet normal -0.420306 0.907381 0.00150821
    outer loop
      vertex 16.8249 359.636 14.0315
      vertex 16.7274 359.591 13.9336
      vertex 16.702 359.579 14.0747
    endloop
  endfacet
  facet normal -0.420414 0.907331 0.00164226
    outer loop
      vertex 16.9189 359.68 13.7855
      vertex 16.7274 359.591 13.9336
      vertex 16.8249 359.636 14.0313
    endloop
  endfacet
  facet normal -0.421446 0.906854 2.07473e-05
    outer loop
      vertex 16.7274 359.591 13.9336
      vertex 16.9189 359.68 13.7855
      vertex 16.736 359.595 13.79
    endloop
  endfacet
  facet normal -0.421446 0.906853 0
    outer loop
      vertex 16.9189 359.68 13.7853
      vertex 16.736 359.595 13.79
      vertex 16.9189 359.68 13.7855
    endloop
  endfacet
  facet normal -0.421447 0.906853 -2.06848e-05
    outer loop
      vertex 16.9189 359.68 13.7853
      vertex 16.7274 359.591 13.6464
      vertex 16.736 359.595 13.79
    endloop
  endfacet
  facet normal -0.421963 0.906613 0.000845191
    outer loop
      vertex 16.9506 359.695 13.5215
      vertex 16.7274 359.591 13.6464
      vertex 16.9189 359.68 13.7853
    endloop
  endfacet
  facet normal -0.422846 0.906202 0
    outer loop
      vertex 16.702 359.579 13.5053
      vertex 16.9506 359.695 13.5215
      vertex 16.9506 359.695 13.5214
    endloop
  endfacet
  facet normal -0.422794 0.906225 -0.000962012
    outer loop
      vertex 16.9506 359.695 13.5215
      vertex 16.702 359.579 13.5053
      vertex 16.7274 359.591 13.6464
    endloop
  endfacet
  facet normal -0.422807 0.90622 -0.000726682
    outer loop
      vertex 16.9189 359.68 13.2595
      vertex 16.702 359.579 13.5053
      vertex 16.9506 359.695 13.5214
    endloop
  endfacet
  facet normal -0.424372 0.905485 -0.00241008
    outer loop
      vertex 16.702 359.579 13.5053
      vertex 16.9189 359.68 13.2595
      vertex 16.6601 359.559 13.369
    endloop
  endfacet
  facet normal -0.423537 0.905879 0
    outer loop
      vertex 16.9189 359.68 13.2593
      vertex 16.6601 359.559 13.369
      vertex 16.9189 359.68 13.2595
    endloop
  endfacet
  facet normal -0.423584 0.905857 -0.000134573
    outer loop
      vertex 16.9189 359.68 13.2593
      vertex 16.6024 359.532 13.24
      vertex 16.6601 359.559 13.369
    endloop
  endfacet
  facet normal -0.423582 0.905858 -0.000166909
    outer loop
      vertex 16.8249 359.636 13.0135
      vertex 16.6024 359.532 13.24
      vertex 16.9189 359.68 13.2593
    endloop
  endfacet
  facet normal -0.424065 0.905631 -0.0007454
    outer loop
      vertex 16.6024 359.532 13.24
      vertex 16.8249 359.636 13.0135
      vertex 16.53 359.498 13.1204
    endloop
  endfacet
  facet normal -0.30894 0.899507 0.30894
    outer loop
      vertex 16.8248 359.636 13.0134
      vertex 16.53 359.498 13.1204
      vertex 16.8249 359.636 13.0135
    endloop
  endfacet
  facet normal -0.423656 0.905823 0.00102634
    outer loop
      vertex 16.6789 359.568 12.8035
      vertex 16.53 359.498 13.1204
      vertex 16.8248 359.636 13.0134
    endloop
  endfacet
  facet normal -0.423302 0.905988 0.00122904
    outer loop
      vertex 16.53 359.498 13.1204
      vertex 16.6789 359.568 12.8035
      vertex 16.472 359.471 13.0473
    endloop
  endfacet
  facet normal -0.422854 0.906196 0.00169165
    outer loop
      vertex 16.472 359.471 13.0473
      vertex 16.6789 359.568 12.8035
      vertex 16.444 359.458 13.0122
    endloop
  endfacet
  facet normal -0.234 0.943657 0.234
    outer loop
      vertex 16.6788 359.568 12.8034
      vertex 16.444 359.458 13.0122
      vertex 16.6789 359.568 12.8035
    endloop
  endfacet
  facet normal -0.425375 0.905016 -0.00156316
    outer loop
      vertex 16.444 359.458 13.0122
      vertex 16.6788 359.568 12.8034
      vertex 16.4122 359.443 12.9813
    endloop
  endfacet
  facet normal -0.41973 0.907607 0.0087175
    outer loop
      vertex 16.4122 359.443 12.9813
      vertex 16.6788 359.568 12.8034
      vertex 16.346 359.413 12.9173
    endloop
  endfacet
  facet normal -0.422613 0.906309 -0.00147182
    outer loop
      vertex 16.4885 359.479 12.6415
      vertex 16.346 359.413 12.9173
      vertex 16.6788 359.568 12.8034
    endloop
  endfacet
  facet normal -0 0.972541 0.232733
    outer loop
      vertex 16.4884 359.479 12.6415
      vertex 16.346 359.413 12.9173
      vertex 16.4885 359.479 12.6415
    endloop
  endfacet
  facet normal -0.428391 0.90358 -0.00495505
    outer loop
      vertex 16.346 359.413 12.9173
      vertex 16.4884 359.479 12.6415
      vertex 16.2728 359.378 12.8634
    endloop
  endfacet
  facet normal -0.418164 0.908343 0.00714949
    outer loop
      vertex 16.2728 359.378 12.8634
      vertex 16.4884 359.479 12.6415
      vertex 16.2376 359.362 12.8374
    endloop
  endfacet
  facet normal -0.422259 0.906475 0.0007908
    outer loop
      vertex 16.2671 359.376 12.5415
      vertex 16.2376 359.362 12.8374
      vertex 16.4884 359.479 12.6415
    endloop
  endfacet
  facet normal -0.424796 0.905289 0.000481791
    outer loop
      vertex 16.2376 359.362 12.8374
      vertex 16.2671 359.376 12.5415
      vertex 16.1587 359.325 12.7944
    endloop
  endfacet
  facet normal -0.42776 0.903892 -0.000732271
    outer loop
      vertex 16.1587 359.325 12.7944
      vertex 16.2669 359.376 12.5415
      vertex 16.1207 359.307 12.7737
    endloop
  endfacet
  facet normal -0.427554 0.903988 0.00185502
    outer loop
      vertex 15.7893 359.153 12.5416
      vertex 15.7392 359.129 12.69
      vertex 15.7815 359.149 12.6931
    endloop
  endfacet
  facet normal -0.423204 0.906033 0.00157325
    outer loop
      vertex 15.7895 359.153 12.5415
      vertex 15.7815 359.149 12.6931
      vertex 15.8693 359.19 12.6994
    endloop
  endfacet
  facet normal -0.412129 0.911056 0.0112386
    outer loop
      vertex 16.1207 359.307 12.7737
      vertex 16.2669 359.376 12.5415
      vertex 16.0805 359.289 12.7587
    endloop
  endfacet
  facet normal -0 0.980266 0.197681
    outer loop
      vertex 16.2669 359.376 12.5415
      vertex 16.1587 359.325 12.7944
      vertex 16.2671 359.376 12.5415
    endloop
  endfacet
  facet normal -0.423124 0.906067 -0.00289843
    outer loop
      vertex 16.0805 359.289 12.7587
      vertex 16.0287 359.264 12.5055
      vertex 15.9972 359.25 12.7275
    endloop
  endfacet
  facet normal -0.421525 0.906806 0.00434589
    outer loop
      vertex 15.7392 359.129 12.69
      vertex 15.7893 359.153 12.5416
      vertex 15.5666 359.049 12.6415
    endloop
  endfacet
  facet normal -0.322106 0.890222 -0.322106
    outer loop
      vertex 15.7392 359.129 12.69
      vertex 15.5666 359.049 12.6415
      vertex 15.5665 359.049 12.6416
    endloop
  endfacet
  facet normal -0.425209 0.905092 -0.00237549
    outer loop
      vertex 16.0287 359.264 12.5055
      vertex 16.0805 359.289 12.7587
      vertex 16.2669 359.376 12.5415
    endloop
  endfacet
  facet normal -0 0.998017 0.062938
    outer loop
      vertex 16.0286 359.264 12.5055
      vertex 15.9972 359.25 12.7275
      vertex 16.0287 359.264 12.5055
    endloop
  endfacet
  facet normal -0.421047 0.907039 0.000247821
    outer loop
      vertex 15.7895 359.153 12.5415
      vertex 15.8693 359.19 12.6994
      vertex 16.0286 359.264 12.5055
    endloop
  endfacet
  facet normal 0.0135439 0.999541 0.0270878
    outer loop
      vertex 15.7815 359.149 12.6931
      vertex 15.7895 359.153 12.5415
      vertex 15.7893 359.153 12.5416
    endloop
  endfacet
  facet normal -0.424184 0.905572 -0.00288906
    outer loop
      vertex 15.9972 359.25 12.7275
      vertex 16.0286 359.264 12.5055
      vertex 15.8693 359.19 12.6994
    endloop
  endfacet
  facet normal -0.422518 0.906304 0.00959652
    outer loop
      vertex 15.5665 359.049 12.6416
      vertex 15.6514 359.088 12.6964
      vertex 15.7392 359.129 12.69
    endloop
  endfacet
  facet normal -0.438481 0.898589 -0.0164731
    outer loop
      vertex 15.4813 359.009 12.7275
      vertex 15.5665 359.049 12.6416
      vertex 15.4522 358.995 12.7384
    endloop
  endfacet
  facet normal -0.424978 0.905204 -5.10703e-13
    outer loop
      vertex 15.6091 359.069 12.6994
      vertex 15.5665 359.049 12.6416
      vertex 15.4813 359.009 12.7275
    endloop
  endfacet
  facet normal -0.410468 0.911783 -0.0129711
    outer loop
      vertex 15.6514 359.088 12.6964
      vertex 15.5665 359.049 12.6416
      vertex 15.6091 359.069 12.6994
    endloop
  endfacet
  facet normal -0.420327 0.907373 0
    outer loop
      vertex 18.6841 360.504 14.1645
      vertex 18.5481 360.441 14.1867
      vertex 18.6841 360.504 14.1764
    endloop
  endfacet
  facet normal -0.42632 0.904567 -0.0029799
    outer loop
      vertex 11.3404 357.076 -18.2751
      vertex 11.5926 357.193 -18.8401
      vertex 11.2218 357.02 -18.3067
    endloop
  endfacet
  facet normal -0.424012 0.905655 -0.00172448
    outer loop
      vertex 11.5926 357.193 -18.8401
      vertex 11.3404 357.076 -18.2751
      vertex 12.2072 357.48 -19.2316
    endloop
  endfacet
  facet normal -0.436029 0.899862 -0.011255
    outer loop
      vertex 11.5926 357.193 -18.8401
      vertex 11.2095 357.014 -18.3099
      vertex 11.2218 357.02 -18.3067
    endloop
  endfacet
  facet normal -0.428853 0.903361 -0.0048885
    outer loop
      vertex 11.2095 357.014 -18.3099
      vertex 11.5926 357.193 -18.8401
      vertex 11.2032 357.011 -18.3116
    endloop
  endfacet
  facet normal -0.424162 0.905585 -0.00152348
    outer loop
      vertex 11.2 357.01 -18.3125
      vertex 11.5926 357.193 -18.8401
      vertex 11.1146 356.97 -18.3125
    endloop
  endfacet
  facet normal -0.319848 0.943264 0.0891676
    outer loop
      vertex 11.2032 357.011 -18.3116
      vertex 11.5926 357.193 -18.8401
      vertex 11.2 357.01 -18.3125
    endloop
  endfacet
  facet normal -0.814707 -0.381743 -0.436491
    outer loop
      vertex 12.1437 354.14 -17.9181
      vertex 12.1138 354.238 -17.948
      vertex 12.1624 354.148 -17.96
    endloop
  endfacet
  facet normal 0.888598 0.414908 0.195562
    outer loop
      vertex 45.8441 373.185 16.9316
      vertex 45.7748 373.152 17.3165
      vertex 47.0439 370.434 17.3165
    endloop
  endfacet
  facet normal -0.431417 0.902153 -0.0003277
    outer loop
      vertex 45.8674 373.196 16.54
      vertex 45.7748 373.152 17.3165
      vertex 45.8441 373.185 16.9316
    endloop
  endfacet
  facet normal 0.904199 0.42207 -0.0654244
    outer loop
      vertex 47.1133 370.466 -16.8516
      vertex 45.8441 373.185 -16.8516
      vertex 47.1365 370.477 -16.46
    endloop
  endfacet
  facet normal -0.406868 0.913379 0.0140598
    outer loop
      vertex 45.5032 373.026 18.04
      vertex 45.0712 372.824 18.6613
      vertex 45.3057 372.933 18.3663
    endloop
  endfacet
  facet normal 0.681358 0.318168 0.659182
    outer loop
      vertex 45.3057 372.933 18.3663
      vertex 45.0712 372.824 18.6613
      vertex 46.3404 370.106 18.6613
    endloop
  endfacet
  facet normal -0.423065 0.906099 8.38331e-05
    outer loop
      vertex 43.1491 371.927 19.54
      vertex 12.2072 357.48 19.3116
      vertex 12.8926 357.8 19.5143
    endloop
  endfacet
  facet normal 0.424107 -0.90561 -0.00179795
    outer loop
      vertex 13.1574 354.613 19.1381
      vertex 12.8618 354.475 18.9201
      vertex 13.4763 354.762 19.3116
    endloop
  endfacet
  facet normal -0.423049 0.906107 0.000207093
    outer loop
      vertex 12.2964 357.522 17.7638
      vertex 12.2072 357.48 19.3116
      vertex 44.1893 372.412 19.3116
    endloop
  endfacet
  facet normal -0.422698 0.906271 -0.000130471
    outer loop
      vertex 12.2072 357.48 19.3116
      vertex 11.946 357.358 18.1126
      vertex 11.2813 357.048 18.2898
    endloop
  endfacet
  facet normal -0.351506 0.936 -0.0186645
    outer loop
      vertex 12.2072 357.48 19.3116
      vertex 11.9487 357.359 18.1119
      vertex 11.946 357.358 18.1126
    endloop
  endfacet
  facet normal -0.59955 0.79886 0.0486134
    outer loop
      vertex 12.2072 357.48 19.3116
      vertex 11.95 357.36 18.1115
      vertex 11.9487 357.359 18.1119
    endloop
  endfacet
  facet normal -0.700314 0.709433 0.0791507
    outer loop
      vertex 12.2072 357.48 19.3116
      vertex 11.9509 357.361 18.1105
      vertex 11.95 357.36 18.1115
    endloop
  endfacet
  facet normal -0.42216 0.906521 0.000269524
    outer loop
      vertex 12.2072 357.48 19.3116
      vertex 12.2964 357.522 17.7638
      vertex 11.9509 357.361 18.1105
    endloop
  endfacet
  facet normal -0.503331 -0.235036 0.831514
    outer loop
      vertex 11.8883 357.331 19.1381
      vertex 11.5926 357.193 18.9201
      vertex 12.8618 354.475 18.9201
    endloop
  endfacet
  facet normal -0.423047 0.906104 0.00259846
    outer loop
      vertex 43.1491 371.927 -19.46
      vertex 12.2072 357.48 -19.2316
      vertex 44.1893 372.412 -19.2316
    endloop
  endfacet
  facet normal 0.424107 -0.90561 0.00179795
    outer loop
      vertex 13.4763 354.762 -19.2316
      vertex 12.8618 354.475 -18.8401
      vertex 13.1574 354.613 -19.0581
    endloop
  endfacet
  facet normal 0.422999 -0.906043 0.0125655
    outer loop
      vertex 44.773 369.374 -19.4343
      vertex 14.5166 355.248 -19.46
      vertex 44.4182 369.208 -19.46
    endloop
  endfacet
  facet normal 0.428421 -0.903579 0
    outer loop
      vertex 47.1133 370.466 16.9316
      vertex 47.1365 370.477 -16.46
      vertex 47.1365 370.477 16.54
    endloop
  endfacet
  facet normal 0.428421 -0.903579 0
    outer loop
      vertex 47.1365 370.477 -16.46
      vertex 47.1133 370.466 16.9316
      vertex 47.1133 370.466 -16.8516
    endloop
  endfacet
  facet normal 0.858114 0.400674 0.321093
    outer loop
      vertex 45.7748 373.152 17.3165
      vertex 45.6605 373.099 17.6881
      vertex 46.9296 370.381 17.6881
    endloop
  endfacet
  facet normal 0.437332 -0.899278 0.0062577
    outer loop
      vertex 46.9296 370.381 17.6881
      vertex 46.7724 370.307 18.04
      vertex 47.0439 370.434 17.3165
    endloop
  endfacet
  facet normal -0.400601 -0.18705 0.896957
    outer loop
      vertex 13.4763 354.762 19.3116
      vertex 11.8883 357.331 19.1381
      vertex 13.1574 354.613 19.1381
    endloop
  endfacet
  facet normal 0.423577 -0.90586 -0.000109534
    outer loop
      vertex 12.3525 354.237 17.7074
      vertex 12.8618 354.475 18.9201
      vertex 12.1558 354.145 17.9048
    endloop
  endfacet
  facet normal 0.423049 -0.906107 0.000160588
    outer loop
      vertex 12.8618 354.475 18.9201
      vertex 12.3525 354.237 17.7074
      vertex 44.773 369.374 19.5143
    endloop
  endfacet
  facet normal -0.423427 0.90593 0.000271591
    outer loop
      vertex 44.5082 372.561 -19.0581
      vertex 44.1893 372.412 -19.2316
      vertex 45.0712 372.824 -18.5813
    endloop
  endfacet
  facet normal 0.503338 0.235021 -0.831514
    outer loop
      vertex 46.073 369.981 -18.8401
      vertex 44.5082 372.561 -19.0581
      vertex 44.8039 372.699 -18.8401
    endloop
  endfacet
  facet normal -0.424438 0.905453 -0.00253997
    outer loop
      vertex 11.8883 357.331 -19.0581
      vertex 11.5926 357.193 -18.8401
      vertex 12.2072 357.48 -19.2316
    endloop
  endfacet
  facet normal -0.597445 -0.278984 -0.751816
    outer loop
      vertex 12.8618 354.475 -18.8401
      vertex 11.3253 357.068 -18.5813
      vertex 11.5926 357.193 -18.8401
    endloop
  endfacet
  facet normal -0.423065 0.906099 -8.38331e-05
    outer loop
      vertex 12.8926 357.8 -19.4343
      vertex 12.2072 357.48 -19.2316
      vertex 43.1491 371.927 -19.46
    endloop
  endfacet
  facet normal -0.176584 -0.0824579 -0.980826
    outer loop
      vertex 13.813 354.919 -19.3578
      vertex 12.8926 357.8 -19.4343
      vertex 14.1618 355.082 -19.4343
    endloop
  endfacet
  facet normal -0.176627 -0.0824712 -0.980817
    outer loop
      vertex 12.8926 357.8 -19.4343
      vertex 13.813 354.919 -19.3578
      vertex 12.5439 357.637 -19.3578
    endloop
  endfacet
  facet normal -0.400601 -0.18705 -0.896957
    outer loop
      vertex 13.4763 354.762 -19.2316
      vertex 11.8883 357.331 -19.0581
      vertex 12.2072 357.48 -19.2316
    endloop
  endfacet
  facet normal -0.421228 0.906925 0.007432
    outer loop
      vertex 44.1893 372.412 19.3116
      vertex 43.1491 371.927 19.54
      vertex 43.5039 372.092 19.5143
    endloop
  endfacet
  facet normal 0.423758 -0.905773 0.00216525
    outer loop
      vertex 45.1218 369.537 19.4378
      vertex 44.773 369.374 19.5143
      vertex 45.7774 369.843 19.1381
    endloop
  endfacet
  facet normal 0.422978 -0.90614 -0.000373859
    outer loop
      vertex 45.7774 369.843 19.1381
      vertex 44.773 369.374 19.5143
      vertex 46.3404 370.106 18.6613
    endloop
  endfacet
  facet normal 0.421998 -0.906355 -0.0209556
    outer loop
      vertex 44.773 369.374 -19.4343
      vertex 12.4403 354.278 -17.6204
      vertex 12.429 354.273 -17.6317
    endloop
  endfacet
  facet normal 0.423064 -0.9061 0.000180667
    outer loop
      vertex 12.4403 354.278 -17.6204
      vertex 44.773 369.374 -19.4343
      vertex 46.3404 370.106 -18.5813
    endloop
  endfacet
  facet normal 0.297495 -0.655474 0.694154
    outer loop
      vertex 22.1761 358.824 -17.5002
      vertex 12.4403 354.278 -17.6204
      vertex 22.1768 358.824 -17.5005
    endloop
  endfacet
  facet normal 0.42305 -0.9061 0.0033304
    outer loop
      vertex 12.4403 354.278 -17.6204
      vertex 22.1761 358.824 -17.5002
      vertex 12.4573 354.286 -17.6033
    endloop
  endfacet
  facet normal 0.423029 -0.906116 -0.000564551
    outer loop
      vertex 46.3404 370.106 -18.5813
      vertex 44.3437 369.173 -17.2651
      vertex 43.9772 369.002 -17.4325
    endloop
  endfacet
  facet normal 0.467028 -0.876246 0.11865
    outer loop
      vertex 46.3404 370.106 -18.5813
      vertex 43.9772 369.002 -17.4325
      vertex 43.9754 369.001 -17.4328
    endloop
  endfacet
  facet normal 0.422407 -0.906403 -0.0022487
    outer loop
      vertex 46.3404 370.106 -18.5813
      vertex 43.9754 369.001 -17.4328
      vertex 43.5094 368.784 -17.5005
    endloop
  endfacet
  facet normal 0.423061 -0.906101 3.59593e-05
    outer loop
      vertex 46.3404 370.106 -18.5813
      vertex 22.1768 358.824 -17.5005
      vertex 12.4403 354.278 -17.6204
    endloop
  endfacet
  facet normal 0.423138 -0.906065 -0.000363293
    outer loop
      vertex 44.3437 369.173 -17.2651
      vertex 46.3404 370.106 -18.5813
      vertex 47.0439 370.434 -17.2365
    endloop
  endfacet
  facet normal 0.423052 -0.906105 -0.000194031
    outer loop
      vertex 22.1768 358.824 -17.5005
      vertex 46.3404 370.106 -18.5813
      vertex 43.5094 368.784 -17.5005
    endloop
  endfacet
  facet normal -0.749635 -0.343621 0.56566
    outer loop
      vertex 12.36 354.241 18.3663
      vertex 11.9343 354.757 18.1156
      vertex 11.95 354.716 18.1115
    endloop
  endfacet
  facet normal -0.754055 -0.352982 0.553899
    outer loop
      vertex 11.9343 354.757 18.1156
      vertex 12.36 354.241 18.3663
      vertex 11.9046 354.833 18.1236
    endloop
  endfacet
  facet normal -0.753173 -0.351623 0.55596
    outer loop
      vertex 12.36 354.241 18.3663
      vertex 11.9616 354.673 18.0998
      vertex 12.0211 354.451 18.04
    endloop
  endfacet
  facet normal -0.75336 -0.351735 0.555636
    outer loop
      vertex 11.9046 354.833 18.1236
      vertex 12.36 354.241 18.3663
      vertex 11.6155 355.574 18.2007
    endloop
  endfacet
  facet normal -0.753983 -0.353968 0.553369
    outer loop
      vertex 11.9616 354.673 18.0998
      vertex 12.36 354.241 18.3663
      vertex 11.95 354.716 18.1115
    endloop
  endfacet
  facet normal -0.753171 -0.351231 0.55621
    outer loop
      vertex 12.36 354.241 18.3663
      vertex 12.0211 354.451 18.04
      vertex 12.1624 354.148 18.04
    endloop
  endfacet
  facet normal -0.813794 -0.37889 0.44066
    outer loop
      vertex 12.1624 354.148 18.04
      vertex 12.049 354.359 18.012
      vertex 12.1187 354.128 17.9421
    endloop
  endfacet
  facet normal -0.552362 0.828543 0.0917243
    outer loop
      vertex 11.0622 356.946 18.3115
      vertex 11.0577 356.943 18.3115
      vertex 11.0908 356.959 18.3663
    endloop
  endfacet
  facet normal -0.681471 -0.318195 0.659051
    outer loop
      vertex 12.5944 354.35 18.6613
      vertex 11.3253 357.068 18.6613
      vertex 12.36 354.241 18.3663
    endloop
  endfacet
  facet normal -0.400601 -0.18705 0.896957
    outer loop
      vertex 12.2072 357.48 19.3116
      vertex 11.8883 357.331 19.1381
      vertex 13.4763 354.762 19.3116
    endloop
  endfacet
  facet normal -0.176584 -0.0824579 0.980826
    outer loop
      vertex 12.8926 357.8 19.5143
      vertex 13.813 354.919 19.4378
      vertex 14.1618 355.082 19.5143
    endloop
  endfacet
  facet normal -0.176627 -0.0824712 0.980817
    outer loop
      vertex 13.813 354.919 19.4378
      vertex 12.8926 357.8 19.5143
      vertex 12.5439 357.637 19.4378
    endloop
  endfacet
  facet normal -0.420639 0.907221 -0.0037321
    outer loop
      vertex 44.8039 372.699 -18.8401
      vertex 44.5082 372.561 -19.0581
      vertex 45.0712 372.824 -18.5813
    endloop
  endfacet
  facet normal -0.4216 0.906782 0.000348179
    outer loop
      vertex 45.6605 373.099 -17.6081
      vertex 45.5032 373.026 -17.96
      vertex 45.7748 373.152 -17.2365
    endloop
  endfacet
  facet normal 0.420293 -0.907387 0.00131674
    outer loop
      vertex 46.7724 370.307 -17.96
      vertex 46.3404 370.106 -18.5813
      vertex 46.5748 370.215 -18.2863
    endloop
  endfacet
  facet normal 0.681471 0.318195 -0.659051
    outer loop
      vertex 46.3404 370.106 -18.5813
      vertex 45.3057 372.933 -18.2863
      vertex 46.5748 370.215 -18.2863
    endloop
  endfacet
  facet normal -0.423262 0.906007 0
    outer loop
      vertex 45.0712 372.824 -18.5813
      vertex 44.1893 372.412 19.3116
      vertex 45.0712 372.824 18.6613
    endloop
  endfacet
  facet normal -0.423262 0.906007 0
    outer loop
      vertex 44.1893 372.412 19.3116
      vertex 45.0712 372.824 -18.5813
      vertex 44.1893 372.412 -19.2316
    endloop
  endfacet
  facet normal -0.422519 0.906354 0
    outer loop
      vertex 45.7748 373.152 -17.2365
      vertex 45.0712 372.824 18.6613
      vertex 45.7748 373.152 17.3165
    endloop
  endfacet
  facet normal -0.422519 0.906354 0
    outer loop
      vertex 45.0712 372.824 18.6613
      vertex 45.7748 373.152 -17.2365
      vertex 45.0712 372.824 -18.5813
    endloop
  endfacet
  facet normal -0.424675 0.905321 0.00675702
    outer loop
      vertex 43.8526 372.255 -19.3578
      vertex 43.5039 372.092 -19.4343
      vertex 44.1893 372.412 -19.2316
    endloop
  endfacet
  facet normal 0.176584 0.0824579 -0.980826
    outer loop
      vertex 44.773 369.374 -19.4343
      vertex 43.8526 372.255 -19.3578
      vertex 45.1218 369.537 -19.3578
    endloop
  endfacet
  facet normal 0.176627 0.0824712 -0.980817
    outer loop
      vertex 43.8526 372.255 -19.3578
      vertex 44.773 369.374 -19.4343
      vertex 43.5039 372.092 -19.4343
    endloop
  endfacet
  facet normal 0.423042 -0.906109 -0.00121897
    outer loop
      vertex 44.773 369.374 -19.4343
      vertex 13.4763 354.762 -19.2316
      vertex 14.5166 355.248 -19.46
    endloop
  endfacet
  facet normal 0.423048 -0.906107 -0.000230029
    outer loop
      vertex 44.773 369.374 -19.4343
      vertex 12.8618 354.475 -18.8401
      vertex 13.4763 354.762 -19.2316
    endloop
  endfacet
  facet normal 0.888791 0.414878 0.194747
    outer loop
      vertex 47.1133 370.466 16.9316
      vertex 45.8441 373.185 16.9316
      vertex 47.0439 370.434 17.3165
    endloop
  endfacet
  facet normal 0.904199 0.42207 0.0654244
    outer loop
      vertex 47.1365 370.477 16.54
      vertex 45.8441 373.185 16.9316
      vertex 47.1133 370.466 16.9316
    endloop
  endfacet
  facet normal 0.420293 -0.907387 -0.00131674
    outer loop
      vertex 46.5748 370.215 18.3663
      vertex 46.3404 370.106 18.6613
      vertex 46.7724 370.307 18.04
    endloop
  endfacet
  facet normal 0.753492 0.351722 0.555465
    outer loop
      vertex 46.7724 370.307 18.04
      vertex 45.5032 373.026 18.04
      vertex 46.5748 370.215 18.3663
    endloop
  endfacet
  facet normal -0.4216 0.906782 -0.000348179
    outer loop
      vertex 45.7748 373.152 17.3165
      vertex 45.5032 373.026 18.04
      vertex 45.6605 373.099 17.6881
    endloop
  endfacet
  facet normal 0.812765 0.3795 0.442033
    outer loop
      vertex 45.6605 373.099 17.6881
      vertex 45.5032 373.026 18.04
      vertex 46.9296 370.381 17.6881
    endloop
  endfacet
  facet normal -0.597445 -0.278984 0.751816
    outer loop
      vertex 11.5926 357.193 18.9201
      vertex 11.3253 357.068 18.6613
      vertex 12.8618 354.475 18.9201
    endloop
  endfacet
  facet normal -0.59735 -0.278917 0.751916
    outer loop
      vertex 12.8618 354.475 18.9201
      vertex 11.3253 357.068 18.6613
      vertex 12.5944 354.35 18.6613
    endloop
  endfacet
  facet normal 0.424031 -0.905638 -0.0042863
    outer loop
      vertex 14.1618 355.082 19.5143
      vertex 13.4763 354.762 19.3116
      vertex 14.5166 355.248 19.54
    endloop
  endfacet
  facet normal -0.291443 -0.136082 0.946859
    outer loop
      vertex 13.813 354.919 19.4378
      vertex 12.5439 357.637 19.4378
      vertex 13.4763 354.762 19.3116
    endloop
  endfacet
  facet normal 0.503428 0.235081 -0.831443
    outer loop
      vertex 45.7774 369.843 -19.0581
      vertex 44.5082 372.561 -19.0581
      vertex 46.073 369.981 -18.8401
    endloop
  endfacet
  facet normal -0.324703 0.941639 0.088786
    outer loop
      vertex 11.1146 356.97 -18.3125
      vertex 11.3253 357.068 -18.5813
      vertex 11.1117 356.969 -18.3125
    endloop
  endfacet
  facet normal -0.429474 0.903049 -0.0074085
    outer loop
      vertex 11.3253 357.068 -18.5813
      vertex 11.1146 356.97 -18.3125
      vertex 11.5926 357.193 -18.8401
    endloop
  endfacet
  facet normal -0.752846 -0.351494 -0.556484
    outer loop
      vertex 11.7811 355.277 -18.1575
      vertex 11.2983 356.515 -18.2863
      vertex 12.36 354.241 -18.2863
    endloop
  endfacet
  facet normal -0.400601 -0.18705 -0.896957
    outer loop
      vertex 13.1574 354.613 -19.0581
      vertex 11.8883 357.331 -19.0581
      vertex 13.4763 354.762 -19.2316
    endloop
  endfacet
  facet normal -0.503435 -0.235066 -0.831443
    outer loop
      vertex 12.8618 354.475 -18.8401
      vertex 11.8883 357.331 -19.0581
      vertex 13.1574 354.613 -19.0581
    endloop
  endfacet
  facet normal 0.0593206 0.0276982 0.997855
    outer loop
      vertex 43.5039 372.092 19.5143
      vertex 44.4182 369.208 19.54
      vertex 44.773 369.374 19.5143
    endloop
  endfacet
  facet normal 0.0593884 0.0277197 0.99785
    outer loop
      vertex 44.4182 369.208 19.54
      vertex 43.5039 372.092 19.5143
      vertex 43.1491 371.927 19.54
    endloop
  endfacet
  facet normal 0.176584 0.0824579 0.980826
    outer loop
      vertex 43.8526 372.255 19.4378
      vertex 44.773 369.374 19.5143
      vertex 45.1218 369.537 19.4378
    endloop
  endfacet
  facet normal 0.176627 0.0824712 0.980817
    outer loop
      vertex 44.773 369.374 19.5143
      vertex 43.8526 372.255 19.4378
      vertex 43.5039 372.092 19.5143
    endloop
  endfacet
  facet normal 0.400595 0.187062 0.896957
    outer loop
      vertex 44.5082 372.561 19.1381
      vertex 45.4585 369.694 19.3116
      vertex 45.7774 369.843 19.1381
    endloop
  endfacet
  facet normal 0.400595 0.187062 0.896957
    outer loop
      vertex 45.4585 369.694 19.3116
      vertex 44.5082 372.561 19.1381
      vertex 44.1893 372.412 19.3116
    endloop
  endfacet
  facet normal 0.503428 0.235081 0.831443
    outer loop
      vertex 46.073 369.981 18.9201
      vertex 44.5082 372.561 19.1381
      vertex 45.7774 369.843 19.1381
    endloop
  endfacet
  facet normal -0.7539 -0.352326 -0.554528
    outer loop
      vertex 12.36 354.241 -18.2863
      vertex 11.935 354.883 -18.1164
      vertex 11.7811 355.277 -18.1575
    endloop
  endfacet
  facet normal -0.755486 -0.354962 -0.550674
    outer loop
      vertex 12.36 354.241 -18.2863
      vertex 11.9611 354.803 -18.1013
      vertex 11.95 354.844 -18.1125
    endloop
  endfacet
  facet normal -0.752643 -0.350797 -0.557198
    outer loop
      vertex 11.9611 354.803 -18.1013
      vertex 12.36 354.241 -18.2863
      vertex 11.9844 354.716 -18.078
    endloop
  endfacet
  facet normal -0.747252 -0.344247 -0.568426
    outer loop
      vertex 11.935 354.883 -18.1164
      vertex 12.36 354.241 -18.2863
      vertex 11.95 354.844 -18.1125
    endloop
  endfacet
  facet normal -0.753167 -0.3518 -0.555856
    outer loop
      vertex 11.9844 354.716 -18.078
      vertex 12.36 354.241 -18.2863
      vertex 12.1019 354.278 -17.96
    endloop
  endfacet
  facet normal -0.753447 -0.350643 -0.556208
    outer loop
      vertex 12.1019 354.278 -17.96
      vertex 12.36 354.241 -18.2863
      vertex 12.1624 354.148 -17.96
    endloop
  endfacet
  facet normal 0.42402 -0.905653 3.10516e-05
    outer loop
      vertex 12.36 354.241 -18.2863
      vertex 12.1891 354.161 -17.8725
      vertex 12.1592 354.147 -17.9025
    endloop
  endfacet
  facet normal 0.421512 -0.906822 -0.00123103
    outer loop
      vertex 12.1891 354.161 -17.8725
      vertex 12.36 354.241 -18.2863
      vertex 12.8618 354.475 -18.8401
    endloop
  endfacet
  facet normal -0.423515 0.905889 0.000771431
    outer loop
      vertex 11.2813 357.048 18.2898
      vertex 11.5926 357.193 18.9201
      vertex 12.2072 357.48 19.3116
    endloop
  endfacet
  facet normal -0.317578 0.944914 -0.079261
    outer loop
      vertex 11.5926 357.193 18.9201
      vertex 11.2032 357.011 18.3106
      vertex 11.2 357.01 18.3115
    endloop
  endfacet
  facet normal -0.42745 0.904033 0.00314212
    outer loop
      vertex 11.5926 357.193 18.9201
      vertex 11.2813 357.048 18.2898
      vertex 11.2032 357.011 18.3106
    endloop
  endfacet
  facet normal -0.417164 0.908822 -0.00416655
    outer loop
      vertex 11.5926 357.193 18.9201
      vertex 11.2 357.01 18.3115
      vertex 11.1695 356.996 18.3115
    endloop
  endfacet
  facet normal -0.815255 -0.380183 0.43683
    outer loop
      vertex 12.1624 354.148 18.04
      vertex 12.0211 354.451 18.04
      vertex 12.049 354.359 18.012
    endloop
  endfacet
  facet normal -0.0593198 -0.0277 0.997855
    outer loop
      vertex 13.2474 357.966 19.54
      vertex 14.1618 355.082 19.5143
      vertex 14.5166 355.248 19.54
    endloop
  endfacet
  facet normal -0.0593198 -0.0277 0.997855
    outer loop
      vertex 14.1618 355.082 19.5143
      vertex 13.2474 357.966 19.54
      vertex 12.8926 357.8 19.5143
    endloop
  endfacet
  facet normal -0.75213 -0.352066 0.557091
    outer loop
      vertex 11.2 356.639 18.3115
      vertex 11.0908 356.959 18.3663
      vertex 11.0577 356.943 18.3115
    endloop
  endfacet
  facet normal -0.827579 -0.356647 0.433494
    outer loop
      vertex 11.2053 356.625 18.3101
      vertex 11.0908 356.959 18.3663
      vertex 11.2 356.639 18.3115
    endloop
  endfacet
  facet normal -0.753586 -0.351914 0.555215
    outer loop
      vertex 12.36 354.241 18.3663
      vertex 11.2053 356.625 18.3101
      vertex 11.6155 355.574 18.2007
    endloop
  endfacet
  facet normal -0.753261 -0.351744 0.555764
    outer loop
      vertex 11.2053 356.625 18.3101
      vertex 12.36 354.241 18.3663
      vertex 11.0908 356.959 18.3663
    endloop
  endfacet
  facet normal -0.681358 -0.318168 0.659182
    outer loop
      vertex 11.3253 357.068 18.6613
      vertex 11.0908 356.959 18.3663
      vertex 12.36 354.241 18.3663
    endloop
  endfacet
  facet normal 0.597445 0.278984 -0.751816
    outer loop
      vertex 46.3404 370.106 -18.5813
      vertex 44.8039 372.699 -18.8401
      vertex 45.0712 372.824 -18.5813
    endloop
  endfacet
  facet normal 0.59735 0.278917 -0.751916
    outer loop
      vertex 46.073 369.981 -18.8401
      vertex 44.8039 372.699 -18.8401
      vertex 46.3404 370.106 -18.5813
    endloop
  endfacet
  facet normal -0.291443 -0.136082 -0.946859
    outer loop
      vertex 13.4763 354.762 -19.2316
      vertex 12.2072 357.48 -19.2316
      vertex 12.5439 357.637 -19.3578
    endloop
  endfacet
  facet normal -0.424675 0.905321 -0.00675702
    outer loop
      vertex 12.5439 357.637 -19.3578
      vertex 12.2072 357.48 -19.2316
      vertex 12.8926 357.8 -19.4343
    endloop
  endfacet
  facet normal 0.753098 0.35164 0.556051
    outer loop
      vertex 45.5032 373.026 18.04
      vertex 45.3057 372.933 18.3663
      vertex 46.5748 370.215 18.3663
    endloop
  endfacet
  facet normal 0.681471 0.318195 0.659051
    outer loop
      vertex 46.5748 370.215 18.3663
      vertex 45.3057 372.933 18.3663
      vertex 46.3404 370.106 18.6613
    endloop
  endfacet
  facet normal -0.424368 0.905488 0.00192097
    outer loop
      vertex 11.1695 356.996 18.3115
      vertex 11.0908 356.959 18.3663
      vertex 11.5926 357.193 18.9201
    endloop
  endfacet
  facet normal -0.422371 0.906407 0.00541066
    outer loop
      vertex 11.0908 356.959 18.3663
      vertex 11.1695 356.996 18.3115
      vertex 11.0622 356.946 18.3115
    endloop
  endfacet
  facet normal -0.430559 0.90252 0.00878428
    outer loop
      vertex 11.5926 357.193 18.9201
      vertex 11.0908 356.959 18.3663
      vertex 11.3253 357.068 18.6613
    endloop
  endfacet
  facet normal 0.424437 -0.905438 -0.00597477
    outer loop
      vertex 13.813 354.919 19.4378
      vertex 13.4763 354.762 19.3116
      vertex 14.1618 355.082 19.5143
    endloop
  endfacet
  facet normal 0.423758 -0.905773 -0.00216525
    outer loop
      vertex 45.7774 369.843 -19.0581
      vertex 44.773 369.374 -19.4343
      vertex 45.1218 369.537 -19.3578
    endloop
  endfacet
  facet normal 0.421546 -0.906804 -0.00243035
    outer loop
      vertex 46.073 369.981 18.9201
      vertex 45.7774 369.843 19.1381
      vertex 46.3404 370.106 18.6613
    endloop
  endfacet
  facet normal -0.420639 0.907221 0.0037321
    outer loop
      vertex 45.0712 372.824 18.6613
      vertex 44.5082 372.561 19.1381
      vertex 44.8039 372.699 18.9201
    endloop
  endfacet
  facet normal 0.59735 0.278917 0.751916
    outer loop
      vertex 46.3404 370.106 18.6613
      vertex 44.8039 372.699 18.9201
      vertex 46.073 369.981 18.9201
    endloop
  endfacet
  facet normal 0.503338 0.235021 0.831514
    outer loop
      vertex 44.8039 372.699 18.9201
      vertex 44.5082 372.561 19.1381
      vertex 46.073 369.981 18.9201
    endloop
  endfacet
  facet normal 0.421047 -0.907025 -0.00504117
    outer loop
      vertex 45.4585 369.694 19.3116
      vertex 45.1218 369.537 19.4378
      vertex 45.7774 369.843 19.1381
    endloop
  endfacet
  facet normal 0.291439 0.136091 0.946859
    outer loop
      vertex 44.1893 372.412 19.3116
      vertex 45.1218 369.537 19.4378
      vertex 45.4585 369.694 19.3116
    endloop
  endfacet
  facet normal 0.291439 0.136091 0.946859
    outer loop
      vertex 45.1218 369.537 19.4378
      vertex 44.1893 372.412 19.3116
      vertex 43.8526 372.255 19.4378
    endloop
  endfacet
  facet normal -0.682191 -0.317039 -0.658864
    outer loop
      vertex 11.3253 357.068 -18.5813
      vertex 11.2 356.779 -18.3125
      vertex 11.1117 356.969 -18.3125
    endloop
  endfacet
  facet normal -0.67854 -0.320546 -0.660933
    outer loop
      vertex 11.3253 357.068 -18.5813
      vertex 11.2045 356.767 -18.3113
      vertex 11.2 356.779 -18.3125
    endloop
  endfacet
  facet normal -0.675806 -0.323057 -0.66251
    outer loop
      vertex 11.3253 357.068 -18.5813
      vertex 11.214 356.742 -18.3088
      vertex 11.2045 356.767 -18.3113
    endloop
  endfacet
  facet normal -0.68132 -0.318351 -0.659132
    outer loop
      vertex 11.3253 357.068 -18.5813
      vertex 11.2983 356.515 -18.2863
      vertex 11.214 356.742 -18.3088
    endloop
  endfacet
  facet normal -0.681587 -0.318224 -0.658918
    outer loop
      vertex 11.2983 356.515 -18.2863
      vertex 11.3253 357.068 -18.5813
      vertex 12.36 354.241 -18.2863
    endloop
  endfacet
  facet normal -0.681471 -0.318195 -0.659051
    outer loop
      vertex 12.36 354.241 -18.2863
      vertex 11.3253 357.068 -18.5813
      vertex 12.5944 354.35 -18.5813
    endloop
  endfacet
  facet normal -0.424675 0.905321 0.00675702
    outer loop
      vertex 12.8926 357.8 19.5143
      vertex 12.2072 357.48 19.3116
      vertex 12.5439 357.637 19.4378
    endloop
  endfacet
  facet normal -0.291443 -0.136082 0.946859
    outer loop
      vertex 12.5439 357.637 19.4378
      vertex 12.2072 357.48 19.3116
      vertex 13.4763 354.762 19.3116
    endloop
  endfacet
  facet normal -0.0593198 -0.0277 -0.997855
    outer loop
      vertex 14.1618 355.082 -19.4343
      vertex 13.2474 357.966 -19.46
      vertex 14.5166 355.248 -19.46
    endloop
  endfacet
  facet normal -0.0593198 -0.0277 -0.997855
    outer loop
      vertex 13.2474 357.966 -19.46
      vertex 14.1618 355.082 -19.4343
      vertex 12.8926 357.8 -19.4343
    endloop
  endfacet
  facet normal -0.291443 -0.136082 -0.946859
    outer loop
      vertex 13.4763 354.762 -19.2316
      vertex 12.5439 357.637 -19.3578
      vertex 13.813 354.919 -19.3578
    endloop
  endfacet
  facet normal 0.400595 0.187062 -0.896957
    outer loop
      vertex 45.4585 369.694 -19.2316
      vertex 44.5082 372.561 -19.0581
      vertex 45.7774 369.843 -19.0581
    endloop
  endfacet
  facet normal 0.400595 0.187062 -0.896957
    outer loop
      vertex 44.5082 372.561 -19.0581
      vertex 45.4585 369.694 -19.2316
      vertex 44.1893 372.412 -19.2316
    endloop
  endfacet
  facet normal 0.421047 -0.907025 0.00504117
    outer loop
      vertex 45.7774 369.843 -19.0581
      vertex 45.1218 369.537 -19.3578
      vertex 45.4585 369.694 -19.2316
    endloop
  endfacet
  facet normal 0.424031 -0.905638 0.0042863
    outer loop
      vertex 14.5166 355.248 -19.46
      vertex 13.4763 354.762 -19.2316
      vertex 14.1618 355.082 -19.4343
    endloop
  endfacet
  facet normal 0.424437 -0.905438 0.00597477
    outer loop
      vertex 14.1618 355.082 -19.4343
      vertex 13.4763 354.762 -19.2316
      vertex 13.813 354.919 -19.3578
    endloop
  endfacet
  facet normal 0 0 -1
    outer loop
      vertex 37.5081 365.973 16.04
      vertex 37.7124 369.388 16.04
      vertex 38.9852 366.662 16.04
    endloop
  endfacet
  facet normal 0 0 -1
    outer loop
      vertex 30.8578 362.872 16.04
      vertex 37.7124 369.388 16.04
      vertex 37.5081 365.973 16.04
    endloop
  endfacet
  facet normal -0 0 -1
    outer loop
      vertex 30.8578 362.872 16.04
      vertex 21.4766 361.808 16.04
      vertex 37.7124 369.388 16.04
    endloop
  endfacet
  facet normal 0 0 -1
    outer loop
      vertex 21.3893 358.456 16.04
      vertex 21.4766 361.808 16.04
      vertex 30.8578 362.872 16.04
    endloop
  endfacet
  facet normal 0 0 -1
    outer loop
      vertex 18.6835 360.505 16.04
      vertex 21.3893 358.456 16.04
      vertex 19.9532 357.786 16.04
    endloop
  endfacet
  facet normal 0 0 -1
    outer loop
      vertex 21.3893 358.456 16.04
      vertex 18.6835 360.505 16.04
      vertex 21.4766 361.808 16.04
    endloop
  endfacet
  facet normal 0 0 1
    outer loop
      vertex 37.7124 369.388 -15.96
      vertex 37.1212 365.793 -15.96
      vertex 38.9852 366.662 -15.96
    endloop
  endfacet
  facet normal 0 0 1
    outer loop
      vertex 37.7124 369.388 -15.96
      vertex 30.7431 362.819 -15.96
      vertex 37.1212 365.793 -15.96
    endloop
  endfacet
  facet normal 0 0 1
    outer loop
      vertex 22.0787 362.089 -15.96
      vertex 30.7431 362.819 -15.96
      vertex 37.7124 369.388 -15.96
    endloop
  endfacet
  facet normal -0 0 1
    outer loop
      vertex 22.0787 362.089 -15.96
      vertex 21.5928 358.551 -15.96
      vertex 30.7431 362.819 -15.96
    endloop
  endfacet
  facet normal -0 0 1
    outer loop
      vertex 18.6834 360.506 -15.96
      vertex 21.5928 358.551 -15.96
      vertex 22.0787 362.089 -15.96
    endloop
  endfacet
  facet normal 0 0 1
    outer loop
      vertex 21.5928 358.551 -15.96
      vertex 18.6834 360.506 -15.96
      vertex 19.9532 357.786 -15.96
    endloop
  endfacet
  facet normal 0.906097 0.42307 -0.000438151
    outer loop
      vertex 19.9532 357.786 -10.6299
      vertex 18.6836 360.505 -10.7507
      vertex 18.6837 360.505 -10.5439
    endloop
  endfacet
  facet normal 0.906089 0.423086 0
    outer loop
      vertex 18.6836 360.505 -10.7507
      vertex 19.9532 357.786 -10.6299
      vertex 18.6836 360.505 -10.9506
    endloop
  endfacet
  facet normal 0.906115 0.423031 0
    outer loop
      vertex 19.9532 357.786 -13.9575
      vertex 18.6838 360.505 -13.4602
      vertex 18.6838 360.505 -13.2647
    endloop
  endfacet
  facet normal 0.906086 0.423094 7.831e-05
    outer loop
      vertex 18.6836 360.505 -10.9506
      vertex 19.9532 357.786 -10.6299
      vertex 18.6838 360.505 -13.2647
    endloop
  endfacet
  facet normal 0.906089 0.423087 -0.00107996
    outer loop
      vertex 19.9532 357.786 -10.6299
      vertex 18.6837 360.505 -10.5439
      vertex 18.6838 360.505 -10.46
    endloop
  endfacet
  facet normal 0.906115 0.423031 0
    outer loop
      vertex 19.9532 357.786 -13.9575
      vertex 18.6838 360.505 -13.8335
      vertex 18.6838 360.505 -13.6558
    endloop
  endfacet
  facet normal 0.906115 0.423031 -0
    outer loop
      vertex 19.9532 357.786 -13.9575
      vertex 18.6838 360.505 -13.2647
      vertex 19.9532 357.786 -10.6299
    endloop
  endfacet
  facet normal 0.906115 0.423031 0
    outer loop
      vertex 18.6838 360.505 -13.4602
      vertex 19.9532 357.786 -13.9575
      vertex 18.6838 360.505 -13.6558
    endloop
  endfacet
  facet normal 0.906111 0.423035 -0.00200533
    outer loop
      vertex 19.9535 357.785 -10.5429
      vertex 18.6838 360.505 -10.46
      vertex 19.9532 357.786 -10.4675
    endloop
  endfacet
  facet normal 0.906115 0.423031 -0
    outer loop
      vertex 19.9532 357.786 -10.4675
      vertex 18.6838 360.505 -10.46
      vertex 19.9532 357.786 -10.46
    endloop
  endfacet
  facet normal 0.906131 0.422997 -0.000351145
    outer loop
      vertex 19.9532 357.786 -13.9941
      vertex 18.6832 360.506 -14.6582
      vertex 18.6834 360.506 -14.1421
    endloop
  endfacet
  facet normal 0.906023 0.423206 0.00441156
    outer loop
      vertex 19.9532 357.786 -13.9941
      vertex 18.6834 360.506 -14.1421
      vertex 18.6841 360.504 -14.094
    endloop
  endfacet
  facet normal 0.906073 0.423115 -0.00226968
    outer loop
      vertex 18.6838 360.505 -13.8335
      vertex 19.9532 357.786 -13.9575
      vertex 18.6839 360.504 -13.98
    endloop
  endfacet
  facet normal 0.906068 0.423132 -0
    outer loop
      vertex 19.9532 357.786 -13.9941
      vertex 18.6839 360.504 -13.98
      vertex 19.9532 357.786 -13.9575
    endloop
  endfacet
  facet normal 0.90607 0.423115 0.00339989
    outer loop
      vertex 18.6839 360.504 -13.98
      vertex 19.9532 357.786 -13.9941
      vertex 18.6841 360.504 -14.0333
    endloop
  endfacet
  facet normal 0.906094 0.423077 0
    outer loop
      vertex 18.6841 360.504 -14.0333
      vertex 19.9532 357.786 -13.9941
      vertex 18.6841 360.504 -14.094
    endloop
  endfacet
  facet normal 0.906098 0.423068 0
    outer loop
      vertex 18.6832 360.506 -14.6582
      vertex 19.9532 357.786 -13.9941
      vertex 19.9532 357.786 -15.96
    endloop
  endfacet
  facet normal 0.906124 0.423013 0.000139211
    outer loop
      vertex 18.6832 360.506 -14.6582
      vertex 19.9532 357.786 -15.96
      vertex 18.6834 360.506 -15.96
    endloop
  endfacet
  facet normal 0 1 0
    outer loop
      vertex 19.9532 357.786 -13.9575
      vertex 19.9534 357.786 -13.9799
      vertex 19.9532 357.786 -13.9941
    endloop
  endfacet
  facet normal 0.906155 0.422942 0.00173673
    outer loop
      vertex 18.6838 360.505 -10.46
      vertex 19.9535 357.785 -10.5429
      vertex 19.9532 357.786 -10.6299
    endloop
  endfacet
  facet normal 0.906077 0.423113 0
    outer loop
      vertex 19.9532 357.786 16.04
      vertex 18.6835 360.505 14.7823
      vertex 18.6835 360.505 16.04
    endloop
  endfacet
  facet normal 0.906019 0.423238 0.000327615
    outer loop
      vertex 18.6835 360.505 14.7823
      vertex 19.9532 357.786 16.04
      vertex 18.6837 360.505 14.2292
    endloop
  endfacet
  facet normal 0.906094 0.423077 0
    outer loop
      vertex 18.6841 360.504 14.1764
      vertex 19.9532 357.786 16.04
      vertex 18.6841 360.504 14.1645
    endloop
  endfacet
  facet normal 0.906391 0.422438 -0.00113413
    outer loop
      vertex 18.6837 360.505 14.2292
      vertex 19.9532 357.786 16.04
      vertex 18.6841 360.504 14.1764
    endloop
  endfacet
  facet normal 0.906102 0.423059 0
    outer loop
      vertex 19.9532 357.786 16.04
      vertex 18.6837 360.505 13.9074
      vertex 18.6837 360.505 14.0624
    endloop
  endfacet
  facet normal 0.905935 0.423416 0.00059786
    outer loop
      vertex 19.9532 357.786 16.04
      vertex 18.6837 360.505 14.0624
      vertex 18.6841 360.504 14.1645
    endloop
  endfacet
  facet normal 0.980581 0.196116 -0
    outer loop
      vertex 18.6837 360.505 13.7165
      vertex 18.6837 360.505 13.9074
      vertex 18.6839 360.504 13.5066
    endloop
  endfacet
  facet normal 0.906087 0.423091 -3.92688e-05
    outer loop
      vertex 19.9532 357.786 10.5852
      vertex 18.6836 360.505 10.9905
      vertex 18.6837 360.505 13.2979
    endloop
  endfacet
  facet normal 0.906089 0.423086 0
    outer loop
      vertex 18.6836 360.505 10.9905
      vertex 19.9532 357.786 10.5852
      vertex 18.6836 360.505 10.7727
    endloop
  endfacet
  facet normal 0.905651 0.424022 0.00116383
    outer loop
      vertex 19.9532 357.786 16.04
      vertex 18.6837 360.505 13.2979
      vertex 18.6839 360.504 13.5066
    endloop
  endfacet
  facet normal 0.906283 0.422671 -0.000602331
    outer loop
      vertex 18.6837 360.505 13.9074
      vertex 19.9532 357.786 16.04
      vertex 18.6839 360.504 13.5066
    endloop
  endfacet
  facet normal 0.906102 0.423059 0
    outer loop
      vertex 18.6837 360.505 13.2979
      vertex 19.9532 357.786 16.04
      vertex 19.9532 357.786 10.5852
    endloop
  endfacet
  facet normal 0.906089 0.423086 0
    outer loop
      vertex 18.6836 360.505 10.7727
      vertex 19.9532 357.786 10.5852
      vertex 18.6836 360.505 10.54
    endloop
  endfacet
  facet normal 0.90607 0.42312 0.00255231
    outer loop
      vertex 19.9533 357.786 10.5497
      vertex 18.6836 360.505 10.54
      vertex 19.9532 357.786 10.5852
    endloop
  endfacet
  facet normal 0.906077 0.423113 0
    outer loop
      vertex 18.6836 360.505 10.54
      vertex 19.9533 357.786 10.5497
      vertex 19.9533 357.786 10.54
    endloop
  endfacet
  facet normal -0 0 0
    outer loop
      vertex 18.6836 360.505 10.5507
      vertex 18.6836 360.505 10.7727
      vertex 18.6836 360.505 10.54
    endloop
  endfacet
  facet normal -0.906107 -0.423049 -0
    outer loop
      vertex 38.9856 366.661 -13.5014
      vertex 37.7124 369.388 -15.96
      vertex 38.9856 366.661 -13.7054
    endloop
  endfacet
  facet normal -0.906098 -0.423067 -0.000866665
    outer loop
      vertex 37.7124 369.388 -10.46
      vertex 38.9854 366.662 -10.6701
      vertex 38.9852 366.662 -10.461
    endloop
  endfacet
  facet normal -0.906107 -0.423049 -0
    outer loop
      vertex 38.9856 366.661 -13.2972
      vertex 37.7124 369.388 -15.96
      vertex 38.9856 366.661 -13.5014
    endloop
  endfacet
  facet normal -0.906107 -0.423049 0
    outer loop
      vertex 37.7124 369.388 -15.96
      vertex 38.9856 366.661 -13.2972
      vertex 37.7124 369.388 -10.46
    endloop
  endfacet
  facet normal -0.906107 -0.423049 -0
    outer loop
      vertex 38.9856 366.661 -10.8767
      vertex 37.7124 369.388 -10.46
      vertex 38.9856 366.661 -13.2972
    endloop
  endfacet
  facet normal -0.906037 -0.423196 0.00117129
    outer loop
      vertex 37.7124 369.388 -10.46
      vertex 38.9856 366.661 -10.8767
      vertex 38.9854 366.662 -10.6701
    endloop
  endfacet
  facet normal -0.905629 -0.424068 -0.00160889
    outer loop
      vertex 38.9852 366.662 -13.8927
      vertex 37.7124 369.388 -15.96
      vertex 38.985 366.663 -14.0437
    endloop
  endfacet
  facet normal -0.906651 -0.421875 0.00218876
    outer loop
      vertex 37.7124 369.388 -15.96
      vertex 38.9852 366.662 -14.1536
      vertex 38.985 366.663 -14.0437
    endloop
  endfacet
  facet normal -0.906098 -0.423067 -0
    outer loop
      vertex 38.9852 366.662 -15.9185
      vertex 37.7124 369.388 -15.96
      vertex 38.9852 366.662 -15.96
    endloop
  endfacet
  facet normal -0.906098 -0.423067 0
    outer loop
      vertex 37.7124 369.388 -15.96
      vertex 38.9852 366.662 -15.9185
      vertex 38.9852 366.662 -14.1536
    endloop
  endfacet
  facet normal -0.906004 -0.42327 -0.000324977
    outer loop
      vertex 38.9856 366.661 -13.7054
      vertex 37.7124 369.388 -15.96
      vertex 38.9852 366.662 -13.8927
    endloop
  endfacet
  facet normal -0.906098 -0.423067 0
    outer loop
      vertex 37.7124 369.388 -10.46
      vertex 38.9852 366.662 -10.461
      vertex 38.9852 366.662 -10.46
    endloop
  endfacet
  facet normal -0.906073 -0.423122 0
    outer loop
      vertex 38.9854 366.662 13.2861
      vertex 37.7124 369.388 16.04
      vertex 37.7124 369.388 10.54
    endloop
  endfacet
  facet normal -0.906099 -0.423065 -5.15532e-05
    outer loop
      vertex 37.7124 369.388 16.04
      vertex 38.9853 366.662 14.1465
      vertex 38.9852 366.662 15.9041
    endloop
  endfacet
  facet normal -0.906073 -0.423122 0
    outer loop
      vertex 37.7124 369.388 16.04
      vertex 38.9854 366.662 13.8845
      vertex 38.9854 366.662 14.0377
    endloop
  endfacet
  facet normal -0.906073 -0.423122 0
    outer loop
      vertex 37.7124 369.388 16.04
      vertex 38.9854 366.662 13.2861
      vertex 38.9854 366.662 13.4935
    endloop
  endfacet
  facet normal -0.906119 -0.423022 -0
    outer loop
      vertex 38.9855 366.661 10.9261
      vertex 37.7124 369.388 10.54
      vertex 38.9855 366.661 10.7182
    endloop
  endfacet
  facet normal -0.906119 -0.423022 -0
    outer loop
      vertex 38.9855 366.661 10.7182
      vertex 37.7124 369.388 10.54
      vertex 38.9855 366.661 10.54
    endloop
  endfacet
  facet normal -0.906098 -0.423067 0
    outer loop
      vertex 37.7124 369.388 16.04
      vertex 38.9852 366.662 15.9041
      vertex 38.9852 366.662 16.04
    endloop
  endfacet
  facet normal -0.906307 -0.422619 -0.000833003
    outer loop
      vertex 37.7124 369.388 16.04
      vertex 38.9854 366.662 14.0377
      vertex 38.9853 366.662 14.1465
    endloop
  endfacet
  facet normal -0.906073 -0.423122 0
    outer loop
      vertex 37.7124 369.388 16.04
      vertex 38.9854 366.662 13.4935
      vertex 38.9854 366.662 13.6975
    endloop
  endfacet
  facet normal -0.906073 -0.423122 0
    outer loop
      vertex 37.7124 369.388 16.04
      vertex 38.9854 366.662 13.6975
      vertex 38.9854 366.662 13.8845
    endloop
  endfacet
  facet normal -0.906127 -0.423006 0.000140844
    outer loop
      vertex 37.7124 369.388 10.54
      vertex 38.9855 366.661 10.9261
      vertex 38.9854 366.662 13.2861
    endloop
  endfacet
  facet normal 0 0 -1
    outer loop
      vertex 19.8856 357.754 10.54
      vertex 18.6836 360.505 10.54
      vertex 19.9533 357.786 10.54
    endloop
  endfacet
  facet normal 0 0 -1
    outer loop
      vertex 19.8856 357.754 10.54
      vertex 18.4955 360.417 10.54
      vertex 18.6836 360.505 10.54
    endloop
  endfacet
  facet normal 0 0 -1
    outer loop
      vertex 19.8856 357.754 10.54
      vertex 18.304 360.328 10.54
      vertex 18.4955 360.417 10.54
    endloop
  endfacet
  facet normal 0 0 -1
    outer loop
      vertex 19.8856 357.754 10.54
      vertex 18.1372 360.25 10.54
      vertex 18.304 360.328 10.54
    endloop
  endfacet
  facet normal 0 0 -1
    outer loop
      vertex 19.8856 357.754 10.54
      vertex 18.0158 360.194 10.54
      vertex 18.1372 360.25 10.54
    endloop
  endfacet
  facet normal 0 0 -1
    outer loop
      vertex 19.8856 357.754 10.54
      vertex 17.9503 360.162 10.54
      vertex 18.0158 360.194 10.54
    endloop
  endfacet
  facet normal 0 0 -1
    outer loop
      vertex 19.8856 357.754 10.54
      vertex 16.1747 359.334 10.54
      vertex 17.9503 360.162 10.54
    endloop
  endfacet
  facet normal 0 0 -1
    outer loop
      vertex 14.9696 355.459 10.54
      vertex 16.1747 359.334 10.54
      vertex 19.8856 357.754 10.54
    endloop
  endfacet
  facet normal 0 0 -1
    outer loop
      vertex 16.1747 359.334 10.54
      vertex 14.9696 355.459 10.54
      vertex 15.5728 359.053 10.54
    endloop
  endfacet
  facet normal 0 0 -1
    outer loop
      vertex 15.5728 359.053 10.54
      vertex 14.9696 355.459 10.54
      vertex 15.5579 359.046 10.54
    endloop
  endfacet
  facet normal 0 0 -1
    outer loop
      vertex 15.5579 359.046 10.54
      vertex 14.9696 355.459 10.54
      vertex 15.3823 358.966 10.54
    endloop
  endfacet
  facet normal 0 0 -1
    outer loop
      vertex 14.9696 355.459 10.54
      vertex 14.7413 358.667 10.54
      vertex 15.3823 358.966 10.54
    endloop
  endfacet
  facet normal 0 -0 -1
    outer loop
      vertex 14.7413 358.667 10.54
      vertex 14.9696 355.459 10.54
      vertex 13.6987 358.181 10.54
    endloop
  endfacet
  facet normal 0 0 -1
    outer loop
      vertex 42.3563 368.233 10.54
      vertex 42.696 371.715 10.54
      vertex 43.9702 368.986 10.54
    endloop
  endfacet
  facet normal 0 0 -1
    outer loop
      vertex 42.3397 368.225 10.54
      vertex 42.696 371.715 10.54
      vertex 42.3563 368.233 10.54
    endloop
  endfacet
  facet normal 0 0 -1
    outer loop
      vertex 42.168 368.145 10.54
      vertex 42.696 371.715 10.54
      vertex 42.3397 368.225 10.54
    endloop
  endfacet
  facet normal 0 0 -1
    outer loop
      vertex 37.7124 369.388 10.54
      vertex 42.168 368.145 10.54
      vertex 39.757 367.021 10.54
    endloop
  endfacet
  facet normal 0 0 -1
    outer loop
      vertex 37.7124 369.388 10.54
      vertex 39.757 367.021 10.54
      vertex 39.6923 366.991 10.54
    endloop
  endfacet
  facet normal 0 0 -1
    outer loop
      vertex 37.7124 369.388 10.54
      vertex 39.6923 366.991 10.54
      vertex 39.5733 366.935 10.54
    endloop
  endfacet
  facet normal 0 0 -1
    outer loop
      vertex 37.7124 369.388 10.54
      vertex 39.5733 366.935 10.54
      vertex 39.4084 366.859 10.54
    endloop
  endfacet
  facet normal 0 0 -1
    outer loop
      vertex 37.7124 369.388 10.54
      vertex 39.4084 366.859 10.54
      vertex 39.2169 366.77 10.54
    endloop
  endfacet
  facet normal 0 0 -1
    outer loop
      vertex 37.7124 369.388 10.54
      vertex 39.2169 366.77 10.54
      vertex 39.0196 366.677 10.54
    endloop
  endfacet
  facet normal 0 0 -1
    outer loop
      vertex 37.7124 369.388 10.54
      vertex 39.0196 366.677 10.54
      vertex 38.9855 366.661 10.54
    endloop
  endfacet
  facet normal 0 0 -1
    outer loop
      vertex 42.168 368.145 10.54
      vertex 37.7124 369.388 10.54
      vertex 42.696 371.715 10.54
    endloop
  endfacet
  facet normal -0.906098 -0.423067 -0
    outer loop
      vertex 43.9702 368.986 2.28878
      vertex 42.696 371.715 -10.46
      vertex 43.9702 368.986 -10.46
    endloop
  endfacet
  facet normal -0.906098 -0.423067 0
    outer loop
      vertex 42.696 371.715 -10.46
      vertex 43.9702 368.986 2.28878
      vertex 42.696 371.715 10.54
    endloop
  endfacet
  facet normal -0.906098 -0.423067 0
    outer loop
      vertex 42.696 371.715 10.54
      vertex 43.9702 368.986 2.28878
      vertex 43.9702 368.986 10.54
    endloop
  endfacet
  facet normal -0 0 1
    outer loop
      vertex 18.5788 360.455 -10.46
      vertex 19.9532 357.786 -10.46
      vertex 18.6838 360.505 -10.46
    endloop
  endfacet
  facet normal -0 0 1
    outer loop
      vertex 18.4029 360.375 -10.46
      vertex 19.9532 357.786 -10.46
      vertex 18.5788 360.455 -10.46
    endloop
  endfacet
  facet normal -0 0 1
    outer loop
      vertex 18.2538 360.305 -10.46
      vertex 19.9532 357.786 -10.46
      vertex 18.4029 360.375 -10.46
    endloop
  endfacet
  facet normal -0 0 1
    outer loop
      vertex 18.1421 360.252 -10.46
      vertex 19.9532 357.786 -10.46
      vertex 18.2538 360.305 -10.46
    endloop
  endfacet
  facet normal -0 0 1
    outer loop
      vertex 18.0843 360.226 -10.46
      vertex 19.9532 357.786 -10.46
      vertex 18.1421 360.252 -10.46
    endloop
  endfacet
  facet normal -0 0 1
    outer loop
      vertex 15.6409 359.087 -10.46
      vertex 19.9532 357.786 -10.46
      vertex 18.0843 360.226 -10.46
    endloop
  endfacet
  facet normal 0 0 1
    outer loop
      vertex 14.9696 355.459 -10.46
      vertex 15.6409 359.087 -10.46
      vertex 15.477 359.01 -10.46
    endloop
  endfacet
  facet normal 0 0 1
    outer loop
      vertex 14.9696 355.459 -10.46
      vertex 15.477 359.01 -10.46
      vertex 15.4595 359.002 -10.46
    endloop
  endfacet
  facet normal 0 0 1
    outer loop
      vertex 14.9696 355.459 -10.46
      vertex 15.4595 359.002 -10.46
      vertex 15.0048 358.79 -10.46
    endloop
  endfacet
  facet normal 0 0 1
    outer loop
      vertex 15.6409 359.087 -10.46
      vertex 14.9696 355.459 -10.46
      vertex 19.9532 357.786 -10.46
    endloop
  endfacet
  facet normal 0 -0 1
    outer loop
      vertex 14.9696 355.459 -10.46
      vertex 15.0048 358.79 -10.46
      vertex 13.6987 358.181 -10.46
    endloop
  endfacet
  facet normal 0 0 1
    outer loop
      vertex 42.696 371.715 -10.46
      vertex 42.6618 368.376 -10.46
      vertex 43.9702 368.986 -10.46
    endloop
  endfacet
  facet normal 0 0 1
    outer loop
      vertex 42.696 371.715 -10.46
      vertex 42.4154 368.261 -10.46
      vertex 42.6618 368.376 -10.46
    endloop
  endfacet
  facet normal 0 0 1
    outer loop
      vertex 42.696 371.715 -10.46
      vertex 42.2439 368.181 -10.46
      vertex 42.4154 368.261 -10.46
    endloop
  endfacet
  facet normal 0 0 1
    outer loop
      vertex 42.696 371.715 -10.46
      vertex 42.2278 368.173 -10.46
      vertex 42.2439 368.181 -10.46
    endloop
  endfacet
  facet normal 0 0 1
    outer loop
      vertex 42.696 371.715 -10.46
      vertex 41.5887 367.875 -10.46
      vertex 42.2278 368.173 -10.46
    endloop
  endfacet
  facet normal -0 0 1
    outer loop
      vertex 37.7124 369.388 -10.46
      vertex 41.5887 367.875 -10.46
      vertex 42.696 371.715 -10.46
    endloop
  endfacet
  facet normal 0 0 1
    outer loop
      vertex 41.5887 367.875 -10.46
      vertex 37.7124 369.388 -10.46
      vertex 39.7041 366.996 -10.46
    endloop
  endfacet
  facet normal 0 0 1
    outer loop
      vertex 39.7041 366.996 -10.46
      vertex 37.7124 369.388 -10.46
      vertex 39.6433 366.968 -10.46
    endloop
  endfacet
  facet normal 0 0 1
    outer loop
      vertex 39.6433 366.968 -10.46
      vertex 37.7124 369.388 -10.46
      vertex 39.5277 366.914 -10.46
    endloop
  endfacet
  facet normal 0 0 1
    outer loop
      vertex 39.5277 366.914 -10.46
      vertex 37.7124 369.388 -10.46
      vertex 39.367 366.838 -10.46
    endloop
  endfacet
  facet normal 0 0 1
    outer loop
      vertex 39.367 366.838 -10.46
      vertex 37.7124 369.388 -10.46
      vertex 39.1786 366.752 -10.46
    endloop
  endfacet
  facet normal 0 0 1
    outer loop
      vertex 39.1786 366.752 -10.46
      vertex 37.7124 369.388 -10.46
      vertex 38.9852 366.662 -10.46
    endloop
  endfacet
  facet normal 0.906102 0.423059 0
    outer loop
      vertex 13.6987 358.181 10.54
      vertex 14.9696 355.459 10.54
      vertex 13.6987 358.181 6.80992
    endloop
  endfacet
  facet normal 0.906102 0.423059 0
    outer loop
      vertex 14.9696 355.459 10.54
      vertex 13.6987 358.181 -3.90633
      vertex 13.6987 358.181 6.80992
    endloop
  endfacet
  facet normal 0.906102 0.423059 0
    outer loop
      vertex 13.6987 358.181 -3.90633
      vertex 14.9696 355.459 10.54
      vertex 14.9696 355.459 -10.46
    endloop
  endfacet
  facet normal 0.906102 0.423059 0
    outer loop
      vertex 13.6987 358.181 -3.90633
      vertex 14.9696 355.459 -10.46
      vertex 13.6987 358.181 -10.46
    endloop
  endfacet
  facet normal 0.0589587 0.0275256 0.997881
    outer loop
      vertex 40.6573 370.763 -14.81
      vertex 41.8824 368.012 -14.8065
      vertex 41.9309 368.035 -14.81
    endloop
  endfacet
  facet normal 0.0596661 0.0278405 0.99783
    outer loop
      vertex 41.8824 368.012 -14.8065
      vertex 40.6573 370.763 -14.81
      vertex 40.5694 370.722 -14.8036
    endloop
  endfacet
  facet normal -0.598459 -0.279464 -0.750831
    outer loop
      vertex 41.264 371.046 -12.8373
      vertex 42.5745 368.335 -12.8728
      vertex 42.5379 368.318 -12.8373
    endloop
  endfacet
  facet normal -0.596877 -0.278679 -0.75238
    outer loop
      vertex 42.5745 368.335 -12.8728
      vertex 41.264 371.046 -12.8373
      vertex 41.3302 371.077 -12.9013
    endloop
  endfacet
  facet normal 0.0595099 0.0277648 0.997842
    outer loop
      vertex 40.5694 370.722 -14.8036
      vertex 41.8012 367.974 -14.8006
      vertex 41.8824 368.012 -14.8065
    endloop
  endfacet
  facet normal 0.0580873 0.0271273 0.997943
    outer loop
      vertex 41.8012 367.974 -14.8006
      vertex 40.5694 370.722 -14.8036
      vertex 40.5272 370.702 -14.8006
    endloop
  endfacet
  facet normal -0.680385 -0.317686 0.660418
    outer loop
      vertex 41.362 371.092 -14.4878
      vertex 42.6898 368.389 -14.4201
      vertex 41.39 371.105 -14.4527
    endloop
  endfacet
  facet normal -0.681447 -0.318242 0.659053
    outer loop
      vertex 42.6898 368.389 -14.4201
      vertex 41.362 371.092 -14.4878
      vertex 42.636 368.364 -14.4878
    endloop
  endfacet
  facet normal -0.285682 -0.137127 -0.948463
    outer loop
      vertex 42.2876 368.213 -12.6862
      vertex 42.3125 368.213 -12.6937
      vertex 42.2924 368.203 -12.6862
    endloop
  endfacet
  facet normal -0.285826 -0.133462 -0.948942
    outer loop
      vertex 42.2876 368.213 -12.6862
      vertex 41.0387 370.941 -12.6937
      vertex 42.3125 368.213 -12.6937
    endloop
  endfacet
  facet normal -0.293283 -0.136931 -0.946169
    outer loop
      vertex 40.9986 370.922 -12.6787
      vertex 42.2876 368.213 -12.6862
      vertex 42.2307 368.187 -12.6648
    endloop
  endfacet
  facet normal -0.290185 -0.135453 -0.947336
    outer loop
      vertex 42.2876 368.213 -12.6862
      vertex 40.9986 370.922 -12.6787
      vertex 41.0387 370.941 -12.6937
    endloop
  endfacet
  facet normal 0.888712 0.414808 -0.195258
    outer loop
      vertex 40.9636 367.595 -13.4253
      vertex 39.6691 370.302 -13.5664
      vertex 39.6945 370.314 -13.4253
    endloop
  endfacet
  facet normal 0.888712 0.414808 -0.195258
    outer loop
      vertex 39.6691 370.302 -13.5664
      vertex 40.9636 367.595 -13.4253
      vertex 40.9382 367.583 -13.5664
    endloop
  endfacet
  facet normal 0.75317 0.351701 -0.555914
    outer loop
      vertex 41.1357 367.676 -13.0404
      vertex 39.7941 370.36 -13.16
      vertex 39.8665 370.394 -13.0404
    endloop
  endfacet
  facet normal 0.752917 0.351555 -0.556349
    outer loop
      vertex 39.7941 370.36 -13.16
      vertex 41.1357 367.676 -13.0404
      vertex 41.0632 367.642 -13.16
    endloop
  endfacet
  facet normal 0.682084 0.318516 -0.658263
    outer loop
      vertex 41.1894 367.701 -12.9727
      vertex 39.8665 370.394 -13.0404
      vertex 39.8944 370.407 -13.0052
    endloop
  endfacet
  facet normal 0.681912 0.318426 -0.658484
    outer loop
      vertex 39.8665 370.394 -13.0404
      vertex 41.1894 367.701 -12.9727
      vertex 41.1357 367.676 -13.0404
    endloop
  endfacet
  facet normal 0.503994 0.235327 -0.83103
    outer loop
      vertex 41.3196 367.762 -12.8373
      vertex 40.1589 370.53 -12.7574
      vertex 41.428 367.812 -12.7574
    endloop
  endfacet
  facet normal 0.503994 0.235327 -0.83103
    outer loop
      vertex 40.1589 370.53 -12.7574
      vertex 41.3196 367.762 -12.8373
      vertex 40.0505 370.48 -12.8373
    endloop
  endfacet
  facet normal -0.680394 -0.317665 -0.660418
    outer loop
      vertex 42.6897 368.389 -12.9999
      vertex 41.362 371.092 -12.9322
      vertex 41.39 371.105 -12.9673
    endloop
  endfacet
  facet normal -0.681457 -0.318221 -0.659053
    outer loop
      vertex 41.362 371.092 -12.9322
      vertex 42.6897 368.389 -12.9999
      vertex 42.6359 368.364 -12.9322
    endloop
  endfacet
  facet normal 0.520233 -0.152068 0.840377
    outer loop
      vertex 42.4219 368.264 -12.7533
      vertex 42.4294 368.267 -12.7574
      vertex 42.4262 368.266 -12.7556
    endloop
  endfacet
  facet normal -0.400399 -0.186934 -0.897071
    outer loop
      vertex 41.1556 370.996 -12.7574
      vertex 42.4219 368.264 -12.7533
      vertex 42.3857 368.247 -12.7336
    endloop
  endfacet
  facet normal -0.410642 -0.191673 -0.891423
    outer loop
      vertex 42.4219 368.264 -12.7533
      vertex 41.1556 370.996 -12.7574
      vertex 42.4294 368.267 -12.7574
    endloop
  endfacet
  facet normal -0.400956 -0.187181 -0.896771
    outer loop
      vertex 41.1556 370.996 -12.7574
      vertex 42.3857 368.247 -12.7336
      vertex 41.0767 370.959 -12.7144
    endloop
  endfacet
  facet normal 0.400477 0.186992 0.897024
    outer loop
      vertex 40.2758 370.585 -14.7263
      vertex 41.4321 367.803 -14.6626
      vertex 41.5491 367.858 -14.7263
    endloop
  endfacet
  facet normal 0.400709 0.187086 0.896901
    outer loop
      vertex 41.4321 367.803 -14.6626
      vertex 40.2758 370.585 -14.7263
      vertex 40.1589 370.53 -14.6626
    endloop
  endfacet
  facet normal -0.812436 -0.379326 0.442786
    outer loop
      vertex 41.5204 371.166 -14.26
      vertex 42.8518 368.465 -14.131
      vertex 41.5781 371.193 -14.131
    endloop
  endfacet
  facet normal -0.810625 -0.37823 0.447022
    outer loop
      vertex 41.5204 371.166 -14.26
      vertex 42.8396 368.459 -14.1582
      vertex 42.8518 368.465 -14.131
    endloop
  endfacet
  facet normal -0.81322 -0.379721 0.441005
    outer loop
      vertex 42.8396 368.459 -14.1582
      vertex 41.5204 371.166 -14.26
      vertex 42.7942 368.438 -14.26
    endloop
  endfacet
  facet normal -0.059128 -0.0276144 0.997868
    outer loop
      vertex 40.6995 370.783 -14.8069
      vertex 41.95 368.044 -14.8086
      vertex 42.0124 368.073 -14.8041
    endloop
  endfacet
  facet normal -0.0600183 -0.0280209 0.997804
    outer loop
      vertex 40.6573 370.763 -14.81
      vertex 41.95 368.044 -14.8086
      vertex 40.6995 370.783 -14.8069
    endloop
  endfacet
  facet normal -0.0599497 -0.0279882 0.997809
    outer loop
      vertex 41.95 368.044 -14.8086
      vertex 40.6573 370.763 -14.81
      vertex 41.9309 368.035 -14.81
    endloop
  endfacet
  facet normal -0.0587603 -0.0274351 0.997895
    outer loop
      vertex 40.7874 370.824 -14.8006
      vertex 42.0124 368.073 -14.8041
      vertex 42.0611 368.096 -14.8006
    endloop
  endfacet
  facet normal -0.0587309 -0.027422 0.997897
    outer loop
      vertex 42.0124 368.073 -14.8041
      vertex 40.7874 370.824 -14.8006
      vertex 40.6995 370.783 -14.8069
    endloop
  endfacet
  facet normal 0.81241 0.379383 0.442786
    outer loop
      vertex 39.7364 370.333 -14.131
      vertex 41.0671 367.634 -14.26
      vertex 39.7941 370.36 -14.26
    endloop
  endfacet
  facet normal 0.81099 0.378524 0.446111
    outer loop
      vertex 39.7364 370.333 -14.131
      vertex 41.0444 367.623 -14.2094
      vertex 41.0671 367.634 -14.26
    endloop
  endfacet
  facet normal 0.813372 0.379832 0.440629
    outer loop
      vertex 41.0444 367.623 -14.2094
      vertex 39.7364 370.333 -14.131
      vertex 41.0094 367.607 -14.131
    endloop
  endfacet
  facet normal 0.176114 0.0822466 0.980928
    outer loop
      vertex 40.5272 370.702 -14.8006
      vertex 41.7453 367.947 -14.7883
      vertex 41.8012 367.974 -14.8006
    endloop
  endfacet
  facet normal 0.17688 0.0825847 0.980762
    outer loop
      vertex 41.7453 367.947 -14.7883
      vertex 40.5272 370.702 -14.8006
      vertex 41.6731 367.914 -14.7725
    endloop
  endfacet
  facet normal 0.177285 0.0827501 0.980675
    outer loop
      vertex 41.6731 367.914 -14.7725
      vertex 40.5272 370.702 -14.8006
      vertex 40.3993 370.643 -14.7725
    endloop
  endfacet
  facet normal -0.0594375 -0.0277638 -0.997846
    outer loop
      vertex 41.9264 368.045 -12.61
      vertex 40.6995 370.783 -12.6131
      vertex 42.0077 368.083 -12.6159
    endloop
  endfacet
  facet normal -0.0600171 -0.0280235 -0.997804
    outer loop
      vertex 40.6995 370.783 -12.6131
      vertex 41.9264 368.045 -12.61
      vertex 40.6573 370.763 -12.61
    endloop
  endfacet
  facet normal -0.0586614 -0.0273904 -0.997902
    outer loop
      vertex 42.0077 368.083 -12.6159
      vertex 40.7874 370.824 -12.6194
      vertex 42.0565 368.106 -12.6194
    endloop
  endfacet
  facet normal -0.0587312 -0.0274215 -0.997897
    outer loop
      vertex 40.7874 370.824 -12.6194
      vertex 42.0077 368.083 -12.6159
      vertex 40.6995 370.783 -12.6131
    endloop
  endfacet
  facet normal -0.177283 -0.0827538 -0.980675
    outer loop
      vertex 42.0565 368.106 -12.6194
      vertex 40.9152 370.884 -12.6475
      vertex 42.1844 368.165 -12.6475
    endloop
  endfacet
  facet normal -0.176872 -0.082586 -0.980763
    outer loop
      vertex 40.9152 370.884 -12.6475
      vertex 42.0565 368.106 -12.6194
      vertex 40.7874 370.824 -12.6194
    endloop
  endfacet
  facet normal -0.857742 -0.400395 -0.322431
    outer loop
      vertex 42.8939 368.484 -13.4253
      vertex 41.5781 371.193 -13.289
      vertex 41.62 371.213 -13.4253
    endloop
  endfacet
  facet normal -0.858174 -0.40068 -0.320925
    outer loop
      vertex 41.5781 371.193 -13.289
      vertex 42.8939 368.484 -13.4253
      vertex 42.8518 368.465 -13.289
    endloop
  endfacet
  facet normal -0.593387 -0.277151 0.755698
    outer loop
      vertex 41.3302 371.077 -14.5187
      vertex 42.5642 368.33 -14.5572
      vertex 42.5746 368.335 -14.5472
    endloop
  endfacet
  facet normal -0.59688 -0.278674 0.75238
    outer loop
      vertex 41.264 371.046 -14.5827
      vertex 42.5642 368.33 -14.5572
      vertex 41.3302 371.077 -14.5187
    endloop
  endfacet
  facet normal -0.600446 -0.280413 0.748888
    outer loop
      vertex 42.5642 368.33 -14.5572
      vertex 41.264 371.046 -14.5827
      vertex 42.538 368.318 -14.5827
    endloop
  endfacet
  facet normal 0.596588 0.278539 0.752662
    outer loop
      vertex 40.0505 370.48 -14.5827
      vertex 41.2623 367.724 -14.5233
      vertex 41.3237 367.753 -14.5827
    endloop
  endfacet
  facet normal 0.596183 0.278369 0.753045
    outer loop
      vertex 41.2623 367.724 -14.5233
      vertex 40.0505 370.48 -14.5827
      vertex 40.0186 370.465 -14.5519
    endloop
  endfacet
  facet normal 0.858492 0.400903 0.319794
    outer loop
      vertex 39.6945 370.314 -13.9947
      vertex 41.0094 367.607 -14.131
      vertex 39.7364 370.333 -14.131
    endloop
  endfacet
  facet normal 0.857979 0.400563 0.321591
    outer loop
      vertex 39.6945 370.314 -13.9947
      vertex 40.9723 367.589 -14.0096
      vertex 41.0094 367.607 -14.131
    endloop
  endfacet
  facet normal 0.852906 0.398096 0.337743
    outer loop
      vertex 40.9723 367.589 -14.0096
      vertex 39.6945 370.314 -13.9947
      vertex 40.9678 367.586 -13.9947
    endloop
  endfacet
  facet normal -0.681828 -0.318395 -0.658586
    outer loop
      vertex 42.7219 368.404 -13.0404
      vertex 41.39 371.105 -12.9673
      vertex 41.448 371.132 -13.0404
    endloop
  endfacet
  facet normal -0.681199 -0.318063 -0.659396
    outer loop
      vertex 41.39 371.105 -12.9673
      vertex 42.7219 368.404 -13.0404
      vertex 42.6897 368.389 -12.9999
    endloop
  endfacet
  facet normal -0.596583 -0.278548 -0.752662
    outer loop
      vertex 41.3302 371.077 -12.9013
      vertex 42.6359 368.364 -12.9322
      vertex 42.5745 368.335 -12.8728
    endloop
  endfacet
  facet normal -0.598135 -0.279312 -0.751145
    outer loop
      vertex 42.6359 368.364 -12.9322
      vertex 41.3302 371.077 -12.9013
      vertex 41.362 371.092 -12.9322
    endloop
  endfacet
  facet normal 0.400472 0.187005 -0.897024
    outer loop
      vertex 41.428 367.812 -12.7574
      vertex 40.2758 370.585 -12.6937
      vertex 41.545 367.867 -12.6937
    endloop
  endfacet
  facet normal 0.400703 0.187098 -0.896901
    outer loop
      vertex 40.2758 370.585 -12.6937
      vertex 41.428 367.812 -12.7574
      vertex 40.1589 370.53 -12.7574
    endloop
  endfacet
  facet normal 0.291607 0.136108 -0.946805
    outer loop
      vertex 41.545 367.867 -12.6937
      vertex 40.3993 370.643 -12.6475
      vertex 41.6684 367.924 -12.6475
    endloop
  endfacet
  facet normal 0.290599 0.135698 -0.947174
    outer loop
      vertex 40.3993 370.643 -12.6475
      vertex 41.545 367.867 -12.6937
      vertex 40.2758 370.585 -12.6937
    endloop
  endfacet
  facet normal -0.289762 -0.135258 -0.947493
    outer loop
      vertex 40.9152 370.884 -12.6475
      vertex 42.2307 368.187 -12.6648
      vertex 42.1844 368.165 -12.6475
    endloop
  endfacet
  facet normal -0.29201 -0.13636 -0.946645
    outer loop
      vertex 42.2307 368.187 -12.6648
      vertex 40.9152 370.884 -12.6475
      vertex 40.9986 370.922 -12.6787
    endloop
  endfacet
  facet normal -0.401556 -0.187473 -0.896441
    outer loop
      vertex 42.3125 368.213 -12.6937
      vertex 41.0767 370.959 -12.7144
      vertex 42.3857 368.247 -12.7336
    endloop
  endfacet
  facet normal -0.400205 -0.18687 -0.897171
    outer loop
      vertex 41.0767 370.959 -12.7144
      vertex 42.3125 368.213 -12.6937
      vertex 41.0387 370.941 -12.6937
    endloop
  endfacet
  facet normal -0.292032 -0.136312 0.946645
    outer loop
      vertex 40.9152 370.884 -14.7725
      vertex 42.2353 368.176 -14.7552
      vertex 40.9986 370.922 -14.7413
    endloop
  endfacet
  facet normal -0.292853 -0.136715 0.946333
    outer loop
      vertex 42.2353 368.176 -14.7552
      vertex 40.9152 370.884 -14.7725
      vertex 42.1892 368.155 -14.7725
    endloop
  endfacet
  facet normal -0.889023 -0.415182 0.193034
    outer loop
      vertex 41.62 371.213 -13.9947
      vertex 42.9195 368.496 -13.8536
      vertex 41.6455 371.224 -13.8536
    endloop
  endfacet
  facet normal -0.888633 -0.414868 0.195489
    outer loop
      vertex 41.62 371.213 -13.9947
      vertex 42.906 368.49 -13.9277
      vertex 42.9195 368.496 -13.8536
    endloop
  endfacet
  facet normal -0.888278 -0.414649 0.197553
    outer loop
      vertex 42.906 368.49 -13.9277
      vertex 41.62 371.213 -13.9947
      vertex 42.8939 368.484 -13.9947
    endloop
  endfacet
  facet normal -0.596452 -0.278548 0.752765
    outer loop
      vertex 41.362 371.092 -14.4878
      vertex 42.6085 368.351 -14.5144
      vertex 42.636 368.364 -14.4878
    endloop
  endfacet
  facet normal -0.598141 -0.279301 0.751145
    outer loop
      vertex 41.3302 371.077 -14.5187
      vertex 42.6085 368.351 -14.5144
      vertex 41.362 371.092 -14.4878
    endloop
  endfacet
  facet normal -0.596663 -0.278605 0.752578
    outer loop
      vertex 42.6085 368.351 -14.5144
      vertex 41.3302 371.077 -14.5187
      vertex 42.5746 368.335 -14.5472
    endloop
  endfacet
  facet normal -0.904166 -0.422165 0.065279
    outer loop
      vertex 41.6455 371.224 -13.8536
      vertex 42.9282 368.499 -13.71
      vertex 41.654 371.228 -13.71
    endloop
  endfacet
  facet normal -0.90423 -0.422283 0.0636048
    outer loop
      vertex 42.9282 368.499 -13.71
      vertex 41.6455 371.224 -13.8536
      vertex 42.9195 368.496 -13.8536
    endloop
  endfacet
  facet normal -0.904166 -0.422165 -0.065279
    outer loop
      vertex 42.9282 368.499 -13.71
      vertex 41.6455 371.224 -13.5664
      vertex 41.654 371.228 -13.71
    endloop
  endfacet
  facet normal -0.904606 -0.423077 -0.0519036
    outer loop
      vertex 42.9268 368.499 -13.6856
      vertex 41.6455 371.224 -13.5664
      vertex 42.9282 368.499 -13.71
    endloop
  endfacet
  facet normal -0.904089 -0.422218 -0.0659942
    outer loop
      vertex 41.6455 371.224 -13.5664
      vertex 42.9268 368.499 -13.6856
      vertex 42.9195 368.496 -13.5664
    endloop
  endfacet
  facet normal -0.889023 -0.415182 -0.193034
    outer loop
      vertex 42.9195 368.496 -13.5664
      vertex 41.62 371.213 -13.4253
      vertex 41.6455 371.224 -13.5664
    endloop
  endfacet
  facet normal -0.888455 -0.414725 -0.1966
    outer loop
      vertex 42.8983 368.486 -13.4495
      vertex 41.62 371.213 -13.4253
      vertex 42.9195 368.496 -13.5664
    endloop
  endfacet
  facet normal -0.88859 -0.414794 -0.195842
    outer loop
      vertex 41.62 371.213 -13.4253
      vertex 42.8983 368.486 -13.4495
      vertex 42.8939 368.484 -13.4253
    endloop
  endfacet
  facet normal 0.812428 0.379343 -0.442786
    outer loop
      vertex 41.0632 367.642 -13.16
      vertex 39.7364 370.333 -13.289
      vertex 39.7941 370.36 -13.16
    endloop
  endfacet
  facet normal 0.812643 0.379473 -0.442279
    outer loop
      vertex 39.7364 370.333 -13.289
      vertex 41.0632 367.642 -13.16
      vertex 41.0056 367.615 -13.289
    endloop
  endfacet
  facet normal 0.904183 0.42203 -0.065906
    outer loop
      vertex 40.9382 367.583 -13.5664
      vertex 39.6605 370.298 -13.71
      vertex 39.6691 370.302 -13.5664
    endloop
  endfacet
  facet normal 0.904208 0.422074 -0.065279
    outer loop
      vertex 39.6605 370.298 -13.71
      vertex 40.9382 367.583 -13.5664
      vertex 40.9297 367.579 -13.71
    endloop
  endfacet
  facet normal 0.504001 0.235311 0.83103
    outer loop
      vertex 40.1589 370.53 -14.6626
      vertex 41.3237 367.753 -14.5827
      vertex 41.4321 367.803 -14.6626
    endloop
  endfacet
  facet normal 0.504001 0.235311 0.83103
    outer loop
      vertex 41.3237 367.753 -14.5827
      vertex 40.1589 370.53 -14.6626
      vertex 40.0505 370.48 -14.5827
    endloop
  endfacet
  facet normal 0.176763 0.082535 -0.980787
    outer loop
      vertex 41.6684 367.924 -12.6475
      vertex 40.5272 370.702 -12.6194
      vertex 41.7963 367.984 -12.6194
    endloop
  endfacet
  facet normal 0.177285 0.0827484 -0.980675
    outer loop
      vertex 40.5272 370.702 -12.6194
      vertex 41.6684 367.924 -12.6475
      vertex 40.3993 370.643 -12.6475
    endloop
  endfacet
  facet normal 0.0594516 0.0277336 -0.997846
    outer loop
      vertex 41.7963 367.984 -12.6194
      vertex 40.5694 370.722 -12.6164
      vertex 41.8776 368.022 -12.6135
    endloop
  endfacet
  facet normal 0.0580892 0.0271232 -0.997943
    outer loop
      vertex 40.5694 370.722 -12.6164
      vertex 41.7963 367.984 -12.6194
      vertex 40.5272 370.702 -12.6194
    endloop
  endfacet
  facet normal -0.50249 -0.234649 -0.832132
    outer loop
      vertex 42.4294 368.267 -12.7574
      vertex 41.264 371.046 -12.8373
      vertex 42.5379 368.318 -12.8373
    endloop
  endfacet
  facet normal -0.504025 -0.235261 -0.83103
    outer loop
      vertex 41.264 371.046 -12.8373
      vertex 42.4294 368.267 -12.7574
      vertex 41.1556 370.996 -12.7574
    endloop
  endfacet
  facet normal 0.8585 0.400886 -0.319794
    outer loop
      vertex 41.0056 367.615 -13.289
      vertex 39.6945 370.314 -13.4253
      vertex 39.7364 370.333 -13.289
    endloop
  endfacet
  facet normal 0.857584 0.40028 -0.322994
    outer loop
      vertex 39.6945 370.314 -13.4253
      vertex 41.0056 367.615 -13.289
      vertex 40.9636 367.595 -13.4253
    endloop
  endfacet
  facet normal 0.681016 0.317983 -0.659624
    outer loop
      vertex 41.2216 367.716 -12.9322
      vertex 39.8944 370.407 -13.0052
      vertex 39.9525 370.434 -12.9322
    endloop
  endfacet
  facet normal 0.681193 0.318076 -0.659396
    outer loop
      vertex 39.8944 370.407 -13.0052
      vertex 41.2216 367.716 -12.9322
      vertex 41.1894 367.701 -12.9727
    endloop
  endfacet
  facet normal 0.596905 0.278728 -0.752339
    outer loop
      vertex 40.0186 370.465 -12.8681
      vertex 41.3196 367.762 -12.8373
      vertex 41.2584 367.733 -12.8966
    endloop
  endfacet
  facet normal 0.596182 0.278372 -0.753045
    outer loop
      vertex 41.3196 367.762 -12.8373
      vertex 40.0186 370.465 -12.8681
      vertex 40.0505 370.48 -12.8373
    endloop
  endfacet
  facet normal -0.176879 -0.0825739 0.980763
    outer loop
      vertex 40.9152 370.884 -14.7725
      vertex 42.162 368.142 -14.7785
      vertex 42.1892 368.155 -14.7725
    endloop
  endfacet
  facet normal -0.177111 -0.0826791 0.980712
    outer loop
      vertex 42.162 368.142 -14.7785
      vertex 40.9152 370.884 -14.7725
      vertex 42.0611 368.096 -14.8006
    endloop
  endfacet
  facet normal -0.176874 -0.0825823 0.980763
    outer loop
      vertex 42.0611 368.096 -14.8006
      vertex 40.9152 370.884 -14.7725
      vertex 40.7874 370.824 -14.8006
    endloop
  endfacet
  facet normal -0.290164 -0.135498 0.947336
    outer loop
      vertex 40.9986 370.922 -14.7413
      vertex 42.3126 368.213 -14.7263
      vertex 41.0387 370.941 -14.7263
    endloop
  endfacet
  facet normal -0.289551 -0.1352 0.947566
    outer loop
      vertex 42.3126 368.213 -14.7263
      vertex 40.9986 370.922 -14.7413
      vertex 42.2353 368.176 -14.7552
    endloop
  endfacet
  facet normal -0.405274 -0.189182 0.894407
    outer loop
      vertex 41.1556 370.996 -14.6626
      vertex 42.4044 368.256 -14.6763
      vertex 42.4295 368.267 -14.6626
    endloop
  endfacet
  facet normal -0.397915 -0.185848 0.898401
    outer loop
      vertex 42.4044 368.256 -14.6763
      vertex 41.1556 370.996 -14.6626
      vertex 42.3858 368.247 -14.6864
    endloop
  endfacet
  facet normal -0.400951 -0.187193 0.896771
    outer loop
      vertex 42.3858 368.247 -14.6864
      vertex 41.1556 370.996 -14.6626
      vertex 41.0767 370.959 -14.7056
    endloop
  endfacet
  facet normal -0.753178 -0.351685 0.555914
    outer loop
      vertex 41.448 371.132 -14.3796
      vertex 42.7942 368.438 -14.26
      vertex 41.5204 371.166 -14.26
    endloop
  endfacet
  facet normal -0.75375 -0.352015 0.554929
    outer loop
      vertex 41.448 371.132 -14.3796
      vertex 42.7365 368.411 -14.3555
      vertex 42.7942 368.438 -14.26
    endloop
  endfacet
  facet normal -0.752113 -0.351216 0.55765
    outer loop
      vertex 42.7365 368.411 -14.3555
      vertex 41.448 371.132 -14.3796
      vertex 42.7219 368.404 -14.3796
    endloop
  endfacet
  facet normal -0.681828 -0.318395 0.658586
    outer loop
      vertex 41.39 371.105 -14.4527
      vertex 42.7219 368.404 -14.3796
      vertex 41.448 371.132 -14.3796
    endloop
  endfacet
  facet normal -0.681938 -0.318453 0.658444
    outer loop
      vertex 42.7219 368.404 -14.3796
      vertex 41.39 371.105 -14.4527
      vertex 42.6898 368.389 -14.4201
    endloop
  endfacet
  facet normal -0.857742 -0.400395 0.322431
    outer loop
      vertex 41.5781 371.193 -14.131
      vertex 42.8939 368.484 -13.9947
      vertex 41.62 371.213 -13.9947
    endloop
  endfacet
  facet normal -0.858174 -0.40068 0.320925
    outer loop
      vertex 42.8939 368.484 -13.9947
      vertex 41.5781 371.193 -14.131
      vertex 42.8518 368.465 -14.131
    endloop
  endfacet
  facet normal 0.904183 0.42203 0.065906
    outer loop
      vertex 39.6605 370.298 -13.71
      vertex 40.9382 367.583 -13.8536
      vertex 39.6691 370.302 -13.8536
    endloop
  endfacet
  facet normal 0.904208 0.422074 0.065279
    outer loop
      vertex 40.9382 367.583 -13.8536
      vertex 39.6605 370.298 -13.71
      vertex 40.9297 367.579 -13.71
    endloop
  endfacet
  facet normal 0.682103 0.318475 0.658263
    outer loop
      vertex 39.8665 370.394 -14.3796
      vertex 41.1935 367.692 -14.4474
      vertex 39.8944 370.407 -14.4148
    endloop
  endfacet
  facet normal 0.681916 0.318377 0.658503
    outer loop
      vertex 41.1935 367.692 -14.4474
      vertex 39.8665 370.394 -14.3796
      vertex 41.1397 367.667 -14.3796
    endloop
  endfacet
  facet normal 0.292202 0.136389 0.946581
    outer loop
      vertex 40.3993 370.643 -14.7725
      vertex 41.5723 367.869 -14.7349
      vertex 41.6731 367.914 -14.7725
    endloop
  endfacet
  facet normal 0.29059 0.135716 0.947174
    outer loop
      vertex 40.2758 370.585 -14.7263
      vertex 41.5723 367.869 -14.7349
      vertex 40.3993 370.643 -14.7725
    endloop
  endfacet
  facet normal 0.287784 0.134373 0.948221
    outer loop
      vertex 41.5723 367.869 -14.7349
      vertex 40.2758 370.585 -14.7263
      vertex 41.5491 367.858 -14.7263
    endloop
  endfacet
  facet normal 0.597833 0.279101 0.751464
    outer loop
      vertex 39.9525 370.434 -14.4878
      vertex 41.2623 367.724 -14.5233
      vertex 40.0186 370.465 -14.5519
    endloop
  endfacet
  facet normal 0.598479 0.279422 0.750831
    outer loop
      vertex 41.2623 367.724 -14.5233
      vertex 39.9525 370.434 -14.4878
      vertex 41.2257 367.707 -14.4878
    endloop
  endfacet
  facet normal 0.681026 0.317962 0.659624
    outer loop
      vertex 39.8944 370.407 -14.4148
      vertex 41.2257 367.707 -14.4878
      vertex 39.9525 370.434 -14.4878
    endloop
  endfacet
  facet normal 0.680487 0.317677 0.660317
    outer loop
      vertex 41.2257 367.707 -14.4878
      vertex 39.8944 370.407 -14.4148
      vertex 41.1935 367.692 -14.4474
    endloop
  endfacet
  facet normal 0.753192 0.351655 0.555914
    outer loop
      vertex 39.7941 370.36 -14.26
      vertex 41.1397 367.667 -14.3796
      vertex 39.8665 370.394 -14.3796
    endloop
  endfacet
  facet normal 0.750327 0.350007 0.560807
    outer loop
      vertex 39.7941 370.36 -14.26
      vertex 41.1277 367.661 -14.3598
      vertex 41.1397 367.667 -14.3796
    endloop
  endfacet
  facet normal 0.754599 0.352386 0.553538
    outer loop
      vertex 41.1277 367.661 -14.3598
      vertex 39.7941 370.36 -14.26
      vertex 41.0671 367.634 -14.26
    endloop
  endfacet
  facet normal 0.0586614 0.0273904 -0.997902
    outer loop
      vertex 41.8776 368.022 -12.6135
      vertex 40.6573 370.763 -12.61
      vertex 41.9264 368.045 -12.61
    endloop
  endfacet
  facet normal 0.0596672 0.0278381 -0.99783
    outer loop
      vertex 40.6573 370.763 -12.61
      vertex 41.8776 368.022 -12.6135
      vertex 40.5694 370.722 -12.6164
    endloop
  endfacet
  facet normal 0.597907 0.279177 -0.751377
    outer loop
      vertex 39.9525 370.434 -12.9322
      vertex 41.2584 367.733 -12.8966
      vertex 41.2216 367.716 -12.9322
    endloop
  endfacet
  facet normal 0.597818 0.279133 -0.751464
    outer loop
      vertex 41.2584 367.733 -12.8966
      vertex 39.9525 370.434 -12.9322
      vertex 40.0186 370.465 -12.8681
    endloop
  endfacet
  facet normal -0.502729 -0.234779 0.831951
    outer loop
      vertex 41.264 371.046 -14.5827
      vertex 42.5229 368.311 -14.5938
      vertex 42.538 368.318 -14.5827
    endloop
  endfacet
  facet normal -0.504157 -0.235432 0.830902
    outer loop
      vertex 42.5229 368.311 -14.5938
      vertex 41.264 371.046 -14.5827
      vertex 42.482 368.292 -14.624
    endloop
  endfacet
  facet normal -0.503981 -0.235356 0.83103
    outer loop
      vertex 41.1556 370.996 -14.6626
      vertex 42.482 368.292 -14.624
      vertex 41.264 371.046 -14.5827
    endloop
  endfacet
  facet normal -0.502462 -0.234595 0.832164
    outer loop
      vertex 42.482 368.292 -14.624
      vertex 41.1556 370.996 -14.6626
      vertex 42.4437 368.274 -14.6522
    endloop
  endfacet
  facet normal -0.497587 -0.232274 0.835737
    outer loop
      vertex 42.4437 368.274 -14.6522
      vertex 41.1556 370.996 -14.6626
      vertex 42.4295 368.267 -14.6626
    endloop
  endfacet
  facet normal -0.400057 -0.186758 0.89726
    outer loop
      vertex 41.0767 370.959 -14.7056
      vertex 42.3649 368.237 -14.6978
      vertex 42.3858 368.247 -14.6864
    endloop
  endfacet
  facet normal -0.402161 -0.187757 0.896111
    outer loop
      vertex 41.0767 370.959 -14.7056
      vertex 42.3126 368.213 -14.7263
      vertex 42.3649 368.237 -14.6978
    endloop
  endfacet
  facet normal -0.400199 -0.186882 0.897171
    outer loop
      vertex 42.3126 368.213 -14.7263
      vertex 41.0767 370.959 -14.7056
      vertex 41.0387 370.941 -14.7263
    endloop
  endfacet
  facet normal -0.753167 -0.351708 -0.555914
    outer loop
      vertex 42.7943 368.438 -13.16
      vertex 41.448 371.132 -13.0404
      vertex 41.5204 371.166 -13.16
    endloop
  endfacet
  facet normal -0.753012 -0.351619 -0.556181
    outer loop
      vertex 42.771 368.427 -13.1215
      vertex 41.448 371.132 -13.0404
      vertex 42.7943 368.438 -13.16
    endloop
  endfacet
  facet normal -0.753244 -0.351744 -0.555788
    outer loop
      vertex 41.448 371.132 -13.0404
      vertex 42.771 368.427 -13.1215
      vertex 42.7219 368.404 -13.0404
    endloop
  endfacet
  facet normal -0.812436 -0.379326 -0.442786
    outer loop
      vertex 42.8518 368.465 -13.289
      vertex 41.5204 371.166 -13.16
      vertex 41.5781 371.193 -13.289
    endloop
  endfacet
  facet normal -0.811203 -0.37858 -0.445676
    outer loop
      vertex 42.8307 368.455 -13.2421
      vertex 41.5204 371.166 -13.16
      vertex 42.8518 368.465 -13.289
    endloop
  endfacet
  facet normal -0.813863 -0.380051 -0.439531
    outer loop
      vertex 41.5204 371.166 -13.16
      vertex 42.8307 368.455 -13.2421
      vertex 42.7943 368.438 -13.16
    endloop
  endfacet
  facet normal 0.888446 0.414684 0.196725
    outer loop
      vertex 39.6691 370.302 -13.8536
      vertex 40.9382 367.583 -13.8536
      vertex 40.9507 367.589 -13.9227
    endloop
  endfacet
  facet normal 0.888939 0.414991 0.193832
    outer loop
      vertex 40.9678 367.586 -13.9947
      vertex 39.6691 370.302 -13.8536
      vertex 40.9507 367.589 -13.9227
    endloop
  endfacet
  facet normal 0.888712 0.414808 0.195258
    outer loop
      vertex 39.6691 370.302 -13.8536
      vertex 40.9678 367.586 -13.9947
      vertex 39.6945 370.314 -13.9947
    endloop
  endfacet
  facet normal 0.888994 0.414864 0.19385
    outer loop
      vertex 40.9678 367.586 -13.9947
      vertex 40.9507 367.589 -13.9227
      vertex 40.9549 367.58 -13.9227
    endloop
  endfacet
  facet normal 0.0586614 0.0273904 0.997902
    outer loop
      vertex 40.6573 370.763 12.69
      vertex 41.8776 368.022 12.6935
      vertex 41.9264 368.045 12.69
    endloop
  endfacet
  facet normal 0.0596672 0.0278381 0.99783
    outer loop
      vertex 41.8776 368.022 12.6935
      vertex 40.6573 370.763 12.69
      vertex 40.5694 370.722 12.6964
    endloop
  endfacet
  facet normal -0.0588606 -0.0274776 -0.997888
    outer loop
      vertex 42.0123 368.073 14.8841
      vertex 40.7874 370.824 14.8806
      vertex 42.0609 368.096 14.8806
    endloop
  endfacet
  facet normal -0.0587318 -0.0274203 -0.997897
    outer loop
      vertex 40.7874 370.824 14.8806
      vertex 42.0123 368.073 14.8841
      vertex 40.6995 370.783 14.8869
    endloop
  endfacet
  facet normal 0.0594516 0.0277336 0.997846
    outer loop
      vertex 40.5694 370.722 12.6964
      vertex 41.7963 367.984 12.6994
      vertex 41.8776 368.022 12.6935
    endloop
  endfacet
  facet normal 0.0580892 0.0271232 0.997943
    outer loop
      vertex 41.7963 367.984 12.6994
      vertex 40.5694 370.722 12.6964
      vertex 40.5272 370.702 12.6994
    endloop
  endfacet
  facet normal 0.502756 0.234767 -0.831938
    outer loop
      vertex 41.3239 367.752 14.6627
      vertex 40.1589 370.53 14.7426
      vertex 41.4323 367.803 14.7426
    endloop
  endfacet
  facet normal 0.50402 0.235271 -0.83103
    outer loop
      vertex 40.1589 370.53 14.7426
      vertex 41.3239 367.752 14.6627
      vertex 40.0505 370.48 14.6627
    endloop
  endfacet
  facet normal 0.176763 0.082535 0.980787
    outer loop
      vertex 40.5272 370.702 12.6994
      vertex 41.6684 367.924 12.7275
      vertex 41.7963 367.984 12.6994
    endloop
  endfacet
  facet normal 0.177285 0.0827484 0.980675
    outer loop
      vertex 41.6684 367.924 12.7275
      vertex 40.5272 370.702 12.6994
      vertex 40.3993 370.643 12.7275
    endloop
  endfacet
  facet normal 0.596182 0.278372 0.753045
    outer loop
      vertex 40.0186 370.465 12.9481
      vertex 41.3196 367.762 12.9173
      vertex 40.0505 370.48 12.9173
    endloop
  endfacet
  facet normal 0.596905 0.278728 0.752339
    outer loop
      vertex 41.3196 367.762 12.9173
      vertex 40.0186 370.465 12.9481
      vertex 41.2584 367.733 12.9766
    endloop
  endfacet
  facet normal -0.681818 -0.318415 0.658586
    outer loop
      vertex 41.39 371.105 13.0473
      vertex 42.722 368.404 13.1204
      vertex 41.448 371.132 13.1204
    endloop
  endfacet
  facet normal -0.681928 -0.318473 0.658444
    outer loop
      vertex 42.722 368.404 13.1204
      vertex 41.39 371.105 13.0473
      vertex 42.6899 368.389 13.0799
    endloop
  endfacet
  facet normal -0.29201 -0.13636 0.946645
    outer loop
      vertex 40.9152 370.884 12.7275
      vertex 42.2307 368.187 12.7448
      vertex 40.9986 370.922 12.7587
    endloop
  endfacet
  facet normal -0.289762 -0.135258 0.947493
    outer loop
      vertex 42.2307 368.187 12.7448
      vertex 40.9152 370.884 12.7275
      vertex 42.1844 368.165 12.7275
    endloop
  endfacet
  facet normal 0.597818 0.279133 0.751464
    outer loop
      vertex 39.9525 370.434 13.0122
      vertex 41.2584 367.733 12.9766
      vertex 40.0186 370.465 12.9481
    endloop
  endfacet
  facet normal 0.597907 0.279177 0.751377
    outer loop
      vertex 41.2584 367.733 12.9766
      vertex 39.9525 370.434 13.0122
      vertex 41.2216 367.716 13.0122
    endloop
  endfacet
  facet normal 0.904183 0.42203 -0.065906
    outer loop
      vertex 40.9382 367.583 13.9336
      vertex 39.6605 370.298 13.79
      vertex 39.6691 370.302 13.9336
    endloop
  endfacet
  facet normal 0.904208 0.422074 -0.065279
    outer loop
      vertex 39.6605 370.298 13.79
      vertex 40.9382 367.583 13.9336
      vertex 40.9297 367.579 13.79
    endloop
  endfacet
  facet normal 0.682083 0.318516 -0.658263
    outer loop
      vertex 41.1937 367.692 14.5274
      vertex 39.8665 370.394 14.4596
      vertex 39.8944 370.407 14.4948
    endloop
  endfacet
  facet normal 0.681455 0.318187 -0.659072
    outer loop
      vertex 39.8665 370.394 14.4596
      vertex 41.1937 367.692 14.5274
      vertex 41.1398 367.667 14.4596
    endloop
  endfacet
  facet normal 0.682084 0.318516 0.658263
    outer loop
      vertex 39.8665 370.394 13.1204
      vertex 41.1894 367.701 13.0527
      vertex 39.8944 370.407 13.0852
    endloop
  endfacet
  facet normal 0.681912 0.318426 0.658484
    outer loop
      vertex 41.1894 367.701 13.0527
      vertex 39.8665 370.394 13.1204
      vertex 41.1357 367.676 13.1204
    endloop
  endfacet
  facet normal -0.0594375 -0.0277638 0.997846
    outer loop
      vertex 40.6995 370.783 12.6931
      vertex 41.9264 368.045 12.69
      vertex 42.0077 368.083 12.6959
    endloop
  endfacet
  facet normal -0.0600171 -0.0280235 0.997804
    outer loop
      vertex 41.9264 368.045 12.69
      vertex 40.6995 370.783 12.6931
      vertex 40.6573 370.763 12.69
    endloop
  endfacet
  facet normal 0.8585 0.400886 0.319794
    outer loop
      vertex 39.6945 370.314 13.5053
      vertex 41.0056 367.615 13.369
      vertex 39.7364 370.333 13.369
    endloop
  endfacet
  facet normal 0.857584 0.40028 0.322994
    outer loop
      vertex 41.0056 367.615 13.369
      vertex 39.6945 370.314 13.5053
      vertex 40.9636 367.595 13.5053
    endloop
  endfacet
  facet normal 0.177176 0.0827103 -0.980698
    outer loop
      vertex 40.3993 370.643 14.8525
      vertex 41.7339 367.943 14.8659
      vertex 41.6728 367.915 14.8525
    endloop
  endfacet
  facet normal 0.177164 0.082711 -0.9807
    outer loop
      vertex 41.7339 367.943 14.8659
      vertex 40.5272 370.702 14.8806
      vertex 41.8008 367.974 14.8806
    endloop
  endfacet
  facet normal 0.177279 0.0827615 -0.980675
    outer loop
      vertex 41.7339 367.943 14.8659
      vertex 40.3993 370.643 14.8525
      vertex 40.5272 370.702 14.8806
    endloop
  endfacet
  facet normal 0.888712 0.414808 -0.195258
    outer loop
      vertex 40.9636 367.595 14.0747
      vertex 39.6691 370.302 13.9336
      vertex 39.6945 370.314 14.0747
    endloop
  endfacet
  facet normal 0.888712 0.414808 -0.195258
    outer loop
      vertex 39.6691 370.302 13.9336
      vertex 40.9636 367.595 14.0747
      vertex 40.9382 367.583 13.9336
    endloop
  endfacet
  facet normal 0.598696 0.279528 -0.750618
    outer loop
      vertex 40.0186 370.465 14.6319
      vertex 41.3239 367.752 14.6627
      vertex 41.2625 367.724 14.6033
    endloop
  endfacet
  facet normal 0.596213 0.278306 -0.753045
    outer loop
      vertex 41.3239 367.752 14.6627
      vertex 40.0186 370.465 14.6319
      vertex 40.0505 370.48 14.6627
    endloop
  endfacet
  facet normal -0.177457 -0.0828478 -0.980635
    outer loop
      vertex 42.1416 368.134 14.8629
      vertex 40.9152 370.884 14.8525
      vertex 42.1888 368.156 14.8525
    endloop
  endfacet
  facet normal -0.176367 -0.0823328 -0.980875
    outer loop
      vertex 40.7874 370.824 14.8806
      vertex 42.1416 368.134 14.8629
      vertex 42.0609 368.096 14.8806
    endloop
  endfacet
  facet normal -0.176872 -0.0825874 -0.980763
    outer loop
      vertex 42.1416 368.134 14.8629
      vertex 40.7874 370.824 14.8806
      vertex 40.9152 370.884 14.8525
    endloop
  endfacet
  facet normal -0.889036 -0.415155 -0.193034
    outer loop
      vertex 42.9194 368.496 13.9336
      vertex 41.62 371.213 14.0747
      vertex 41.6455 371.224 13.9336
    endloop
  endfacet
  facet normal -0.887793 -0.41416 -0.200738
    outer loop
      vertex 42.9129 368.492 13.9706
      vertex 41.62 371.213 14.0747
      vertex 42.9194 368.496 13.9336
    endloop
  endfacet
  facet normal -0.889033 -0.415034 -0.193305
    outer loop
      vertex 41.62 371.213 14.0747
      vertex 42.9129 368.492 13.9706
      vertex 42.894 368.484 14.0747
    endloop
  endfacet
  facet normal -0.85773 -0.400421 -0.322431
    outer loop
      vertex 42.894 368.484 14.0747
      vertex 41.5781 371.193 14.211
      vertex 41.62 371.213 14.0747
    endloop
  endfacet
  facet normal -0.858069 -0.400645 -0.321248
    outer loop
      vertex 42.8563 368.467 14.1966
      vertex 41.5781 371.193 14.211
      vertex 42.894 368.484 14.0747
    endloop
  endfacet
  facet normal -0.859 -0.401098 -0.31818
    outer loop
      vertex 41.5781 371.193 14.211
      vertex 42.8563 368.467 14.1966
      vertex 42.8519 368.465 14.211
    endloop
  endfacet
  facet normal -0.59686 -0.278715 0.75238
    outer loop
      vertex 41.264 371.046 12.9173
      vertex 42.5747 368.335 12.9528
      vertex 41.3302 371.077 12.9813
    endloop
  endfacet
  facet normal -0.597694 -0.279128 0.751565
    outer loop
      vertex 42.5747 368.335 12.9528
      vertex 41.264 371.046 12.9173
      vertex 42.538 368.318 12.9173
    endloop
  endfacet
  facet normal 0.503994 0.235327 0.83103
    outer loop
      vertex 40.1589 370.53 12.8374
      vertex 41.3196 367.762 12.9173
      vertex 41.428 367.812 12.8374
    endloop
  endfacet
  facet normal 0.503994 0.235327 0.83103
    outer loop
      vertex 41.3196 367.762 12.9173
      vertex 40.1589 370.53 12.8374
      vertex 40.0505 370.48 12.9173
    endloop
  endfacet
  facet normal -0.290169 -0.135487 0.947336
    outer loop
      vertex 40.9986 370.922 12.7587
      vertex 42.3078 368.223 12.7737
      vertex 41.0387 370.941 12.7737
    endloop
  endfacet
  facet normal -0.291386 -0.13608 0.946877
    outer loop
      vertex 42.3078 368.223 12.7737
      vertex 40.9986 370.922 12.7587
      vertex 42.2307 368.187 12.7448
    endloop
  endfacet
  facet normal -0.0546894 -0.0255344 -0.998177
    outer loop
      vertex 40.6573 370.763 14.89
      vertex 41.9369 368.038 14.8896
      vertex 41.931 368.035 14.89
    endloop
  endfacet
  facet normal -0.0598136 -0.0279444 -0.997818
    outer loop
      vertex 41.9369 368.038 14.8896
      vertex 40.6995 370.783 14.8869
      vertex 42.0123 368.073 14.8841
    endloop
  endfacet
  facet normal -0.0600122 -0.0280339 -0.997804
    outer loop
      vertex 41.9369 368.038 14.8896
      vertex 40.6573 370.763 14.89
      vertex 40.6995 370.783 14.8869
    endloop
  endfacet
  facet normal -0.680375 -0.317706 -0.660418
    outer loop
      vertex 42.6899 368.389 14.5001
      vertex 41.362 371.092 14.5678
      vertex 41.39 371.105 14.5327
    endloop
  endfacet
  facet normal -0.679374 -0.317182 -0.6617
    outer loop
      vertex 41.362 371.092 14.5678
      vertex 42.6899 368.389 14.5001
      vertex 42.6361 368.363 14.5678
    endloop
  endfacet
  facet normal -0.399669 -0.186595 -0.897467
    outer loop
      vertex 42.3934 368.25 14.7623
      vertex 41.1556 370.996 14.7426
      vertex 42.4297 368.267 14.7426
    endloop
  endfacet
  facet normal -0.410703 -0.191526 -0.891426
    outer loop
      vertex 42.3859 368.247 14.7664
      vertex 41.1556 370.996 14.7426
      vertex 42.3934 368.25 14.7623
    endloop
  endfacet
  facet normal -0.400945 -0.187205 -0.896771
    outer loop
      vertex 41.1556 370.996 14.7426
      vertex 42.3859 368.247 14.7664
      vertex 41.0767 370.959 14.7856
    endloop
  endfacet
  facet normal 0.400698 0.18711 -0.896901
    outer loop
      vertex 41.4323 367.803 14.7426
      vertex 40.2758 370.585 14.8063
      vertex 41.5492 367.858 14.8063
    endloop
  endfacet
  facet normal 0.400698 0.18711 -0.896901
    outer loop
      vertex 40.2758 370.585 14.8063
      vertex 41.4323 367.803 14.7426
      vertex 40.1589 370.53 14.7426
    endloop
  endfacet
  facet normal 0.291182 0.135931 -0.946961
    outer loop
      vertex 41.5687 367.867 14.8136
      vertex 40.3993 370.643 14.8525
      vertex 41.6728 367.915 14.8525
    endloop
  endfacet
  facet normal 0.291598 0.136165 -0.9468
    outer loop
      vertex 40.2758 370.585 14.8063
      vertex 41.5687 367.867 14.8136
      vertex 41.5492 367.858 14.8063
    endloop
  endfacet
  facet normal 0.290603 0.13569 -0.947174
    outer loop
      vertex 41.5687 367.867 14.8136
      vertex 40.2758 370.585 14.8063
      vertex 40.3993 370.643 14.8525
    endloop
  endfacet
  facet normal -0.291914 -0.136288 -0.946685
    outer loop
      vertex 42.1888 368.156 14.8525
      vertex 40.9986 370.922 14.8213
      vertex 42.2351 368.177 14.8352
    endloop
  endfacet
  facet normal -0.292022 -0.136334 -0.946645
    outer loop
      vertex 40.9986 370.922 14.8213
      vertex 42.1888 368.156 14.8525
      vertex 40.9152 370.884 14.8525
    endloop
  endfacet
  facet normal -0.889073 -0.415075 0.193035
    outer loop
      vertex 41.62 371.213 13.5053
      vertex 42.9191 368.496 13.6464
      vertex 41.6455 371.224 13.6464
    endloop
  endfacet
  facet normal -0.889105 -0.4151 0.192834
    outer loop
      vertex 42.9191 368.496 13.6464
      vertex 41.62 371.213 13.5053
      vertex 42.8941 368.484 13.5053
    endloop
  endfacet
  facet normal -0.857718 -0.400447 0.322431
    outer loop
      vertex 41.5781 371.193 13.369
      vertex 42.8941 368.484 13.5053
      vertex 41.62 371.213 13.5053
    endloop
  endfacet
  facet normal -0.852838 -0.397247 0.338912
    outer loop
      vertex 41.5781 371.193 13.369
      vertex 42.8907 368.482 13.4944
      vertex 42.8941 368.484 13.5053
    endloop
  endfacet
  facet normal -0.858635 -0.400958 0.319342
    outer loop
      vertex 42.8907 368.482 13.4944
      vertex 41.5781 371.193 13.369
      vertex 42.852 368.465 13.369
    endloop
  endfacet
  facet normal -0.753167 -0.351708 0.555914
    outer loop
      vertex 41.448 371.132 13.1204
      vertex 42.7943 368.438 13.24
      vertex 41.5204 371.166 13.24
    endloop
  endfacet
  facet normal -0.753235 -0.351747 0.555798
    outer loop
      vertex 41.448 371.132 13.1204
      vertex 42.7374 368.411 13.1458
      vertex 42.7943 368.438 13.24
    endloop
  endfacet
  facet normal -0.754137 -0.352189 0.554293
    outer loop
      vertex 42.7374 368.411 13.1458
      vertex 41.448 371.132 13.1204
      vertex 42.722 368.404 13.1204
    endloop
  endfacet
  facet normal -0.598158 -0.279264 0.751145
    outer loop
      vertex 41.3302 371.077 12.9813
      vertex 42.6361 368.363 13.0122
      vertex 41.362 371.092 13.0122
    endloop
  endfacet
  facet normal -0.598695 -0.279529 0.750618
    outer loop
      vertex 42.6361 368.363 13.0122
      vertex 41.3302 371.077 12.9813
      vertex 42.5747 368.335 12.9528
    endloop
  endfacet
  facet normal -0.680375 -0.317706 0.660418
    outer loop
      vertex 41.362 371.092 13.0122
      vertex 42.6899 368.389 13.0799
      vertex 41.39 371.105 13.0473
    endloop
  endfacet
  facet normal -0.679374 -0.317182 0.6617
    outer loop
      vertex 42.6899 368.389 13.0799
      vertex 41.362 371.092 13.0122
      vertex 42.6361 368.363 13.0122
    endloop
  endfacet
  facet normal 0.812428 0.379343 0.442786
    outer loop
      vertex 39.7364 370.333 13.369
      vertex 41.0632 367.642 13.24
      vertex 39.7941 370.36 13.24
    endloop
  endfacet
  facet normal 0.812643 0.379473 0.442279
    outer loop
      vertex 41.0632 367.642 13.24
      vertex 39.7364 370.333 13.369
      vertex 41.0056 367.615 13.369
    endloop
  endfacet
  facet normal 0.291607 0.136108 0.946805
    outer loop
      vertex 40.3993 370.643 12.7275
      vertex 41.545 367.867 12.7737
      vertex 41.6684 367.924 12.7275
    endloop
  endfacet
  facet normal 0.290599 0.135698 0.947174
    outer loop
      vertex 41.545 367.867 12.7737
      vertex 40.3993 370.643 12.7275
      vertex 40.2758 370.585 12.7737
    endloop
  endfacet
  facet normal 0.681016 0.317983 0.659624
    outer loop
      vertex 39.8944 370.407 13.0852
      vertex 41.2216 367.716 13.0122
      vertex 39.9525 370.434 13.0122
    endloop
  endfacet
  facet normal 0.681193 0.318076 0.659396
    outer loop
      vertex 41.2216 367.716 13.0122
      vertex 39.8944 370.407 13.0852
      vertex 41.1894 367.701 13.0527
    endloop
  endfacet
  facet normal 0.888712 0.414808 0.195258
    outer loop
      vertex 39.6691 370.302 13.6464
      vertex 40.9636 367.595 13.5053
      vertex 39.6945 370.314 13.5053
    endloop
  endfacet
  facet normal 0.888712 0.414808 0.195258
    outer loop
      vertex 40.9636 367.595 13.5053
      vertex 39.6691 370.302 13.6464
      vertex 40.9382 367.583 13.6464
    endloop
  endfacet
  facet normal 0.904183 0.42203 0.065906
    outer loop
      vertex 39.6605 370.298 13.79
      vertex 40.9382 367.583 13.6464
      vertex 39.6691 370.302 13.6464
    endloop
  endfacet
  facet normal 0.904208 0.422074 0.065279
    outer loop
      vertex 40.9382 367.583 13.6464
      vertex 39.6605 370.298 13.79
      vertex 40.9297 367.579 13.79
    endloop
  endfacet
  facet normal 0.0593328 0.0276768 -0.997855
    outer loop
      vertex 41.8008 367.974 14.8806
      vertex 40.5694 370.722 14.8836
      vertex 41.8823 368.012 14.8865
    endloop
  endfacet
  facet normal 0.0580906 0.0271203 -0.997943
    outer loop
      vertex 40.5694 370.722 14.8836
      vertex 41.8008 367.974 14.8806
      vertex 40.5272 370.702 14.8806
    endloop
  endfacet
  facet normal 0.0587603 0.0274351 -0.997895
    outer loop
      vertex 41.8823 368.012 14.8865
      vertex 40.6573 370.763 14.89
      vertex 41.931 368.035 14.89
    endloop
  endfacet
  facet normal 0.0596669 0.0278388 -0.99783
    outer loop
      vertex 40.6573 370.763 14.89
      vertex 41.8823 368.012 14.8865
      vertex 40.5694 370.722 14.8836
    endloop
  endfacet
  facet normal -0.812425 -0.37935 -0.442786
    outer loop
      vertex 42.8519 368.465 14.211
      vertex 41.5204 371.166 14.34
      vertex 41.5781 371.193 14.211
    endloop
  endfacet
  facet normal -0.81185 -0.379002 -0.444135
    outer loop
      vertex 41.5204 371.166 14.34
      vertex 42.8519 368.465 14.211
      vertex 42.7944 368.437 14.34
    endloop
  endfacet
  facet normal -0.681818 -0.318415 -0.658586
    outer loop
      vertex 42.722 368.404 14.4596
      vertex 41.39 371.105 14.5327
      vertex 41.448 371.132 14.4596
    endloop
  endfacet
  facet normal -0.681928 -0.318473 -0.658444
    outer loop
      vertex 41.39 371.105 14.5327
      vertex 42.722 368.404 14.4596
      vertex 42.6899 368.389 14.5001
    endloop
  endfacet
  facet normal -0.599806 -0.280034 -0.749542
    outer loop
      vertex 42.5983 368.346 14.6044
      vertex 41.362 371.092 14.5678
      vertex 42.6361 368.363 14.5678
    endloop
  endfacet
  facet normal -0.598079 -0.279304 -0.751193
    outer loop
      vertex 41.3302 371.077 14.5986
      vertex 42.5983 368.346 14.6044
      vertex 42.5748 368.335 14.6272
    endloop
  endfacet
  facet normal -0.597032 -0.27882 -0.752205
    outer loop
      vertex 42.5983 368.346 14.6044
      vertex 41.3302 371.077 14.5986
      vertex 41.362 371.092 14.5678
    endloop
  endfacet
  facet normal 0.753181 0.351678 -0.555914
    outer loop
      vertex 41.1398 367.667 14.4596
      vertex 39.7941 370.36 14.34
      vertex 39.8665 370.394 14.4596
    endloop
  endfacet
  facet normal 0.752334 0.35119 -0.557368
    outer loop
      vertex 41.0772 367.637 14.3562
      vertex 39.7941 370.36 14.34
      vertex 41.1398 367.667 14.4596
    endloop
  endfacet
  facet normal 0.758808 0.354305 -0.546515
    outer loop
      vertex 39.7941 370.36 14.34
      vertex 41.0772 367.637 14.3562
      vertex 41.0674 367.633 14.34
    endloop
  endfacet
  facet normal 0.597713 0.279086 -0.751565
    outer loop
      vertex 39.9525 370.434 14.5678
      vertex 41.2625 367.724 14.6033
      vertex 41.2258 367.707 14.5678
    endloop
  endfacet
  facet normal 0.597816 0.279137 -0.751464
    outer loop
      vertex 41.2625 367.724 14.6033
      vertex 39.9525 370.434 14.5678
      vertex 40.0186 370.465 14.6319
    endloop
  endfacet
  facet normal -0.904136 -0.422228 0.065279
    outer loop
      vertex 41.6455 371.224 13.6464
      vertex 42.9275 368.501 13.79
      vertex 41.654 371.228 13.79
    endloop
  endfacet
  facet normal -0.903908 -0.421831 0.0707726
    outer loop
      vertex 41.6455 371.224 13.6464
      vertex 42.9239 368.499 13.7321
      vertex 42.9275 368.501 13.79
    endloop
  endfacet
  facet normal -0.904174 -0.422125 0.065419
    outer loop
      vertex 42.9239 368.499 13.7321
      vertex 41.6455 371.224 13.6464
      vertex 42.9191 368.496 13.6464
    endloop
  endfacet
  facet normal -0.753206 -0.351625 -0.555914
    outer loop
      vertex 42.7944 368.437 14.34
      vertex 41.448 371.132 14.4596
      vertex 41.5204 371.166 14.34
    endloop
  endfacet
  facet normal -0.755788 -0.353113 -0.551449
    outer loop
      vertex 42.763 368.423 14.392
      vertex 41.448 371.132 14.4596
      vertex 42.7944 368.437 14.34
    endloop
  endfacet
  facet normal -0.752543 -0.351401 -0.556952
    outer loop
      vertex 42.7291 368.407 14.4479
      vertex 41.448 371.132 14.4596
      vertex 42.763 368.423 14.392
    endloop
  endfacet
  facet normal -0.75679 -0.353428 -0.549871
    outer loop
      vertex 41.448 371.132 14.4596
      vertex 42.7291 368.407 14.4479
      vertex 42.722 368.404 14.4596
    endloop
  endfacet
  facet normal 0.854353 0.408191 -0.321655
    outer loop
      vertex 41.0093 367.605 14.209
      vertex 40.9705 367.587 14.0831
      vertex 40.9662 367.596 14.0831
    endloop
  endfacet
  facet normal 0.8585 0.400885 -0.319794
    outer loop
      vertex 41.0098 367.606 14.211
      vertex 39.6945 370.314 14.0747
      vertex 39.7364 370.333 14.211
    endloop
  endfacet
  facet normal 0.922764 0.198835 -0.330108
    outer loop
      vertex 40.9662 367.596 14.0831
      vertex 41.0098 367.606 14.211
      vertex 41.0093 367.605 14.209
    endloop
  endfacet
  facet normal 0.857417 0.400169 -0.323574
    outer loop
      vertex 41.0098 367.606 14.211
      vertex 40.9662 367.596 14.0831
      vertex 39.6945 370.314 14.0747
    endloop
  endfacet
  facet normal 0.860297 0.401546 -0.314086
    outer loop
      vertex 39.6945 370.314 14.0747
      vertex 40.9662 367.596 14.0831
      vertex 40.9636 367.595 14.0747
    endloop
  endfacet
  facet normal -0.502746 -0.234787 0.831938
    outer loop
      vertex 41.264 371.046 12.9173
      vertex 42.4296 368.267 12.8374
      vertex 42.538 368.318 12.9173
    endloop
  endfacet
  facet normal -0.504011 -0.235291 0.83103
    outer loop
      vertex 42.4296 368.267 12.8374
      vertex 41.264 371.046 12.9173
      vertex 41.1556 370.996 12.8374
    endloop
  endfacet
  facet normal -0.402133 -0.187731 0.896128
    outer loop
      vertex 41.1556 370.996 12.8374
      vertex 42.3859 368.247 12.8136
      vertex 42.4296 368.267 12.8374
    endloop
  endfacet
  facet normal -0.400945 -0.187205 0.896771
    outer loop
      vertex 42.3859 368.247 12.8136
      vertex 41.1556 370.996 12.8374
      vertex 41.0767 370.959 12.7944
    endloop
  endfacet
  facet normal -0.346399 -0.151156 0.925829
    outer loop
      vertex 42.3515 368.231 12.7949
      vertex 42.3458 368.241 12.7944
      vertex 42.3506 368.23 12.7944
    endloop
  endfacet
  facet normal -0.4019 -0.184235 0.896958
    outer loop
      vertex 42.3859 368.247 12.8136
      vertex 42.3458 368.241 12.7944
      vertex 42.3515 368.231 12.7949
    endloop
  endfacet
  facet normal -0.40126 -0.187358 0.896598
    outer loop
      vertex 41.0767 370.959 12.7944
      vertex 42.3458 368.241 12.7944
      vertex 42.3859 368.247 12.8136
    endloop
  endfacet
  facet normal -0.400207 -0.186866 0.897171
    outer loop
      vertex 41.0767 370.959 12.7944
      vertex 42.3078 368.223 12.7737
      vertex 42.3458 368.241 12.7944
    endloop
  endfacet
  facet normal -0.400207 -0.186866 0.897171
    outer loop
      vertex 42.3078 368.223 12.7737
      vertex 41.0767 370.959 12.7944
      vertex 41.0387 370.941 12.7737
    endloop
  endfacet
  facet normal -0.177283 -0.0827538 0.980675
    outer loop
      vertex 40.9152 370.884 12.7275
      vertex 42.0565 368.106 12.6994
      vertex 42.1844 368.165 12.7275
    endloop
  endfacet
  facet normal -0.176872 -0.082586 0.980763
    outer loop
      vertex 42.0565 368.106 12.6994
      vertex 40.9152 370.884 12.7275
      vertex 40.7874 370.824 12.6994
    endloop
  endfacet
  facet normal -0.0586614 -0.0273904 0.997902
    outer loop
      vertex 40.7874 370.824 12.6994
      vertex 42.0077 368.083 12.6959
      vertex 42.0565 368.106 12.6994
    endloop
  endfacet
  facet normal -0.0587312 -0.0274215 0.997897
    outer loop
      vertex 42.0077 368.083 12.6959
      vertex 40.7874 370.824 12.6994
      vertex 40.6995 370.783 12.6931
    endloop
  endfacet
  facet normal 0.75317 0.351701 0.555914
    outer loop
      vertex 39.7941 370.36 13.24
      vertex 41.1357 367.676 13.1204
      vertex 39.8665 370.394 13.1204
    endloop
  endfacet
  facet normal 0.752917 0.351555 0.556349
    outer loop
      vertex 41.1357 367.676 13.1204
      vertex 39.7941 370.36 13.24
      vertex 41.0632 367.642 13.24
    endloop
  endfacet
  facet normal -0.504783 -0.235636 -0.830464
    outer loop
      vertex 41.264 371.046 14.6627
      vertex 42.4951 368.297 14.6944
      vertex 42.4448 368.274 14.7315
    endloop
  endfacet
  facet normal -0.502875 -0.234798 -0.831857
    outer loop
      vertex 42.4951 368.297 14.6944
      vertex 41.264 371.046 14.6627
      vertex 42.5382 368.317 14.6627
    endloop
  endfacet
  facet normal -0.502755 -0.234723 -0.831951
    outer loop
      vertex 41.1556 370.996 14.7426
      vertex 42.4448 368.274 14.7315
      vertex 42.4297 368.267 14.7426
    endloop
  endfacet
  facet normal -0.503999 -0.235316 -0.83103
    outer loop
      vertex 42.4448 368.274 14.7315
      vertex 41.1556 370.996 14.7426
      vertex 41.264 371.046 14.6627
    endloop
  endfacet
  facet normal 0.665795 0.103525 0.738917
    outer loop
      vertex 42.5382 368.317 14.6627
      vertex 42.5748 368.335 14.6272
      vertex 42.5473 368.322 14.6538
    endloop
  endfacet
  facet normal -0.594949 -0.277788 -0.754234
    outer loop
      vertex 41.264 371.046 14.6627
      vertex 42.5748 368.335 14.6272
      vertex 42.5382 368.317 14.6627
    endloop
  endfacet
  facet normal -0.597374 -0.278991 -0.75187
    outer loop
      vertex 42.5748 368.335 14.6272
      vertex 41.264 371.046 14.6627
      vertex 41.3302 371.077 14.5986
    endloop
  endfacet
  facet normal -0.404031 -0.188591 -0.895093
    outer loop
      vertex 41.0767 370.959 14.7856
      vertex 42.3422 368.226 14.7902
      vertex 42.3126 368.213 14.8063
    endloop
  endfacet
  facet normal -0.39931 -0.186409 -0.897665
    outer loop
      vertex 42.3422 368.226 14.7902
      vertex 41.0767 370.959 14.7856
      vertex 42.3859 368.247 14.7664
    endloop
  endfacet
  facet normal -0.400199 -0.186882 -0.897171
    outer loop
      vertex 41.0767 370.959 14.7856
      vertex 42.3126 368.213 14.8063
      vertex 41.0387 370.941 14.8063
    endloop
  endfacet
  facet normal -0.290281 -0.135553 -0.947292
    outer loop
      vertex 42.2351 368.177 14.8352
      vertex 41.0387 370.941 14.8063
      vertex 42.3126 368.213 14.8063
    endloop
  endfacet
  facet normal -0.290162 -0.135502 -0.947336
    outer loop
      vertex 41.0387 370.941 14.8063
      vertex 42.2351 368.177 14.8352
      vertex 40.9986 370.922 14.8213
    endloop
  endfacet
  facet normal 0.812429 0.379342 -0.442786
    outer loop
      vertex 41.0674 367.633 14.34
      vertex 39.7364 370.333 14.211
      vertex 39.7941 370.36 14.34
    endloop
  endfacet
  facet normal 0.812644 0.379472 -0.442279
    outer loop
      vertex 39.7364 370.333 14.211
      vertex 41.0674 367.633 14.34
      vertex 41.0098 367.606 14.211
    endloop
  endfacet
  facet normal 0.681016 0.317982 -0.659624
    outer loop
      vertex 41.2258 367.707 14.5678
      vertex 39.8944 370.407 14.4948
      vertex 39.9525 370.434 14.5678
    endloop
  endfacet
  facet normal 0.681217 0.318088 -0.659366
    outer loop
      vertex 39.8944 370.407 14.4948
      vertex 41.2258 367.707 14.5678
      vertex 41.1937 367.692 14.5274
    endloop
  endfacet
  facet normal -0.904136 -0.422228 -0.065279
    outer loop
      vertex 42.9275 368.501 13.79
      vertex 41.6455 371.224 13.9336
      vertex 41.654 371.228 13.79
    endloop
  endfacet
  facet normal -0.904119 -0.422199 -0.0656989
    outer loop
      vertex 41.6455 371.224 13.9336
      vertex 42.9275 368.501 13.79
      vertex 42.9194 368.496 13.9336
    endloop
  endfacet
  facet normal 0.400472 0.187005 0.897024
    outer loop
      vertex 40.2758 370.585 12.7737
      vertex 41.428 367.812 12.8374
      vertex 41.545 367.867 12.7737
    endloop
  endfacet
  facet normal 0.400703 0.187098 0.896901
    outer loop
      vertex 41.428 367.812 12.8374
      vertex 40.2758 370.585 12.7737
      vertex 40.1589 370.53 12.8374
    endloop
  endfacet
  facet normal -0.812414 -0.379374 0.442786
    outer loop
      vertex 41.5204 371.166 13.24
      vertex 42.852 368.465 13.369
      vertex 41.5781 371.193 13.369
    endloop
  endfacet
  facet normal -0.811923 -0.379077 0.443939
    outer loop
      vertex 41.5204 371.166 13.24
      vertex 42.8136 368.447 13.2834
      vertex 42.852 368.465 13.369
    endloop
  endfacet
  facet normal -0.813431 -0.37985 0.440504
    outer loop
      vertex 42.8136 368.447 13.2834
      vertex 41.5204 371.166 13.24
      vertex 42.7943 368.438 13.24
    endloop
  endfacet
  facet normal 0.0586636 0.0273857 0.997902
    outer loop
      vertex 15.7377 359.133 -14.81
      vertex 16.9596 356.388 -14.8065
      vertex 17.0084 356.411 -14.81
    endloop
  endfacet
  facet normal 0.0596695 0.0278333 0.99783
    outer loop
      vertex 16.9596 356.388 -14.8065
      vertex 15.7377 359.133 -14.81
      vertex 15.6498 359.092 -14.8036
    endloop
  endfacet
  facet normal 0.0594538 0.0277289 0.997846
    outer loop
      vertex 15.6498 359.092 -14.8036
      vertex 16.8783 356.35 -14.8006
      vertex 16.9596 356.388 -14.8065
    endloop
  endfacet
  facet normal 0.0580914 0.0271186 0.997943
    outer loop
      vertex 16.8783 356.35 -14.8006
      vertex 15.6498 359.092 -14.8036
      vertex 15.6076 359.072 -14.8006
    endloop
  endfacet
  facet normal 0.17677 0.0825207 0.980787
    outer loop
      vertex 15.6076 359.072 -14.8006
      vertex 16.7504 356.29 -14.7725
      vertex 16.8783 356.35 -14.8006
    endloop
  endfacet
  facet normal 0.17677 0.0825207 0.980787
    outer loop
      vertex 16.7504 356.29 -14.7725
      vertex 15.6076 359.072 -14.8006
      vertex 15.4797 359.012 -14.7725
    endloop
  endfacet
  facet normal 0.904306 0.422331 -0.0621923
    outer loop
      vertex 16.0202 355.95 -13.5664
      vertex 14.7445 358.668 -13.6585
      vertex 14.7499 358.67 -13.5664
    endloop
  endfacet
  facet normal 0.904004 0.421969 -0.0686903
    outer loop
      vertex 16.0202 355.95 -13.5664
      vertex 14.7429 358.667 -13.6857
      vertex 14.7445 358.668 -13.6585
    endloop
  endfacet
  facet normal 0.903793 0.421674 -0.0731425
    outer loop
      vertex 16.0202 355.95 -13.5664
      vertex 14.7414 358.666 -13.71
      vertex 14.7429 358.667 -13.6857
    endloop
  endfacet
  facet normal 0.904127 0.422247 -0.065279
    outer loop
      vertex 14.7414 358.666 -13.71
      vertex 16.0202 355.95 -13.5664
      vertex 16.0117 355.946 -13.71
    endloop
  endfacet
  facet normal -0.290813 -0.135784 0.947096
    outer loop
      vertex 15.9957 359.253 -14.7725
      vertex 17.3127 356.553 -14.7552
      vertex 16.0791 359.292 -14.7413
    endloop
  endfacet
  facet normal -0.289758 -0.135266 0.947493
    outer loop
      vertex 17.3127 356.553 -14.7552
      vertex 15.9957 359.253 -14.7725
      vertex 17.2664 356.531 -14.7725
    endloop
  endfacet
  facet normal 0.68104 0.318021 0.659581
    outer loop
      vertex 16.3036 356.082 -14.4878
      vertex 15.0244 358.799 -14.477
      vertex 14.9749 358.776 -14.4148
    endloop
  endfacet
  facet normal 0.68081 0.317911 0.659871
    outer loop
      vertex 15.0244 358.799 -14.477
      vertex 16.3036 356.082 -14.4878
      vertex 15.033 358.803 -14.4878
    endloop
  endfacet
  facet normal 0.681896 0.318473 0.658477
    outer loop
      vertex 16.3036 356.082 -14.4878
      vertex 14.9749 358.776 -14.4148
      vertex 16.2714 356.067 -14.4472
    endloop
  endfacet
  facet normal -0.177283 -0.0827538 -0.980675
    outer loop
      vertex 17.1385 356.472 -12.6194
      vertex 15.9972 359.25 -12.6475
      vertex 17.2664 356.531 -12.6475
    endloop
  endfacet
  facet normal -0.176761 -0.0825403 -0.980787
    outer loop
      vertex 15.9972 359.25 -12.6475
      vertex 17.1385 356.472 -12.6194
      vertex 15.8693 359.19 -12.6194
    endloop
  endfacet
  facet normal -0.0594358 -0.0277673 0.997846
    outer loop
      vertex 15.7799 359.152 -14.8069
      vertex 17.0084 356.411 -14.81
      vertex 17.0897 356.449 -14.8041
    endloop
  endfacet
  facet normal -0.0605656 -0.0282736 0.997764
    outer loop
      vertex 17.0084 356.411 -14.81
      vertex 15.7799 359.152 -14.8069
      vertex 15.7377 359.133 -14.81
    endloop
  endfacet
  facet normal -0.680681 -0.317781 0.660067
    outer loop
      vertex 17.7991 356.78 -14.3796
      vertex 16.515 359.495 -14.3967
      vertex 16.4705 359.474 -14.4527
    endloop
  endfacet
  facet normal -0.683906 -0.319332 0.655972
    outer loop
      vertex 16.515 359.495 -14.3967
      vertex 17.7991 356.78 -14.3796
      vertex 16.5286 359.501 -14.3796
    endloop
  endfacet
  facet normal -0.681915 -0.318433 0.658477
    outer loop
      vertex 17.7991 356.78 -14.3796
      vertex 16.4705 359.474 -14.4527
      vertex 17.7669 356.765 -14.4202
    endloop
  endfacet
  facet normal 0.399371 0.186451 0.89763
    outer loop
      vertex 15.3085 358.932 -14.7003
      vertex 16.627 356.233 -14.7263
      vertex 15.3562 358.955 -14.7263
    endloop
  endfacet
  facet normal 0.400475 0.186997 0.897024
    outer loop
      vertex 16.627 356.233 -14.7263
      vertex 15.3085 358.932 -14.7003
      vertex 16.51 356.178 -14.6626
    endloop
  endfacet
  facet normal 0.402875 0.188026 0.895733
    outer loop
      vertex 15.2713 358.915 -14.68
      vertex 16.51 356.178 -14.6626
      vertex 15.3085 358.932 -14.7003
    endloop
  endfacet
  facet normal 0.432155 0.109068 0.895179
    outer loop
      vertex 15.2474 358.903 -14.667
      vertex 15.2713 358.915 -14.68
      vertex 15.2646 358.912 -14.6764
    endloop
  endfacet
  facet normal 0.396248 0.18505 0.899302
    outer loop
      vertex 15.2713 358.915 -14.68
      vertex 15.2474 358.903 -14.667
      vertex 16.51 356.178 -14.6626
    endloop
  endfacet
  facet normal 0.419385 0.195749 0.886453
    outer loop
      vertex 16.51 356.178 -14.6626
      vertex 15.2474 358.903 -14.667
      vertex 15.2395 358.9 -14.6626
    endloop
  endfacet
  facet normal -0.503986 -0.235255 0.831056
    outer loop
      vertex 16.3445 359.416 -14.5827
      vertex 17.5745 356.675 -14.6127
      vertex 17.6151 356.694 -14.5827
    endloop
  endfacet
  facet normal -0.502043 -0.234399 0.832472
    outer loop
      vertex 17.5745 356.675 -14.6127
      vertex 16.3445 359.416 -14.5827
      vertex 16.2713 359.381 -14.6367
    endloop
  endfacet
  facet normal -0.680398 -0.317658 -0.660418
    outer loop
      vertex 17.7669 356.765 -12.9998
      vertex 16.444 359.458 -12.9322
      vertex 16.472 359.471 -12.9673
    endloop
  endfacet
  facet normal -0.681475 -0.318222 -0.659035
    outer loop
      vertex 16.444 359.458 -12.9322
      vertex 17.7669 356.765 -12.9998
      vertex 17.7132 356.74 -12.9322
    endloop
  endfacet
  facet normal 0.889671 0.415548 0.189224
    outer loop
      vertex 16.0456 355.961 -13.9947
      vertex 14.7568 358.674 -13.8931
      vertex 14.7498 358.671 -13.8536
    endloop
  endfacet
  facet normal 0.888366 0.414712 0.197027
    outer loop
      vertex 14.7618 358.676 -13.9209
      vertex 16.0456 355.961 -13.9947
      vertex 14.7749 358.683 -13.9947
    endloop
  endfacet
  facet normal 0.889565 0.415473 0.189884
    outer loop
      vertex 14.7568 358.674 -13.8931
      vertex 16.0456 355.961 -13.9947
      vertex 14.7618 358.676 -13.9209
    endloop
  endfacet
  facet normal 0.889172 0.415143 0.192428
    outer loop
      vertex 16.0456 355.961 -13.9947
      vertex 14.7498 358.671 -13.8536
      vertex 16.0202 355.95 -13.8536
    endloop
  endfacet
  facet normal 0.681223 0.318091 -0.659359
    outer loop
      vertex 16.2714 356.067 -12.9727
      vertex 14.947 358.763 -13.0404
      vertex 14.975 358.776 -13.0052
    endloop
  endfacet
  facet normal 0.68146 0.318215 -0.659053
    outer loop
      vertex 14.947 358.763 -13.0404
      vertex 16.2714 356.067 -12.9727
      vertex 16.2176 356.042 -13.0404
    endloop
  endfacet
  facet normal -0.888699 -0.414835 0.195259
    outer loop
      vertex 16.702 359.579 -13.9947
      vertex 17.9966 356.872 -13.8536
      vertex 16.7274 359.591 -13.8536
    endloop
  endfacet
  facet normal -0.888602 -0.414757 0.195864
    outer loop
      vertex 17.9966 356.872 -13.8536
      vertex 16.702 359.579 -13.9947
      vertex 17.9711 356.86 -13.9947
    endloop
  endfacet
  facet normal -0.860977 -0.258293 0.438183
    outer loop
      vertex 16.6493 359.556 -14.1537
      vertex 16.6021 359.533 -14.26
      vertex 16.6499 359.554 -14.1537
    endloop
  endfacet
  facet normal -0.810327 -0.378361 0.447451
    outer loop
      vertex 16.6499 359.554 -14.1537
      vertex 17.9292 356.841 -14.131
      vertex 16.6601 359.559 -14.131
    endloop
  endfacet
  facet normal -0.813307 -0.379823 0.440756
    outer loop
      vertex 16.6021 359.533 -14.26
      vertex 17.9292 356.841 -14.131
      vertex 16.6499 359.554 -14.1537
    endloop
  endfacet
  facet normal -0.812663 -0.379432 0.442279
    outer loop
      vertex 17.9292 356.841 -14.131
      vertex 16.6021 359.533 -14.26
      vertex 17.8716 356.814 -14.26
    endloop
  endfacet
  facet normal -0.904183 -0.42203 0.065906
    outer loop
      vertex 16.7274 359.591 -13.8536
      vertex 18.0051 356.876 -13.71
      vertex 16.736 359.595 -13.71
    endloop
  endfacet
  facet normal -0.904208 -0.422074 0.065279
    outer loop
      vertex 18.0051 356.876 -13.71
      vertex 16.7274 359.591 -13.8536
      vertex 17.9966 356.872 -13.8536
    endloop
  endfacet
  facet normal -0.17728 -0.0827591 0.980675
    outer loop
      vertex 15.9957 359.253 -14.7725
      vertex 17.1385 356.472 -14.8006
      vertex 17.2664 356.531 -14.7725
    endloop
  endfacet
  facet normal -0.176758 -0.0825456 0.980787
    outer loop
      vertex 17.1385 356.472 -14.8006
      vertex 15.9957 359.253 -14.7725
      vertex 15.8678 359.193 -14.8006
    endloop
  endfacet
  facet normal -0.0586598 -0.027394 0.997902
    outer loop
      vertex 15.8678 359.193 -14.8006
      vertex 17.0897 356.449 -14.8041
      vertex 17.1385 356.472 -14.8006
    endloop
  endfacet
  facet normal -0.0587295 -0.027425 0.997897
    outer loop
      vertex 17.0897 356.449 -14.8041
      vertex 15.8678 359.193 -14.8006
      vertex 15.7799 359.152 -14.8069
    endloop
  endfacet
  facet normal -0.68184 -0.318368 -0.658586
    outer loop
      vertex 17.7991 356.78 -13.0404
      vertex 16.472 359.471 -12.9673
      vertex 16.53 359.498 -13.0404
    endloop
  endfacet
  facet normal -0.681925 -0.318412 -0.658477
    outer loop
      vertex 16.472 359.471 -12.9673
      vertex 17.7991 356.78 -13.0404
      vertex 17.7669 356.765 -12.9998
    endloop
  endfacet
  facet normal 0.597895 0.279204 0.751377
    outer loop
      vertex 15.0995 358.833 -14.5519
      vertex 16.3036 356.082 -14.4878
      vertex 16.3404 356.099 -14.5234
    endloop
  endfacet
  facet normal 0.598854 0.279602 0.750465
    outer loop
      vertex 15.043 358.808 -14.4975
      vertex 16.3036 356.082 -14.4878
      vertex 15.0995 358.833 -14.5519
    endloop
  endfacet
  facet normal 0.593904 0.27733 0.755226
    outer loop
      vertex 16.3036 356.082 -14.4878
      vertex 15.043 358.808 -14.4975
      vertex 15.033 358.803 -14.4878
    endloop
  endfacet
  facet normal 0.754804 0.352464 0.553209
    outer loop
      vertex 14.9226 358.752 -14.3393
      vertex 16.2176 356.042 -14.3796
      vertex 14.947 358.763 -14.3796
    endloop
  endfacet
  facet normal 0.752718 0.351415 0.556707
    outer loop
      vertex 14.9076 358.745 -14.3146
      vertex 16.2176 356.042 -14.3796
      vertex 14.9226 358.752 -14.3393
    endloop
  endfacet
  facet normal 0.75373 0.351946 0.555
    outer loop
      vertex 14.8744 358.73 -14.26
      vertex 16.2176 356.042 -14.3796
      vertex 14.9076 358.745 -14.3146
    endloop
  endfacet
  facet normal 0.753199 0.35164 0.555914
    outer loop
      vertex 16.2176 356.042 -14.3796
      vertex 14.8744 358.73 -14.26
      vertex 16.1452 356.008 -14.26
    endloop
  endfacet
  facet normal 0.682065 0.318556 0.658262
    outer loop
      vertex 14.947 358.763 -14.3796
      vertex 16.2714 356.067 -14.4472
      vertex 14.9749 358.776 -14.4148
    endloop
  endfacet
  facet normal 0.681022 0.318011 0.659604
    outer loop
      vertex 16.2714 356.067 -14.4472
      vertex 14.947 358.763 -14.3796
      vertex 16.2176 356.042 -14.3796
    endloop
  endfacet
  facet normal 0.858335 0.40081 0.320332
    outer loop
      vertex 16.0875 355.981 -14.131
      vertex 14.8121 358.701 -14.1169
      vertex 14.7749 358.683 -13.9947
    endloop
  endfacet
  facet normal 0.858803 0.401038 0.318789
    outer loop
      vertex 14.8121 358.701 -14.1169
      vertex 16.0875 355.981 -14.131
      vertex 14.8164 358.703 -14.131
    endloop
  endfacet
  facet normal 0.857734 0.400413 0.322431
    outer loop
      vertex 16.0875 355.981 -14.131
      vertex 14.7749 358.683 -13.9947
      vertex 16.0456 355.961 -13.9947
    endloop
  endfacet
  facet normal 0.0594524 0.0277318 -0.997846
    outer loop
      vertex 16.8783 356.35 -12.6194
      vertex 15.6501 359.091 -12.6164
      vertex 16.9596 356.388 -12.6135
    endloop
  endfacet
  facet normal 0.0373179 0.0178151 -0.999145
    outer loop
      vertex 16.8783 356.35 -12.6194
      vertex 15.6479 359.09 -12.6165
      vertex 15.6501 359.091 -12.6164
    endloop
  endfacet
  facet normal 0.059092 0.0275915 -0.997871
    outer loop
      vertex 15.6479 359.09 -12.6165
      vertex 16.8783 356.35 -12.6194
      vertex 15.6078 359.071 -12.6194
    endloop
  endfacet
  facet normal -0.0586606 -0.0273922 -0.997902
    outer loop
      vertex 17.0897 356.449 -12.6159
      vertex 15.8693 359.19 -12.6194
      vertex 17.1385 356.472 -12.6194
    endloop
  endfacet
  facet normal -0.0587855 -0.0274478 -0.997893
    outer loop
      vertex 15.8693 359.19 -12.6194
      vertex 17.0897 356.449 -12.6159
      vertex 15.7815 359.149 -12.6131
    endloop
  endfacet
  facet normal 0.88248 0.4119 -0.227084
    outer loop
      vertex 16.0456 355.961 -13.4253
      vertex 14.7741 358.682 -13.431
      vertex 14.7751 358.683 -13.4253
    endloop
  endfacet
  facet normal 0.888602 0.414826 -0.195717
    outer loop
      vertex 16.0456 355.961 -13.4253
      vertex 14.7701 358.68 -13.4534
      vertex 14.7741 358.682 -13.431
    endloop
  endfacet
  facet normal 0.888629 0.414841 -0.195564
    outer loop
      vertex 16.0456 355.961 -13.4253
      vertex 14.7499 358.67 -13.5664
      vertex 14.7701 358.68 -13.4534
    endloop
  endfacet
  facet normal 0.889127 0.415242 -0.192427
    outer loop
      vertex 14.7499 358.67 -13.5664
      vertex 16.0456 355.961 -13.4253
      vertex 16.0202 355.95 -13.5664
    endloop
  endfacet
  facet normal -0.597021 -0.278656 0.752275
    outer loop
      vertex 16.3445 359.416 -14.5827
      vertex 17.6519 356.711 -14.5471
      vertex 16.4108 359.447 -14.5186
    endloop
  endfacet
  facet normal -0.597938 -0.279111 0.751377
    outer loop
      vertex 17.6519 356.711 -14.5471
      vertex 16.3445 359.416 -14.5827
      vertex 17.6151 356.694 -14.5827
    endloop
  endfacet
  facet normal -0.401102 -0.18728 0.896685
    outer loop
      vertex 16.1572 359.328 -14.7056
      vertex 17.3898 356.589 -14.7263
      vertex 17.4629 356.623 -14.6865
    endloop
  endfacet
  facet normal -0.400201 -0.186878 0.897171
    outer loop
      vertex 17.3898 356.589 -14.7263
      vertex 16.1572 359.328 -14.7056
      vertex 16.1192 359.31 -14.7263
    endloop
  endfacet
  facet normal -0.292668 -0.136665 0.946397
    outer loop
      vertex 16.0791 359.292 -14.7413
      vertex 17.3898 356.589 -14.7263
      vertex 16.1192 359.31 -14.7263
    endloop
  endfacet
  facet normal -0.291401 -0.136048 0.946877
    outer loop
      vertex 17.3898 356.589 -14.7263
      vertex 16.0791 359.292 -14.7413
      vertex 17.3127 356.553 -14.7552
    endloop
  endfacet
  facet normal -0.400038 -0.186802 0.89726
    outer loop
      vertex 16.2361 359.365 -14.6626
      vertex 17.4629 356.623 -14.6865
      vertex 17.5067 356.644 -14.6626
    endloop
  endfacet
  facet normal -0.400945 -0.187204 0.896771
    outer loop
      vertex 17.4629 356.623 -14.6865
      vertex 16.2361 359.365 -14.6626
      vertex 16.1572 359.328 -14.7056
    endloop
  endfacet
  facet normal -0.504006 -0.235357 0.831015
    outer loop
      vertex 16.2713 359.381 -14.6367
      vertex 17.5067 356.644 -14.6626
      vertex 17.5745 356.675 -14.6127
    endloop
  endfacet
  facet normal -0.504276 -0.235477 0.830817
    outer loop
      vertex 17.5067 356.644 -14.6626
      vertex 16.2713 359.381 -14.6367
      vertex 16.2361 359.365 -14.6626
    endloop
  endfacet
  facet normal -0.401107 -0.187268 -0.896685
    outer loop
      vertex 17.3898 356.589 -12.6937
      vertex 16.1587 359.325 -12.7144
      vertex 17.4629 356.623 -12.7335
    endloop
  endfacet
  facet normal -0.400207 -0.186866 -0.897171
    outer loop
      vertex 16.1587 359.325 -12.7144
      vertex 17.3898 356.589 -12.6937
      vertex 16.1207 359.307 -12.6937
    endloop
  endfacet
  facet normal -0.857758 -0.400361 -0.322431
    outer loop
      vertex 17.9711 356.86 -13.4253
      vertex 16.6601 359.559 -13.289
      vertex 16.702 359.579 -13.4253
    endloop
  endfacet
  facet normal -0.858512 -0.40086 -0.319794
    outer loop
      vertex 16.6601 359.559 -13.289
      vertex 17.9711 356.86 -13.4253
      vertex 17.9292 356.841 -13.289
    endloop
  endfacet
  facet normal 0.291598 0.136126 0.946805
    outer loop
      vertex 15.4797 359.012 -14.7725
      vertex 16.627 356.233 -14.7263
      vertex 16.7504 356.29 -14.7725
    endloop
  endfacet
  facet normal 0.29142 0.136053 0.946871
    outer loop
      vertex 16.627 356.233 -14.7263
      vertex 15.4797 359.012 -14.7725
      vertex 15.3562 358.955 -14.7263
    endloop
  endfacet
  facet normal 0.904035 0.422082 0.0675787
    outer loop
      vertex 14.7414 358.666 -13.71
      vertex 16.0202 355.95 -13.8536
      vertex 14.7498 358.671 -13.8536
    endloop
  endfacet
  facet normal 0.904127 0.422247 0.065279
    outer loop
      vertex 16.0202 355.95 -13.8536
      vertex 14.7414 358.666 -13.71
      vertex 16.0117 355.946 -13.71
    endloop
  endfacet
  facet normal 0.176763 0.082535 -0.980787
    outer loop
      vertex 16.7504 356.29 -12.6475
      vertex 15.6078 359.071 -12.6194
      vertex 16.8783 356.35 -12.6194
    endloop
  endfacet
  facet normal 0.177398 0.0827942 -0.98065
    outer loop
      vertex 15.6078 359.071 -12.6194
      vertex 16.7504 356.29 -12.6475
      vertex 15.48 359.012 -12.6475
    endloop
  endfacet
  facet normal -0.0594375 -0.0277638 -0.997846
    outer loop
      vertex 17.0084 356.411 -12.61
      vertex 15.7815 359.149 -12.6131
      vertex 17.0897 356.449 -12.6159
    endloop
  endfacet
  facet normal -0.0599006 -0.0279712 -0.997812
    outer loop
      vertex 15.7815 359.149 -12.6131
      vertex 17.0084 356.411 -12.61
      vertex 15.7392 359.129 -12.61
    endloop
  endfacet
  facet normal -0.893049 0.302936 0.332705
    outer loop
      vertex 14.8433 358.716 -13.2289
      vertex 14.8165 358.703 -13.289
      vertex 14.8352 358.712 -13.247
    endloop
  endfacet
  facet normal 0.812085 0.379132 -0.443595
    outer loop
      vertex 16.1452 356.008 -13.16
      vertex 14.8433 358.716 -13.2289
      vertex 14.8744 358.73 -13.16
    endloop
  endfacet
  facet normal 0.811895 0.37903 -0.44403
    outer loop
      vertex 14.8433 358.716 -13.2289
      vertex 16.1452 356.008 -13.16
      vertex 14.8165 358.703 -13.289
    endloop
  endfacet
  facet normal 0.812425 0.37935 -0.442786
    outer loop
      vertex 14.8165 358.703 -13.289
      vertex 16.1452 356.008 -13.16
      vertex 16.0875 355.981 -13.289
    endloop
  endfacet
  facet normal -0.857758 -0.400361 0.322431
    outer loop
      vertex 16.6601 359.559 -14.131
      vertex 17.9711 356.86 -13.9947
      vertex 16.702 359.579 -13.9947
    endloop
  endfacet
  facet normal -0.858512 -0.40086 0.319794
    outer loop
      vertex 17.9711 356.86 -13.9947
      vertex 16.6601 359.559 -14.131
      vertex 17.9292 356.841 -14.131
    endloop
  endfacet
  facet normal -0.681251 -0.318105 0.659323
    outer loop
      vertex 16.4426 359.461 -14.4878
      vertex 17.7669 356.765 -14.4202
      vertex 16.4705 359.474 -14.4527
    endloop
  endfacet
  facet normal -0.681475 -0.318222 0.659035
    outer loop
      vertex 17.7669 356.765 -14.4202
      vertex 16.4426 359.461 -14.4878
      vertex 17.7132 356.74 -14.4878
    endloop
  endfacet
  facet normal -0.601125 -0.280702 0.748234
    outer loop
      vertex 16.4108 359.447 -14.5186
      vertex 17.7132 356.74 -14.4878
      vertex 16.4426 359.461 -14.4878
    endloop
  endfacet
  facet normal -0.596498 -0.278424 0.752775
    outer loop
      vertex 17.7132 356.74 -14.4878
      vertex 16.4108 359.447 -14.5186
      vertex 17.6519 356.711 -14.5471
    endloop
  endfacet
  facet normal -0.504001 -0.235367 -0.831015
    outer loop
      vertex 17.5067 356.644 -12.7574
      vertex 16.2728 359.378 -12.7834
      vertex 17.5745 356.675 -12.8073
    endloop
  endfacet
  facet normal -0.505625 -0.236088 -0.829823
    outer loop
      vertex 16.2728 359.378 -12.7834
      vertex 17.5067 356.644 -12.7574
      vertex 16.2376 359.362 -12.7574
    endloop
  endfacet
  facet normal -0.503993 -0.23524 -0.831056
    outer loop
      vertex 17.5745 356.675 -12.8073
      vertex 16.346 359.413 -12.8373
      vertex 17.6151 356.694 -12.8373
    endloop
  endfacet
  facet normal -0.501399 -0.234097 -0.832945
    outer loop
      vertex 16.346 359.413 -12.8373
      vertex 17.5745 356.675 -12.8073
      vertex 16.2728 359.378 -12.7834
    endloop
  endfacet
  facet normal -0.289762 -0.135258 -0.947493
    outer loop
      vertex 15.9972 359.25 -12.6475
      vertex 17.3127 356.553 -12.6648
      vertex 17.2664 356.531 -12.6475
    endloop
  endfacet
  facet normal -0.291072 -0.1359 -0.947
    outer loop
      vertex 17.3127 356.553 -12.6648
      vertex 15.9972 359.25 -12.6475
      vertex 16.0805 359.289 -12.6787
    endloop
  endfacet
  facet normal -0.812428 -0.379343 -0.442786
    outer loop
      vertex 17.9292 356.841 -13.289
      vertex 16.6024 359.532 -13.16
      vertex 16.6601 359.559 -13.289
    endloop
  endfacet
  facet normal -0.812643 -0.379473 -0.442279
    outer loop
      vertex 16.6024 359.532 -13.16
      vertex 17.9292 356.841 -13.289
      vertex 17.8716 356.814 -13.16
    endloop
  endfacet
  facet normal 0.596915 0.278707 0.752339
    outer loop
      vertex 15.1316 358.848 -14.5827
      vertex 16.3404 356.099 -14.5234
      vertex 16.4016 356.128 -14.5827
    endloop
  endfacet
  facet normal 0.594404 0.277654 0.754713
    outer loop
      vertex 16.3404 356.099 -14.5234
      vertex 15.1316 358.848 -14.5827
      vertex 15.0995 358.833 -14.5519
    endloop
  endfacet
  facet normal 0.503045 0.234797 0.831755
    outer loop
      vertex 15.1687 358.865 -14.6099
      vertex 16.51 356.178 -14.6626
      vertex 15.2395 358.9 -14.6626
    endloop
  endfacet
  facet normal 0.50401 0.235293 0.83103
    outer loop
      vertex 16.51 356.178 -14.6626
      vertex 15.1687 358.865 -14.6099
      vertex 16.4016 356.128 -14.5827
    endloop
  endfacet
  facet normal 0.499273 0.233194 0.834474
    outer loop
      vertex 15.1483 358.855 -14.5949
      vertex 16.4016 356.128 -14.5827
      vertex 15.1687 358.865 -14.6099
    endloop
  endfacet
  facet normal 0.506567 0.236522 0.829125
    outer loop
      vertex 16.4016 356.128 -14.5827
      vertex 15.1483 358.855 -14.5949
      vertex 15.1316 358.848 -14.5827
    endloop
  endfacet
  facet normal 0.810167 0.378016 0.448033
    outer loop
      vertex 16.1452 356.008 -14.26
      vertex 14.8223 358.706 -14.1442
      vertex 14.8164 358.703 -14.131
    endloop
  endfacet
  facet normal 0.811959 0.379073 0.443876
    outer loop
      vertex 14.8223 358.706 -14.1442
      vertex 16.1452 356.008 -14.26
      vertex 14.8744 358.73 -14.26
    endloop
  endfacet
  facet normal 0.812413 0.379375 0.442786
    outer loop
      vertex 16.1452 356.008 -14.26
      vertex 14.8164 358.703 -14.131
      vertex 16.0875 355.981 -14.131
    endloop
  endfacet
  facet normal 0.681426 0.318199 -0.659097
    outer loop
      vertex 16.3036 356.082 -12.9322
      vertex 14.975 358.776 -13.0052
      vertex 15.033 358.803 -12.9322
    endloop
  endfacet
  facet normal 0.681193 0.318076 -0.659396
    outer loop
      vertex 14.975 358.776 -13.0052
      vertex 16.3036 356.082 -12.9322
      vertex 16.2714 356.067 -12.9727
    endloop
  endfacet
  facet normal 0.597899 0.279195 -0.751377
    outer loop
      vertex 15.033 358.803 -12.9322
      vertex 16.3404 356.099 -12.8966
      vertex 16.3036 356.082 -12.9322
    endloop
  endfacet
  facet normal 0.597395 0.278945 -0.75187
    outer loop
      vertex 16.3404 356.099 -12.8966
      vertex 15.033 358.803 -12.9322
      vertex 15.0992 358.834 -12.8681
    endloop
  endfacet
  facet normal 0.0586606 0.0273922 -0.997902
    outer loop
      vertex 16.9596 356.388 -12.6135
      vertex 15.7392 359.129 -12.61
      vertex 17.0084 356.411 -12.61
    endloop
  endfacet
  facet normal 0.0589111 0.0275037 -0.997884
    outer loop
      vertex 16.9596 356.388 -12.6135
      vertex 15.6948 359.108 -12.6132
      vertex 15.7392 359.129 -12.61
    endloop
  endfacet
  facet normal 0.0606587 0.0283163 -0.997757
    outer loop
      vertex 15.6501 359.091 -12.6164
      vertex 15.6948 359.108 -12.6132
      vertex 16.9596 356.388 -12.6135
    endloop
  endfacet
  facet normal 0.060949 0.022348 -0.997891
    outer loop
      vertex 15.6948 359.108 -12.6132
      vertex 15.6699 359.1 -12.6149
      vertex 15.6937 359.111 -12.6132
    endloop
  endfacet
  facet normal 0.0500863 0.0560056 -0.997173
    outer loop
      vertex 15.6948 359.108 -12.6132
      vertex 15.6501 359.091 -12.6164
      vertex 15.6699 359.1 -12.6149
    endloop
  endfacet
  facet normal 0.291608 0.136104 -0.946805
    outer loop
      vertex 15.4434 358.995 -12.6612
      vertex 16.7504 356.29 -12.6475
      vertex 16.627 356.233 -12.6937
    endloop
  endfacet
  facet normal 0.285391 0.133196 -0.94911
    outer loop
      vertex 16.7504 356.29 -12.6475
      vertex 15.4685 359.006 -12.6518
      vertex 15.48 359.012 -12.6475
    endloop
  endfacet
  facet normal 0.284798 0.132916 -0.949328
    outer loop
      vertex 16.7504 356.29 -12.6475
      vertex 15.4675 359.006 -12.6521
      vertex 15.4685 359.006 -12.6518
    endloop
  endfacet
  facet normal 0.294376 0.137446 -0.945754
    outer loop
      vertex 16.7504 356.29 -12.6475
      vertex 15.4434 358.995 -12.6612
      vertex 15.4675 359.006 -12.6521
    endloop
  endfacet
  facet normal 0.290319 0.135557 -0.94728
    outer loop
      vertex 15.4434 358.995 -12.6612
      vertex 16.627 356.233 -12.6937
      vertex 15.3565 358.954 -12.6937
    endloop
  endfacet
  facet normal 0.753875 0.35203 -0.554749
    outer loop
      vertex 16.2176 356.042 -13.0404
      vertex 14.919 358.75 -13.0867
      vertex 14.947 358.763 -13.0404
    endloop
  endfacet
  facet normal 0.753874 0.352029 -0.554752
    outer loop
      vertex 16.2176 356.042 -13.0404
      vertex 14.8744 358.73 -13.16
      vertex 14.919 358.75 -13.0867
    endloop
  endfacet
  facet normal 0.753199 0.35164 -0.555914
    outer loop
      vertex 14.8744 358.73 -13.16
      vertex 16.2176 356.042 -13.0404
      vertex 16.1452 356.008 -13.16
    endloop
  endfacet
  facet normal 0.858565 0.400895 -0.319607
    outer loop
      vertex 16.0875 355.981 -13.289
      vertex 14.7751 358.683 -13.4253
      vertex 14.8165 358.703 -13.289
    endloop
  endfacet
  facet normal 0.857759 0.400361 -0.322431
    outer loop
      vertex 14.7751 358.683 -13.4253
      vertex 16.0875 355.981 -13.289
      vertex 16.0456 355.961 -13.4253
    endloop
  endfacet
  facet normal -0.75099 -0.350445 0.559645
    outer loop
      vertex 17.8716 356.814 -14.26
      vertex 16.5486 359.511 -14.3465
      vertex 16.5286 359.501 -14.3796
    endloop
  endfacet
  facet normal -0.74776 -0.349129 0.564769
    outer loop
      vertex 16.5982 359.531 -14.2664
      vertex 17.8716 356.814 -14.26
      vertex 16.6021 359.533 -14.26
    endloop
  endfacet
  facet normal -0.753893 -0.352027 0.554727
    outer loop
      vertex 16.5486 359.511 -14.3465
      vertex 17.8716 356.814 -14.26
      vertex 16.5982 359.531 -14.2664
    endloop
  endfacet
  facet normal -0.752917 -0.351555 0.556349
    outer loop
      vertex 17.8716 356.814 -14.26
      vertex 16.5286 359.501 -14.3796
      vertex 17.7991 356.78 -14.3796
    endloop
  endfacet
  facet normal -0.596469 -0.278485 -0.752776
    outer loop
      vertex 16.4122 359.443 -12.9013
      vertex 17.7132 356.74 -12.9322
      vertex 17.6519 356.711 -12.8729
    endloop
  endfacet
  facet normal -0.598138 -0.279307 -0.751145
    outer loop
      vertex 17.7132 356.74 -12.9322
      vertex 16.4122 359.443 -12.9013
      vertex 16.444 359.458 -12.9322
    endloop
  endfacet
  facet normal -0.888699 -0.414835 -0.195259
    outer loop
      vertex 17.9966 356.872 -13.5664
      vertex 16.702 359.579 -13.4253
      vertex 16.7274 359.591 -13.5664
    endloop
  endfacet
  facet normal -0.888602 -0.414757 -0.195864
    outer loop
      vertex 16.702 359.579 -13.4253
      vertex 17.9966 356.872 -13.5664
      vertex 17.9711 356.86 -13.4253
    endloop
  endfacet
  facet normal -0.904183 -0.42203 -0.065906
    outer loop
      vertex 18.0051 356.876 -13.71
      vertex 16.7274 359.591 -13.5664
      vertex 16.736 359.595 -13.71
    endloop
  endfacet
  facet normal -0.904208 -0.422074 -0.065279
    outer loop
      vertex 16.7274 359.591 -13.5664
      vertex 18.0051 356.876 -13.71
      vertex 17.9966 356.872 -13.5664
    endloop
  endfacet
  facet normal -0.597947 -0.279093 -0.751377
    outer loop
      vertex 16.346 359.413 -12.8373
      vertex 17.6519 356.711 -12.8729
      vertex 17.6151 356.694 -12.8373
    endloop
  endfacet
  facet normal -0.598859 -0.279546 -0.750481
    outer loop
      vertex 17.6519 356.711 -12.8729
      vertex 16.346 359.413 -12.8373
      vertex 16.4122 359.443 -12.9013
    endloop
  endfacet
  facet normal -0.75317 -0.351701 -0.555914
    outer loop
      vertex 17.8716 356.814 -13.16
      vertex 16.53 359.498 -13.0404
      vertex 16.6024 359.532 -13.16
    endloop
  endfacet
  facet normal -0.752917 -0.351555 -0.556349
    outer loop
      vertex 16.53 359.498 -13.0404
      vertex 17.8716 356.814 -13.16
      vertex 17.7991 356.78 -13.0404
    endloop
  endfacet
  facet normal 0.504027 0.235256 -0.83103
    outer loop
      vertex 16.4016 356.128 -12.8373
      vertex 15.2395 358.9 -12.7574
      vertex 16.51 356.178 -12.7574
    endloop
  endfacet
  facet normal 0.502763 0.234752 -0.831938
    outer loop
      vertex 15.2395 358.9 -12.7574
      vertex 16.4016 356.128 -12.8373
      vertex 15.1311 358.849 -12.8373
    endloop
  endfacet
  facet normal 0.596913 0.278713 -0.752339
    outer loop
      vertex 16.3404 356.099 -12.8966
      vertex 15.1311 358.849 -12.8373
      vertex 16.4016 356.128 -12.8373
    endloop
  endfacet
  facet normal 0.596168 0.278401 -0.753045
    outer loop
      vertex 15.1311 358.849 -12.8373
      vertex 16.3404 356.099 -12.8966
      vertex 15.0992 358.834 -12.8681
    endloop
  endfacet
  facet normal 0.400477 0.186992 -0.897024
    outer loop
      vertex 16.51 356.178 -12.7574
      vertex 15.3565 358.954 -12.6937
      vertex 16.627 356.233 -12.6937
    endloop
  endfacet
  facet normal 0.40156 0.187429 -0.896448
    outer loop
      vertex 15.3565 358.954 -12.6937
      vertex 16.51 356.178 -12.7574
      vertex 15.2395 358.9 -12.7574
    endloop
  endfacet
  facet normal -0.400044 -0.18679 -0.897259
    outer loop
      vertex 17.4629 356.623 -12.7335
      vertex 16.2376 359.362 -12.7574
      vertex 17.5067 356.644 -12.7574
    endloop
  endfacet
  facet normal -0.400951 -0.187192 -0.896771
    outer loop
      vertex 16.2376 359.362 -12.7574
      vertex 17.4629 356.623 -12.7335
      vertex 16.1587 359.325 -12.7144
    endloop
  endfacet
  facet normal -0.291401 -0.136048 -0.946877
    outer loop
      vertex 16.0805 359.289 -12.6787
      vertex 17.3898 356.589 -12.6937
      vertex 17.3127 356.553 -12.6648
    endloop
  endfacet
  facet normal -0.292133 -0.136404 -0.9466
    outer loop
      vertex 17.3898 356.589 -12.6937
      vertex 16.0805 359.289 -12.6787
      vertex 16.1207 359.307 -12.6937
    endloop
  endfacet
  facet normal 0.0586606 0.0273922 0.997902
    outer loop
      vertex 15.7392 359.129 12.69
      vertex 16.9596 356.388 12.6935
      vertex 17.0084 356.411 12.69
    endloop
  endfacet
  facet normal 0.0597224 0.0278649 0.997826
    outer loop
      vertex 16.9596 356.388 12.6935
      vertex 15.7392 359.129 12.69
      vertex 15.6514 359.088 12.6964
    endloop
  endfacet
  facet normal 0.0594516 0.0277336 0.997846
    outer loop
      vertex 15.6514 359.088 12.6964
      vertex 16.8783 356.35 12.6994
      vertex 16.9596 356.388 12.6935
    endloop
  endfacet
  facet normal 0.0585069 0.0273104 0.997913
    outer loop
      vertex 16.8783 356.35 12.6994
      vertex 15.6514 359.088 12.6964
      vertex 15.6091 359.069 12.6994
    endloop
  endfacet
  facet normal 0.176772 0.0825154 0.980787
    outer loop
      vertex 15.6091 359.069 12.6994
      vertex 16.7504 356.29 12.7275
      vertex 16.8783 356.35 12.6994
    endloop
  endfacet
  facet normal 0.176884 0.082561 0.980763
    outer loop
      vertex 16.7504 356.29 12.7275
      vertex 15.6091 359.069 12.6994
      vertex 15.4813 359.009 12.7275
    endloop
  endfacet
  facet normal 0.906081 0.423104 0
    outer loop
      vertex 16.0202 355.95 13.9336
      vertex 14.7496 358.671 13.9333
      vertex 14.7496 358.671 13.9336
    endloop
  endfacet
  facet normal 0.904217 0.422227 -0.0641585
    outer loop
      vertex 16.0202 355.95 13.9336
      vertex 14.7413 358.667 13.79
      vertex 14.7496 358.671 13.9333
    endloop
  endfacet
  facet normal 0.904174 0.422147 -0.065279
    outer loop
      vertex 14.7413 358.667 13.79
      vertex 16.0202 355.95 13.9336
      vertex 16.0117 355.946 13.79
    endloop
  endfacet
  facet normal -0.291072 -0.1359 0.947
    outer loop
      vertex 15.9972 359.25 12.7275
      vertex 17.3127 356.553 12.7448
      vertex 16.0805 359.289 12.7587
    endloop
  endfacet
  facet normal -0.289762 -0.135258 0.947493
    outer loop
      vertex 17.3127 356.553 12.7448
      vertex 15.9972 359.25 12.7275
      vertex 17.2664 356.531 12.7275
    endloop
  endfacet
  facet normal 0.681016 0.317983 0.659624
    outer loop
      vertex 14.975 358.776 13.0852
      vertex 16.3036 356.082 13.0122
      vertex 15.0331 358.803 13.0122
    endloop
  endfacet
  facet normal 0.681193 0.318076 0.659396
    outer loop
      vertex 16.3036 356.082 13.0122
      vertex 14.975 358.776 13.0852
      vertex 16.2714 356.067 13.0527
    endloop
  endfacet
  facet normal 0.753562 0.351829 -0.555302
    outer loop
      vertex 16.2176 356.042 14.4596
      vertex 14.9206 358.751 14.4159
      vertex 14.9472 358.763 14.4596
    endloop
  endfacet
  facet normal 0.750256 0.350157 -0.560809
    outer loop
      vertex 14.9206 358.751 14.4159
      vertex 16.2176 356.042 14.4596
      vertex 14.9066 358.744 14.3928
    endloop
  endfacet
  facet normal 0.752982 0.351593 -0.556237
    outer loop
      vertex 14.9066 358.744 14.3928
      vertex 16.2176 356.042 14.4596
      vertex 14.8746 358.729 14.34
    endloop
  endfacet
  facet normal 0.75317 0.351701 -0.555914
    outer loop
      vertex 14.8746 358.729 14.34
      vertex 16.2176 356.042 14.4596
      vertex 16.1452 356.008 14.34
    endloop
  endfacet
  facet normal -0.177276 -0.082768 -0.980675
    outer loop
      vertex 17.1385 356.472 14.8806
      vertex 15.996 359.252 14.8525
      vertex 17.2664 356.531 14.8525
    endloop
  endfacet
  facet normal -0.177276 -0.082768 -0.980675
    outer loop
      vertex 15.996 359.252 14.8525
      vertex 17.1385 356.472 14.8806
      vertex 15.8681 359.193 14.8806
    endloop
  endfacet
  facet normal -0.0594375 -0.0277638 0.997846
    outer loop
      vertex 15.7815 359.149 12.6931
      vertex 17.0084 356.411 12.69
      vertex 17.0897 356.449 12.6959
    endloop
  endfacet
  facet normal -0.0599006 -0.0279712 0.997812
    outer loop
      vertex 17.0084 356.411 12.69
      vertex 15.7815 359.149 12.6931
      vertex 15.7392 359.129 12.69
    endloop
  endfacet
  facet normal -0.68184 -0.318368 0.658586
    outer loop
      vertex 16.472 359.471 13.0473
      vertex 17.7991 356.78 13.1204
      vertex 16.53 359.498 13.1204
    endloop
  endfacet
  facet normal -0.681925 -0.318412 0.658477
    outer loop
      vertex 17.7991 356.78 13.1204
      vertex 16.472 359.471 13.0473
      vertex 17.7669 356.765 13.0798
    endloop
  endfacet
  facet normal 0.400477 0.186992 0.897024
    outer loop
      vertex 15.3565 358.954 12.7737
      vertex 16.51 356.178 12.8374
      vertex 16.627 356.233 12.7737
    endloop
  endfacet
  facet normal 0.400709 0.187086 0.896901
    outer loop
      vertex 16.51 356.178 12.8374
      vertex 15.3565 358.954 12.7737
      vertex 15.2396 358.899 12.8374
    endloop
  endfacet
  facet normal -0.503993 -0.23524 0.831056
    outer loop
      vertex 16.346 359.413 12.9173
      vertex 17.5745 356.675 12.8873
      vertex 17.6151 356.694 12.9173
    endloop
  endfacet
  facet normal -0.501399 -0.234097 0.832945
    outer loop
      vertex 17.5745 356.675 12.8873
      vertex 16.346 359.413 12.9173
      vertex 16.2728 359.378 12.8634
    endloop
  endfacet
  facet normal -0.681289 -0.318022 -0.659323
    outer loop
      vertex 17.7669 356.765 14.5002
      vertex 16.443 359.461 14.5678
      vertex 16.4709 359.474 14.5327
    endloop
  endfacet
  facet normal -0.681513 -0.31814 -0.659035
    outer loop
      vertex 16.443 359.461 14.5678
      vertex 17.7669 356.765 14.5002
      vertex 17.7132 356.74 14.5678
    endloop
  endfacet
  facet normal 0.888419 0.414672 0.196874
    outer loop
      vertex 14.7499 358.67 13.6464
      vertex 16.0456 355.961 13.5053
      vertex 14.7751 358.683 13.5053
    endloop
  endfacet
  facet normal 0.889127 0.415242 0.192427
    outer loop
      vertex 16.0456 355.961 13.5053
      vertex 14.7499 358.67 13.6464
      vertex 16.0202 355.95 13.6464
    endloop
  endfacet
  facet normal 0.680382 0.317624 -0.66045
    outer loop
      vertex 16.2714 356.067 14.5272
      vertex 14.9472 358.763 14.4596
      vertex 14.9753 358.776 14.4948
    endloop
  endfacet
  facet normal 0.681041 0.317969 -0.659604
    outer loop
      vertex 14.9472 358.763 14.4596
      vertex 16.2714 356.067 14.5272
      vertex 16.2176 356.042 14.4596
    endloop
  endfacet
  facet normal -0.888699 -0.414835 0.195259
    outer loop
      vertex 16.702 359.579 13.5053
      vertex 17.9966 356.872 13.6464
      vertex 16.7274 359.591 13.6464
    endloop
  endfacet
  facet normal -0.888602 -0.414757 0.195864
    outer loop
      vertex 17.9966 356.872 13.6464
      vertex 16.702 359.579 13.5053
      vertex 17.9711 356.86 13.5053
    endloop
  endfacet
  facet normal -0.812428 -0.379343 0.442786
    outer loop
      vertex 16.6024 359.532 13.24
      vertex 17.9292 356.841 13.369
      vertex 16.6601 359.559 13.369
    endloop
  endfacet
  facet normal -0.812643 -0.379473 0.442279
    outer loop
      vertex 17.9292 356.841 13.369
      vertex 16.6024 359.532 13.24
      vertex 17.8716 356.814 13.24
    endloop
  endfacet
  facet normal -0.904183 -0.42203 0.065906
    outer loop
      vertex 16.7274 359.591 13.6464
      vertex 18.0051 356.876 13.79
      vertex 16.736 359.595 13.79
    endloop
  endfacet
  facet normal -0.904208 -0.422074 0.065279
    outer loop
      vertex 18.0051 356.876 13.79
      vertex 16.7274 359.591 13.6464
      vertex 17.9966 356.872 13.6464
    endloop
  endfacet
  facet normal -0.177283 -0.0827538 0.980675
    outer loop
      vertex 15.9972 359.25 12.7275
      vertex 17.1385 356.472 12.6994
      vertex 17.2664 356.531 12.7275
    endloop
  endfacet
  facet normal -0.176761 -0.0825403 0.980787
    outer loop
      vertex 17.1385 356.472 12.6994
      vertex 15.9972 359.25 12.7275
      vertex 15.8693 359.19 12.6994
    endloop
  endfacet
  facet normal -0.0586606 -0.0273922 0.997902
    outer loop
      vertex 15.8693 359.19 12.6994
      vertex 17.0897 356.449 12.6959
      vertex 17.1385 356.472 12.6994
    endloop
  endfacet
  facet normal -0.0587855 -0.0274478 0.997893
    outer loop
      vertex 17.0897 356.449 12.6959
      vertex 15.8693 359.19 12.6994
      vertex 15.7815 359.149 12.6931
    endloop
  endfacet
  facet normal -0.686531 -0.320549 -0.652628
    outer loop
      vertex 17.7991 356.78 14.4596
      vertex 16.5167 359.495 14.4751
      vertex 16.5291 359.5 14.4596
    endloop
  endfacet
  facet normal -0.67938 -0.31712 -0.661723
    outer loop
      vertex 16.5167 359.495 14.4751
      vertex 17.7991 356.78 14.4596
      vertex 16.4749 359.475 14.5276
    endloop
  endfacet
  facet normal -0.709215 -0.332794 -0.6215
    outer loop
      vertex 16.4749 359.475 14.5276
      vertex 17.7991 356.78 14.4596
      vertex 16.4709 359.474 14.5327
    endloop
  endfacet
  facet normal -0.681954 -0.318351 -0.658477
    outer loop
      vertex 16.4709 359.474 14.5327
      vertex 17.7991 356.78 14.4596
      vertex 17.7669 356.765 14.5002
    endloop
  endfacet
  facet normal 0.595183 0.277942 0.753993
    outer loop
      vertex 15.0807 358.825 12.9661
      vertex 16.3404 356.099 12.9766
      vertex 15.0993 358.834 12.9481
    endloop
  endfacet
  facet normal 0.597902 0.279188 0.751377
    outer loop
      vertex 16.3404 356.099 12.9766
      vertex 15.0807 358.825 12.9661
      vertex 16.3036 356.082 13.0122
    endloop
  endfacet
  facet normal 0.59826 0.279342 0.751035
    outer loop
      vertex 16.3036 356.082 13.0122
      vertex 15.0807 358.825 12.9661
      vertex 15.0331 358.803 13.0122
    endloop
  endfacet
  facet normal 0.754463 0.352405 0.553712
    outer loop
      vertex 16.2176 356.042 13.1204
      vertex 14.9157 358.748 13.1721
      vertex 14.907 358.744 13.1865
    endloop
  endfacet
  facet normal 0.751688 0.350981 0.55837
    outer loop
      vertex 14.9157 358.748 13.1721
      vertex 16.2176 356.042 13.1204
      vertex 14.9471 358.763 13.1204
    endloop
  endfacet
  facet normal 0.753645 0.351975 0.555097
    outer loop
      vertex 14.8746 358.729 13.24
      vertex 16.2176 356.042 13.1204
      vertex 14.907 358.744 13.1865
    endloop
  endfacet
  facet normal 0.75317 0.351701 0.555914
    outer loop
      vertex 16.2176 356.042 13.1204
      vertex 14.8746 358.729 13.24
      vertex 16.1452 356.008 13.24
    endloop
  endfacet
  facet normal 0.682084 0.318516 0.658263
    outer loop
      vertex 14.9471 358.763 13.1204
      vertex 16.2714 356.067 13.0527
      vertex 14.975 358.776 13.0852
    endloop
  endfacet
  facet normal 0.68147 0.318194 0.659054
    outer loop
      vertex 16.2714 356.067 13.0527
      vertex 14.9471 358.763 13.1204
      vertex 16.2176 356.042 13.1204
    endloop
  endfacet
  facet normal 0.0594524 0.0277318 -0.997846
    outer loop
      vertex 16.8783 356.35 14.8806
      vertex 15.6501 359.091 14.8836
      vertex 16.9596 356.388 14.8865
    endloop
  endfacet
  facet normal 0.05809 0.0271215 -0.997943
    outer loop
      vertex 15.6501 359.091 14.8836
      vertex 16.8783 356.35 14.8806
      vertex 15.6079 359.071 14.8806
    endloop
  endfacet
  facet normal -0.0586623 -0.0273887 -0.997902
    outer loop
      vertex 17.0897 356.449 14.8841
      vertex 15.8681 359.193 14.8806
      vertex 17.1385 356.472 14.8806
    endloop
  endfacet
  facet normal -0.0587872 -0.0274443 -0.997893
    outer loop
      vertex 15.8681 359.193 14.8806
      vertex 17.0897 356.449 14.8841
      vertex 15.7803 359.152 14.8869
    endloop
  endfacet
  facet normal 0.88865 0.414812 -0.195533
    outer loop
      vertex 16.0456 355.961 14.0747
      vertex 14.7541 358.673 13.9585
      vertex 14.775 358.683 14.0747
    endloop
  endfacet
  facet normal 0.888903 0.414999 -0.193978
    outer loop
      vertex 16.0456 355.961 14.0747
      vertex 14.7496 358.671 13.9336
      vertex 14.7541 358.673 13.9585
    endloop
  endfacet
  facet normal 0.889147 0.415197 -0.192427
    outer loop
      vertex 14.7496 358.671 13.9336
      vertex 16.0456 355.961 14.0747
      vertex 16.0202 355.95 13.9336
    endloop
  endfacet
  facet normal -0.598859 -0.279546 0.750481
    outer loop
      vertex 16.346 359.413 12.9173
      vertex 17.6519 356.711 12.9529
      vertex 16.4122 359.443 12.9813
    endloop
  endfacet
  facet normal -0.597947 -0.279093 0.751377
    outer loop
      vertex 17.6519 356.711 12.9529
      vertex 16.346 359.413 12.9173
      vertex 17.6151 356.694 12.9173
    endloop
  endfacet
  facet normal -0.401107 -0.187268 0.896685
    outer loop
      vertex 16.1587 359.325 12.7944
      vertex 17.3898 356.589 12.7737
      vertex 17.4629 356.623 12.8135
    endloop
  endfacet
  facet normal -0.400207 -0.186866 0.897171
    outer loop
      vertex 17.3898 356.589 12.7737
      vertex 16.1587 359.325 12.7944
      vertex 16.1207 359.307 12.7737
    endloop
  endfacet
  facet normal -0.292133 -0.136404 0.9466
    outer loop
      vertex 16.0805 359.289 12.7587
      vertex 17.3898 356.589 12.7737
      vertex 16.1207 359.307 12.7737
    endloop
  endfacet
  facet normal -0.291401 -0.136048 0.946877
    outer loop
      vertex 17.3898 356.589 12.7737
      vertex 16.0805 359.289 12.7587
      vertex 17.3127 356.553 12.7448
    endloop
  endfacet
  facet normal -0.400044 -0.18679 0.897259
    outer loop
      vertex 16.2376 359.362 12.8374
      vertex 17.4629 356.623 12.8135
      vertex 17.5067 356.644 12.8374
    endloop
  endfacet
  facet normal -0.400951 -0.187192 0.896771
    outer loop
      vertex 17.4629 356.623 12.8135
      vertex 16.2376 359.362 12.8374
      vertex 16.1587 359.325 12.7944
    endloop
  endfacet
  facet normal -0.504001 -0.235367 0.831015
    outer loop
      vertex 16.2728 359.378 12.8634
      vertex 17.5067 356.644 12.8374
      vertex 17.5745 356.675 12.8873
    endloop
  endfacet
  facet normal -0.505625 -0.236088 0.829823
    outer loop
      vertex 17.5067 356.644 12.8374
      vertex 16.2728 359.378 12.8634
      vertex 16.2376 359.362 12.8374
    endloop
  endfacet
  facet normal -0.291394 -0.136062 -0.946877
    outer loop
      vertex 16.0794 359.291 14.8213
      vertex 17.3898 356.589 14.8063
      vertex 17.3127 356.553 14.8352
    endloop
  endfacet
  facet normal -0.290177 -0.135469 -0.947336
    outer loop
      vertex 17.3898 356.589 14.8063
      vertex 16.0794 359.291 14.8213
      vertex 16.1195 359.31 14.8063
    endloop
  endfacet
  facet normal -0.857758 -0.400361 -0.322431
    outer loop
      vertex 17.9711 356.86 14.0747
      vertex 16.6601 359.559 14.211
      vertex 16.702 359.579 14.0747
    endloop
  endfacet
  facet normal -0.858512 -0.40086 -0.319794
    outer loop
      vertex 16.6601 359.559 14.211
      vertex 17.9711 356.86 14.0747
      vertex 17.9292 356.841 14.211
    endloop
  endfacet
  facet normal 0.289816 0.135273 0.947474
    outer loop
      vertex 15.4522 358.995 12.7384
      vertex 16.7504 356.29 12.7275
      vertex 15.4813 359.009 12.7275
    endloop
  endfacet
  facet normal 0.291597 0.13613 0.946805
    outer loop
      vertex 16.7504 356.29 12.7275
      vertex 15.4522 358.995 12.7384
      vertex 16.627 356.233 12.7737
    endloop
  endfacet
  facet normal 0.287305 0.143653 0.947006
    outer loop
      vertex 15.3741 358.962 12.7671
      vertex 15.4522 358.995 12.7384
      vertex 15.4512 358.997 12.7384
    endloop
  endfacet
  facet normal 0.290693 0.135749 0.947138
    outer loop
      vertex 15.4522 358.995 12.7384
      vertex 15.3741 358.962 12.7671
      vertex 16.627 356.233 12.7737
    endloop
  endfacet
  facet normal 0.296198 0.138272 0.945065
    outer loop
      vertex 15.3648 358.958 12.7706
      vertex 16.627 356.233 12.7737
      vertex 15.3741 358.962 12.7671
    endloop
  endfacet
  facet normal 0.288967 0.134926 0.947783
    outer loop
      vertex 16.627 356.233 12.7737
      vertex 15.3648 358.958 12.7706
      vertex 15.3565 358.954 12.7737
    endloop
  endfacet
  facet normal 0.903938 0.422159 0.0683872
    outer loop
      vertex 14.7484 358.669 13.6724
      vertex 16.0202 355.95 13.6464
      vertex 14.7499 358.67 13.6464
    endloop
  endfacet
  facet normal 0.904636 0.422613 0.0550648
    outer loop
      vertex 14.747 358.669 13.6954
      vertex 16.0202 355.95 13.6464
      vertex 14.7484 358.669 13.6724
    endloop
  endfacet
  facet normal 0.904245 0.422279 0.0634118
    outer loop
      vertex 14.7413 358.667 13.79
      vertex 16.0202 355.95 13.6464
      vertex 14.747 358.669 13.6954
    endloop
  endfacet
  facet normal 0.904174 0.422147 0.065279
    outer loop
      vertex 16.0202 355.95 13.6464
      vertex 14.7413 358.667 13.79
      vertex 16.0117 355.946 13.79
    endloop
  endfacet
  facet normal 0.176766 0.0825296 -0.980787
    outer loop
      vertex 16.7504 356.29 14.8525
      vertex 15.6079 359.071 14.8806
      vertex 16.8783 356.35 14.8806
    endloop
  endfacet
  facet normal 0.177288 0.082743 -0.980675
    outer loop
      vertex 15.6079 359.071 14.8806
      vertex 16.7504 356.29 14.8525
      vertex 15.48 359.012 14.8525
    endloop
  endfacet
  facet normal -0.0594392 -0.0277602 -0.997846
    outer loop
      vertex 17.0084 356.411 14.89
      vertex 15.7803 359.152 14.8869
      vertex 17.0897 356.449 14.8841
    endloop
  endfacet
  facet normal -0.0548858 -0.0257204 -0.998161
    outer loop
      vertex 17.0084 356.411 14.89
      vertex 15.7776 359.15 14.8871
      vertex 15.7803 359.152 14.8869
    endloop
  endfacet
  facet normal -0.0602778 -0.028143 -0.997785
    outer loop
      vertex 15.7776 359.15 14.8871
      vertex 17.0084 356.411 14.89
      vertex 15.738 359.132 14.89
    endloop
  endfacet
  facet normal 0.812417 0.379367 -0.442786
    outer loop
      vertex 16.1452 356.008 14.34
      vertex 14.8169 358.702 14.211
      vertex 14.8746 358.729 14.34
    endloop
  endfacet
  facet normal 0.812417 0.379367 -0.442786
    outer loop
      vertex 14.8169 358.702 14.211
      vertex 16.1452 356.008 14.34
      vertex 16.0875 355.981 14.211
    endloop
  endfacet
  facet normal -0.857758 -0.400361 0.322431
    outer loop
      vertex 16.6601 359.559 13.369
      vertex 17.9711 356.86 13.5053
      vertex 16.702 359.579 13.5053
    endloop
  endfacet
  facet normal -0.858512 -0.40086 0.319794
    outer loop
      vertex 17.9711 356.86 13.5053
      vertex 16.6601 359.559 13.369
      vertex 17.9292 356.841 13.369
    endloop
  endfacet
  facet normal -0.680398 -0.317658 0.660418
    outer loop
      vertex 16.444 359.458 13.0122
      vertex 17.7669 356.765 13.0798
      vertex 16.472 359.471 13.0473
    endloop
  endfacet
  facet normal -0.681475 -0.318222 0.659035
    outer loop
      vertex 17.7669 356.765 13.0798
      vertex 16.444 359.458 13.0122
      vertex 17.7132 356.74 13.0122
    endloop
  endfacet
  facet normal -0.598138 -0.279307 0.751145
    outer loop
      vertex 16.4122 359.443 12.9813
      vertex 17.7132 356.74 13.0122
      vertex 16.444 359.458 13.0122
    endloop
  endfacet
  facet normal -0.596469 -0.278485 0.752776
    outer loop
      vertex 17.7132 356.74 13.0122
      vertex 16.4122 359.443 12.9813
      vertex 17.6519 356.711 12.9529
    endloop
  endfacet
  facet normal -0.504034 -0.235296 -0.831015
    outer loop
      vertex 17.5067 356.644 14.7426
      vertex 16.2717 359.381 14.7167
      vertex 17.5745 356.675 14.6927
    endloop
  endfacet
  facet normal -0.500484 -0.233719 -0.833601
    outer loop
      vertex 16.2717 359.381 14.7167
      vertex 17.5067 356.644 14.7426
      vertex 16.2365 359.364 14.7426
    endloop
  endfacet
  facet normal -0.503981 -0.235265 -0.831056
    outer loop
      vertex 17.5745 356.675 14.6927
      vertex 16.3449 359.415 14.6627
      vertex 17.6151 356.694 14.6627
    endloop
  endfacet
  facet normal -0.503876 -0.235219 -0.831132
    outer loop
      vertex 16.3449 359.415 14.6627
      vertex 17.5745 356.675 14.6927
      vertex 16.2717 359.381 14.7167
    endloop
  endfacet
  facet normal -0.811883 -0.379088 -0.444003
    outer loop
      vertex 17.9292 356.841 14.211
      vertex 16.6265 359.543 14.2861
      vertex 16.6601 359.559 14.211
    endloop
  endfacet
  facet normal -0.814901 -0.380737 -0.437007
    outer loop
      vertex 17.9292 356.841 14.211
      vertex 16.6018 359.534 14.34
      vertex 16.6265 359.543 14.2861
    endloop
  endfacet
  facet normal -0.812682 -0.379391 -0.442279
    outer loop
      vertex 16.6018 359.534 14.34
      vertex 17.9292 356.841 14.211
      vertex 17.8716 356.814 14.34
    endloop
  endfacet
  facet normal -0.834588 -0.333835 -0.438197
    outer loop
      vertex 16.6257 359.545 14.2861
      vertex 16.6265 359.543 14.2861
      vertex 16.6018 359.534 14.34
    endloop
  endfacet
  facet normal 0.597052 0.278778 0.752205
    outer loop
      vertex 15.0993 358.834 12.9481
      vertex 16.4016 356.128 12.9173
      vertex 15.1311 358.849 12.9173
    endloop
  endfacet
  facet normal 0.596914 0.27871 0.752339
    outer loop
      vertex 16.4016 356.128 12.9173
      vertex 15.0993 358.834 12.9481
      vertex 16.3404 356.099 12.9766
    endloop
  endfacet
  facet normal 0.504001 0.235312 0.83103
    outer loop
      vertex 15.2396 358.899 12.8374
      vertex 16.4016 356.128 12.9173
      vertex 16.51 356.178 12.8374
    endloop
  endfacet
  facet normal 0.50373 0.235204 0.831225
    outer loop
      vertex 16.4016 356.128 12.9173
      vertex 15.2396 358.899 12.8374
      vertex 15.1311 358.849 12.9173
    endloop
  endfacet
  facet normal 0.812644 0.379473 0.442279
    outer loop
      vertex 14.817 358.702 13.369
      vertex 16.1452 356.008 13.24
      vertex 14.8746 358.729 13.24
    endloop
  endfacet
  facet normal 0.812429 0.379342 0.442786
    outer loop
      vertex 16.1452 356.008 13.24
      vertex 14.817 358.702 13.369
      vertex 16.0875 355.981 13.369
    endloop
  endfacet
  facet normal 0.85845 0.400819 0.320012
    outer loop
      vertex 16.0875 355.981 13.369
      vertex 14.7966 358.693 13.4351
      vertex 14.7751 358.683 13.5053
    endloop
  endfacet
  facet normal 0.855714 0.399295 0.329115
    outer loop
      vertex 14.7966 358.693 13.4351
      vertex 16.0875 355.981 13.369
      vertex 14.8027 358.696 13.4156
    endloop
  endfacet
  facet normal 0.859805 0.401463 0.315536
    outer loop
      vertex 14.8027 358.696 13.4156
      vertex 16.0875 355.981 13.369
      vertex 14.817 358.702 13.369
    endloop
  endfacet
  facet normal 0.857759 0.400361 0.322431
    outer loop
      vertex 16.0875 355.981 13.369
      vertex 14.7751 358.683 13.5053
      vertex 16.0456 355.961 13.5053
    endloop
  endfacet
  facet normal 0.682138 0.318498 -0.658214
    outer loop
      vertex 16.3036 356.082 14.5678
      vertex 14.9753 358.776 14.4948
      vertex 15.0336 358.802 14.5678
    endloop
  endfacet
  facet normal 0.681935 0.318391 -0.658477
    outer loop
      vertex 14.9753 358.776 14.4948
      vertex 16.3036 356.082 14.5678
      vertex 16.2714 356.067 14.5272
    endloop
  endfacet
  facet normal 0.597914 0.279162 -0.751377
    outer loop
      vertex 15.0532 358.811 14.5867
      vertex 16.3404 356.099 14.6034
      vertex 16.3036 356.082 14.5678
    endloop
  endfacet
  facet normal 0.596513 0.278489 -0.752739
    outer loop
      vertex 16.3404 356.099 14.6034
      vertex 15.0532 358.811 14.5867
      vertex 15.0995 358.834 14.6319
    endloop
  endfacet
  facet normal 0.596812 0.278664 -0.752437
    outer loop
      vertex 16.3036 356.082 14.5678
      vertex 15.0337 358.802 14.5679
      vertex 15.0532 358.811 14.5867
    endloop
  endfacet
  facet normal 0.671458 0.313511 -0.671458
    outer loop
      vertex 15.0337 358.802 14.5679
      vertex 16.3036 356.082 14.5678
      vertex 15.0336 358.802 14.5678
    endloop
  endfacet
  facet normal 0.0586623 0.0273887 -0.997902
    outer loop
      vertex 16.9596 356.388 14.8865
      vertex 15.738 359.132 14.89
      vertex 17.0084 356.411 14.89
    endloop
  endfacet
  facet normal 0.0596681 0.0278363 -0.99783
    outer loop
      vertex 15.738 359.132 14.89
      vertex 16.9596 356.388 14.8865
      vertex 15.6501 359.091 14.8836
    endloop
  endfacet
  facet normal 0.291611 0.136099 -0.946805
    outer loop
      vertex 16.627 356.233 14.8063
      vertex 15.48 359.012 14.8525
      vertex 16.7504 356.29 14.8525
    endloop
  endfacet
  facet normal 0.290603 0.135689 -0.947174
    outer loop
      vertex 15.48 359.012 14.8525
      vertex 16.627 356.233 14.8063
      vertex 15.3565 358.954 14.8063
    endloop
  endfacet
  facet normal -0.787959 -0.534061 0.306429
    outer loop
      vertex 14.8169 358.702 14.211
      vertex 14.8067 358.698 14.1778
      vertex 14.8147 358.701 14.2036
    endloop
  endfacet
  facet normal 0.860607 0.401869 -0.312821
    outer loop
      vertex 16.0875 355.981 14.211
      vertex 14.8067 358.698 14.1778
      vertex 14.8169 358.702 14.211
    endloop
  endfacet
  facet normal 0.857862 0.400463 -0.322029
    outer loop
      vertex 14.8067 358.698 14.1778
      vertex 16.0875 355.981 14.211
      vertex 14.775 358.683 14.0747
    endloop
  endfacet
  facet normal 0.857746 0.400387 -0.322431
    outer loop
      vertex 14.775 358.683 14.0747
      vertex 16.0875 355.981 14.211
      vertex 16.0456 355.961 14.0747
    endloop
  endfacet
  facet normal -0.75317 -0.351701 0.555914
    outer loop
      vertex 16.53 359.498 13.1204
      vertex 17.8716 356.814 13.24
      vertex 16.6024 359.532 13.24
    endloop
  endfacet
  facet normal -0.752917 -0.351555 0.556349
    outer loop
      vertex 17.8716 356.814 13.24
      vertex 16.53 359.498 13.1204
      vertex 17.7991 356.78 13.1204
    endloop
  endfacet
  facet normal -0.596483 -0.278454 -0.752776
    outer loop
      vertex 16.4111 359.446 14.5986
      vertex 17.7132 356.74 14.5678
      vertex 17.6519 356.711 14.6271
    endloop
  endfacet
  facet normal -0.596207 -0.278318 -0.753045
    outer loop
      vertex 17.7132 356.74 14.5678
      vertex 16.4111 359.446 14.5986
      vertex 16.443 359.461 14.5678
    endloop
  endfacet
  facet normal -0.888699 -0.414835 -0.195259
    outer loop
      vertex 17.9966 356.872 13.9336
      vertex 16.702 359.579 14.0747
      vertex 16.7274 359.591 13.9336
    endloop
  endfacet
  facet normal -0.888602 -0.414757 -0.195864
    outer loop
      vertex 16.702 359.579 14.0747
      vertex 17.9966 356.872 13.9336
      vertex 17.9711 356.86 14.0747
    endloop
  endfacet
  facet normal -0.904183 -0.42203 -0.065906
    outer loop
      vertex 18.0051 356.876 13.79
      vertex 16.7274 359.591 13.9336
      vertex 16.736 359.595 13.79
    endloop
  endfacet
  facet normal -0.904208 -0.422074 -0.065279
    outer loop
      vertex 16.7274 359.591 13.9336
      vertex 18.0051 356.876 13.79
      vertex 17.9966 356.872 13.9336
    endloop
  endfacet
  facet normal -0.597943 -0.279101 -0.751377
    outer loop
      vertex 17.6151 356.694 14.6627
      vertex 16.4111 359.446 14.5986
      vertex 17.6519 356.711 14.6271
    endloop
  endfacet
  facet normal -0.597423 -0.278885 -0.75187
    outer loop
      vertex 16.4111 359.446 14.5986
      vertex 17.6151 356.694 14.6627
      vertex 16.3449 359.415 14.6627
    endloop
  endfacet
  facet normal -0.753344 -0.35169 -0.555686
    outer loop
      vertex 17.8716 356.814 14.34
      vertex 16.5687 359.518 14.395
      vertex 16.6018 359.534 14.34
    endloop
  endfacet
  facet normal -0.751655 -0.350818 -0.558518
    outer loop
      vertex 17.8716 356.814 14.34
      vertex 16.5291 359.5 14.4596
      vertex 16.5687 359.518 14.395
    endloop
  endfacet
  facet normal -0.752921 -0.351548 -0.556349
    outer loop
      vertex 16.5291 359.5 14.4596
      vertex 17.8716 356.814 14.34
      vertex 17.7991 356.78 14.4596
    endloop
  endfacet
  facet normal 0.596931 0.278674 -0.752339
    outer loop
      vertex 15.0995 358.834 14.6319
      vertex 16.4016 356.128 14.6627
      vertex 16.3404 356.099 14.6034
    endloop
  endfacet
  facet normal 0.598796 0.279592 -0.750514
    outer loop
      vertex 16.4016 356.128 14.6627
      vertex 15.0995 358.834 14.6319
      vertex 15.1311 358.849 14.6627
    endloop
  endfacet
  facet normal -0.401092 -0.1873 -0.896685
    outer loop
      vertex 17.3898 356.589 14.8063
      vertex 16.1575 359.327 14.7856
      vertex 17.4629 356.623 14.7665
    endloop
  endfacet
  facet normal -0.403482 -0.188366 -0.895388
    outer loop
      vertex 16.1575 359.327 14.7856
      vertex 17.3898 356.589 14.8063
      vertex 16.1195 359.31 14.8063
    endloop
  endfacet
  facet normal -0.289751 -0.135281 -0.947493
    outer loop
      vertex 15.996 359.252 14.8525
      vertex 17.3127 356.553 14.8352
      vertex 17.2664 356.531 14.8525
    endloop
  endfacet
  facet normal -0.290806 -0.135798 -0.947096
    outer loop
      vertex 17.3127 356.553 14.8352
      vertex 15.996 359.252 14.8525
      vertex 16.0794 359.291 14.8213
    endloop
  endfacet
  facet normal 0.503994 0.235327 -0.83103
    outer loop
      vertex 16.4016 356.128 14.6627
      vertex 15.2395 358.899 14.7426
      vertex 16.51 356.178 14.7426
    endloop
  endfacet
  facet normal 0.504794 0.235646 -0.830454
    outer loop
      vertex 16.4016 356.128 14.6627
      vertex 15.1889 358.877 14.7056
      vertex 15.2395 358.899 14.7426
    endloop
  endfacet
  facet normal 0.500669 0.233873 -0.833447
    outer loop
      vertex 16.4016 356.128 14.6627
      vertex 15.1696 358.867 14.6912
      vertex 15.1889 358.877 14.7056
    endloop
  endfacet
  facet normal 0.504652 0.235634 -0.830544
    outer loop
      vertex 15.1696 358.867 14.6912
      vertex 16.4016 356.128 14.6627
      vertex 15.1311 358.849 14.6627
    endloop
  endfacet
  facet normal 0.400488 0.18697 -0.897024
    outer loop
      vertex 15.3003 358.927 14.7755
      vertex 16.627 356.233 14.8063
      vertex 16.51 356.178 14.7426
    endloop
  endfacet
  facet normal 0.39942 0.186499 -0.897598
    outer loop
      vertex 16.627 356.233 14.8063
      vertex 15.336 358.944 14.7951
      vertex 15.3565 358.954 14.8063
    endloop
  endfacet
  facet normal 0.402411 0.18793 -0.895962
    outer loop
      vertex 16.627 356.233 14.8063
      vertex 15.3003 358.927 14.7755
      vertex 15.336 358.944 14.7951
    endloop
  endfacet
  facet normal 0.400038 0.186775 -0.897265
    outer loop
      vertex 16.51 356.178 14.7426
      vertex 15.2834 358.919 14.7663
      vertex 15.3003 358.927 14.7755
    endloop
  endfacet
  facet normal 0.399549 0.186559 -0.897528
    outer loop
      vertex 15.2834 358.919 14.7663
      vertex 16.51 356.178 14.7426
      vertex 15.2395 358.899 14.7426
    endloop
  endfacet
  facet normal -0.400034 -0.18681 -0.89726
    outer loop
      vertex 17.4629 356.623 14.7665
      vertex 16.2365 359.364 14.7426
      vertex 17.5067 356.644 14.7426
    endloop
  endfacet
  facet normal -0.400604 -0.187062 -0.896953
    outer loop
      vertex 16.2365 359.364 14.7426
      vertex 17.4629 356.623 14.7665
      vertex 16.1575 359.327 14.7856
    endloop
  endfacet
endsolid OpenSCAD_Model
